DATUM,QN_8,P,P0
2024-10-28 00:00:00,    3, 1027.3,  980.1
2024-10-28 01:00:00,    3, 1027.3,  988.8
2024-10-28 02:00:00,    3, 1027.6,  980.2
2024-10-28 03:00:00,3,1027.6,979.9
2024-10-28 04:00:00,3,1027.0,988.6
2024-10-28 05:00:00,    3, 1027.1,  988.6
2024-10-28 06:00:00,    3, 1027.2,  988.7
2024-10-28 07:00:00,3,1027.5,989.0
2024-10-28 08:00:00,    3, 1027.8,  989.6
2024-10-28 09:00:00,    3, 1027.9,  981.2
2024-10-28 10:00:00,    3, 1027.4,  981.1
2024-10-28 11:00:00,3,1026.4,980.6
2024-10-28 12:00:00,3,1025.7,980.2
2024-10-28 13:00:00,    3, 1025.0,  979.6
2024-10-28 14:00:00,    3, 1024.5,  979.2
2024-10-28 15:00:00,    3, 1024.5,  979.1
2024-10-28 16:00:00,    3, 1025.0,  987.8
2024-10-28 17:00:00,    3, 1025.4,  988.0
2024-10-28 18:00:00,    3, 1025.6,  988.2
2024-10-28 19:00:00,    3, 1026.2,  988.6
2024-10-28 20:00:00,    3, 1026.6,  988.8
2024-10-28 21:00:00,    3, 1026.8,  988.9
2024-10-28 22:00:00,    3, 1026.8,  988.8
2024-10-28 23:00:00,    3, 1027.3,  980.4
2024-10-29 00:00:00,    3, 1027.6,  980.4
2024-10-29 01:00:00,3,1027.7,980.4
2024-10-29 02:00:00,3,1026.9,988.7
2024-10-29 03:00:00,    3, 1027.6,  980.2
2024-10-29 04:00:00,    3, 1028.0,  980.5
2024-10-29 05:00:00,    3, 1028.1,  980.5
2024-10-29 06:00:00,    3, 1028.3,  980.7
2024-10-29 07:00:00,    3, 1028.0,  989.6
2024-10-29 08:00:00,3,1028.1,989.9
2024-10-29 09:00:00,    3, 1028.0,  990.0
2024-10-29 10:00:00,3,1027.5,989.8
2024-10-29 11:00:00,    3, 1026.9,  989.5
2024-10-29 12:00:00,3,1025.8,980.2
2024-10-29 13:00:00,    3, 1025.1,  979.6
2024-10-29 14:00:00,3,1025.0,979.5
2024-10-29 15:00:00,3,1024.8,979.3
2024-10-29 16:00:00,    3, 1025.3,  988.0
2024-10-29 17:00:00,    3, 1025.9,  988.3
2024-10-29 18:00:00,    3, 1026.2,  988.5
2024-10-29 19:00:00,    3, 1026.9,  980.2
2024-10-29 20:00:00,3,1026.6,988.8
2024-10-29 21:00:00,3,1027.3,980.3
2024-10-29 22:00:00,3,1027.3,980.4
2024-10-29 23:00:00,3,1026.8,988.8
2024-10-30 00:00:00,    3, 1027.1,  980.0
2024-10-30 01:00:00,    3, 1027.1,  988.9
2024-10-30 02:00:00,    3, 1027.0,  988.7
2024-10-30 03:00:00,    3, 1027.4,  989.0
2024-10-30 04:00:00,    3, 1027.6,  989.2
2024-10-30 05:00:00,    3, 1028.1,  980.6
2024-10-30 06:00:00,    3, 1027.9,  989.4
2024-10-30 07:00:00,    3, 1028.7,  981.1
2024-10-30 08:00:00,    3, 1028.5,  981.3
2024-10-30 09:00:00,    3, 1028.1,  990.0
2024-10-30 10:00:00,    3, 1027.8,  981.3
2024-10-30 11:00:00,3,1027.6,981.4
2024-10-30 12:00:00,    3, 1027.0,  989.5
2024-10-30 13:00:00,3,1026.2,980.4
2024-10-30 14:00:00,3,1026.7,989.1
2024-10-30 15:00:00,    3, 1026.8,  989.1
2024-10-30 16:00:00,3,1026.4,980.1
2024-10-30 17:00:00,    3, 1027.6,  989.5
2024-10-30 18:00:00,    3, 1027.9,  989.7
2024-10-30 19:00:00,    3, 1028.2,  989.9
2024-10-30 20:00:00,    3, 1028.2,  981.2
2024-10-30 21:00:00,    3, 1028.4,  981.4
2024-10-30 22:00:00,    3, 1028.8,  990.4
2024-10-30 23:00:00,    3, 1028.6,  990.2
2024-10-31 00:00:00,    3, 1028.4,  990.0
2024-10-31 01:00:00,    3, 1028.6,  990.3
2024-10-31 02:00:00,3,1028.5,981.4
2024-10-31 03:00:00,    3, 1028.5,  990.1
2024-10-31 04:00:00,    3, 1028.5,  981.3
2024-10-31 05:00:00,    3, 1028.6,  990.2
2024-10-31 06:00:00,3,1028.8,990.3
2024-10-31 07:00:00,    3, 1029.1,  981.9
2024-10-31 08:00:00,3,1029.5,991.0
2024-10-31 09:00:00,3,1029.4,982.2
2024-10-31 10:00:00,    3, 1029.3,  982.2
2024-10-31 11:00:00,    3, 1028.7,  981.8
2024-10-31 12:00:00,    3, 1028.6,  981.7
2024-10-31 13:00:00,3,1027.8,981.0
2024-10-31 14:00:00,    3, 1027.7,  989.5
2024-10-31 15:00:00,    3, 1027.3,  989.2
2024-10-31 16:00:00,    3, 1027.4,  989.3
2024-10-31 17:00:00,    3, 1027.4,  980.7
2024-10-31 18:00:00,    3, 1027.6,  989.5
2024-10-31 19:00:00,    3, 1027.4,  989.3
2024-10-31 20:00:00,    3, 1027.3,  980.4
2024-10-31 21:00:00,3,1027.3,980.4
2024-10-31 22:00:00,3,1027.2,980.3
2024-10-31 23:00:00,    3, 1027.0,  988.8
2024-11-01 00:00:00,    3, 1026.6,  979.7
2024-11-01 01:00:00,    3, 1026.4,  979.4
2024-11-01 02:00:00,    3, 1026.3,  979.3
2024-11-01 03:00:00,    3, 1026.3,  979.2
2024-11-01 04:00:00,    3, 1026.2,  987.9
2024-11-01 05:00:00,    3, 1026.2,  987.8
2024-11-01 06:00:00,    3, 1026.2,  987.8
2024-11-01 07:00:00,3,1026.6,979.2
2024-11-01 08:00:00,3,1026.7,988.2
2024-11-01 09:00:00,    3, 1026.6,  979.4
2024-11-01 10:00:00,3,1026.1,979.2
2024-11-01 11:00:00,    3, 1026.2,  987.9
2024-11-01 12:00:00,3,1025.4,987.3
2024-11-01 13:00:00,3,1025.0,986.9
2024-11-01 14:00:00,3,1024.5,986.5
2024-11-01 15:00:00,    3, 1024.6,  986.5
2024-11-01 16:00:00,    3, 1024.5,  986.3
2024-11-01 17:00:00,    3, 1025.1,  986.7
2024-11-01 18:00:00,3,1025.6,978.4
2024-11-01 19:00:00,    3, 1026.2,  979.1
2024-11-01 20:00:00,    3, 1026.4,  979.3
2024-11-01 21:00:00,3,1027.0,988.6
2024-11-01 22:00:00,3,1027.1,988.7
2024-11-01 23:00:00,    3, 1027.4,  988.9
2024-11-02 00:00:00,    3, 1027.5,  989.0
2024-11-02 01:00:00,    3, 1027.6,  980.4
2024-11-02 02:00:00,    3, 1028.0,  989.4
2024-11-02 03:00:00,    3, 1027.9,  989.4
2024-11-02 04:00:00,    3, 1028.2,  989.6
2024-11-02 05:00:00,    3, 1028.5,  989.9
2024-11-02 06:00:00,    3, 1028.5,  981.1
2024-11-02 07:00:00,3,1029.5,990.8
2024-11-02 08:00:00,3,1030.4,991.6
2024-11-02 09:00:00,3,1030.2,982.7
2024-11-02 10:00:00,3,1030.5,983.0
2024-11-02 11:00:00,    3, 1030.3,  991.7
2024-11-02 12:00:00,3,1030.1,991.6
2024-11-02 13:00:00,    3, 1029.7,  991.2
2024-11-02 14:00:00,3,1029.5,991.0
2024-11-02 15:00:00,3,1029.4,982.1
2024-11-02 16:00:00,3,1029.5,991.1
2024-11-02 17:00:00,    3, 1030.0,  991.6
2024-11-02 18:00:00,3,1030.2,991.8
2024-11-02 19:00:00,    3, 1030.2,  983.0
2024-11-02 20:00:00,    3, 1030.4,  983.2
2024-11-02 21:00:00,    3, 1030.6,  983.3
2024-11-02 22:00:00,    3, 1030.9,  983.7
2024-11-02 23:00:00,    3, 1031.2,  992.7
2024-11-03 00:00:00,    3, 1030.8,  992.4
2024-11-03 01:00:00,    3, 1030.8,  992.4
2024-11-03 02:00:00,    3, 1030.6,  992.1
2024-11-03 03:00:00,    3, 1030.4,  991.9
2024-11-03 04:00:00,    3, 1029.9,  991.4
2024-11-03 05:00:00,    3, 1029.8,  982.5
2024-11-03 06:00:00,3,1030.0,991.5
2024-11-03 07:00:00,    3, 1030.2,  991.7
2024-11-03 08:00:00,    3, 1030.5,  983.2
2024-11-03 09:00:00,3,1030.7,983.4
2024-11-03 10:00:00,3,1030.6,983.3
2024-11-03 11:00:00,3,1030.4,992.0
2024-11-03 12:00:00,3,1030.1,982.9
2024-11-03 13:00:00,    3, 1029.6,  991.3
2024-11-03 14:00:00,    3, 1029.3,  982.2
2024-11-03 15:00:00,    3, 1029.1,  990.8
2024-11-03 16:00:00,    3, 1029.2,  990.8
2024-11-03 17:00:00,    3, 1029.5,  991.1
2024-11-03 18:00:00,    3, 1029.7,  991.2
2024-11-03 19:00:00,    3, 1029.5,  991.0
2024-11-03 20:00:00,3,1029.7,982.3
2024-11-03 21:00:00,3,1029.8,991.2
2024-11-03 22:00:00,3,1029.8,982.3
2024-11-03 23:00:00,    3, 1029.7,  982.2
2024-11-04 00:00:00,    3, 1029.7,  991.0
2024-11-04 01:00:00,    3, 1029.5,  981.9
2024-11-04 02:00:00,3,1029.5,990.7
2024-11-04 03:00:00,    3, 1029.2,  990.4
2024-11-04 04:00:00,    3, 1029.1,  990.3
2024-11-04 05:00:00,    3, 1028.9,  981.3
2024-11-04 06:00:00,    3, 1028.8,  990.1
2024-11-04 07:00:00,    3, 1028.9,  981.3
2024-11-04 08:00:00,3,1029.3,981.7
2024-11-04 09:00:00,3,1029.3,990.6
2024-11-04 10:00:00,3,1029.1,981.6
2024-11-04 11:00:00,    3, 1028.7,  990.3
2024-11-04 12:00:00,    3, 1027.8,  989.6
2024-11-04 13:00:00,3,1027.0,980.2
2024-11-04 14:00:00,3,1026.6,988.6
2024-11-04 15:00:00,    3, 1026.4,  979.5
2024-11-04 16:00:00,    3, 1026.3,  988.0
2024-11-04 17:00:00,    3, 1027.0,  988.5
2024-11-04 18:00:00,    3, 1027.6,  988.8
2024-11-04 19:00:00,    3, 1027.5,  988.5
2024-11-04 20:00:00,    3, 1027.4,  988.4
2024-11-04 21:00:00,    3, 1027.3,  988.2
2024-11-04 22:00:00,    3, 1027.5,  979.2
2024-11-04 23:00:00,3,1027.2,988.0
2024-11-05 00:00:00,3,1026.7,987.5
2024-11-05 01:00:00,3,1026.7,978.3
2024-11-05 02:00:00,3,1027.0,978.5
2024-11-05 03:00:00,3,1026.8,978.4
2024-11-05 04:00:00,3,1026.8,978.5
2024-11-05 05:00:00,    3, 1026.6,  987.4
2024-11-05 06:00:00,    3, 1026.7,  978.5
2024-11-05 07:00:00,    3, 1027.1,  978.8
2024-11-05 08:00:00,3,1027.1,979.0
2024-11-05 09:00:00,    3, 1027.0,  988.0
2024-11-05 10:00:00,3,1026.5,987.9
2024-11-05 11:00:00,3,1025.9,987.6
2024-11-05 12:00:00,3,1025.0,978.2
2024-11-05 13:00:00,    3, 1024.6,  986.7
2024-11-05 14:00:00,3,1024.0,977.6
2024-11-05 15:00:00,    3, 1024.2,  986.4
2024-11-05 16:00:00,    3, 1024.8,  986.8
2024-11-05 17:00:00,    3, 1025.1,  978.2
2024-11-05 18:00:00,    3, 1025.8,  978.5
2024-11-05 19:00:00,    3, 1026.0,  987.5
2024-11-05 20:00:00,    3, 1026.5,  978.9
2024-11-05 21:00:00,    3, 1026.6,  979.0
2024-11-05 22:00:00,    3, 1026.9,  979.2
2024-11-05 23:00:00,    3, 1027.0,  988.2
2024-11-06 00:00:00,    3, 1027.6,  979.6
2024-11-06 01:00:00,    3, 1027.7,  979.7
2024-11-06 02:00:00,    3, 1028.0,  989.0
2024-11-06 03:00:00,3,1028.2,980.1
2024-11-06 04:00:00,    3, 1028.3,  989.3
2024-11-06 05:00:00,    3, 1028.5,  989.5
2024-11-06 06:00:00,    3, 1028.9,  990.0
2024-11-06 07:00:00,    3, 1029.9,  981.8
2024-11-06 08:00:00,    3, 1030.3,  982.4
2024-11-06 09:00:00,    3, 1030.4,  982.8
2024-11-06 10:00:00,    3, 1030.8,  983.3
2024-11-06 11:00:00,3,1030.5,983.3
2024-11-06 12:00:00,3,1030.4,992.0
2024-11-06 13:00:00,3,1030.3,991.9
2024-11-06 14:00:00,3,1030.5,991.9
2024-11-06 15:00:00,    3, 1029.9,  982.8
2024-11-06 16:00:00,3,1030.4,983.0
2024-11-06 17:00:00,    3, 1031.0,  983.4
2024-11-06 18:00:00,    3, 1031.4,  983.7
2024-11-06 19:00:00,    3, 1031.6,  983.9
2024-11-06 20:00:00,3,1032.1,993.1
2024-11-06 21:00:00,    3, 1032.3,  984.5
2024-11-06 22:00:00,    3, 1032.4,  993.4
2024-11-06 23:00:00,    3, 1032.6,  993.5
2024-11-07 00:00:00,    3, 1032.5,  993.4
2024-11-07 01:00:00,    3, 1032.1,  984.2
2024-11-07 02:00:00,3,1032.3,984.3
2024-11-07 03:00:00,    3, 1032.5,  993.3
2024-11-07 04:00:00,    3, 1032.1,  984.0
2024-11-07 05:00:00,3,1031.8,983.7
2024-11-07 06:00:00,3,1031.6,983.6
2024-11-07 07:00:00,    3, 1031.8,  983.8
2024-11-07 08:00:00,    3, 1032.2,  984.2
2024-11-07 09:00:00,    3, 1032.2,  984.4
2024-11-07 10:00:00,3,1032.7,993.7
2024-11-07 11:00:00,    3, 1032.0,  984.3
2024-11-07 12:00:00,    3, 1031.6,  984.0
2024-11-07 13:00:00,    3, 1031.1,  983.6
2024-11-07 14:00:00,    3, 1030.9,  983.4
2024-11-07 15:00:00,    3, 1031.0,  992.3
2024-11-07 16:00:00,3,1030.8,992.1
2024-11-07 17:00:00,    3, 1030.9,  992.2
2024-11-07 18:00:00,    3, 1030.6,  983.1
2024-11-07 19:00:00,3,1031.1,992.3
2024-11-07 20:00:00,    3, 1031.1,  992.2
2024-11-07 21:00:00,3,1031.2,992.3
2024-11-07 22:00:00,3,1031.4,992.5
2024-11-07 23:00:00,    3, 1031.0,  983.3
2024-11-08 00:00:00,3,1030.5,982.8
2024-11-08 01:00:00,3,1030.4,991.5
2024-11-08 02:00:00,3,1029.8,990.9
2024-11-08 03:00:00,3,1029.3,990.4
2024-11-08 04:00:00,3,1028.6,981.0
2024-11-08 05:00:00,    3, 1028.8,  990.0
2024-11-08 06:00:00,    3, 1028.6,  989.8
2024-11-08 07:00:00,    3, 1028.5,  989.7
2024-11-08 08:00:00,3,1028.6,989.8
2024-11-08 09:00:00,3,1028.5,989.6
2024-11-08 10:00:00,3,1028.4,980.7
2024-11-08 11:00:00,3,1027.7,988.9
2024-11-08 12:00:00,3,1027.1,979.6
2024-11-08 13:00:00,    3, 1026.6,  979.2
2024-11-08 14:00:00,    3, 1026.2,  978.8
2024-11-08 15:00:00,    3, 1026.2,  978.8
2024-11-08 16:00:00,    3, 1026.3,  978.9
2024-11-08 17:00:00,    3, 1026.7,  988.0
2024-11-08 18:00:00,3,1026.7,988.0
2024-11-08 19:00:00,    3, 1026.3,  978.9
2024-11-08 20:00:00,    3, 1026.6,  987.9
2024-11-08 21:00:00,3,1026.6,979.2
2024-11-08 22:00:00,    3, 1026.7,  988.0
2024-11-08 23:00:00,    3, 1026.8,  988.2
2024-11-09 00:00:00,3,1027.0,979.2
2024-11-09 01:00:00,    3, 1026.9,  988.0
2024-11-09 02:00:00,    3, 1027.2,  988.2
2024-11-09 03:00:00,3,1027.6,979.3
2024-11-09 04:00:00,3,1027.8,979.3
2024-11-09 05:00:00,    3, 1027.3,  979.2
2024-11-09 06:00:00,    3, 1027.3,  988.1
2024-11-09 07:00:00,    3, 1027.4,  988.2
2024-11-09 08:00:00,    3, 1027.6,  988.5
2024-11-09 09:00:00,    3, 1027.6,  979.5
2024-11-09 10:00:00,    3, 1027.4,  979.7
2024-11-09 11:00:00,3,1026.7,988.3
2024-11-09 12:00:00,3,1026.1,987.9
2024-11-09 13:00:00,    3, 1025.5,  987.4
2024-11-09 14:00:00,    3, 1024.9,  978.3
2024-11-09 15:00:00,    3, 1025.0,  978.3
2024-11-09 16:00:00,    3, 1025.7,  987.3
2024-11-09 17:00:00,    3, 1026.1,  978.8
2024-11-09 18:00:00,    3, 1026.9,  988.1
2024-11-09 19:00:00,    3, 1027.3,  988.3
2024-11-09 20:00:00,3,1027.2,979.3
2024-11-09 21:00:00,    3, 1027.8,  979.7
2024-11-09 22:00:00,    3, 1027.9,  988.8
2024-11-09 23:00:00,    3, 1028.0,  979.7
2024-11-10 00:00:00,    3, 1027.8,  988.7
2024-11-10 01:00:00,    3, 1027.8,  979.7
2024-11-10 02:00:00,    3, 1027.9,  979.8
2024-11-10 03:00:00,3,1027.9,979.8
2024-11-10 04:00:00,    3, 1028.2,  989.0
2024-11-10 05:00:00,3,1028.3,980.2
2024-11-10 06:00:00,    3, 1028.4,  980.3
2024-11-10 07:00:00,    3, 1028.9,  980.7
2024-11-10 08:00:00,3,1029.1,989.9
2024-11-10 09:00:00,    3, 1028.9,  980.8
2024-11-10 10:00:00,3,1028.8,980.8
2024-11-10 11:00:00,    3, 1029.0,  989.8
2024-11-10 12:00:00,    3, 1029.0,  989.8
2024-11-10 13:00:00,    3, 1028.8,  989.6
2024-11-10 14:00:00,3,1028.7,989.5
2024-11-10 15:00:00,3,1028.7,980.7
2024-11-10 16:00:00,    3, 1029.1,  989.9
2024-11-10 17:00:00,3,1029.4,990.2
2024-11-10 18:00:00,    3, 1029.5,  981.4
2024-11-10 19:00:00,3,1029.8,990.6
2024-11-10 20:00:00,    3, 1029.9,  981.8
2024-11-10 21:00:00,    3, 1030.2,  982.1
2024-11-10 22:00:00,3,1030.7,991.4
2024-11-10 23:00:00,3,1031.0,991.7
2024-11-11 00:00:00,    3, 1030.9,  991.6
2024-11-11 01:00:00,    3, 1030.8,  982.5
2024-11-11 02:00:00,3,1030.7,991.4
2024-11-11 03:00:00,    3, 1030.5,  982.2
2024-11-11 04:00:00,    3, 1030.7,  991.4
2024-11-11 05:00:00,    3, 1030.7,  991.4
2024-11-11 06:00:00,3,1030.9,982.5
2024-11-11 07:00:00,    3, 1031.1,  991.7
2024-11-11 08:00:00,    3, 1031.5,  992.1
2024-11-11 09:00:00,    3, 1031.5,  992.1
2024-11-11 10:00:00,    3, 1031.0,  991.7
2024-11-11 11:00:00,    3, 1030.0,  990.9
2024-11-11 12:00:00,    3, 1029.0,  981.1
2024-11-11 13:00:00,    3, 1028.4,  989.6
2024-11-11 14:00:00,3,1027.7,988.9
2024-11-11 15:00:00,    3, 1027.4,  988.7
2024-11-11 16:00:00,    3, 1027.8,  988.9
2024-11-11 17:00:00,3,1027.7,980.0
2024-11-11 18:00:00,    3, 1028.1,  980.4
2024-11-11 19:00:00,    3, 1028.2,  989.3
2024-11-11 20:00:00,    3, 1028.1,  989.2
2024-11-11 21:00:00,    3, 1027.8,  988.9
2024-11-11 22:00:00,    3, 1027.3,  979.6
2024-11-11 23:00:00,    3, 1027.1,  988.2
2024-11-12 00:00:00,    3, 1026.8,  988.0
2024-11-12 01:00:00,    3, 1026.9,  988.0
2024-11-12 02:00:00,    3, 1026.5,  978.9
2024-11-12 03:00:00,3,1026.1,978.5
2024-11-12 04:00:00,3,1026.5,987.6
2024-11-12 05:00:00,    3, 1026.5,  978.8
2024-11-12 06:00:00,    3, 1027.1,  988.2
2024-11-12 07:00:00,    3, 1027.2,  979.5
2024-11-12 08:00:00,    3, 1027.9,  989.0
2024-11-12 09:00:00,    3, 1028.2,  989.3
2024-11-12 10:00:00,    3, 1027.9,  980.3
2024-11-12 11:00:00,3,1027.2,979.6
2024-11-12 12:00:00,3,1027.3,979.6
2024-11-12 13:00:00,    3, 1027.4,  979.6
2024-11-12 14:00:00,    3, 1027.8,  979.9
2024-11-12 15:00:00,    3, 1028.2,  980.2
2024-11-12 16:00:00,3,1029.4,990.3
2024-11-12 17:00:00,3,1029.7,990.5
2024-11-12 18:00:00,    3, 1029.2,  981.1
2024-11-12 19:00:00,    3, 1029.7,  981.5
2024-11-12 20:00:00,3,1029.8,981.6
2024-11-12 21:00:00,    3, 1030.1,  981.8
2024-11-12 22:00:00,    3, 1030.0,  981.7
2024-11-12 23:00:00,3,1030.3,981.9
2024-11-13 00:00:00,    3, 1031.4,  991.9
2024-11-13 01:00:00,    3, 1030.0,  981.6
2024-11-13 02:00:00,    3, 1030.0,  981.6
2024-11-13 03:00:00,    3, 1031.4,  991.8
2024-11-13 04:00:00,    3, 1031.0,  991.4
2024-11-13 05:00:00,3,1030.4,981.8
2024-11-13 06:00:00,    3, 1031.8,  992.0
2024-11-13 07:00:00,3,1031.8,992.0
2024-11-13 08:00:00,    3, 1031.2,  982.5
2024-11-13 09:00:00,    3, 1032.3,  992.7
2024-11-13 10:00:00,3,1031.6,983.1
2024-11-13 11:00:00,    3, 1032.2,  992.7
2024-11-13 12:00:00,3,1030.9,982.5
2024-11-13 13:00:00,3,1030.3,982.0
2024-11-13 14:00:00,3,1031.3,991.9
2024-11-13 15:00:00,    3, 1031.0,  991.6
2024-11-13 16:00:00,    3, 1031.3,  991.9
2024-11-13 17:00:00,    3, 1031.6,  992.1
2024-11-13 18:00:00,    3, 1031.9,  992.4
2024-11-13 19:00:00,    3, 1031.1,  982.7
2024-11-13 20:00:00,    3, 1031.0,  982.6
2024-11-13 21:00:00,    3, 1030.9,  982.5
2024-11-13 22:00:00,    3, 1031.5,  992.1
2024-11-13 23:00:00,3,1031.3,991.9
2024-11-14 00:00:00,3,1030.6,982.2
2024-11-14 01:00:00,3,1030.4,982.0
2024-11-14 02:00:00,    3, 1029.8,  981.4
2024-11-14 03:00:00,    3, 1029.2,  980.8
2024-11-14 04:00:00,    3, 1029.7,  990.2
2024-11-14 05:00:00,3,1029.0,980.7
2024-11-14 06:00:00,3,1029.2,980.8
2024-11-14 07:00:00,    3, 1029.6,  990.2
2024-11-14 08:00:00,    3, 1029.5,  990.1
2024-11-14 09:00:00,    3, 1029.5,  990.2
2024-11-14 10:00:00,3,1029.5,990.2
2024-11-14 11:00:00,    3, 1028.4,  980.3
2024-11-14 12:00:00,    3, 1028.0,  980.1
2024-11-14 13:00:00,    3, 1028.3,  989.3
2024-11-14 14:00:00,3,1027.3,979.6
2024-11-14 15:00:00,3,1027.3,979.6
2024-11-14 16:00:00,    3, 1027.4,  979.7
2024-11-14 17:00:00,    3, 1028.6,  989.6
2024-11-14 18:00:00,    3, 1028.5,  989.6
2024-11-14 19:00:00,    3, 1028.0,  980.3
2024-11-14 20:00:00,    3, 1028.0,  980.3
2024-11-14 21:00:00,    3, 1028.3,  980.6
2024-11-14 22:00:00,    3, 1029.0,  990.1
2024-11-14 23:00:00,3,1028.2,980.5
2024-11-15 00:00:00,3,1028.8,989.9
2024-11-15 01:00:00,    3, 1028.5,  989.6
2024-11-15 02:00:00,    3, 1028.3,  989.4
2024-11-15 03:00:00,    3, 1028.1,  989.2
2024-11-15 04:00:00,3,1027.4,979.7
2024-11-15 05:00:00,    3, 1027.3,  979.6
2024-11-15 06:00:00,    3, 1027.5,  979.8
2024-11-15 07:00:00,3,1028.4,989.4
2024-11-15 08:00:00,3,1027.9,980.2
2024-11-15 09:00:00,3,1028.6,989.7
2024-11-15 10:00:00,    3, 1027.7,  980.1
2024-11-15 11:00:00,    3, 1028.2,  989.4
2024-11-15 12:00:00,    3, 1027.9,  989.1
2024-11-15 13:00:00,3,1026.7,979.2
2024-11-15 14:00:00,    3, 1026.5,  979.0
2024-11-15 15:00:00,    3, 1026.3,  978.8
2024-11-15 16:00:00,    3, 1027.1,  988.3
2024-11-15 17:00:00,3,1026.9,988.1
2024-11-15 18:00:00,3,1027.1,988.3
2024-11-15 19:00:00,    3, 1026.9,  988.1
2024-11-15 20:00:00,    3, 1027.0,  988.1
2024-11-15 21:00:00,    3, 1026.5,  987.7
2024-11-15 22:00:00,3,1026.1,978.0
2024-11-15 23:00:00,    3, 1026.0,  977.7
2024-11-16 00:00:00,    3, 1025.5,  977.1
2024-11-16 01:00:00,    3, 1025.4,  986.1
2024-11-16 02:00:00,3,1024.8,976.1
2024-11-16 03:00:00,    3, 1024.2,  984.8
2024-11-16 04:00:00,3,1023.7,975.0
2024-11-16 05:00:00,3,1023.8,984.3
2024-11-16 06:00:00,    3, 1023.7,  974.7
2024-11-16 07:00:00,    3, 1023.7,  974.8
2024-11-16 08:00:00,3,1023.9,975.2
2024-11-16 09:00:00,    3, 1023.6,  975.3
2024-11-16 10:00:00,3,1023.2,984.2
2024-11-16 11:00:00,3,1022.1,974.4
2024-11-16 12:00:00,    3, 1021.8,  983.2
2024-11-16 13:00:00,    3, 1020.8,  982.3
2024-11-16 14:00:00,    3, 1019.2,  972.1
2024-11-16 15:00:00,    3, 1018.8,  971.6
2024-11-16 16:00:00,    3, 1019.5,  980.7
2024-11-16 17:00:00,3,1018.6,971.0
2024-11-16 18:00:00,3,1019.6,980.8
2024-11-16 19:00:00,    3, 1019.7,  980.9
2024-11-16 20:00:00,3,1019.0,971.3
2024-11-16 21:00:00,    3, 1018.8,  971.2
2024-11-16 22:00:00,3,1018.8,971.2
2024-11-16 23:00:00,    3, 1019.7,  980.7
2024-11-17 00:00:00,    3, 1019.1,  980.2
2024-11-17 01:00:00,3,1018.2,970.5
2024-11-17 02:00:00,    3, 1017.9,  970.0
2024-11-17 03:00:00,    3, 1017.8,  969.6
2024-11-17 04:00:00,3,1018.0,978.8
2024-11-17 05:00:00,    3, 1017.3,  978.3
2024-11-17 06:00:00,    3, 1016.5,  968.8
2024-11-17 07:00:00,    3, 1016.8,  977.8
2024-11-17 08:00:00,    3, 1015.6,  968.1
2024-11-17 09:00:00,    3, 1016.9,  978.2
2024-11-17 10:00:00,    3, 1016.7,  978.1
2024-11-17 11:00:00,    3, 1016.1,  977.5
2024-11-17 12:00:00,    3, 1015.3,  976.9
2024-11-17 13:00:00,3,1013.9,967.1
2024-11-17 14:00:00,    3, 1013.8,  967.0
2024-11-17 15:00:00,    3, 1013.7,  966.9
2024-11-17 16:00:00,    3, 1014.1,  967.2
2024-11-17 17:00:00,3,1014.3,967.3
2024-11-17 18:00:00,    3, 1015.5,  977.0
2024-11-17 19:00:00,    3, 1015.8,  977.3
2024-11-17 20:00:00,    3, 1015.9,  977.4
2024-11-17 21:00:00,    3, 1015.9,  977.5
2024-11-17 22:00:00,3,1015.4,968.3
2024-11-17 23:00:00,    3, 1016.2,  977.7
2024-11-18 00:00:00,    3, 1016.0,  977.5
2024-11-18 01:00:00,    3, 1015.2,  976.7
2024-11-18 02:00:00,3,1014.6,976.1
2024-11-18 03:00:00,3,1013.8,966.4
2024-11-18 04:00:00,    3, 1013.8,  966.5
2024-11-18 05:00:00,3,1013.3,974.9
2024-11-18 06:00:00,    3, 1013.2,  974.9
2024-11-18 07:00:00,    3, 1013.4,  966.3
2024-11-18 08:00:00,    3, 1012.8,  965.8
2024-11-18 09:00:00,    3, 1012.8,  965.9
2024-11-18 10:00:00,    3, 1012.4,  965.7
2024-11-18 11:00:00,3,1012.8,974.8
2024-11-18 12:00:00,    3, 1012.6,  974.6
2024-11-18 13:00:00,3,1012.8,974.8
2024-11-18 14:00:00,3,1012.4,965.7
2024-11-18 15:00:00,    3, 1012.4,  965.7
2024-11-18 16:00:00,    3, 1012.8,  974.6
2024-11-18 17:00:00,    3, 1012.8,  974.6
2024-11-18 18:00:00,    3, 1012.4,  965.6
2024-11-18 19:00:00,3,1012.1,965.3
2024-11-18 20:00:00,    3, 1012.0,  973.9
2024-11-18 21:00:00,    3, 1011.5,  964.8
2024-11-18 22:00:00,    3, 1011.2,  973.2
2024-11-18 23:00:00,    3, 1010.8,  972.8
2024-11-19 00:00:00,    3, 1009.9,  963.2
2024-11-19 01:00:00,    3, 1009.3,  971.3
2024-11-19 02:00:00,3,1008.3,970.4
2024-11-19 03:00:00,3,1007.0,960.6
2024-11-19 04:00:00,3,1006.3,968.6
2024-11-19 05:00:00,3,1005.8,968.1
2024-11-19 06:00:00,3,1005.0,967.3
2024-11-19 07:00:00,    3, 1004.8,  967.1
2024-11-19 08:00:00,    3, 1004.8,  958.6
2024-11-19 09:00:00,    3, 1004.3,  958.2
2024-11-19 10:00:00,    3, 1003.5,  957.5
2024-11-19 11:00:00,    3, 1001.9,  956.1
2024-11-19 12:00:00,3,1001.1,963.9
2024-11-19 13:00:00,    3,  999.8,  954.2
2024-11-19 14:00:00,    3,  998.5,  961.5
2024-11-19 15:00:00,    3,  997.3,  951.8
2024-11-19 16:00:00,    3,  996.1,  950.7
2024-11-19 17:00:00,3,995.0,958.1
2024-11-19 18:00:00,    3,  993.9,  948.5
2024-11-19 19:00:00,    3,  993.4,  947.8
2024-11-19 20:00:00,3,993.7,956.4
2024-11-19 21:00:00,3,993.2,955.9
2024-11-19 22:00:00,3,993.0,955.5
2024-11-19 23:00:00,3,993.3,955.7
2024-11-20 00:00:00,3,994.7,956.8
2024-11-20 01:00:00,    3,  995.6,  949.0
2024-11-20 02:00:00,    3,  997.4,  950.5
2024-11-20 03:00:00,3,999.8,952.6
2024-11-20 04:00:00,    3, 1001.3,  954.1
2024-11-20 05:00:00,3,1003.3,964.7
2024-11-20 06:00:00,    3, 1004.4,  965.7
2024-11-20 07:00:00,    3, 1005.0,  966.3
2024-11-20 08:00:00,    3, 1004.8,  957.4
2024-11-20 09:00:00,    3, 1005.3,  966.8
2024-11-20 10:00:00,3,1005.5,958.3
2024-11-20 11:00:00,    3, 1005.4,  967.1
2024-11-20 12:00:00,    3, 1004.8,  966.6
2024-11-20 13:00:00,    3, 1004.9,  966.7
2024-11-20 14:00:00,    3, 1005.4,  958.4
2024-11-20 15:00:00,3,1005.9,967.5
2024-11-20 16:00:00,    3, 1006.0,  958.7
2024-11-20 17:00:00,3,1006.9,968.2
2024-11-20 18:00:00,3,1007.0,968.3
2024-11-20 19:00:00,    3, 1007.1,  968.4
2024-11-20 20:00:00,    3, 1007.3,  959.7
2024-11-20 21:00:00,    3, 1007.5,  959.9
2024-11-20 22:00:00,    3, 1007.1,  959.6
2024-11-20 23:00:00,    3, 1007.5,  968.7
2024-11-21 00:00:00,    3, 1007.2,  959.5
2024-11-21 01:00:00,3,1007.2,959.5
2024-11-21 02:00:00,3,1007.1,959.5
2024-11-21 03:00:00,3,1007.5,959.9
2024-11-21 04:00:00,3,1007.6,959.9
2024-11-21 05:00:00,    3, 1007.7,  960.0
2024-11-21 06:00:00,    3, 1007.7,  968.9
2024-11-21 07:00:00,    3, 1007.5,  968.7
2024-11-21 08:00:00,    3, 1007.3,  968.5
2024-11-21 09:00:00,    3, 1006.4,  958.8
2024-11-21 10:00:00,    3, 1005.8,  958.3
2024-11-21 11:00:00,3,1004.0,965.5
2024-11-21 12:00:00,    3, 1002.3,  963.8
2024-11-21 13:00:00,    3,  999.1,  952.1
2024-11-21 14:00:00,    3,  997.2,  959.0
2024-11-21 15:00:00,    3,  995.7,  957.4
2024-11-21 16:00:00,    3,  994.0,  955.7
2024-11-21 17:00:00,    3,  992.6,  945.7
2024-11-21 18:00:00,    3,  993.1,  954.8
2024-11-21 19:00:00,3,992.9,945.7
2024-11-21 20:00:00,    3,  993.6,  946.4
2024-11-21 21:00:00,    3,  994.5,  956.0
2024-11-21 22:00:00,3,995.1,956.6
2024-11-21 23:00:00,3,996.0,957.5
2024-11-22 00:00:00,3,996.5,949.2
2024-11-22 01:00:00,3,998.9,960.2
2024-11-22 02:00:00,3,1000.2,952.6
2024-11-22 03:00:00,    3, 1002.7,  963.8
2024-11-22 04:00:00,3,1003.7,955.8
2024-11-22 05:00:00,    3, 1004.9,  965.8
2024-11-22 06:00:00,    3, 1005.5,  957.3
2024-11-22 07:00:00,    3, 1007.5,  968.3
2024-11-22 08:00:00,    3, 1008.1,  969.0
2024-11-22 09:00:00,    3, 1008.3,  969.3
2024-11-22 10:00:00,3,1008.3,960.5
2024-11-22 11:00:00,    3, 1008.9,  961.2
2024-11-22 12:00:00,    3, 1009.2,  961.5
2024-11-22 13:00:00,    3, 1009.6,  970.9
2024-11-22 14:00:00,    3, 1010.2,  971.4
2024-11-22 15:00:00,    3, 1011.0,  972.1
2024-11-22 16:00:00,3,1011.9,972.8
2024-11-22 17:00:00,3,1012.6,964.5
2024-11-22 18:00:00,    3, 1013.6,  974.5
2024-11-22 19:00:00,    3, 1014.7,  966.6
2024-11-22 20:00:00,    3, 1015.7,  967.6
2024-11-22 21:00:00,    3, 1016.3,  977.3
2024-11-22 22:00:00,    3, 1017.5,  978.5
2024-11-22 23:00:00,3,1018.6,979.6
2024-11-23 00:00:00,    3, 1020.2,  981.1
2024-11-23 01:00:00,3,1020.7,972.6
2024-11-23 02:00:00,3,1021.9,982.7
2024-11-23 03:00:00,    3, 1023.1,  983.8
2024-11-23 04:00:00,    3, 1023.7,  984.3
2024-11-23 05:00:00,    3, 1024.3,  975.7
2024-11-23 06:00:00,    3, 1024.6,  976.0
2024-11-23 07:00:00,    3, 1024.7,  976.0
2024-11-23 08:00:00,    3, 1024.8,  985.4
2024-11-23 09:00:00,    3, 1025.4,  977.0
2024-11-23 10:00:00,3,1025.0,976.9
2024-11-23 11:00:00,    3, 1024.0,  976.2
2024-11-23 12:00:00,    3, 1023.1,  975.5
2024-11-23 13:00:00,    3, 1022.4,  974.7
2024-11-23 14:00:00,    3, 1021.8,  974.1
2024-11-23 15:00:00,3,1021.5,973.7
2024-11-23 16:00:00,    3, 1021.5,  973.6
2024-11-23 17:00:00,    3, 1021.1,  982.2
2024-11-23 18:00:00,    3, 1020.6,  972.8
2024-11-23 19:00:00,3,1020.1,972.3
2024-11-23 20:00:00,    3, 1019.7,  980.8
2024-11-23 21:00:00,    3, 1019.7,  971.9
2024-11-23 22:00:00,    3, 1019.5,  980.6
2024-11-23 23:00:00,3,1018.8,980.2
2024-11-24 00:00:00,    3, 1018.6,  971.4
2024-11-24 01:00:00,    3, 1018.6,  971.5
2024-11-24 02:00:00,    3, 1018.8,  971.6
2024-11-24 03:00:00,    3, 1018.5,  980.2
2024-11-24 04:00:00,    3, 1018.6,  971.6
2024-11-24 05:00:00,    3, 1018.6,  980.4
2024-11-24 06:00:00,    3, 1018.0,  980.0
2024-11-24 07:00:00,    3, 1018.9,  980.9
2024-11-24 08:00:00,    3, 1018.8,  972.3
2024-11-24 09:00:00,    3, 1018.7,  972.4
2024-11-24 10:00:00,3,1019.3,981.6
2024-11-24 11:00:00,    3, 1018.0,  972.3
2024-11-24 12:00:00,3,1018.1,981.0
2024-11-24 13:00:00,    3, 1017.6,  980.7
2024-11-24 14:00:00,    3, 1017.5,  980.5
2024-11-24 15:00:00,3,1017.4,971.5
2024-11-24 16:00:00,    3, 1017.8,  971.7
2024-11-24 17:00:00,3,1017.9,971.6
2024-11-24 18:00:00,3,1017.8,971.4
2024-11-24 19:00:00,    3, 1017.9,  971.3
2024-11-24 20:00:00,3,1018.0,980.1
2024-11-24 21:00:00,3,1018.0,971.1
2024-11-24 22:00:00,3,1018.0,970.9
2024-11-24 23:00:00,    3, 1017.8,  970.6
2024-11-25 00:00:00,    3, 1016.9,  969.8
2024-11-25 01:00:00,    3, 1016.6,  978.3
2024-11-25 02:00:00,3,1016.1,977.9
2024-11-25 03:00:00,3,1016.2,977.9
2024-11-25 04:00:00,    3, 1015.4,  977.2
2024-11-25 05:00:00,    3, 1014.9,  976.9
2024-11-25 06:00:00,    3, 1014.5,  976.5
2024-11-25 07:00:00,    3, 1014.2,  967.5
2024-11-25 08:00:00,3,1013.6,975.8
2024-11-25 09:00:00,    3, 1012.8,  975.3
2024-11-25 10:00:00,    3, 1011.4,  974.3
2024-11-25 11:00:00,    3, 1010.8,  973.9
2024-11-25 12:00:00,    3, 1009.0,  964.2
2024-11-25 13:00:00,    3, 1009.4,  972.8
2024-11-25 14:00:00,    3, 1009.4,  972.6
2024-11-25 15:00:00,    3, 1009.7,  972.8
2024-11-25 16:00:00,    3, 1009.7,  972.8
2024-11-25 17:00:00,3,1010.1,973.1
2024-11-25 18:00:00,3,1010.1,964.5
2024-11-25 19:00:00,3,1011.2,965.3
2024-11-25 20:00:00,3,1011.6,965.6
2024-11-25 21:00:00,3,1012.6,975.4
2024-11-25 22:00:00,    3, 1014.4,  976.8
2024-11-25 23:00:00,    3, 1015.0,  977.3
2024-11-26 00:00:00,    3, 1015.4,  977.6
2024-11-26 01:00:00,    3, 1015.0,  968.7
2024-11-26 02:00:00,3,1016.6,970.1
2024-11-26 03:00:00,    3, 1016.9,  970.4
2024-11-26 04:00:00,    3, 1018.9,  980.8
2024-11-26 05:00:00,    3, 1019.4,  981.2
2024-11-26 06:00:00,    3, 1020.2,  982.0
2024-11-26 07:00:00,3,1020.8,982.5
2024-11-26 08:00:00,    3, 1021.4,  983.1
2024-11-26 09:00:00,3,1021.2,974.3
2024-11-26 10:00:00,    3, 1021.5,  974.6
2024-11-26 11:00:00,3,1021.7,983.7
2024-11-26 12:00:00,    3, 1021.2,  974.5
2024-11-26 13:00:00,    3, 1021.2,  974.6
2024-11-26 14:00:00,    3, 1021.4,  974.8
2024-11-26 15:00:00,    3, 1022.0,  975.2
2024-11-26 16:00:00,3,1022.8,984.6
2024-11-26 17:00:00,    3, 1022.6,  975.5
2024-11-26 18:00:00,3,1023.0,975.9
2024-11-26 19:00:00,3,1023.7,985.3
2024-11-26 20:00:00,3,1023.8,985.4
2024-11-26 21:00:00,3,1024.2,976.3
2024-11-26 22:00:00,    3, 1023.9,  985.4
2024-11-26 23:00:00,    3, 1024.4,  976.2
2024-11-27 00:00:00,    3, 1024.0,  976.1
2024-11-27 01:00:00,    3, 1024.2,  985.4
2024-11-27 02:00:00,3,1024.1,985.2
2024-11-27 03:00:00,    3, 1024.2,  985.2
2024-11-27 04:00:00,3,1023.9,984.9
2024-11-27 05:00:00,    3, 1024.1,  975.8
2024-11-27 06:00:00,3,1024.0,985.0
2024-11-27 07:00:00,    3, 1023.8,  984.8
2024-11-27 08:00:00,    3, 1024.1,  975.9
2024-11-27 09:00:00,    3, 1024.1,  985.1
2024-11-27 10:00:00,    3, 1023.5,  975.7
2024-11-27 11:00:00,    3, 1022.2,  983.9
2024-11-27 12:00:00,3,1021.4,974.8
2024-11-27 13:00:00,    3, 1020.6,  974.1
2024-11-27 14:00:00,    3, 1019.4,  972.9
2024-11-27 15:00:00,    3, 1018.9,  972.3
2024-11-27 16:00:00,    3, 1019.0,  972.3
2024-11-27 17:00:00,3,1018.8,980.8
2024-11-27 18:00:00,    3, 1018.1,  980.2
2024-11-27 19:00:00,    3, 1018.4,  980.6
2024-11-27 20:00:00,    3, 1018.1,  980.2
2024-11-27 21:00:00,    3, 1017.6,  979.7
2024-11-27 22:00:00,    3, 1017.4,  979.6
2024-11-27 23:00:00,3,1016.9,970.4
2024-11-28 00:00:00,    3, 1017.5,  979.6
2024-11-28 01:00:00,    3, 1016.9,  970.4
2024-11-28 02:00:00,    3, 1017.4,  970.9
2024-11-28 03:00:00,3,1018.8,980.7
2024-11-28 04:00:00,3,1019.9,981.5
2024-11-28 05:00:00,3,1020.1,972.9
2024-11-28 06:00:00,3,1021.8,974.3
2024-11-28 07:00:00,3,1023.0,984.3
2024-11-28 08:00:00,    3, 1023.5,  976.0
2024-11-28 09:00:00,    3, 1024.7,  985.9
2024-11-28 10:00:00,    3, 1025.3,  986.6
2024-11-28 11:00:00,    3, 1025.5,  986.8
2024-11-28 12:00:00,    3, 1025.6,  986.9
2024-11-28 13:00:00,    3, 1026.1,  987.4
2024-11-28 14:00:00,3,1026.3,978.8
2024-11-28 15:00:00,3,1027.4,988.6
2024-11-28 16:00:00,    3, 1027.7,  980.0
2024-11-28 17:00:00,    3, 1028.4,  980.5
2024-11-28 18:00:00,    3, 1029.7,  990.7
2024-11-28 19:00:00,    3, 1030.5,  991.4
2024-11-28 20:00:00,    3, 1030.5,  991.3
2024-11-28 21:00:00,3,1030.7,982.3
2024-11-28 22:00:00,    3, 1031.1,  982.8
2024-11-28 23:00:00,    3, 1031.8,  992.5
2024-11-29 00:00:00,    3, 1032.3,  992.8
2024-11-29 01:00:00,3,1032.2,983.5
2024-11-29 02:00:00,    3, 1032.5,  983.6
2024-11-29 03:00:00,    3, 1032.9,  993.3
2024-11-29 04:00:00,    3, 1032.7,  983.8
2024-11-29 05:00:00,    3, 1033.0,  984.0
2024-11-29 06:00:00,    3, 1033.2,  984.1
2024-11-29 07:00:00,    3, 1033.4,  984.3
2024-11-29 08:00:00,    3, 1033.7,  984.7
2024-11-29 09:00:00,    3, 1034.1,  994.5
2024-11-29 10:00:00,    3, 1033.2,  984.8
2024-11-29 11:00:00,    3, 1033.3,  994.1
2024-11-29 12:00:00,3,1032.9,993.8
2024-11-29 13:00:00,    3, 1031.6,  983.7
2024-11-29 14:00:00,    3, 1032.2,  993.2
2024-11-29 15:00:00,    3, 1032.6,  993.4
2024-11-29 16:00:00,    3, 1032.9,  993.5
2024-11-29 17:00:00,    3, 1032.9,  993.5
2024-11-29 18:00:00,3,1033.6,994.0
2024-11-29 19:00:00,3,1033.9,994.2
2024-11-29 20:00:00,    3, 1033.5,  984.5
2024-11-29 21:00:00,3,1034.0,994.1
2024-11-29 22:00:00,    3, 1033.3,  984.2
2024-11-29 23:00:00,3,1033.2,984.1
2024-11-30 00:00:00,    3, 1033.2,  993.2
2024-11-30 01:00:00,    3, 1033.1,  993.1
2024-11-30 02:00:00,    3, 1032.6,  983.4
2024-11-30 03:00:00,3,1032.7,983.0
2024-11-30 04:00:00,    3, 1032.4,  992.3
2024-11-30 05:00:00,3,1032.4,992.3
2024-11-30 06:00:00,3,1032.6,992.5
2024-11-30 07:00:00,3,1032.6,992.4
2024-11-30 08:00:00,    3, 1032.8,  992.6
2024-11-30 09:00:00,    3, 1032.8,  992.9
2024-11-30 10:00:00,    3, 1032.0,  983.4
2024-11-30 11:00:00,    3, 1031.0,  982.6
2024-11-30 12:00:00,3,1030.3,982.4
2024-11-30 13:00:00,3,1029.8,982.0
2024-11-30 14:00:00,    3, 1029.8,  991.0
2024-11-30 15:00:00,    3, 1029.1,  981.1
2024-11-30 16:00:00,    3, 1029.6,  990.4
2024-11-30 17:00:00,    3, 1029.7,  981.0
2024-11-30 18:00:00,    3, 1030.2,  981.3
2024-11-30 19:00:00,    3, 1030.3,  981.3
2024-11-30 20:00:00,    3, 1030.5,  990.7
2024-11-30 21:00:00,    3, 1030.2,  981.0
2024-11-30 22:00:00,3,1030.3,990.3
2024-11-30 23:00:00,    3, 1030.2,  990.2
2024-12-01 00:00:00,    3, 1029.8,  989.8
2024-12-01 01:00:00,    3, 1029.2,  979.8
2024-12-01 02:00:00,    3, 1029.2,  989.2
2024-12-01 03:00:00,    3, 1029.0,  988.9
2024-12-01 04:00:00,3,1028.6,979.0
2024-12-01 05:00:00,    3, 1028.2,  978.7
2024-12-01 06:00:00,    3, 1028.1,  978.8
2024-12-01 07:00:00,3,1028.9,988.7
2024-12-01 08:00:00,3,1028.5,979.0
2024-12-01 09:00:00,    3, 1028.5,  988.6
2024-12-01 10:00:00,    3, 1028.0,  988.2
2024-12-01 11:00:00,    3, 1027.4,  987.8
2024-12-01 12:00:00,    3, 1026.5,  987.2
2024-12-01 13:00:00,    3, 1025.3,  977.2
2024-12-01 14:00:00,3,1025.5,986.4
2024-12-01 15:00:00,3,1025.0,976.8
2024-12-01 16:00:00,3,1025.2,976.7
2024-12-01 17:00:00,    3, 1025.3,  976.7
2024-12-01 18:00:00,    3, 1025.2,  976.5
2024-12-01 19:00:00,    3, 1025.1,  976.3
2024-12-01 20:00:00,    3, 1024.6,  976.0
2024-12-01 21:00:00,    3, 1024.5,  975.7
2024-12-01 22:00:00,3,1024.3,975.5
2024-12-01 23:00:00,    3, 1023.8,  984.3
2024-12-02 00:00:00,    3, 1023.3,  983.9
2024-12-02 01:00:00,    3, 1022.8,  983.4
2024-12-02 02:00:00,    3, 1022.6,  974.1
2024-12-02 03:00:00,    3, 1022.0,  973.5
2024-12-02 04:00:00,    3, 1021.9,  973.5
2024-12-02 05:00:00,    3, 1021.7,  973.3
2024-12-02 06:00:00,    3, 1021.4,  973.1
2024-12-02 07:00:00,    3, 1021.0,  981.9
2024-12-02 08:00:00,3,1021.0,982.0
2024-12-02 09:00:00,3,1020.4,972.4
2024-12-02 10:00:00,3,1020.4,981.7
2024-12-02 11:00:00,    3, 1019.5,  981.1
2024-12-02 12:00:00,    3, 1018.5,  980.4
2024-12-02 13:00:00,    3, 1018.1,  979.8
2024-12-02 14:00:00,    3, 1017.7,  979.4
2024-12-02 15:00:00,    3, 1016.9,  969.8
2024-12-02 16:00:00,3,1016.9,978.7
2024-12-02 17:00:00,    3, 1016.7,  978.5
2024-12-02 18:00:00,3,1016.5,978.3
2024-12-02 19:00:00,    3, 1016.2,  978.0
2024-12-02 20:00:00,    3, 1016.6,  978.4
2024-12-02 21:00:00,    3, 1016.5,  978.4
2024-12-02 22:00:00,    3, 1016.8,  978.7
2024-12-02 23:00:00,3,1017.2,979.1
2024-12-03 00:00:00,    3, 1017.1,  970.0
2024-12-03 01:00:00,3,1017.3,970.0
2024-12-03 02:00:00,3,1017.1,970.0
2024-12-03 03:00:00,    3, 1017.5,  970.2
2024-12-03 04:00:00,3,1018.3,979.8
2024-12-03 05:00:00,    3, 1018.4,  979.9
2024-12-03 06:00:00,    3, 1018.7,  980.1
2024-12-03 07:00:00,3,1019.2,971.4
2024-12-03 08:00:00,    3, 1019.6,  971.9
2024-12-03 09:00:00,    3, 1019.9,  972.5
2024-12-03 10:00:00,    3, 1019.9,  972.6
2024-12-03 11:00:00,    3, 1020.0,  981.5
2024-12-03 12:00:00,    3, 1019.4,  972.2
2024-12-03 13:00:00,    3, 1020.1,  972.8
2024-12-03 14:00:00,    3, 1020.6,  981.9
2024-12-03 15:00:00,3,1021.0,982.2
2024-12-03 16:00:00,    3, 1020.8,  973.2
2024-12-03 17:00:00,3,1021.7,982.9
2024-12-03 18:00:00,    3, 1021.6,  974.0
2024-12-03 19:00:00,    3, 1021.8,  974.1
2024-12-03 20:00:00,3,1022.2,974.4
2024-12-03 21:00:00,    3, 1023.2,  984.2
2024-12-03 22:00:00,    3, 1023.2,  984.2
2024-12-03 23:00:00,    3, 1022.9,  974.9
2024-12-04 00:00:00,3,1023.4,984.4
2024-12-04 01:00:00,3,1023.5,984.5
2024-12-04 02:00:00,3,1023.8,984.8
2024-12-04 03:00:00,3,1024.3,985.1
2024-12-04 04:00:00,    3, 1024.2,  985.0
2024-12-04 05:00:00,    3, 1024.6,  985.3
2024-12-04 06:00:00,    3, 1025.0,  985.7
2024-12-04 07:00:00,    3, 1026.0,  986.7
2024-12-04 08:00:00,    3, 1026.8,  987.3
2024-12-04 09:00:00,3,1026.5,978.3
2024-12-04 10:00:00,    3, 1026.9,  978.7
2024-12-04 11:00:00,    3, 1026.4,  978.5
2024-12-04 12:00:00,    3, 1026.5,  978.5
2024-12-04 13:00:00,    3, 1027.2,  979.2
2024-12-04 14:00:00,3,1027.1,979.1
2024-12-04 15:00:00,    3, 1028.4,  989.2
2024-12-04 16:00:00,    3, 1028.9,  989.6
2024-12-04 17:00:00,    3, 1029.5,  990.1
2024-12-04 18:00:00,    3, 1029.7,  990.3
2024-12-04 19:00:00,    3, 1029.8,  981.1
2024-12-04 20:00:00,3,1030.1,981.2
2024-12-04 21:00:00,3,1030.5,990.8
2024-12-04 22:00:00,3,1030.7,990.9
2024-12-04 23:00:00,3,1030.8,990.9
2024-12-05 00:00:00,    3, 1030.7,  981.4
2024-12-05 01:00:00,    3, 1030.7,  981.3
2024-12-05 02:00:00,    3, 1030.8,  981.3
2024-12-05 03:00:00,    3, 1030.2,  980.7
2024-12-05 04:00:00,    3, 1030.1,  980.3
2024-12-05 05:00:00,3,1029.6,989.4
2024-12-05 06:00:00,    3, 1029.2,  989.1
2024-12-05 07:00:00,    3, 1028.5,  988.4
2024-12-05 08:00:00,    3, 1028.5,  988.4
2024-12-05 09:00:00,    3, 1028.4,  988.5
2024-12-05 10:00:00,    3, 1027.2,  978.5
2024-12-05 11:00:00,    3, 1025.9,  977.6
2024-12-05 12:00:00,3,1025.0,985.7
2024-12-05 13:00:00,3,1024.0,984.9
2024-12-05 14:00:00,3,1022.5,974.5
2024-12-05 15:00:00,3,1022.0,982.9
2024-12-05 16:00:00,    3, 1021.3,  973.1
2024-12-05 17:00:00,3,1021.0,981.9
2024-12-05 18:00:00,    3, 1019.7,  980.6
2024-12-05 19:00:00,3,1018.3,979.3
2024-12-05 20:00:00,    3, 1016.6,  969.0
2024-12-05 21:00:00,    3, 1015.3,  968.0
2024-12-05 22:00:00,3,1014.7,976.3
2024-12-05 23:00:00,3,1013.1,965.8
2024-12-06 00:00:00,    3, 1010.6,  963.8
2024-12-06 01:00:00,    3, 1009.3,  962.7
2024-12-06 02:00:00,    3, 1006.6,  960.1
2024-12-06 03:00:00,    3, 1004.8,  958.6
2024-12-06 04:00:00,3,1004.3,958.1
2024-12-06 05:00:00,    3, 1005.5,  967.8
2024-12-06 06:00:00,    3, 1007.0,  969.2
2024-12-06 07:00:00,    3, 1009.6,  971.6
2024-12-06 08:00:00,3,1010.9,972.8
2024-12-06 09:00:00,    3, 1012.5,  965.6
2024-12-06 10:00:00,    3, 1013.8,  975.6
2024-12-06 11:00:00,    3, 1014.6,  976.4
2024-12-06 12:00:00,    3, 1014.8,  976.6
2024-12-06 13:00:00,    3, 1015.6,  968.6
2024-12-06 14:00:00,    3, 1016.2,  969.2
2024-12-06 15:00:00,    3, 1017.3,  978.9
2024-12-06 16:00:00,    3, 1017.7,  979.3
2024-12-06 17:00:00,3,1018.6,980.1
2024-12-06 18:00:00,    3, 1019.3,  980.8
2024-12-06 19:00:00,3,1020.1,981.6
2024-12-06 20:00:00,    3, 1020.7,  982.1
2024-12-06 21:00:00,    3, 1021.0,  973.4
2024-12-06 22:00:00,    3, 1021.2,  982.5
2024-12-06 23:00:00,    3, 1021.1,  982.3
2024-12-07 00:00:00,3,1020.2,972.3
2024-12-07 01:00:00,    3, 1019.0,  971.2
2024-12-07 02:00:00,    3, 1018.2,  979.2
2024-12-07 03:00:00,    3, 1016.6,  968.5
2024-12-07 04:00:00,    3, 1014.9,  966.9
2024-12-07 05:00:00,3,1013.8,975.0
2024-12-07 06:00:00,    3, 1012.0,  973.4
2024-12-07 07:00:00,    3, 1010.5,  972.0
2024-12-07 08:00:00,    3, 1008.8,  970.4
2024-12-07 09:00:00,    3, 1007.0,  959.9
2024-12-07 10:00:00,3,1004.9,958.1
2024-12-07 11:00:00,3,1003.5,957.0
2024-12-07 12:00:00,    3, 1002.2,  964.5
2024-12-07 13:00:00,    3, 1002.0,  955.7
2024-12-07 14:00:00,    3, 1001.9,  955.6
2024-12-07 15:00:00,    3, 1002.8,  965.2
2024-12-07 16:00:00,3,1002.7,956.3
2024-12-07 17:00:00,    3, 1003.1,  965.3
2024-12-07 18:00:00,3,1002.8,964.9
2024-12-07 19:00:00,    3, 1002.5,  956.0
2024-12-07 20:00:00,3,1002.3,955.7
2024-12-07 21:00:00,    3, 1002.7,  964.7
2024-12-07 22:00:00,    3, 1002.8,  964.8
2024-12-07 23:00:00,    3, 1003.0,  964.9
2024-12-08 00:00:00,    3, 1003.3,  965.1
2024-12-08 01:00:00,3,1003.0,964.8
2024-12-08 02:00:00,3,1003.1,955.9
2024-12-08 03:00:00,3,1003.5,965.1
2024-12-08 04:00:00,3,1003.6,965.2
2024-12-08 05:00:00,    3, 1004.0,  956.5
2024-12-08 06:00:00,    3, 1004.2,  965.8
2024-12-08 07:00:00,    3, 1005.3,  966.5
2024-12-08 08:00:00,3,1006.0,967.3
2024-12-08 09:00:00,3,1006.4,958.8
2024-12-08 10:00:00,    3, 1007.0,  959.5
2024-12-08 11:00:00,3,1007.4,968.9
2024-12-08 12:00:00,    3, 1007.7,  969.3
2024-12-08 13:00:00,    3, 1007.9,  969.6
2024-12-08 14:00:00,    3, 1008.6,  970.2
2024-12-08 15:00:00,3,1009.1,970.7
2024-12-08 16:00:00,    3, 1009.7,  971.2
2024-12-08 17:00:00,3,1009.7,962.4
2024-12-08 18:00:00,    3, 1011.1,  972.5
2024-12-08 19:00:00,    3, 1010.9,  963.6
2024-12-08 20:00:00,3,1011.4,964.0
2024-12-08 21:00:00,    3, 1011.8,  964.5
2024-12-08 22:00:00,3,1013.0,974.4
2024-12-08 23:00:00,    3, 1012.4,  965.1
2024-12-09 00:00:00,    3, 1013.5,  974.9
2024-12-09 01:00:00,    3, 1013.9,  975.3
2024-12-09 02:00:00,    3, 1013.6,  966.2
2024-12-09 03:00:00,    3, 1014.8,  976.2
2024-12-09 04:00:00,    3, 1015.3,  976.6
2024-12-09 05:00:00,3,1015.7,977.0
2024-12-09 06:00:00,3,1015.6,968.0
2024-12-09 07:00:00,3,1016.2,968.5
2024-12-09 08:00:00,3,1016.6,968.9
2024-12-09 09:00:00,3,1017.2,969.5
2024-12-09 10:00:00,    3, 1018.5,  979.6
2024-12-09 11:00:00,3,1017.8,970.1
2024-12-09 12:00:00,3,1019.0,980.0
2024-12-09 13:00:00,    3, 1018.9,  980.0
2024-12-09 14:00:00,    3, 1019.3,  980.4
2024-12-09 15:00:00,3,1020.0,981.0
2024-12-09 16:00:00,3,1019.7,971.9
2024-12-09 17:00:00,    3, 1021.2,  982.1
2024-12-09 18:00:00,3,1021.7,982.6
2024-12-09 19:00:00,3,1022.2,983.0
2024-12-09 20:00:00,    3, 1022.8,  983.5
2024-12-09 21:00:00,    3, 1023.2,  983.9
2024-12-09 22:00:00,3,1023.4,984.1
2024-12-09 23:00:00,3,1022.8,974.6
2024-12-10 00:00:00,    3, 1022.8,  974.6
2024-12-10 01:00:00,    3, 1022.7,  974.5
2024-12-10 02:00:00,    3, 1022.6,  974.5
2024-12-10 03:00:00,    3, 1023.2,  984.0
2024-12-10 04:00:00,    3, 1022.9,  983.7
2024-12-10 05:00:00,    3, 1022.3,  974.2
2024-12-10 06:00:00,3,1023.6,984.4
2024-12-10 07:00:00,    3, 1023.0,  974.9
2024-12-10 08:00:00,    3, 1024.2,  985.0
2024-12-10 09:00:00,    3, 1023.5,  975.5
2024-12-10 10:00:00,    3, 1024.6,  985.5
2024-12-10 11:00:00,    3, 1023.8,  975.9
2024-12-10 12:00:00,    3, 1023.6,  975.7
2024-12-10 13:00:00,    3, 1024.6,  985.5
2024-12-10 14:00:00,    3, 1024.8,  985.6
2024-12-10 15:00:00,    3, 1025.1,  985.9
2024-12-10 16:00:00,3,1024.7,976.6
2024-12-10 17:00:00,    3, 1025.0,  976.9
2024-12-10 18:00:00,    3, 1026.3,  987.0
2024-12-10 19:00:00,3,1026.7,987.4
2024-12-10 20:00:00,    3, 1026.9,  987.6
2024-12-10 21:00:00,    3, 1026.4,  978.1
2024-12-10 22:00:00,    3, 1026.5,  978.3
2024-12-10 23:00:00,    3, 1026.7,  978.4
2024-12-11 00:00:00,    3, 1026.8,  978.5
2024-12-11 01:00:00,    3, 1026.7,  978.4
2024-12-11 02:00:00,    3, 1026.7,  978.5
2024-12-11 03:00:00,3,1026.8,978.5
2024-12-11 04:00:00,    3, 1027.7,  988.3
2024-12-11 05:00:00,    3, 1027.8,  988.4
2024-12-11 06:00:00,    3, 1027.9,  988.5
2024-12-11 07:00:00,    3, 1027.5,  979.1
2024-12-11 08:00:00,3,1028.1,979.7
2024-12-11 09:00:00,    3, 1028.5,  980.2
2024-12-11 10:00:00,    3, 1028.8,  980.5
2024-12-11 11:00:00,3,1028.6,980.4
2024-12-11 12:00:00,    3, 1028.5,  980.2
2024-12-11 13:00:00,    3, 1029.6,  990.0
2024-12-11 14:00:00,3,1028.7,980.2
2024-12-11 15:00:00,    3, 1029.0,  980.5
2024-12-11 16:00:00,    3, 1030.1,  990.4
2024-12-11 17:00:00,    3, 1030.4,  990.7
2024-12-11 18:00:00,    3, 1030.2,  981.5
2024-12-11 19:00:00,3,1031.2,991.4
2024-12-11 20:00:00,3,1031.5,991.7
2024-12-11 21:00:00,3,1031.1,982.3
2024-12-11 22:00:00,    3, 1031.9,  992.0
2024-12-11 23:00:00,    3, 1031.2,  982.4
2024-12-12 00:00:00,    3, 1031.7,  991.9
2024-12-12 01:00:00,    3, 1030.7,  982.0
2024-12-12 02:00:00,3,1030.8,982.1
2024-12-12 03:00:00,    3, 1030.8,  982.1
2024-12-12 04:00:00,3,1031.3,991.6
2024-12-12 05:00:00,    3, 1030.6,  982.0
2024-12-12 06:00:00,    3, 1030.7,  982.1
2024-12-12 07:00:00,    3, 1031.4,  991.7
2024-12-12 08:00:00,    3, 1031.5,  991.8
2024-12-12 09:00:00,    3, 1031.2,  982.6
2024-12-12 10:00:00,    3, 1031.3,  982.7
2024-12-12 11:00:00,    3, 1031.4,  991.8
2024-12-12 12:00:00,    3, 1030.4,  981.8
2024-12-12 13:00:00,3,1030.7,991.2
2024-12-12 14:00:00,3,1029.7,981.2
2024-12-12 15:00:00,    3, 1029.6,  981.1
2024-12-12 16:00:00,    3, 1030.3,  990.7
2024-12-12 17:00:00,    3, 1029.8,  981.2
2024-12-12 18:00:00,    3, 1029.8,  981.2
2024-12-12 19:00:00,    3, 1030.4,  990.8
2024-12-12 20:00:00,    3, 1029.8,  981.2
2024-12-12 21:00:00,    3, 1030.0,  981.3
2024-12-12 22:00:00,    3, 1030.5,  990.9
2024-12-12 23:00:00,    3, 1030.2,  981.5
2024-12-13 00:00:00,    3, 1030.1,  981.4
2024-12-13 01:00:00,    3, 1030.3,  990.7
2024-12-13 02:00:00,    3, 1030.2,  990.6
2024-12-13 03:00:00,3,1030.0,990.4
2024-12-13 04:00:00,3,1029.2,980.6
2024-12-13 05:00:00,    3, 1029.0,  980.4
2024-12-13 06:00:00,    3, 1029.0,  980.3
2024-12-13 07:00:00,    3, 1029.6,  990.0
2024-12-13 08:00:00,3,1029.4,980.7
2024-12-13 09:00:00,3,1029.4,980.7
2024-12-13 10:00:00,3,1029.3,980.7
2024-12-13 11:00:00,3,1028.9,980.3
2024-12-13 12:00:00,    3, 1028.2,  979.7
2024-12-13 13:00:00,    3, 1027.4,  979.0
2024-12-13 14:00:00,    3, 1027.6,  988.1
2024-12-13 15:00:00,    3, 1027.2,  987.8
2024-12-13 16:00:00,    3, 1027.1,  987.6
2024-12-13 17:00:00,3,1026.8,987.3
2024-12-13 18:00:00,3,1026.6,987.0
2024-12-13 19:00:00,    3, 1026.5,  986.8
2024-12-13 20:00:00,3,1025.8,977.0
2024-12-13 21:00:00,    3, 1026.2,  986.5
2024-12-13 22:00:00,3,1026.0,976.9
2024-12-13 23:00:00,3,1025.6,976.6
2024-12-14 00:00:00,3,1025.1,976.1
2024-12-14 01:00:00,    3, 1025.1,  985.1
2024-12-14 02:00:00,    3, 1024.3,  975.4
2024-12-14 03:00:00,3,1024.3,984.3
2024-12-14 04:00:00,3,1023.6,983.7
2024-12-14 05:00:00,    3, 1022.7,  973.9
2024-12-14 06:00:00,3,1022.7,983.0
2024-12-14 07:00:00,    3, 1022.5,  982.8
2024-12-14 08:00:00,    3, 1022.7,  983.0
2024-12-14 09:00:00,    3, 1022.2,  973.6
2024-12-14 10:00:00,    3, 1022.6,  983.2
2024-12-14 11:00:00,    3, 1022.4,  983.1
2024-12-14 12:00:00,    3, 1020.8,  973.3
2024-12-14 13:00:00,    3, 1020.6,  973.1
2024-12-14 14:00:00,3,1021.0,973.2
2024-12-14 15:00:00,    3, 1022.2,  982.9
2024-12-14 16:00:00,    3, 1021.9,  973.9
2024-12-14 17:00:00,    3, 1024.0,  984.5
2024-12-14 18:00:00,3,1024.4,984.9
2024-12-14 19:00:00,3,1024.2,984.9
2024-12-14 20:00:00,3,1024.4,976.2
2024-12-14 21:00:00,    3, 1024.2,  976.0
2024-12-14 22:00:00,3,1024.7,985.4
2024-12-14 23:00:00,3,1024.7,976.5
2024-12-15 00:00:00,3,1025.4,977.2
2024-12-15 01:00:00,    3, 1025.3,  977.1
2024-12-15 02:00:00,    3, 1026.1,  977.9
2024-12-15 03:00:00,3,1026.5,978.2
2024-12-15 04:00:00,    3, 1027.8,  988.4
2024-12-15 05:00:00,    3, 1028.4,  988.9
2024-12-15 06:00:00,3,1028.9,980.3
2024-12-15 07:00:00,3,1030.2,990.6
2024-12-15 08:00:00,3,1030.5,981.9
2024-12-15 09:00:00,3,1031.5,992.0
2024-12-15 10:00:00,    3, 1031.9,  992.5
2024-12-15 11:00:00,3,1032.0,992.8
2024-12-15 12:00:00,3,1032.2,984.0
2024-12-15 13:00:00,    3, 1032.5,  984.3
2024-12-15 14:00:00,    3, 1032.5,  984.3
2024-12-15 15:00:00,3,1033.0,984.8
2024-12-15 16:00:00,    3, 1033.8,  994.5
2024-12-15 17:00:00,    3, 1034.0,  994.6
2024-12-15 18:00:00,    3, 1034.4,  995.0
2024-12-15 19:00:00,    3, 1034.6,  995.2
2024-12-15 20:00:00,    3, 1034.4,  995.1
2024-12-15 21:00:00,    3, 1034.9,  995.6
2024-12-15 22:00:00,    3, 1034.6,  986.4
2024-12-15 23:00:00,    3, 1035.2,  996.0
2024-12-16 00:00:00,3,1035.2,996.0
2024-12-16 01:00:00,3,1035.4,987.2
2024-12-16 02:00:00,3,1035.7,996.5
2024-12-16 03:00:00,    3, 1035.5,  996.3
2024-12-16 04:00:00,    3, 1034.8,  986.7
2024-12-16 05:00:00,    3, 1034.6,  986.6
2024-12-16 06:00:00,    3, 1035.3,  996.3
2024-12-16 07:00:00,3,1034.8,986.8
2024-12-16 08:00:00,    3, 1036.1,  988.2
2024-12-16 09:00:00,    3, 1036.3,  997.4
2024-12-16 10:00:00,    3, 1036.6,  997.8
2024-12-16 11:00:00,    3, 1036.4,  997.7
2024-12-16 12:00:00,3,1035.2,987.9
2024-12-16 13:00:00,    3, 1035.4,  996.8
2024-12-16 14:00:00,    3, 1034.5,  987.2
2024-12-16 15:00:00,    3, 1034.4,  995.8
2024-12-16 16:00:00,    3, 1034.0,  995.3
2024-12-16 17:00:00,    3, 1033.8,  995.0
2024-12-16 18:00:00,    3, 1034.4,  995.3
2024-12-16 19:00:00,3,1034.1,995.0
2024-12-16 20:00:00,    3, 1033.0,  985.2
2024-12-16 21:00:00,3,1034.5,995.2
2024-12-16 22:00:00,    3, 1034.1,  994.9
2024-12-16 23:00:00,3,1034.1,994.9
2024-12-17 00:00:00,3,1033.1,984.8
2024-12-17 01:00:00,    3, 1033.0,  984.7
2024-12-17 02:00:00,    3, 1033.4,  994.2
2024-12-17 03:00:00,    3, 1033.5,  994.3
2024-12-17 04:00:00,    3, 1032.8,  984.6
2024-12-17 05:00:00,    3, 1032.7,  984.5
2024-12-17 06:00:00,    3, 1032.3,  984.2
2024-12-17 07:00:00,    3, 1032.3,  984.2
2024-12-17 08:00:00,    3, 1033.3,  994.1
2024-12-17 09:00:00,    3, 1033.5,  994.3
2024-12-17 10:00:00,    3, 1033.5,  994.3
2024-12-17 11:00:00,3,1031.9,983.9
2024-12-17 12:00:00,3,1031.2,983.3
2024-12-17 13:00:00,3,1031.4,992.3
2024-12-17 14:00:00,    3, 1030.9,  991.8
2024-12-17 15:00:00,    3, 1029.6,  981.8
2024-12-17 16:00:00,    3, 1029.3,  981.5
2024-12-17 17:00:00,3,1028.7,980.9
2024-12-17 18:00:00,3,1028.7,989.7
2024-12-17 19:00:00,    3, 1028.4,  989.3
2024-12-17 20:00:00,    3, 1028.2,  989.1
2024-12-17 21:00:00,3,1027.4,979.2
2024-12-17 22:00:00,3,1027.1,988.0
2024-12-17 23:00:00,3,1026.5,987.4
2024-12-18 00:00:00,    3, 1025.7,  986.5
2024-12-18 01:00:00,    3, 1025.3,  986.2
2024-12-18 02:00:00,    3, 1025.5,  986.3
2024-12-18 03:00:00,    3, 1024.6,  985.4
2024-12-18 04:00:00,    3, 1024.6,  976.0
2024-12-18 05:00:00,    3, 1024.1,  985.0
2024-12-18 06:00:00,3,1024.5,976.0
2024-12-18 07:00:00,    3, 1024.6,  976.2
2024-12-18 08:00:00,3,1024.3,985.2
2024-12-18 09:00:00,3,1023.6,984.7
2024-12-18 10:00:00,3,1022.9,975.4
2024-12-18 11:00:00,    3, 1022.1,  974.9
2024-12-18 12:00:00,3,1020.8,973.9
2024-12-18 13:00:00,    3, 1019.5,  973.2
2024-12-18 14:00:00,3,1019.1,981.5
2024-12-18 15:00:00,    3, 1019.3,  981.5
2024-12-18 16:00:00,    3, 1019.2,  981.2
2024-12-18 17:00:00,    3, 1019.2,  981.4
2024-12-18 18:00:00,3,1019.7,972.4
2024-12-18 19:00:00,    3, 1018.7,  980.9
2024-12-18 20:00:00,    3, 1019.0,  971.7
2024-12-18 21:00:00,3,1017.9,979.8
2024-12-18 22:00:00,3,1017.5,970.2
2024-12-18 23:00:00,3,1016.2,978.2
2024-12-19 00:00:00,    3, 1015.5,  968.3
2024-12-19 01:00:00,    3, 1013.6,  975.6
2024-12-19 02:00:00,3,1013.2,966.1
2024-12-19 03:00:00,3,1010.7,973.1
2024-12-19 04:00:00,3,1009.5,962.9
2024-12-19 05:00:00,3,1007.9,970.4
2024-12-19 06:00:00,    3, 1006.8,  960.9
2024-12-19 07:00:00,    3, 1006.9,  961.0
2024-12-19 08:00:00,    3, 1006.3,  960.3
2024-12-19 09:00:00,3,1005.5,959.6
2024-12-19 10:00:00,    3, 1004.2,  958.4
2024-12-19 11:00:00,3,1003.4,966.3
2024-12-19 12:00:00,    3, 1001.8,  956.3
2024-12-19 13:00:00,3,1001.5,964.5
2024-12-19 14:00:00,    3, 1000.3,  963.4
2024-12-19 15:00:00,    3,  999.3,  962.4
2024-12-19 16:00:00,    3, 1001.4,  955.2
2024-12-19 17:00:00,3,1003.9,957.5
2024-12-19 18:00:00,    3, 1006.0,  959.2
2024-12-19 19:00:00,3,1009.0,970.5
2024-12-19 20:00:00,    3, 1010.2,  963.1
2024-12-19 21:00:00,    3, 1011.7,  973.2
2024-12-19 22:00:00,    3, 1013.0,  974.3
2024-12-19 23:00:00,    3, 1013.6,  966.2
2024-12-20 00:00:00,    3, 1014.8,  976.0
2024-12-20 01:00:00,    3, 1015.7,  968.1
2024-12-20 02:00:00,    3, 1017.2,  978.1
2024-12-20 03:00:00,    3, 1018.0,  978.9
2024-12-20 04:00:00,    3, 1018.6,  970.6
2024-12-20 05:00:00,    3, 1018.9,  970.9
2024-12-20 06:00:00,3,1019.8,980.7
2024-12-20 07:00:00,    3, 1020.9,  981.8
2024-12-20 08:00:00,    3, 1021.8,  973.7
2024-12-20 09:00:00,    3, 1022.7,  983.6
2024-12-20 10:00:00,3,1022.9,974.9
2024-12-20 11:00:00,    3, 1023.2,  984.2
2024-12-20 12:00:00,    3, 1023.2,  984.2
2024-12-20 13:00:00,    3, 1022.9,  975.1
2024-12-20 14:00:00,    3, 1023.5,  975.6
2024-12-20 15:00:00,    3, 1024.2,  976.2
2024-12-20 16:00:00,3,1024.6,976.3
2024-12-20 17:00:00,3,1025.1,976.5
2024-12-20 18:00:00,3,1025.4,986.0
2024-12-20 19:00:00,3,1025.3,976.8
2024-12-20 20:00:00,    3, 1025.5,  977.0
2024-12-20 21:00:00,3,1025.7,977.2
2024-12-20 22:00:00,    3, 1025.5,  977.0
2024-12-20 23:00:00,3,1025.5,977.0
2024-12-21 00:00:00,    3, 1025.3,  976.8
2024-12-21 01:00:00,3,1024.9,985.5
2024-12-21 02:00:00,    3, 1024.6,  976.2
2024-12-21 03:00:00,    3, 1024.1,  984.9
2024-12-21 04:00:00,3,1023.7,975.4
2024-12-21 05:00:00,    3, 1023.4,  975.1
2024-12-21 06:00:00,    3, 1023.5,  975.1
2024-12-21 07:00:00,    3, 1023.6,  975.1
2024-12-21 08:00:00,    3, 1022.9,  974.8
2024-12-21 09:00:00,    3, 1022.8,  983.8
2024-12-21 10:00:00,3,1022.4,983.5
2024-12-21 11:00:00,3,1021.4,973.8
2024-12-21 12:00:00,3,1020.5,973.1
2024-12-21 13:00:00,3,1020.3,981.8
2024-12-21 14:00:00,    3, 1019.8,  981.3
2024-12-21 15:00:00,    3, 1019.4,  980.9
2024-12-21 16:00:00,    3, 1019.1,  980.6
2024-12-21 17:00:00,    3, 1018.7,  980.2
2024-12-21 18:00:00,    3, 1018.1,  979.6
2024-12-21 19:00:00,3,1017.3,969.9
2024-12-21 20:00:00,    3, 1016.6,  969.2
2024-12-21 21:00:00,    3, 1015.2,  967.9
2024-12-21 22:00:00,    3, 1013.7,  966.6
2024-12-21 23:00:00,    3, 1012.8,  974.5
2024-12-22 00:00:00,3,1011.7,964.6
2024-12-22 01:00:00,3,1010.8,963.8
2024-12-22 02:00:00,3,1008.9,970.8
2024-12-22 03:00:00,3,1007.4,960.6
2024-12-22 04:00:00,    3, 1005.6,  958.9
2024-12-22 05:00:00,    3, 1004.8,  966.8
2024-12-22 06:00:00,    3, 1003.8,  965.9
2024-12-22 07:00:00,    3, 1003.0,  965.1
2024-12-22 08:00:00,    3, 1002.5,  956.0
2024-12-22 09:00:00,    3, 1003.1,  956.6
2024-12-22 10:00:00,    3, 1002.8,  956.3
2024-12-22 11:00:00,    3, 1003.3,  956.3
2024-12-22 12:00:00,    3, 1003.4,  956.5
2024-12-22 13:00:00,    3, 1003.5,  965.4
2024-12-22 14:00:00,3,1004.1,965.8
2024-12-22 15:00:00,3,1004.5,957.3
2024-12-22 16:00:00,3,1005.7,958.3
2024-12-22 17:00:00,    3, 1005.9,  967.4
2024-12-22 18:00:00,    3, 1006.3,  967.7
2024-12-22 19:00:00,    3, 1007.4,  968.7
2024-12-22 20:00:00,3,1007.8,969.0
2024-12-22 21:00:00,    3, 1008.1,  969.4
2024-12-22 22:00:00,    3, 1009.1,  961.2
2024-12-22 23:00:00,    3, 1009.6,  961.7
2024-12-23 00:00:00,    3, 1010.1,  971.2
2024-12-23 01:00:00,3,1010.4,971.4
2024-12-23 02:00:00,3,1010.2,962.3
2024-12-23 03:00:00,3,1009.5,961.7
2024-12-23 04:00:00,3,1009.4,961.5
2024-12-23 05:00:00,    3, 1009.3,  961.4
2024-12-23 06:00:00,    3, 1009.5,  961.6
2024-12-23 07:00:00,    3, 1010.5,  962.6
2024-12-23 08:00:00,    3, 1011.7,  963.7
2024-12-23 09:00:00,    3, 1012.7,  964.7
2024-12-23 10:00:00,3,1013.5,965.6
2024-12-23 11:00:00,    3, 1014.3,  975.3
2024-12-23 12:00:00,    3, 1014.7,  975.7
2024-12-23 13:00:00,3,1014.6,966.8
2024-12-23 14:00:00,    3, 1014.9,  967.3
2024-12-23 15:00:00,    3, 1016.4,  977.6
2024-12-23 16:00:00,    3, 1016.6,  969.0
2024-12-23 17:00:00,    3, 1018.2,  979.3
2024-12-23 18:00:00,    3, 1019.0,  971.1
2024-12-23 19:00:00,3,1020.2,981.2
2024-12-23 20:00:00,    3, 1020.9,  981.9
2024-12-23 21:00:00,    3, 1021.2,  973.3
2024-12-23 22:00:00,    3, 1022.6,  983.5
2024-12-23 23:00:00,3,1022.6,974.6
2024-12-24 00:00:00,    3, 1023.3,  984.1
2024-12-24 01:00:00,    3, 1023.9,  984.6
2024-12-24 02:00:00,    3, 1024.7,  985.4
2024-12-24 03:00:00,3,1024.7,976.5
2024-12-24 04:00:00,    3, 1025.6,  986.3
2024-12-24 05:00:00,    3, 1026.1,  977.7
2024-12-24 06:00:00,3,1027.3,987.8
2024-12-24 07:00:00,    3, 1027.4,  978.9
2024-12-24 08:00:00,3,1027.9,979.4
2024-12-24 09:00:00,3,1029.1,989.7
2024-12-24 10:00:00,    3, 1029.6,  990.3
2024-12-24 11:00:00,    3, 1030.0,  990.7
2024-12-24 12:00:00,    3, 1029.8,  990.5
2024-12-24 13:00:00,    3, 1029.1,  980.9
2024-12-24 14:00:00,3,1029.7,981.5
2024-12-24 15:00:00,    3, 1030.2,  981.9
2024-12-24 16:00:00,    3, 1030.7,  982.4
2024-12-24 17:00:00,    3, 1031.6,  983.0
2024-12-24 18:00:00,3,1032.6,993.1
2024-12-24 19:00:00,    3, 1033.1,  993.6
2024-12-24 20:00:00,3,1033.4,993.9
2024-12-24 21:00:00,    3, 1033.8,  994.2
2024-12-24 22:00:00,    3, 1034.2,  994.6
2024-12-24 23:00:00,    3, 1034.3,  985.4
2024-12-25 00:00:00,    3, 1034.7,  985.6
2024-12-25 01:00:00,3,1035.5,995.6
2024-12-25 02:00:00,    3, 1035.7,  995.8
2024-12-25 03:00:00,    3, 1035.7,  995.8
2024-12-25 04:00:00,    3, 1035.7,  995.7
2024-12-25 05:00:00,3,1036.3,996.2
2024-12-25 06:00:00,    3, 1036.3,  987.0
2024-12-25 07:00:00,    3, 1036.9,  987.5
2024-12-25 08:00:00,    3, 1036.9,  987.5
2024-12-25 09:00:00,    3, 1037.1,  987.8
2024-12-25 10:00:00,    3, 1037.5,  988.3
2024-12-25 11:00:00,    3, 1037.2,  988.4
2024-12-25 12:00:00,    3, 1037.0,  997.5
2024-12-25 13:00:00,    3, 1036.8,  997.4
2024-12-25 14:00:00,3,1036.6,997.2
2024-12-25 15:00:00,    3, 1036.9,  997.4
2024-12-25 16:00:00,    3, 1037.5,  997.8
2024-12-25 17:00:00,    3, 1037.6,  997.9
2024-12-25 18:00:00,    3, 1037.7,  997.9
2024-12-25 19:00:00,    3, 1037.2,  988.1
2024-12-25 20:00:00,    3, 1037.8,  997.8
2024-12-25 21:00:00,    3, 1038.2,  998.0
2024-12-25 22:00:00,    3, 1038.1,  997.9
2024-12-25 23:00:00,    3, 1038.2,  998.0
2024-12-26 00:00:00,    3, 1038.0,  997.7
2024-12-26 01:00:00,    3, 1038.0,  997.7
2024-12-26 02:00:00,    3, 1038.2,  997.9
2024-12-26 03:00:00,    3, 1037.6,  988.0
2024-12-26 04:00:00,    3, 1037.5,  987.8
2024-12-26 05:00:00,    3, 1037.5,  987.5
2024-12-26 06:00:00,    3, 1037.1,  987.5
2024-12-26 07:00:00,3,1038.2,997.7
2024-12-26 08:00:00,    3, 1038.2,  997.9
2024-12-26 09:00:00,3,1038.5,998.2
2024-12-26 10:00:00,    3, 1037.3,  988.3
2024-12-26 11:00:00,    3, 1037.6,  997.7
2024-12-26 12:00:00,    3, 1036.9,  997.2
2024-12-26 13:00:00,    3, 1035.0,  986.7
2024-12-26 14:00:00,3,1035.9,996.5
2024-12-26 15:00:00,    3, 1034.7,  986.4
2024-12-26 16:00:00,    3, 1035.0,  986.4
2024-12-26 17:00:00,    3, 1035.2,  986.5
2024-12-26 18:00:00,3,1036.5,996.6
2024-12-26 19:00:00,3,1036.9,996.8
2024-12-26 20:00:00,    3, 1035.9,  986.7
2024-12-26 21:00:00,    3, 1036.1,  986.7
2024-12-26 22:00:00,    3, 1036.0,  986.5
2024-12-26 23:00:00,3,1035.7,986.1
2024-12-27 00:00:00,    3, 1035.3,  985.8
2024-12-27 01:00:00,3,1035.5,985.5
2024-12-27 02:00:00,3,1035.2,985.6
2024-12-27 03:00:00,    3, 1035.6,  995.2
2024-12-27 04:00:00,3,1034.9,985.3
2024-12-27 05:00:00,    3, 1035.3,  994.9
2024-12-27 06:00:00,    3, 1035.7,  995.2
2024-12-27 07:00:00,    3, 1036.2,  995.6
2024-12-27 08:00:00,    3, 1035.9,  986.0
2024-12-27 09:00:00,3,1035.8,986.1
2024-12-27 10:00:00,    3, 1035.8,  995.6
2024-12-27 11:00:00,    3, 1035.3,  995.3
2024-12-27 12:00:00,    3, 1034.6,  994.8
2024-12-27 13:00:00,    3, 1033.9,  994.2
2024-12-27 14:00:00,3,1032.9,984.3
2024-12-27 15:00:00,    3, 1033.1,  984.3
2024-12-27 16:00:00,3,1033.9,994.1
2024-12-27 17:00:00,    3, 1033.8,  984.7
2024-12-27 18:00:00,3,1034.2,984.9
2024-12-27 19:00:00,    3, 1034.6,  994.5
2024-12-27 20:00:00,    3, 1034.4,  984.9
2024-12-27 21:00:00,    3, 1034.4,  984.8
2024-12-27 22:00:00,    3, 1034.4,  994.1
2024-12-27 23:00:00,    3, 1033.9,  984.2
2024-12-28 00:00:00,3,1033.5,983.8
2024-12-28 01:00:00,3,1033.5,983.7
2024-12-28 02:00:00,    3, 1033.5,  983.6
2024-12-28 03:00:00,    3, 1033.5,  993.1
2024-12-28 04:00:00,3,1033.3,992.8
2024-12-28 05:00:00,    3, 1033.2,  992.7
2024-12-28 06:00:00,    3, 1033.1,  992.6
2024-12-28 07:00:00,    3, 1033.1,  983.2
2024-12-28 08:00:00,    3, 1033.6,  993.1
2024-12-28 09:00:00,3,1033.6,993.2
2024-12-28 10:00:00,3,1033.1,993.0
2024-12-28 11:00:00,    3, 1031.8,  982.8
2024-12-28 12:00:00,3,1031.5,991.9
2024-12-28 13:00:00,    3, 1031.0,  991.5
2024-12-28 14:00:00,3,1030.7,991.2
2024-12-28 15:00:00,3,1031.1,991.6
2024-12-28 16:00:00,3,1031.1,991.4
2024-12-28 17:00:00,    3, 1031.2,  991.4
2024-12-28 18:00:00,    3, 1031.1,  981.8
2024-12-28 19:00:00,3,1031.5,991.5
2024-12-28 20:00:00,3,1031.1,981.8
2024-12-28 21:00:00,    3, 1031.5,  991.4
2024-12-28 22:00:00,    3, 1031.7,  991.5
2024-12-28 23:00:00,    3, 1031.1,  981.6
2024-12-29 00:00:00,    3, 1031.6,  991.3
2024-12-29 01:00:00,    3, 1030.8,  981.2
2024-12-29 02:00:00,    3, 1031.1,  981.4
2024-12-29 03:00:00,    3, 1031.2,  981.5
2024-12-29 04:00:00,    3, 1031.4,  990.9
2024-12-29 05:00:00,3,1031.5,990.9
2024-12-29 06:00:00,    3, 1031.0,  981.2
2024-12-29 07:00:00,3,1032.0,991.3
2024-12-29 08:00:00,3,1032.2,991.6
2024-12-29 09:00:00,    3, 1032.8,  992.2
2024-12-29 10:00:00,3,1032.8,992.6
2024-12-29 11:00:00,    3, 1032.4,  992.3
2024-12-29 12:00:00,    3, 1030.5,  981.8
2024-12-29 13:00:00,    3, 1030.8,  981.8
2024-12-29 14:00:00,    3, 1031.0,  981.9
2024-12-29 15:00:00,    3, 1031.8,  982.5
2024-12-29 16:00:00,    3, 1033.0,  992.8
2024-12-29 17:00:00,    3, 1033.2,  993.0
2024-12-29 18:00:00,3,1032.8,983.5
2024-12-29 19:00:00,3,1033.2,983.9
2024-12-29 20:00:00,    3, 1033.2,  983.9
2024-12-29 21:00:00,3,1033.9,993.7
2024-12-29 22:00:00,3,1034.3,994.1
2024-12-29 23:00:00,    3, 1033.6,  984.3
2024-12-30 00:00:00,    3, 1033.5,  984.2
2024-12-30 01:00:00,    3, 1033.9,  993.7
2024-12-30 02:00:00,    3, 1034.1,  993.9
2024-12-30 03:00:00,    3, 1034.4,  994.1
2024-12-30 04:00:00,    3, 1033.9,  993.7
2024-12-30 05:00:00,3,1033.2,983.9
2024-12-30 06:00:00,    3, 1033.4,  984.1
2024-12-30 07:00:00,    3, 1034.3,  994.1
2024-12-30 08:00:00,    3, 1034.7,  994.5
2024-12-30 09:00:00,    3, 1034.7,  994.5
2024-12-30 10:00:00,    3, 1034.5,  985.1
2024-12-30 11:00:00,    3, 1034.5,  994.3
2024-12-30 12:00:00,    3, 1033.7,  993.5
2024-12-30 13:00:00,    3, 1032.7,  983.4
2024-12-30 14:00:00,    3, 1032.3,  983.0
2024-12-30 15:00:00,    3, 1032.3,  983.0
2024-12-30 16:00:00,    3, 1032.3,  983.0
2024-12-30 17:00:00,    3, 1032.3,  983.0
2024-12-30 18:00:00,    3, 1032.4,  983.0
2024-12-30 19:00:00,    3, 1033.1,  992.9
2024-12-30 20:00:00,3,1033.1,992.9
2024-12-30 21:00:00,    3, 1033.4,  993.2
2024-12-30 22:00:00,    3, 1033.0,  983.5
2024-12-30 23:00:00,    3, 1033.4,  993.1
2024-12-31 00:00:00,    3, 1032.6,  983.0
2024-12-31 01:00:00,    3, 1032.9,  992.5
2024-12-31 02:00:00,    3, 1033.0,  992.6
2024-12-31 03:00:00,    3, 1032.8,  992.4
2024-12-31 04:00:00,    3, 1032.1,  982.4
2024-12-31 05:00:00,    3, 1032.4,  982.6
2024-12-31 06:00:00,3,1032.2,982.4
2024-12-31 07:00:00,3,1032.3,982.4
2024-12-31 08:00:00,3,1032.8,992.2
2024-12-31 09:00:00,3,1032.9,992.3
2024-12-31 10:00:00,3,1032.1,982.5
2024-12-31 11:00:00,    3, 1031.1,  981.8
2024-12-31 12:00:00,3,1031.1,991.1
2024-12-31 13:00:00,    3, 1028.9,  980.4
2024-12-31 14:00:00,3,1029.4,989.8
2024-12-31 15:00:00,    3, 1028.6,  980.0
2024-12-31 16:00:00,3,1029.9,989.8
2024-12-31 17:00:00,3,1030.3,990.1
2024-12-31 18:00:00,    3, 1030.9,  990.5
2024-12-31 19:00:00,    3, 1031.2,  990.7
2024-12-31 20:00:00,    3, 1031.1,  990.7
2024-12-31 21:00:00,    3, 1031.0,  990.6
2024-12-31 22:00:00,3,1030.2,980.4
2024-12-31 23:00:00,    3, 1030.5,  980.8
2025-01-01 00:00:00,3,1030.6,990.3
2025-01-01 01:00:00,    3, 1030.0,  989.7
2025-01-01 02:00:00,    3, 1029.7,  989.3
2025-01-01 03:00:00,    3, 1029.3,  988.9
2025-01-01 04:00:00,    3, 1028.7,  988.3
2025-01-01 05:00:00,3,1027.8,987.4
2025-01-01 06:00:00,3,1027.3,986.9
2025-01-01 07:00:00,    3, 1027.5,  977.6
2025-01-01 08:00:00,3,1026.7,986.5
2025-01-01 09:00:00,    3, 1026.2,  986.2
2025-01-01 10:00:00,    3, 1025.8,  986.0
2025-01-01 11:00:00,3,1024.8,976.0
2025-01-01 12:00:00,3,1023.0,984.1
2025-01-01 13:00:00,3,1020.8,974.0
2025-01-01 14:00:00,    3, 1019.8,  973.1
2025-01-01 15:00:00,    3, 1019.6,  981.7
2025-01-01 16:00:00,    3, 1019.2,  972.4
2025-01-01 17:00:00,    3, 1019.0,  981.0
2025-01-01 18:00:00,    3, 1018.6,  980.6
2025-01-01 19:00:00,    3, 1018.7,  980.5
2025-01-01 20:00:00,    3, 1017.6,  970.8
2025-01-01 21:00:00,    3, 1017.6,  979.5
2025-01-01 22:00:00,3,1016.8,970.0
2025-01-01 23:00:00,    3, 1016.4,  969.6
2025-01-02 00:00:00,    3, 1015.4,  977.5
2025-01-02 01:00:00,    3, 1014.8,  976.9
2025-01-02 02:00:00,    3, 1014.0,  967.4
2025-01-02 03:00:00,    3, 1013.5,  967.0
2025-01-02 04:00:00,    3, 1012.9,  966.4
2025-01-02 05:00:00,3,1013.0,966.4
2025-01-02 06:00:00,    3, 1012.3,  965.7
2025-01-02 07:00:00,3,1012.6,974.6
2025-01-02 08:00:00,    3, 1012.4,  974.5
2025-01-02 09:00:00,3,1013.2,975.1
2025-01-02 10:00:00,3,1013.2,975.1
2025-01-02 11:00:00,3,1013.1,974.8
2025-01-02 12:00:00,    3, 1012.4,  965.3
2025-01-02 13:00:00,    3, 1012.2,  965.0
2025-01-02 14:00:00,3,1013.3,974.6
2025-01-02 15:00:00,    3, 1013.2,  965.6
2025-01-02 16:00:00,3,1014.7,975.5
2025-01-02 17:00:00,    3, 1015.7,  976.4
2025-01-02 18:00:00,    3, 1016.4,  977.1
2025-01-02 19:00:00,    3, 1017.3,  978.0
2025-01-02 20:00:00,    3, 1017.9,  978.6
2025-01-02 21:00:00,    3, 1018.7,  979.3
2025-01-02 22:00:00,    3, 1018.9,  970.6
2025-01-02 23:00:00,3,1020.3,980.9
2025-01-03 00:00:00,3,1020.3,972.0
2025-01-03 01:00:00,3,1020.3,972.0
2025-01-03 02:00:00,3,1020.5,972.2
2025-01-03 03:00:00,    3, 1020.8,  972.5
2025-01-03 04:00:00,    3, 1021.1,  981.7
2025-01-03 05:00:00,    3, 1021.3,  981.8
2025-01-03 06:00:00,    3, 1021.3,  981.8
2025-01-03 07:00:00,    3, 1021.8,  982.2
2025-01-03 08:00:00,3,1021.7,973.1
2025-01-03 09:00:00,    3, 1022.3,  982.8
2025-01-03 10:00:00,    3, 1022.2,  973.8
2025-01-03 11:00:00,    3, 1022.0,  973.6
2025-01-03 12:00:00,    3, 1021.7,  973.3
2025-01-03 13:00:00,    3, 1021.1,  972.9
2025-01-03 14:00:00,    3, 1021.6,  982.2
2025-01-03 15:00:00,    3, 1022.3,  982.8
2025-01-03 16:00:00,    3, 1022.5,  973.8
2025-01-03 17:00:00,    3, 1023.6,  983.9
2025-01-03 18:00:00,    3, 1024.1,  984.3
2025-01-03 19:00:00,    3, 1024.6,  975.4
2025-01-03 20:00:00,    3, 1025.0,  975.6
2025-01-03 21:00:00,3,1025.2,985.2
2025-01-03 22:00:00,    3, 1025.2,  985.2
2025-01-03 23:00:00,3,1025.4,976.1
2025-01-04 00:00:00,3,1025.6,985.5
2025-01-04 01:00:00,    3, 1025.3,  975.9
2025-01-04 02:00:00,    3, 1025.3,  975.9
2025-01-04 03:00:00,    3, 1025.6,  976.0
2025-01-04 04:00:00,3,1025.7,985.4
2025-01-04 05:00:00,    3, 1025.4,  975.5
2025-01-04 06:00:00,    3, 1025.0,  984.7
2025-01-04 07:00:00,    3, 1024.7,  984.4
2025-01-04 08:00:00,3,1024.1,974.5
2025-01-04 09:00:00,    3, 1024.0,  983.9
2025-01-04 10:00:00,    3, 1023.7,  983.8
2025-01-04 11:00:00,    3, 1022.6,  982.9
2025-01-04 12:00:00,3,1021.4,981.8
2025-01-04 13:00:00,3,1020.1,971.6
2025-01-04 14:00:00,    3, 1019.8,  980.4
2025-01-04 15:00:00,3,1019.4,979.9
2025-01-04 16:00:00,    3, 1018.8,  979.3
2025-01-04 17:00:00,    3, 1018.6,  979.1
2025-01-04 18:00:00,    3, 1017.9,  978.4
2025-01-04 19:00:00,    3, 1016.9,  968.4
2025-01-04 20:00:00,    3, 1016.1,  967.7
2025-01-04 21:00:00,    3, 1015.9,  976.4
2025-01-04 22:00:00,    3, 1015.5,  976.1
2025-01-04 23:00:00,    3, 1014.6,  975.2
2025-01-05 00:00:00,    3, 1013.3,  964.9
2025-01-05 01:00:00,3,1012.5,973.1
2025-01-05 02:00:00,3,1010.7,971.4
2025-01-05 03:00:00,3,1009.3,970.1
2025-01-05 04:00:00,    3, 1008.1,  969.0
2025-01-05 05:00:00,    3, 1006.4,  958.6
2025-01-05 06:00:00,    3, 1005.8,  958.2
2025-01-05 07:00:00,    3, 1005.3,  957.7
2025-01-05 08:00:00,    3, 1004.6,  966.2
2025-01-05 09:00:00,    3, 1004.2,  966.0
2025-01-05 10:00:00,    3, 1004.1,  966.2
2025-01-05 11:00:00,    3, 1003.3,  965.9
2025-01-05 12:00:00,    3, 1002.7,  965.4
2025-01-05 13:00:00,    3, 1001.6,  956.0
2025-01-05 14:00:00,    3, 1001.3,  955.7
2025-01-05 15:00:00,    3, 1001.2,  964.2
2025-01-05 16:00:00,    3, 1001.1,  964.0
2025-01-05 17:00:00,    3, 1000.4,  963.4
2025-01-05 18:00:00,    3, 1000.6,  963.4
2025-01-05 19:00:00,3,1000.1,954.4
2025-01-05 20:00:00,3,999.8,962.7
2025-01-05 21:00:00,    3,  999.3,  953.6
2025-01-05 22:00:00,3,999.6,962.3
2025-01-05 23:00:00,3,999.7,962.2
2025-01-06 00:00:00,    3,  999.3,  961.7
2025-01-06 01:00:00,    3,  999.3,  952.6
2025-01-06 02:00:00,3,999.5,952.5
2025-01-06 03:00:00,3,998.2,960.7
2025-01-06 04:00:00,    3,  998.5,  960.7
2025-01-06 05:00:00,    3,  998.1,  951.3
2025-01-06 06:00:00,    3,  997.8,  960.1
2025-01-06 07:00:00,    3,  997.1,  951.1
2025-01-06 08:00:00,3,997.6,959.8
2025-01-06 09:00:00,3,997.4,959.7
2025-01-06 10:00:00,    3,  997.0,  959.4
2025-01-06 11:00:00,    3,  995.7,  950.1
2025-01-06 12:00:00,3,994.2,949.2
2025-01-06 13:00:00,    3,  994.0,  957.5
2025-01-06 14:00:00,3,994.0,957.5
2025-01-06 15:00:00,    3,  994.1,  957.5
2025-01-06 16:00:00,    3,  995.4,  958.7
2025-01-06 17:00:00,    3,  996.5,  951.2
2025-01-06 18:00:00,    3,  998.8,  961.5
2025-01-06 19:00:00,    3,  999.8,  962.4
2025-01-06 20:00:00,    3, 1000.4,  962.9
2025-01-06 21:00:00,    3, 1001.8,  964.0
2025-01-06 22:00:00,3,1002.6,964.8
2025-01-06 23:00:00,    3, 1002.8,  956.3
2025-01-07 00:00:00,    3, 1003.8,  965.8
2025-01-07 01:00:00,    3, 1004.0,  966.0
2025-01-07 02:00:00,3,1004.0,957.4
2025-01-07 03:00:00,    3, 1003.8,  957.1
2025-01-07 04:00:00,3,1004.0,957.3
2025-01-07 05:00:00,    3, 1004.0,  957.2
2025-01-07 06:00:00,    3, 1004.1,  957.3
2025-01-07 07:00:00,    3, 1004.5,  957.5
2025-01-07 08:00:00,    3, 1005.8,  967.6
2025-01-07 09:00:00,3,1005.9,967.6
2025-01-07 10:00:00,3,1006.0,967.8
2025-01-07 11:00:00,3,1005.8,967.7
2025-01-07 12:00:00,    3, 1006.2,  968.0
2025-01-07 13:00:00,    3, 1006.2,  968.2
2025-01-07 14:00:00,    3, 1006.6,  968.6
2025-01-07 15:00:00,    3, 1007.0,  968.9
2025-01-07 16:00:00,    3, 1007.2,  960.1
2025-01-07 17:00:00,    3, 1007.6,  960.4
2025-01-07 18:00:00,    3, 1008.0,  960.7
2025-01-07 19:00:00,    3, 1008.5,  961.1
2025-01-07 20:00:00,    3, 1008.8,  961.3
2025-01-07 21:00:00,3,1008.2,960.8
2025-01-07 22:00:00,    3, 1008.1,  969.5
2025-01-07 23:00:00,    3, 1007.4,  960.1
2025-01-08 00:00:00,3,1006.8,959.6
2025-01-08 01:00:00,3,1006.5,959.2
2025-01-08 02:00:00,    3, 1006.3,  959.0
2025-01-08 03:00:00,    3, 1006.3,  958.9
2025-01-08 04:00:00,3,1006.3,959.0
2025-01-08 05:00:00,    3, 1007.1,  959.7
2025-01-08 06:00:00,    3, 1008.0,  969.3
2025-01-08 07:00:00,    3, 1008.4,  969.7
2025-01-08 08:00:00,    3, 1008.9,  961.3
2025-01-08 09:00:00,    3, 1009.0,  970.3
2025-01-08 10:00:00,3,1009.0,970.4
2025-01-08 11:00:00,3,1008.4,960.9
2025-01-08 12:00:00,    3, 1008.2,  969.5
2025-01-08 13:00:00,3,1007.1,959.5
2025-01-08 14:00:00,    3, 1006.4,  958.7
2025-01-08 15:00:00,3,1006.8,968.0
2025-01-08 16:00:00,    3, 1005.4,  957.9
2025-01-08 17:00:00,    3, 1004.8,  966.2
2025-01-08 18:00:00,    3, 1003.4,  956.1
2025-01-08 19:00:00,    3, 1003.8,  965.2
2025-01-08 20:00:00,    3, 1003.0,  955.7
2025-01-08 21:00:00,    3, 1002.7,  955.4
2025-01-08 22:00:00,    3, 1002.1,  954.9
2025-01-08 23:00:00,    3, 1002.0,  954.9
2025-01-09 00:00:00,    3, 1001.3,  955.3
2025-01-09 01:00:00,    3, 1002.0,  964.3
2025-01-09 02:00:00,3,1001.9,964.4
2025-01-09 03:00:00,3,1001.5,955.5
2025-01-09 04:00:00,    3, 1001.9,  964.2
2025-01-09 05:00:00,    3, 1001.2,  963.6
2025-01-09 06:00:00,    3, 1000.9,  963.2
2025-01-09 07:00:00,    3, 1000.4,  962.7
2025-01-09 08:00:00,3,1000.0,962.4
2025-01-09 09:00:00,    3,  998.8,  953.2
2025-01-09 10:00:00,    3,  998.3,  952.8
2025-01-09 11:00:00,    3,  997.7,  960.8
2025-01-09 12:00:00,3,996.7,951.4
2025-01-09 13:00:00,3,996.0,950.7
2025-01-09 14:00:00,3,996.1,959.3
2025-01-09 15:00:00,    3,  996.3,  950.8
2025-01-09 16:00:00,    3, 1001.5,  963.2
2025-01-09 17:00:00,    3, 1006.1,  967.4
2025-01-09 18:00:00,    3, 1009.2,  961.6
2025-01-09 19:00:00,    3, 1011.3,  963.6
2025-01-09 20:00:00,    3, 1013.4,  974.5
2025-01-09 21:00:00,    3, 1015.7,  967.7
2025-01-09 22:00:00,    3, 1017.3,  978.1
2025-01-09 23:00:00,    3, 1018.3,  970.2
2025-01-10 00:00:00,3,1019.3,971.1
2025-01-10 01:00:00,3,1019.3,971.1
2025-01-10 02:00:00,    3, 1019.6,  980.4
2025-01-10 03:00:00,    3, 1019.0,  970.8
2025-01-10 04:00:00,3,1018.8,970.6
2025-01-10 05:00:00,    3, 1019.0,  970.7
2025-01-10 06:00:00,    3, 1020.0,  971.5
2025-01-10 07:00:00,3,1020.2,971.8
2025-01-10 08:00:00,3,1020.8,972.4
2025-01-10 09:00:00,3,1020.9,972.6
2025-01-10 10:00:00,3,1020.6,972.5
2025-01-10 11:00:00,    3, 1020.4,  972.4
2025-01-10 12:00:00,    3, 1020.3,  981.3
2025-01-10 13:00:00,    3, 1019.5,  971.6
2025-01-10 14:00:00,    3, 1019.5,  971.6
2025-01-10 15:00:00,3,1020.2,981.1
2025-01-10 16:00:00,3,1019.9,971.7
2025-01-10 17:00:00,3,1020.5,981.2
2025-01-10 18:00:00,    3, 1020.9,  981.5
2025-01-10 19:00:00,3,1021.3,981.8
2025-01-10 20:00:00,3,1021.0,972.3
2025-01-10 21:00:00,    3, 1021.6,  982.0
2025-01-10 22:00:00,3,1021.8,982.1
2025-01-10 23:00:00,3,1021.9,982.2
2025-01-11 00:00:00,    3, 1021.8,  972.8
2025-01-11 01:00:00,    3, 1021.9,  973.1
2025-01-11 02:00:00,    3, 1022.1,  973.4
2025-01-11 03:00:00,3,1022.4,973.6
2025-01-11 04:00:00,3,1023.2,974.0
2025-01-11 05:00:00,    3, 1024.1,  984.2
2025-01-11 06:00:00,3,1024.5,984.6
2025-01-11 07:00:00,    3, 1024.3,  975.3
2025-01-11 08:00:00,    3, 1025.5,  985.7
2025-01-11 09:00:00,    3, 1025.2,  976.4
2025-01-11 10:00:00,3,1025.5,976.8
2025-01-11 11:00:00,3,1026.5,986.7
2025-01-11 12:00:00,    3, 1025.9,  977.2
2025-01-11 13:00:00,    3, 1025.9,  977.1
2025-01-11 14:00:00,    3, 1026.6,  977.8
2025-01-11 15:00:00,    3, 1027.3,  978.5
2025-01-11 16:00:00,    3, 1027.8,  979.0
2025-01-11 17:00:00,    3, 1028.9,  979.9
2025-01-11 18:00:00,    3, 1030.3,  990.3
2025-01-11 19:00:00,    3, 1030.8,  990.7
2025-01-11 20:00:00,3,1030.9,981.5
2025-01-11 21:00:00,    3, 1031.6,  991.4
2025-01-11 22:00:00,3,1032.0,991.8
2025-01-11 23:00:00,    3, 1032.1,  992.0
2025-01-12 00:00:00,    3, 1032.6,  992.5
2025-01-12 01:00:00,    3, 1032.3,  983.0
2025-01-12 02:00:00,    3, 1033.1,  993.0
2025-01-12 03:00:00,    3, 1033.2,  983.9
2025-01-12 04:00:00,3,1034.0,993.9
2025-01-12 05:00:00,3,1033.9,984.7
2025-01-12 06:00:00,    3, 1034.5,  985.3
2025-01-12 07:00:00,3,1035.5,986.3
2025-01-12 08:00:00,3,1036.6,987.3
2025-01-12 09:00:00,3,1038.0,997.7
2025-01-12 10:00:00,3,1038.5,998.3
2025-01-12 11:00:00,3,1038.1,998.0
2025-01-12 12:00:00,    3, 1037.3,  988.2
2025-01-12 13:00:00,    3, 1036.8,  987.8
2025-01-12 14:00:00,    3, 1037.3,  988.2
2025-01-12 15:00:00,3,1037.6,988.4
2025-01-12 16:00:00,    3, 1037.8,  988.5
2025-01-12 17:00:00,    3, 1038.5,  989.2
2025-01-12 18:00:00,    3, 1038.8,  989.5
2025-01-12 19:00:00,    3, 1040.1,  999.8
2025-01-12 20:00:00,    3, 1040.4,  990.9
2025-01-12 21:00:00,    3, 1041.9, 1001.4
2025-01-12 22:00:00,3,1041.7,1001.2
2025-01-12 23:00:00,3,1041.8,1001.2
2025-01-13 00:00:00,    3, 1041.9, 1001.2
2025-01-13 01:00:00,    3, 1041.1,  991.1
2025-01-13 02:00:00,3,1041.7,991.5
2025-01-13 03:00:00,3,1042.2,1001.2
2025-01-13 04:00:00,3,1041.5,991.2
2025-01-13 05:00:00,    3, 1042.5,  991.9
2025-01-13 06:00:00,    3, 1041.9,  991.4
2025-01-13 07:00:00,    3, 1041.9,  991.3
2025-01-13 08:00:00,3,1042.1,991.6
2025-01-13 09:00:00,3,1042.4,992.2
2025-01-13 10:00:00,3,1043.4,1002.5
2025-01-13 11:00:00,3,1043.2,1002.5
2025-01-13 12:00:00,    3, 1042.3,  992.4
2025-01-13 13:00:00,    3, 1042.0, 1001.4
2025-01-13 14:00:00,    3, 1042.0, 1001.5
2025-01-13 15:00:00,    3, 1040.8,  991.1
2025-01-13 16:00:00,    3, 1041.4,  991.3
2025-01-13 17:00:00,    3, 1041.1,  991.2
2025-01-13 18:00:00,    3, 1041.4, 1000.6
2025-01-13 19:00:00,3,1040.8,1000.2
2025-01-13 20:00:00,3,1039.8,989.8
2025-01-13 21:00:00,    3, 1039.7,  989.4
2025-01-13 22:00:00,    3, 1040.5,  999.7
2025-01-13 23:00:00,    3, 1040.7,  999.9
2025-01-14 00:00:00,3,1040.2,999.4
2025-01-14 01:00:00,    3, 1038.8,  988.8
2025-01-14 02:00:00,    3, 1038.6,  988.4
2025-01-14 03:00:00,3,1038.3,988.3
2025-01-14 04:00:00,3,1038.2,988.0
2025-01-14 05:00:00,3,1038.0,987.9
2025-01-14 06:00:00,    3, 1037.8,  987.6
2025-01-14 07:00:00,    3, 1038.5,  997.5
2025-01-14 08:00:00,    3, 1038.0,  997.2
2025-01-14 09:00:00,3,1038.2,997.5
2025-01-14 10:00:00,    3, 1037.7,  997.2
2025-01-14 11:00:00,3,1036.3,986.9
2025-01-14 12:00:00,3,1035.6,986.4
2025-01-14 13:00:00,3,1034.3,985.4
2025-01-14 14:00:00,    3, 1034.6,  994.8
2025-01-14 15:00:00,3,1033.7,985.0
2025-01-14 16:00:00,    3, 1034.2,  985.3
2025-01-14 17:00:00,    3, 1034.8,  985.6
2025-01-14 18:00:00,    3, 1034.9,  985.5
2025-01-14 19:00:00,3,1035.1,985.3
2025-01-14 20:00:00,    3, 1035.5,  995.1
2025-01-14 21:00:00,    3, 1035.2,  985.5
2025-01-14 22:00:00,3,1034.7,994.3
2025-01-14 23:00:00,    3, 1034.5,  994.2
2025-01-15 00:00:00,    3, 1034.2,  993.9
2025-01-15 01:00:00,3,1032.8,983.6
2025-01-15 02:00:00,3,1033.3,993.1
2025-01-15 03:00:00,3,1033.0,992.9
2025-01-15 04:00:00,    3, 1033.1,  993.0
2025-01-15 05:00:00,3,1032.7,983.5
2025-01-15 06:00:00,3,1033.6,993.4
2025-01-15 07:00:00,3,1033.0,983.8
2025-01-15 08:00:00,3,1033.1,993.0
2025-01-15 09:00:00,    3, 1033.6,  984.5
2025-01-15 10:00:00,    3, 1034.6,  994.6
2025-01-15 11:00:00,    3, 1033.7,  984.7
2025-01-15 12:00:00,3,1034.0,994.1
2025-01-15 13:00:00,    3, 1033.6,  993.8
2025-01-15 14:00:00,    3, 1032.8,  984.0
2025-01-15 15:00:00,    3, 1033.5,  993.7
2025-01-15 16:00:00,    3, 1034.1,  994.2
2025-01-15 17:00:00,3,1034.7,994.7
2025-01-15 18:00:00,    3, 1034.8,  994.8
2025-01-15 19:00:00,    3, 1035.1,  995.1
2025-01-15 20:00:00,    3, 1035.4,  995.4
2025-01-15 21:00:00,    3, 1035.7,  995.7
2025-01-15 22:00:00,    3, 1035.8,  995.8
2025-01-15 23:00:00,    3, 1035.1,  986.1
2025-01-16 00:00:00,    3, 1034.7,  985.7
2025-01-16 01:00:00,    3, 1034.8,  985.8
2025-01-16 02:00:00,    3, 1035.8,  995.8
2025-01-16 03:00:00,    3, 1035.9,  995.8
2025-01-16 04:00:00,3,1035.7,995.6
2025-01-16 05:00:00,    3, 1036.0,  995.9
2025-01-16 06:00:00,    3, 1035.9,  995.9
2025-01-16 07:00:00,    3, 1036.4,  996.4
2025-01-16 08:00:00,    3, 1036.1,  987.0
2025-01-16 09:00:00,3,1036.3,987.5
2025-01-16 10:00:00,3,1036.7,988.0
2025-01-16 11:00:00,    3, 1036.6,  987.9
2025-01-16 12:00:00,    3, 1037.1,  997.3
2025-01-16 13:00:00,3,1035.8,987.2
2025-01-16 14:00:00,    3, 1036.3,  987.6
2025-01-16 15:00:00,    3, 1036.9,  997.2
2025-01-16 16:00:00,    3, 1036.3,  987.4
2025-01-16 17:00:00,3,1037.1,997.3
2025-01-16 18:00:00,    3, 1037.7,  997.9
2025-01-16 19:00:00,    3, 1037.9,  997.9
2025-01-16 20:00:00,    3, 1037.8,  997.8
2025-01-16 21:00:00,    3, 1037.7,  997.6
2025-01-16 22:00:00,    3, 1038.0,  997.8
2025-01-16 23:00:00,    3, 1037.7,  988.1
2025-01-17 00:00:00,3,1037.9,987.8
2025-01-17 01:00:00,3,1037.8,997.5
2025-01-17 02:00:00,3,1037.7,997.3
2025-01-17 03:00:00,3,1037.1,987.6
2025-01-17 04:00:00,    3, 1037.0,  987.6
2025-01-17 05:00:00,    3, 1037.7,  997.4
2025-01-17 06:00:00,    3, 1037.9,  997.7
2025-01-17 07:00:00,3,1038.4,998.2
2025-01-17 08:00:00,    3, 1037.9,  988.6
2025-01-17 09:00:00,    3, 1038.1,  988.9
2025-01-17 10:00:00,    3, 1038.5,  989.3
2025-01-17 11:00:00,    3, 1038.6,  998.5
2025-01-17 12:00:00,3,1037.8,997.8
2025-01-17 13:00:00,    3, 1036.3,  987.3
2025-01-17 14:00:00,3,1036.8,996.9
2025-01-17 15:00:00,    3, 1036.0,  987.0
2025-01-17 16:00:00,3,1036.3,996.4
2025-01-17 17:00:00,    3, 1036.7,  996.8
2025-01-17 18:00:00,    3, 1036.1,  987.0
2025-01-17 19:00:00,    3, 1036.4,  996.4
2025-01-17 20:00:00,    3, 1036.1,  996.2
2025-01-17 21:00:00,    3, 1035.7,  995.8
2025-01-17 22:00:00,3,1035.6,995.7
2025-01-17 23:00:00,    3, 1034.6,  985.6
2025-01-18 00:00:00,    3, 1034.5,  994.6
2025-01-18 01:00:00,3,1033.6,984.6
2025-01-18 02:00:00,    3, 1033.1,  984.1
2025-01-18 03:00:00,    3, 1032.8,  983.8
2025-01-18 04:00:00,    3, 1032.3,  983.4
2025-01-18 05:00:00,    3, 1032.9,  993.0
2025-01-18 06:00:00,    3, 1032.0,  983.1
2025-01-18 07:00:00,    3, 1032.6,  992.7
2025-01-18 08:00:00,    3, 1032.6,  992.7
2025-01-18 09:00:00,    3, 1032.5,  992.6
2025-01-18 10:00:00,    3, 1032.7,  992.9
2025-01-18 11:00:00,    3, 1032.0,  983.0
2025-01-18 12:00:00,    3, 1031.2,  982.4
2025-01-18 13:00:00,    3, 1030.9,  982.1
2025-01-18 14:00:00,    3, 1030.2,  990.6
2025-01-18 15:00:00,    3, 1029.8,  990.2
2025-01-18 16:00:00,3,1030.1,990.3
2025-01-18 17:00:00,    3, 1029.6,  980.6
2025-01-18 18:00:00,3,1029.6,980.5
2025-01-18 19:00:00,    3, 1029.7,  989.7
2025-01-18 20:00:00,3,1029.6,989.5
2025-01-18 21:00:00,3,1028.9,979.5
2025-01-18 22:00:00,    3, 1028.5,  979.1
2025-01-18 23:00:00,    3, 1028.2,  988.0
2025-01-19 00:00:00,    3, 1027.5,  978.0
2025-01-19 01:00:00,    3, 1026.9,  977.4
2025-01-19 02:00:00,    3, 1026.5,  976.9
2025-01-19 03:00:00,3,1025.8,985.6
2025-01-19 04:00:00,    3, 1025.6,  985.3
2025-01-19 05:00:00,    3, 1025.2,  984.9
2025-01-19 06:00:00,3,1025.1,984.7
2025-01-19 07:00:00,    3, 1024.3,  974.7
2025-01-19 08:00:00,    3, 1024.7,  984.4
2025-01-19 09:00:00,    3, 1024.2,  984.1
2025-01-19 10:00:00,    3, 1023.7,  983.9
2025-01-19 11:00:00,3,1022.9,983.3
2025-01-19 12:00:00,    3, 1021.4,  973.1
2025-01-19 13:00:00,    3, 1020.5,  972.4
2025-01-19 14:00:00,3,1019.9,972.0
2025-01-19 15:00:00,3,1020.7,981.7
2025-01-19 16:00:00,    3, 1020.8,  981.6
2025-01-19 17:00:00,    3, 1020.3,  972.2
2025-01-19 18:00:00,3,1020.8,972.4
2025-01-19 19:00:00,3,1021.5,981.8
2025-01-19 20:00:00,    3, 1022.1,  982.2
2025-01-19 21:00:00,    3, 1020.9,  972.3
2025-01-19 22:00:00,    3, 1021.2,  972.4
2025-01-19 23:00:00,    3, 1022.0,  981.9
2025-01-20 00:00:00,    3, 1021.8,  981.7
2025-01-20 01:00:00,    3, 1021.0,  971.9
2025-01-20 02:00:00,    3, 1021.1,  972.0
2025-01-20 03:00:00,3,1021.6,981.4
2025-01-20 04:00:00,    3, 1021.2,  971.8
2025-01-20 05:00:00,    3, 1021.0,  971.5
2025-01-20 06:00:00,    3, 1021.7,  981.5
2025-01-20 07:00:00,    3, 1021.8,  981.6
2025-01-20 08:00:00,    3, 1021.2,  972.0
2025-01-20 09:00:00,    3, 1022.6,  982.5
2025-01-20 10:00:00,3,1021.7,972.8
2025-01-20 11:00:00,    3, 1021.6,  972.9
2025-01-20 12:00:00,    3, 1022.1,  982.1
2025-01-20 13:00:00,    3, 1020.1,  972.0
2025-01-20 14:00:00,    3, 1019.6,  971.6
2025-01-20 15:00:00,    3, 1019.9,  971.7
2025-01-20 16:00:00,3,1021.3,981.5
2025-01-20 17:00:00,    3, 1020.2,  971.8
2025-01-20 18:00:00,    3, 1021.2,  981.4
2025-01-20 19:00:00,    3, 1021.4,  981.5
2025-01-20 20:00:00,    3, 1021.1,  981.2
2025-01-20 21:00:00,    3, 1020.1,  971.3
2025-01-20 22:00:00,    3, 1020.3,  971.4
2025-01-20 23:00:00,    3, 1020.3,  971.3
2025-01-21 00:00:00,3,1020.8,980.7
2025-01-21 01:00:00,3,1020.8,980.7
2025-01-21 02:00:00,3,1020.8,980.6
2025-01-21 03:00:00,3,1020.9,980.8
2025-01-21 04:00:00,    3, 1020.4,  971.1
2025-01-21 05:00:00,3,1020.5,971.2
2025-01-21 06:00:00,    3, 1021.0,  980.8
2025-01-21 07:00:00,    3, 1020.4,  971.1
2025-01-21 08:00:00,    3, 1020.3,  970.9
2025-01-21 09:00:00,    3, 1020.3,  971.1
2025-01-21 10:00:00,    3, 1020.0,  971.1
2025-01-21 11:00:00,    3, 1020.7,  980.8
2025-01-21 12:00:00,    3, 1018.6,  970.4
2025-01-21 13:00:00,    3, 1019.3,  979.6
2025-01-21 14:00:00,3,1019.0,979.3
2025-01-21 15:00:00,    3, 1016.5,  968.9
2025-01-21 16:00:00,    3, 1017.0,  969.1
2025-01-21 17:00:00,    3, 1018.7,  978.9
2025-01-21 18:00:00,    3, 1017.3,  969.0
2025-01-21 19:00:00,3,1017.4,968.9
2025-01-21 20:00:00,    3, 1018.2,  978.3
2025-01-21 21:00:00,    3, 1017.8,  977.9
2025-01-21 22:00:00,    3, 1017.0,  968.2
2025-01-21 23:00:00,3,1016.5,967.7
2025-01-22 00:00:00,    3, 1016.0,  967.2
2025-01-22 01:00:00,    3, 1016.0,  976.1
2025-01-22 02:00:00,3,1015.7,975.8
2025-01-22 03:00:00,    3, 1014.9,  975.1
2025-01-22 04:00:00,    3, 1014.8,  974.9
2025-01-22 05:00:00,3,1014.3,974.5
2025-01-22 06:00:00,    3, 1013.6,  973.9
2025-01-22 07:00:00,    3, 1013.4,  964.5
2025-01-22 08:00:00,    3, 1012.7,  973.2
2025-01-22 09:00:00,    3, 1012.6,  973.2
2025-01-22 10:00:00,    3, 1012.3,  973.0
2025-01-22 11:00:00,    3, 1011.8,  972.6
2025-01-22 12:00:00,    3, 1010.1,  962.5
2025-01-22 13:00:00,3,1009.6,962.1
2025-01-22 14:00:00,3,1009.2,961.7
2025-01-22 15:00:00,    3, 1008.5,  961.1
2025-01-22 16:00:00,    3, 1008.0,  960.7
2025-01-22 17:00:00,    3, 1008.1,  960.6
2025-01-22 18:00:00,    3, 1007.4,  960.1
2025-01-22 19:00:00,3,1007.0,968.6
2025-01-22 20:00:00,    3, 1006.4,  968.0
2025-01-22 21:00:00,    3, 1005.8,  967.5
2025-01-22 22:00:00,    3, 1005.7,  958.2
2025-01-22 23:00:00,3,1004.6,966.4
2025-01-23 00:00:00,3,1003.9,965.8
2025-01-23 01:00:00,3,1003.9,956.6
2025-01-23 02:00:00,    3, 1003.2,  965.2
2025-01-23 03:00:00,    3, 1002.1,  955.5
2025-01-23 04:00:00,    3, 1000.9,  954.9
2025-01-23 05:00:00,    3, 1000.9,  963.2
2025-01-23 06:00:00,    3, 1000.7,  963.3
2025-01-23 07:00:00,    3, 1003.7,  965.9
2025-01-23 08:00:00,    3, 1006.9,  968.8
2025-01-23 09:00:00,    3, 1009.4,  962.4
2025-01-23 10:00:00,3,1011.5,964.3
2025-01-23 11:00:00,3,1012.6,965.5
2025-01-23 12:00:00,    3, 1012.4,  965.4
2025-01-23 13:00:00,3,1012.6,965.5
2025-01-23 14:00:00,3,1012.7,974.4
2025-01-23 15:00:00,    3, 1012.6,  965.5
2025-01-23 16:00:00,3,1014.1,975.6
2025-01-23 17:00:00,    3, 1014.0,  966.7
2025-01-23 18:00:00,    3, 1015.2,  976.7
2025-01-23 19:00:00,    3, 1014.9,  967.5
2025-01-23 20:00:00,    3, 1015.1,  976.5
2025-01-23 21:00:00,    3, 1014.6,  966.7
2025-01-23 22:00:00,3,1015.2,967.2
2025-01-23 23:00:00,3,1014.8,976.1
2025-01-24 00:00:00,3,1014.3,975.7
2025-01-24 01:00:00,3,1014.3,975.7
2025-01-24 02:00:00,    3, 1014.8,  976.2
2025-01-24 03:00:00,    3, 1014.8,  976.3
2025-01-24 04:00:00,    3, 1015.0,  976.5
2025-01-24 05:00:00,    3, 1014.5,  967.2
2025-01-24 06:00:00,    3, 1014.6,  967.3
2025-01-24 07:00:00,    3, 1014.7,  976.2
2025-01-24 08:00:00,    3, 1014.1,  966.7
2025-01-24 09:00:00,3,1013.7,975.3
2025-01-24 10:00:00,    3, 1012.8,  965.8
2025-01-24 11:00:00,    3, 1011.5,  964.8
2025-01-24 12:00:00,3,1011.4,965.0
2025-01-24 13:00:00,    3, 1010.9,  973.1
2025-01-24 14:00:00,    3, 1009.8,  963.6
2025-01-24 15:00:00,3,1009.7,963.6
2025-01-24 16:00:00,3,1009.3,963.3
2025-01-24 17:00:00,    3, 1010.6,  973.0
2025-01-24 18:00:00,    3, 1011.2,  973.6
2025-01-24 19:00:00,    3, 1011.6,  974.1
2025-01-24 20:00:00,    3, 1011.5,  974.0
2025-01-24 21:00:00,3,1011.2,964.8
2025-01-24 22:00:00,    3, 1009.9,  963.6
2025-01-24 23:00:00,    3, 1010.4,  972.6
2025-01-25 00:00:00,3,1010.4,963.3
2025-01-25 01:00:00,3,1009.9,963.1
2025-01-25 02:00:00,    3, 1009.5,  963.0
2025-01-25 03:00:00,    3, 1009.7,  962.8
2025-01-25 04:00:00,3,1009.3,971.5
2025-01-25 05:00:00,3,1009.8,962.7
2025-01-25 06:00:00,    3, 1009.8,  962.7
2025-01-25 07:00:00,    3, 1009.8,  962.7
2025-01-25 08:00:00,3,1009.7,962.7
2025-01-25 09:00:00,3,1009.6,962.7
2025-01-25 10:00:00,3,1009.4,962.9
2025-01-25 11:00:00,    3, 1009.0,  962.8
2025-01-25 12:00:00,    3, 1008.7,  971.6
2025-01-25 13:00:00,    3, 1008.1,  971.2
2025-01-25 14:00:00,    3, 1007.3,  962.1
2025-01-25 15:00:00,3,1007.8,971.0
2025-01-25 16:00:00,3,1007.5,970.6
2025-01-25 17:00:00,    3, 1007.7,  962.0
2025-01-25 18:00:00,    3, 1007.8,  961.8
2025-01-25 19:00:00,    3, 1007.8,  961.4
2025-01-25 20:00:00,    3, 1007.1,  961.0
2025-01-25 21:00:00,    3, 1007.2,  960.7
2025-01-25 22:00:00,    3, 1006.9,  960.6
2025-01-25 23:00:00,3,1007.2,960.8
2025-01-26 00:00:00,    3, 1007.8,  970.2
2025-01-26 01:00:00,    3, 1007.5,  961.5
2025-01-26 02:00:00,    3, 1008.6,  962.4
2025-01-26 03:00:00,3,1008.5,970.8
2025-01-26 04:00:00,    3, 1009.6,  971.8
2025-01-26 05:00:00,    3, 1008.8,  962.3
2025-01-26 06:00:00,    3, 1010.0,  972.1
2025-01-26 07:00:00,    3, 1010.3,  972.3
2025-01-26 08:00:00,3,1011.1,973.1
2025-01-26 09:00:00,    3, 1011.2,  964.4
2025-01-26 10:00:00,3,1012.0,973.9
2025-01-26 11:00:00,3,1012.5,974.3
2025-01-26 12:00:00,    3, 1011.9,  973.7
2025-01-26 13:00:00,    3, 1010.3,  963.7
2025-01-26 14:00:00,    3, 1010.5,  972.5
2025-01-26 15:00:00,3,1010.0,972.0
2025-01-26 16:00:00,3,1009.5,962.5
2025-01-26 17:00:00,    3, 1009.0,  961.9
2025-01-26 18:00:00,    3, 1009.2,  970.9
2025-01-26 19:00:00,    3, 1008.5,  961.4
2025-01-26 20:00:00,    3, 1007.9,  960.8
2025-01-26 21:00:00,3,1006.4,959.7
2025-01-26 22:00:00,    3, 1005.7,  959.0
2025-01-26 23:00:00,3,1004.2,957.6
2025-01-27 00:00:00,    3, 1004.0,  966.2
2025-01-27 01:00:00,    3, 1002.8,  956.4
2025-01-27 02:00:00,3,1001.9,964.2
2025-01-27 03:00:00,3,1001.2,955.0
2025-01-27 04:00:00,    3, 1000.8,  963.2
2025-01-27 05:00:00,    3, 1000.0,  962.6
2025-01-27 06:00:00,    3,  999.8,  953.9
2025-01-27 07:00:00,    3,  999.8,  953.9
2025-01-27 08:00:00,3,999.7,953.8
2025-01-27 09:00:00,    3, 1000.0,  954.2
2025-01-27 10:00:00,3,1000.6,954.9
2025-01-27 11:00:00,    3, 1001.2,  964.0
2025-01-27 12:00:00,    3, 1001.0,  963.8
2025-01-27 13:00:00,    3,  999.0,  962.0
2025-01-27 14:00:00,    3,  999.2,  962.2
2025-01-27 15:00:00,3,999.4,953.7
2025-01-27 16:00:00,3,1000.4,954.7
2025-01-27 17:00:00,3,1002.3,964.8
2025-01-27 18:00:00,    3, 1000.7,  954.5
2025-01-27 19:00:00,3,1001.0,954.9
2025-01-27 20:00:00,3,1001.4,955.3
2025-01-27 21:00:00,    3, 1002.0,  964.4
2025-01-27 22:00:00,    3, 1001.3,  963.7
2025-01-27 23:00:00,3,1001.8,964.1
2025-01-28 00:00:00,    3, 1001.1,  963.4
2025-01-28 01:00:00,3,999.8,962.2
2025-01-28 02:00:00,    3,  999.8,  953.2
2025-01-28 03:00:00,    3,  998.8,  961.1
2025-01-28 04:00:00,    3,  998.2,  960.5
2025-01-28 05:00:00,    3,  998.8,  952.5
2025-01-28 06:00:00,    3,  999.8,  962.0
2025-01-28 07:00:00,    3,  999.6,  961.8
2025-01-28 08:00:00,    3,  999.1,  952.7
2025-01-28 09:00:00,3,999.8,953.4
2025-01-28 10:00:00,3,999.5,961.8
2025-01-28 11:00:00,3,999.4,953.2
2025-01-28 12:00:00,    3, 1000.0,  962.4
2025-01-28 13:00:00,3,1000.0,962.4
2025-01-28 14:00:00,3,999.3,953.2
2025-01-28 15:00:00,3,999.8,962.3
2025-01-28 16:00:00,    3, 1000.2,  962.6
2025-01-28 17:00:00,    3, 1000.2,  953.9
2025-01-28 18:00:00,3,1000.5,954.0
2025-01-28 19:00:00,    3, 1000.8,  954.3
2025-01-28 20:00:00,    3, 1000.9,  954.6
2025-01-28 21:00:00,    3, 1001.9,  964.1
2025-01-28 22:00:00,3,1002.0,955.5
2025-01-28 23:00:00,    3, 1002.6,  956.1
2025-01-29 00:00:00,3,1003.2,965.3
2025-01-29 01:00:00,    3, 1003.0,  956.5
2025-01-29 02:00:00,    3, 1003.5,  965.6
2025-01-29 03:00:00,3,1003.4,956.9
2025-01-29 04:00:00,    3, 1004.3,  966.3
2025-01-29 05:00:00,3,1005.2,967.1
2025-01-29 06:00:00,    3, 1006.2,  959.5
2025-01-29 07:00:00,3,1007.6,960.8
2025-01-29 08:00:00,    3, 1009.2,  971.0
2025-01-29 09:00:00,    3, 1009.7,  962.9
2025-01-29 10:00:00,    3, 1010.5,  963.6
2025-01-29 11:00:00,    3, 1010.5,  972.6
2025-01-29 12:00:00,    3, 1010.5,  963.9
2025-01-29 13:00:00,    3, 1010.9,  973.0
2025-01-29 14:00:00,    3, 1010.9,  973.0
2025-01-29 15:00:00,    3, 1011.1,  973.1
2025-01-29 16:00:00,    3, 1010.8,  964.1
2025-01-29 17:00:00,3,1011.3,964.3
2025-01-29 18:00:00,3,1011.8,973.6
2025-01-29 19:00:00,    3, 1012.1,  973.8
2025-01-29 20:00:00,    3, 1012.5,  964.9
2025-01-29 21:00:00,3,1012.5,973.9
2025-01-29 22:00:00,    3, 1012.5,  973.8
2025-01-29 23:00:00,    3, 1013.0,  964.9
2025-01-30 00:00:00,3,1013.0,974.2
2025-01-30 01:00:00,3,1013.5,965.2
2025-01-30 02:00:00,    3, 1013.3,  965.2
2025-01-30 03:00:00,    3, 1013.3,  965.3
2025-01-30 04:00:00,3,1014.0,975.0
2025-01-30 05:00:00,    3, 1014.2,  975.2
2025-01-30 06:00:00,    3, 1014.6,  975.7
2025-01-30 07:00:00,    3, 1015.1,  976.2
2025-01-30 08:00:00,    3, 1016.3,  977.3
2025-01-30 09:00:00,3,1016.6,977.7
2025-01-30 10:00:00,    3, 1016.8,  969.1
2025-01-30 11:00:00,    3, 1016.7,  978.3
2025-01-30 12:00:00,    3, 1016.2,  978.1
2025-01-30 13:00:00,3,1016.2,978.3
2025-01-30 14:00:00,3,1016.0,978.3
2025-01-30 15:00:00,3,1015.8,969.3
2025-01-30 16:00:00,    3, 1016.3,  969.8
2025-01-30 17:00:00,    3, 1017.1,  970.5
2025-01-30 18:00:00,    3, 1018.2,  971.3
2025-01-30 19:00:00,3,1019.3,981.0
2025-01-30 20:00:00,    3, 1019.4,  972.3
2025-01-30 21:00:00,    3, 1020.3,  981.9
2025-01-30 22:00:00,    3, 1020.5,  973.2
2025-01-30 23:00:00,    3, 1021.4,  982.9
2025-01-31 00:00:00,    3, 1023.2,  984.2
2025-01-31 01:00:00,    3, 1024.2,  985.1
2025-01-31 02:00:00,    3, 1024.6,  976.5
2025-01-31 03:00:00,    3, 1025.9,  986.6
2025-01-31 04:00:00,    3, 1026.5,  987.2
2025-01-31 05:00:00,3,1027.3,988.0
2025-01-31 06:00:00,    3, 1027.4,  979.1
2025-01-31 07:00:00,    3, 1028.3,  979.9
2025-01-31 08:00:00,    3, 1029.7,  990.2
2025-01-31 09:00:00,3,1030.0,990.6
2025-01-31 10:00:00,    3, 1030.3,  990.9
2025-01-31 11:00:00,    3, 1030.2,  990.9
2025-01-31 12:00:00,    3, 1029.3,  981.1
2025-01-31 13:00:00,3,1029.8,990.6
2025-01-31 14:00:00,    3, 1029.9,  990.6
2025-01-31 15:00:00,    3, 1029.9,  990.7
2025-01-31 16:00:00,    3, 1029.5,  981.3
2025-01-31 17:00:00,    3, 1030.0,  981.6
2025-01-31 18:00:00,    3, 1030.5,  981.9
2025-01-31 19:00:00,    3, 1030.9,  982.1
2025-01-31 20:00:00,    3, 1031.3,  982.3
2025-01-31 21:00:00,    3, 1031.5,  982.4
2025-01-31 22:00:00,    3, 1032.4,  992.3
2025-01-31 23:00:00,3,1031.9,982.7
2025-02-01 00:00:00,    3, 1032.2,  982.7
2025-02-01 01:00:00,    3, 1032.6,  992.3
2025-02-01 02:00:00,    3, 1032.5,  992.3
2025-02-01 03:00:00,    3, 1032.2,  991.9
2025-02-01 04:00:00,    3, 1031.9,  991.6
2025-02-01 05:00:00,    3, 1031.0,  981.8
2025-02-01 06:00:00,    3, 1030.9,  981.6
2025-02-01 07:00:00,    3, 1031.5,  991.1
2025-02-01 08:00:00,3,1031.6,991.3
2025-02-01 09:00:00,    3, 1030.5,  981.6
2025-02-01 10:00:00,3,1031.5,991.6
2025-02-01 11:00:00,    3, 1030.8,  991.2
2025-02-01 12:00:00,    3, 1028.8,  980.6
2025-02-01 13:00:00,    3, 1028.3,  980.2
2025-02-01 14:00:00,    3, 1028.5,  989.4
2025-02-01 15:00:00,    3, 1028.1,  989.0
2025-02-01 16:00:00,    3, 1027.2,  979.1
2025-02-01 17:00:00,    3, 1027.8,  979.4
2025-02-01 18:00:00,    3, 1028.4,  979.8
2025-02-01 19:00:00,    3, 1028.5,  979.7
2025-02-01 20:00:00,    3, 1028.6,  989.0
2025-02-01 21:00:00,    3, 1028.6,  988.8
2025-02-01 22:00:00,3,1027.9,979.0
2025-02-01 23:00:00,    3, 1027.6,  978.8
2025-02-02 00:00:00,3,1028.1,988.2
2025-02-02 01:00:00,    3, 1026.9,  978.0
2025-02-02 02:00:00,    3, 1026.6,  977.5
2025-02-02 03:00:00,3,1026.5,986.4
2025-02-02 04:00:00,    3, 1025.6,  976.4
2025-02-02 05:00:00,    3, 1025.2,  976.0
2025-02-02 06:00:00,    3, 1025.6,  976.3
2025-02-02 07:00:00,3,1025.9,976.5
2025-02-02 08:00:00,    3, 1025.6,  976.6
2025-02-02 09:00:00,3,1025.6,985.9
2025-02-02 10:00:00,    3, 1025.5,  985.9
2025-02-02 11:00:00,3,1025.0,985.7
2025-02-02 12:00:00,    3, 1024.0,  975.9
2025-02-02 13:00:00,    3, 1024.4,  985.3
2025-02-02 14:00:00,3,1024.5,976.2
2025-02-02 15:00:00,    3, 1024.9,  976.5
2025-02-02 16:00:00,3,1025.8,986.3
2025-02-02 17:00:00,    3, 1025.9,  986.4
2025-02-02 18:00:00,    3, 1026.3,  986.7
2025-02-02 19:00:00,3,1025.8,977.2
2025-02-02 20:00:00,    3, 1026.8,  987.1
2025-02-02 21:00:00,3,1026.6,977.8
2025-02-02 22:00:00,3,1026.7,977.9
2025-02-02 23:00:00,    3, 1027.0,  978.0
2025-02-03 00:00:00,    3, 1027.9,  988.0
2025-02-03 01:00:00,3,1028.2,988.4
2025-02-03 02:00:00,    3, 1027.8,  979.0
2025-02-03 03:00:00,3,1028.4,988.6
2025-02-03 04:00:00,    3, 1027.8,  979.0
2025-02-03 05:00:00,    3, 1028.5,  988.7
2025-02-03 06:00:00,    3, 1028.6,  988.7
2025-02-03 07:00:00,    3, 1029.1,  989.2
2025-02-03 08:00:00,    3, 1029.9,  989.9
2025-02-03 09:00:00,3,1029.5,980.4
2025-02-03 10:00:00,    3, 1029.1,  980.0
2025-02-03 11:00:00,    3, 1029.9,  980.8
2025-02-03 12:00:00,    3, 1029.3,  980.3
2025-02-03 13:00:00,    3, 1029.0,  980.1
2025-02-03 14:00:00,3,1029.0,989.2
2025-02-03 15:00:00,    3, 1029.4,  989.7
2025-02-03 16:00:00,    3, 1029.0,  989.3
2025-02-03 17:00:00,    3, 1028.5,  979.6
2025-02-03 18:00:00,    3, 1030.0,  990.0
2025-02-03 19:00:00,    3, 1029.8,  980.7
2025-02-03 20:00:00,    3, 1030.0,  980.8
2025-02-03 21:00:00,3,1030.9,990.7
2025-02-03 22:00:00,    3, 1030.0,  981.0
2025-02-03 23:00:00,    3, 1030.7,  990.7
2025-02-04 00:00:00,    3, 1030.2,  981.1
2025-02-04 01:00:00,    3, 1031.0,  990.9
2025-02-04 02:00:00,    3, 1030.5,  981.3
2025-02-04 03:00:00,3,1030.3,981.1
2025-02-04 04:00:00,3,1031.2,991.1
2025-02-04 05:00:00,3,1030.9,981.5
2025-02-04 06:00:00,3,1030.9,981.5
2025-02-04 07:00:00,    3, 1031.9,  991.6
2025-02-04 08:00:00,3,1032.3,992.0
2025-02-04 09:00:00,3,1032.4,992.1
2025-02-04 10:00:00,3,1031.9,982.5
2025-02-04 11:00:00,    3, 1031.4,  982.4
2025-02-04 12:00:00,    3, 1031.6,  991.7
2025-02-04 13:00:00,    3, 1029.9,  981.4
2025-02-04 14:00:00,3,1029.6,981.3
2025-02-04 15:00:00,3,1030.6,991.0
2025-02-04 16:00:00,    3, 1029.9,  981.4
2025-02-04 17:00:00,    3, 1030.7,  981.8
2025-02-04 18:00:00,    3, 1032.1,  992.0
2025-02-04 19:00:00,3,1033.0,992.8
2025-02-04 20:00:00,3,1033.3,993.0
2025-02-04 21:00:00,3,1034.1,993.7
2025-02-04 22:00:00,    3, 1034.0,  984.3
2025-02-04 23:00:00,    3, 1034.7,  984.8
2025-02-05 00:00:00,3,1035.1,994.6
2025-02-05 01:00:00,3,1035.3,985.3
2025-02-05 02:00:00,    3, 1035.7,  985.7
2025-02-05 03:00:00,    3, 1036.3,  986.2
2025-02-05 04:00:00,3,1036.9,986.7
2025-02-05 05:00:00,    3, 1037.5,  987.3
2025-02-05 06:00:00,    3, 1037.8,  997.1
2025-02-05 07:00:00,    3, 1038.6,  997.8
2025-02-05 08:00:00,    3, 1038.5,  988.5
2025-02-05 09:00:00,    3, 1039.1,  998.7
2025-02-05 10:00:00,    3, 1038.8,  989.5
2025-02-05 11:00:00,    3, 1038.7,  989.8
2025-02-05 12:00:00,3,1038.2,989.7
2025-02-05 13:00:00,    3, 1038.9,  999.3
2025-02-05 14:00:00,3,1037.6,989.3
2025-02-05 15:00:00,3,1037.8,989.4
2025-02-05 16:00:00,    3, 1039.3,  999.6
2025-02-05 17:00:00,    3, 1040.0, 1000.1
2025-02-05 18:00:00,    3, 1040.8, 1000.7
2025-02-05 19:00:00,3,1041.0,1000.9
2025-02-05 20:00:00,    3, 1040.2,  991.3
2025-02-05 21:00:00,3,1041.5,1001.3
2025-02-05 22:00:00,3,1041.1,1001.0
2025-02-05 23:00:00,3,1040.2,991.1
2025-02-06 00:00:00,    3, 1040.8, 1000.7
2025-02-06 01:00:00,    3, 1039.3,  990.2
2025-02-06 02:00:00,    3, 1039.1,  990.0
2025-02-06 03:00:00,    3, 1038.6,  989.5
2025-02-06 04:00:00,    3, 1038.7,  989.6
2025-02-06 05:00:00,    3, 1038.7,  989.6
2025-02-06 06:00:00,3,1038.3,989.2
2025-02-06 07:00:00,    3, 1038.5,  989.4
2025-02-06 08:00:00,    3, 1038.7,  989.6
2025-02-06 09:00:00,    3, 1039.7,  999.6
2025-02-06 10:00:00,3,1038.5,989.4
2025-02-06 11:00:00,    3, 1038.2,  989.1
2025-02-06 12:00:00,    3, 1038.3,  998.3
2025-02-06 13:00:00,3,1036.5,987.7
2025-02-06 14:00:00,    3, 1035.9,  987.1
2025-02-06 15:00:00,    3, 1036.8,  996.9
2025-02-06 16:00:00,    3, 1035.3,  986.5
2025-02-06 17:00:00,    3, 1035.1,  986.2
2025-02-06 18:00:00,    3, 1035.5,  995.6
2025-02-06 19:00:00,    3, 1034.2,  985.4
2025-02-06 20:00:00,    3, 1034.3,  994.5
2025-02-06 21:00:00,    3, 1033.2,  984.4
2025-02-06 22:00:00,    3, 1033.5,  993.7
2025-02-06 23:00:00,    3, 1032.7,  992.9
2025-02-07 00:00:00,3,1031.6,991.9
2025-02-07 01:00:00,3,1030.6,991.0
2025-02-07 02:00:00,    3, 1030.1,  990.5
2025-02-07 03:00:00,3,1029.0,989.5
2025-02-07 04:00:00,    3, 1028.8,  989.3
2025-02-07 05:00:00,3,1027.5,979.0
2025-02-07 06:00:00,3,1027.4,988.0
2025-02-07 07:00:00,    3, 1027.9,  988.4
2025-02-07 08:00:00,    3, 1027.6,  988.2
2025-02-07 09:00:00,    3, 1026.8,  978.5
2025-02-07 10:00:00,    3, 1026.1,  977.9
2025-02-07 11:00:00,3,1026.3,987.1
2025-02-07 12:00:00,    3, 1025.6,  986.5
2025-02-07 13:00:00,3,1024.5,976.6
2025-02-07 14:00:00,3,1024.7,985.6
2025-02-07 15:00:00,3,1023.5,975.6
2025-02-07 16:00:00,    3, 1023.2,  975.1
2025-02-07 17:00:00,    3, 1023.3,  974.9
2025-02-07 18:00:00,    3, 1022.9,  974.5
2025-02-07 19:00:00,    3, 1022.2,  973.9
2025-02-07 20:00:00,    3, 1022.4,  973.8
2025-02-07 21:00:00,    3, 1022.6,  974.0
2025-02-07 22:00:00,    3, 1023.5,  983.9
2025-02-07 23:00:00,3,1023.7,984.0
2025-02-08 00:00:00,    3, 1023.9,  984.2
2025-02-08 01:00:00,3,1024.0,974.7
2025-02-08 02:00:00,3,1024.1,974.8
2025-02-08 03:00:00,    3, 1024.0,  974.9
2025-02-08 04:00:00,    3, 1024.6,  984.5
2025-02-08 05:00:00,    3, 1023.9,  974.6
2025-02-08 06:00:00,    3, 1023.9,  974.6
2025-02-08 07:00:00,    3, 1024.2,  974.7
2025-02-08 08:00:00,3,1023.6,974.7
2025-02-08 09:00:00,    3, 1024.0,  984.4
2025-02-08 10:00:00,    3, 1023.7,  984.4
2025-02-08 11:00:00,3,1023.5,984.4
2025-02-08 12:00:00,3,1022.7,983.8
2025-02-08 13:00:00,3,1022.0,983.5
2025-02-08 14:00:00,    3, 1020.5,  973.6
2025-02-08 15:00:00,    3, 1020.5,  973.6
2025-02-08 16:00:00,    3, 1021.6,  983.2
2025-02-08 17:00:00,3,1021.7,974.1
2025-02-08 18:00:00,3,1022.7,983.9
2025-02-08 19:00:00,    3, 1023.3,  984.3
2025-02-08 20:00:00,    3, 1023.0,  974.8
2025-02-08 21:00:00,3,1023.6,975.1
2025-02-08 22:00:00,3,1023.8,975.4
2025-02-08 23:00:00,3,1024.9,985.4
2025-02-09 00:00:00,3,1024.7,975.9
2025-02-09 01:00:00,3,1025.5,985.9
2025-02-09 02:00:00,    3, 1026.0,  986.3
2025-02-09 03:00:00,3,1026.4,986.7
2025-02-09 04:00:00,    3, 1026.8,  987.0
2025-02-09 05:00:00,    3, 1026.8,  977.9
2025-02-09 06:00:00,    3, 1027.8,  988.0
2025-02-09 07:00:00,    3, 1027.7,  978.9
2025-02-09 08:00:00,3,1028.2,979.4
2025-02-09 09:00:00,3,1028.7,989.1
2025-02-09 10:00:00,    3, 1028.9,  989.4
2025-02-09 11:00:00,3,1028.9,989.6
2025-02-09 12:00:00,    3, 1027.8,  979.8
2025-02-09 13:00:00,    3, 1027.0,  979.2
2025-02-09 14:00:00,    3, 1027.8,  988.8
2025-02-09 15:00:00,3,1027.9,988.9
2025-02-09 16:00:00,    3, 1028.2,  989.1
2025-02-09 17:00:00,    3, 1028.5,  989.3
2025-02-09 18:00:00,    3, 1028.0,  979.7
2025-02-09 19:00:00,    3, 1028.5,  989.2
2025-02-09 20:00:00,    3, 1028.4,  989.1
2025-02-09 21:00:00,    3, 1028.3,  988.9
2025-02-09 22:00:00,    3, 1027.8,  988.3
2025-02-09 23:00:00,    3, 1027.7,  978.7
2025-02-10 00:00:00,3,1027.8,978.5
2025-02-10 01:00:00,    3, 1027.4,  978.2
2025-02-10 02:00:00,3,1026.9,977.8
2025-02-10 03:00:00,    3, 1026.8,  987.0
2025-02-10 04:00:00,    3, 1026.3,  977.2
2025-02-10 05:00:00,    3, 1026.6,  986.8
2025-02-10 06:00:00,    3, 1026.9,  987.0
2025-02-10 07:00:00,    3, 1026.3,  977.3
2025-02-10 08:00:00,3,1025.7,976.9
2025-02-10 09:00:00,3,1025.5,977.0
2025-02-10 10:00:00,    3, 1024.7,  976.4
2025-02-10 11:00:00,    3, 1024.8,  985.7
2025-02-10 12:00:00,    3, 1023.8,  985.1
2025-02-10 13:00:00,    3, 1023.1,  984.5
2025-02-10 14:00:00,    3, 1022.2,  983.8
2025-02-10 15:00:00,    3, 1021.2,  974.0
2025-02-10 16:00:00,3,1021.5,974.2
2025-02-10 17:00:00,    3, 1021.9,  974.4
2025-02-10 18:00:00,3,1021.9,974.3
2025-02-10 19:00:00,3,1021.4,973.8
2025-02-10 20:00:00,    3, 1021.3,  973.6
2025-02-10 21:00:00,    3, 1021.8,  982.9
2025-02-10 22:00:00,    3, 1021.6,  982.7
2025-02-10 23:00:00,3,1020.8,973.0
2025-02-11 00:00:00,    3, 1021.8,  982.9
2025-02-11 01:00:00,3,1021.2,973.4
2025-02-11 02:00:00,3,1021.0,973.2
2025-02-11 03:00:00,    3, 1021.3,  982.3
2025-02-11 04:00:00,3,1021.2,973.3
2025-02-11 05:00:00,    3, 1021.1,  982.3
2025-02-11 06:00:00,    3, 1020.9,  982.1
2025-02-11 07:00:00,    3, 1021.8,  982.9
2025-02-11 08:00:00,    3, 1022.1,  983.2
2025-02-11 09:00:00,    3, 1021.9,  974.1
2025-02-11 10:00:00,3,1022.0,983.2
2025-02-11 11:00:00,3,1021.5,973.9
2025-02-11 12:00:00,3,1020.7,973.4
2025-02-11 13:00:00,    3, 1020.9,  982.3
2025-02-11 14:00:00,3,1019.9,972.7
2025-02-11 15:00:00,    3, 1019.7,  972.5
2025-02-11 16:00:00,    3, 1020.1,  981.6
2025-02-11 17:00:00,    3, 1019.7,  972.3
2025-02-11 18:00:00,    3, 1020.3,  981.7
2025-02-11 19:00:00,    3, 1020.5,  981.8
2025-02-11 20:00:00,    3, 1020.4,  981.7
2025-02-11 21:00:00,    3, 1020.3,  981.6
2025-02-11 22:00:00,    3, 1019.5,  971.9
2025-02-11 23:00:00,    3, 1019.9,  981.1
2025-02-12 00:00:00,3,1019.4,980.7
2025-02-12 01:00:00,    3, 1018.7,  971.1
2025-02-12 02:00:00,3,1018.5,979.8
2025-02-12 03:00:00,    3, 1018.1,  979.5
2025-02-12 04:00:00,    3, 1017.8,  979.2
2025-02-12 05:00:00,    3, 1017.6,  979.0
2025-02-12 06:00:00,    3, 1017.3,  978.8
2025-02-12 07:00:00,3,1017.4,978.9
2025-02-12 08:00:00,    3, 1017.2,  969.9
2025-02-12 09:00:00,    3, 1016.8,  969.8
2025-02-12 10:00:00,    3, 1016.6,  969.8
2025-02-12 11:00:00,3,1016.3,969.7
2025-02-12 12:00:00,3,1016.7,978.6
2025-02-12 13:00:00,3,1015.6,969.1
2025-02-12 14:00:00,3,1015.8,977.9
2025-02-12 15:00:00,    3, 1015.2,  968.7
2025-02-12 16:00:00,    3, 1015.8,  977.8
2025-02-12 17:00:00,    3, 1016.0,  977.9
2025-02-12 18:00:00,    3, 1016.2,  978.1
2025-02-12 19:00:00,3,1016.3,978.2
2025-02-12 20:00:00,3,1016.3,978.1
2025-02-12 21:00:00,    3, 1016.4,  978.2
2025-02-12 22:00:00,    3, 1015.5,  968.7
2025-02-12 23:00:00,3,1015.8,968.9
2025-02-13 00:00:00,    3, 1016.6,  978.1
2025-02-13 01:00:00,3,1015.8,968.7
2025-02-13 02:00:00,    3, 1016.6,  978.0
2025-02-13 03:00:00,    3, 1015.6,  968.3
2025-02-13 04:00:00,3,1016.0,968.6
2025-02-13 05:00:00,    3, 1016.8,  969.0
2025-02-13 06:00:00,    3, 1017.2,  978.1
2025-02-13 07:00:00,    3, 1016.3,  968.5
2025-02-13 08:00:00,3,1018.1,978.7
2025-02-13 09:00:00,3,1018.1,978.7
2025-02-13 10:00:00,    3, 1018.6,  979.2
2025-02-13 11:00:00,    3, 1018.2,  970.0
2025-02-13 12:00:00,3,1018.0,969.9
2025-02-13 13:00:00,3,1017.7,969.8
2025-02-13 14:00:00,    3, 1018.5,  979.4
2025-02-13 15:00:00,    3, 1018.5,  979.4
2025-02-13 16:00:00,3,1018.9,979.8
2025-02-13 17:00:00,3,1018.8,979.7
2025-02-13 18:00:00,3,1018.9,979.9
2025-02-13 19:00:00,    3, 1018.8,  970.8
2025-02-13 20:00:00,    3, 1019.5,  980.2
2025-02-13 21:00:00,    3, 1020.1,  980.6
2025-02-13 22:00:00,    3, 1019.3,  971.0
2025-02-13 23:00:00,    3, 1019.8,  971.4
2025-02-14 00:00:00,    3, 1020.9,  981.3
2025-02-14 01:00:00,    3, 1021.3,  981.6
2025-02-14 02:00:00,    3, 1021.7,  982.0
2025-02-14 03:00:00,    3, 1022.2,  982.4
2025-02-14 04:00:00,    3, 1022.2,  973.4
2025-02-14 05:00:00,3,1023.6,983.7
2025-02-14 06:00:00,3,1023.3,974.4
2025-02-14 07:00:00,3,1024.8,984.8
2025-02-14 08:00:00,    3, 1024.7,  975.7
2025-02-14 09:00:00,3,1025.8,985.8
2025-02-14 10:00:00,    3, 1025.6,  976.6
2025-02-14 11:00:00,    3, 1025.9,  977.0
2025-02-14 12:00:00,3,1025.9,977.0
2025-02-14 13:00:00,3,1026.8,986.9
2025-02-14 14:00:00,    3, 1026.9,  987.0
2025-02-14 15:00:00,    3, 1027.1,  987.2
2025-02-14 16:00:00,    3, 1027.1,  987.2
2025-02-14 17:00:00,    3, 1027.4,  987.5
2025-02-14 18:00:00,3,1027.8,987.9
2025-02-14 19:00:00,    3, 1028.1,  988.2
2025-02-14 20:00:00,    3, 1027.5,  978.6
2025-02-14 21:00:00,3,1027.6,978.7
2025-02-14 22:00:00,3,1027.7,978.8
2025-02-14 23:00:00,    3, 1027.5,  978.6
2025-02-15 00:00:00,    3, 1027.4,  978.5
2025-02-15 01:00:00,    3, 1027.0,  978.1
2025-02-15 02:00:00,3,1026.3,977.4
2025-02-15 03:00:00,    3, 1026.6,  986.7
2025-02-15 04:00:00,    3, 1025.3,  976.5
2025-02-15 05:00:00,    3, 1024.8,  976.0
2025-02-15 06:00:00,    3, 1024.6,  975.8
2025-02-15 07:00:00,3,1025.2,985.3
2025-02-15 08:00:00,    3, 1024.7,  975.8
2025-02-15 09:00:00,    3, 1024.3,  975.5
2025-02-15 10:00:00,3,1024.0,975.3
2025-02-15 11:00:00,3,1024.6,984.9
2025-02-15 12:00:00,    3, 1023.9,  984.2
2025-02-15 13:00:00,    3, 1023.5,  983.9
2025-02-15 14:00:00,    3, 1021.3,  972.9
2025-02-15 15:00:00,3,1022.1,982.6
2025-02-15 16:00:00,    3, 1021.5,  982.0
2025-02-15 17:00:00,3,1020.4,971.9
2025-02-15 18:00:00,3,1020.9,972.3
2025-02-15 19:00:00,    3, 1021.1,  981.5
2025-02-15 20:00:00,    3, 1021.1,  981.5
2025-02-15 21:00:00,3,1021.1,981.4
2025-02-15 22:00:00,    3, 1020.7,  981.0
2025-02-15 23:00:00,3,1019.5,970.9
2025-02-16 00:00:00,3,1020.2,980.5
2025-02-16 01:00:00,    3, 1019.1,  970.5
2025-02-16 02:00:00,    3, 1018.9,  970.3
2025-02-16 03:00:00,    3, 1019.0,  979.4
2025-02-16 04:00:00,    3, 1019.2,  979.6
2025-02-16 05:00:00,    3, 1018.0,  969.5
2025-02-16 06:00:00,    3, 1018.0,  969.5
2025-02-16 07:00:00,    3, 1018.7,  970.2
2025-02-16 08:00:00,3,1018.9,970.4
2025-02-16 09:00:00,3,1018.5,970.1
2025-02-16 10:00:00,3,1019.3,979.8
2025-02-16 11:00:00,    3, 1019.6,  980.2
2025-02-16 12:00:00,    3, 1019.4,  980.0
2025-02-16 13:00:00,    3, 1018.7,  979.4
2025-02-16 14:00:00,3,1019.3,979.9
2025-02-16 15:00:00,    3, 1018.7,  970.5
2025-02-16 16:00:00,    3, 1019.3,  970.9
2025-02-16 17:00:00,    3, 1021.0,  981.4
2025-02-16 18:00:00,3,1020.6,972.0
2025-02-16 19:00:00,    3, 1021.1,  972.5
2025-02-16 20:00:00,    3, 1021.3,  972.7
2025-02-16 21:00:00,    3, 1021.6,  972.9
2025-02-16 22:00:00,3,1021.7,973.0
2025-02-16 23:00:00,    3, 1021.5,  972.8
2025-02-17 00:00:00,    3, 1022.3,  982.5
2025-02-17 01:00:00,3,1022.4,982.6
2025-02-17 02:00:00,3,1022.4,982.6
2025-02-17 03:00:00,    3, 1022.6,  982.7
2025-02-17 04:00:00,    3, 1022.8,  982.9
2025-02-17 05:00:00,    3, 1022.4,  973.3
2025-02-17 06:00:00,    3, 1022.5,  973.4
2025-02-17 07:00:00,3,1022.7,973.6
2025-02-17 08:00:00,    3, 1022.9,  973.9
2025-02-17 09:00:00,3,1023.5,983.7
2025-02-17 10:00:00,    3, 1022.3,  973.7
2025-02-17 11:00:00,    3, 1022.8,  983.3
2025-02-17 12:00:00,    3, 1022.3,  983.0
2025-02-17 13:00:00,3,1021.4,973.3
2025-02-17 14:00:00,    3, 1021.4,  973.3
2025-02-17 15:00:00,    3, 1021.1,  973.0
2025-02-17 16:00:00,    3, 1022.1,  982.7
2025-02-17 17:00:00,    3, 1022.7,  983.1
2025-02-17 18:00:00,3,1022.4,973.9
2025-02-17 19:00:00,    3, 1023.2,  974.2
2025-02-17 20:00:00,3,1023.4,974.4
2025-02-17 21:00:00,3,1024.4,984.4
2025-02-17 22:00:00,3,1024.0,974.8
2025-02-17 23:00:00,    3, 1024.1,  974.7
2025-02-18 00:00:00,    3, 1024.8,  975.3
2025-02-18 01:00:00,    3, 1024.8,  975.3
2025-02-18 02:00:00,    3, 1025.2,  984.9
2025-02-18 03:00:00,3,1025.2,984.8
2025-02-18 04:00:00,3,1026.1,985.7
2025-02-18 05:00:00,3,1026.4,985.8
2025-02-18 06:00:00,3,1026.2,985.6
2025-02-18 07:00:00,    3, 1026.6,  986.0
2025-02-18 08:00:00,    3, 1026.8,  986.4
2025-02-18 09:00:00,    3, 1025.7,  976.5
2025-02-18 10:00:00,    3, 1025.2,  976.4
2025-02-18 11:00:00,    3, 1025.6,  986.0
2025-02-18 12:00:00,3,1024.7,976.2
2025-02-18 13:00:00,3,1024.3,976.0
2025-02-18 14:00:00,3,1024.9,985.6
2025-02-18 15:00:00,    3, 1025.1,  985.7
2025-02-18 16:00:00,    3, 1025.2,  985.7
2025-02-18 17:00:00,    3, 1025.0,  976.3
2025-02-18 18:00:00,    3, 1025.9,  977.0
2025-02-18 19:00:00,3,1026.2,977.1
2025-02-18 20:00:00,    3, 1026.4,  986.4
2025-02-18 21:00:00,3,1026.2,976.8
2025-02-18 22:00:00,    3, 1026.2,  976.9
2025-02-18 23:00:00,    3, 1026.1,  986.1
2025-02-19 00:00:00,3,1026.3,986.2
2025-02-19 01:00:00,    3, 1026.2,  976.4
2025-02-19 02:00:00,3,1026.0,985.8
2025-02-19 03:00:00,3,1025.8,985.6
2025-02-19 04:00:00,3,1025.8,976.0
2025-02-19 05:00:00,    3, 1025.9,  976.1
2025-02-19 06:00:00,    3, 1025.9,  976.0
2025-02-19 07:00:00,3,1026.7,986.3
2025-02-19 08:00:00,3,1026.3,976.8
2025-02-19 09:00:00,    3, 1026.2,  977.0
2025-02-19 10:00:00,    3, 1026.0,  977.0
2025-02-19 11:00:00,    3, 1026.7,  986.9
2025-02-19 12:00:00,3,1025.9,986.4
2025-02-19 13:00:00,3,1025.0,976.6
2025-02-19 14:00:00,3,1024.5,976.3
2025-02-19 15:00:00,    3, 1025.2,  986.0
2025-02-19 16:00:00,    3, 1024.5,  976.4
2025-02-19 17:00:00,3,1025.6,986.2
2025-02-19 18:00:00,    3, 1025.6,  977.0
2025-02-19 19:00:00,    3, 1025.6,  976.9
2025-02-19 20:00:00,3,1026.4,986.7
2025-02-19 21:00:00,    3, 1026.3,  986.7
2025-02-19 22:00:00,    3, 1026.4,  986.8
2025-02-19 23:00:00,    3, 1026.5,  986.8
2025-02-20 00:00:00,    3, 1026.7,  986.9
2025-02-20 01:00:00,    3, 1027.1,  987.4
2025-02-20 02:00:00,3,1026.6,977.6
2025-02-20 03:00:00,    3, 1026.3,  986.7
2025-02-20 04:00:00,    3, 1026.1,  977.4
2025-02-20 05:00:00,    3, 1026.4,  977.7
2025-02-20 06:00:00,    3, 1026.5,  986.9
2025-02-20 07:00:00,    3, 1026.6,  977.8
2025-02-20 08:00:00,    3, 1026.4,  977.9
2025-02-20 09:00:00,    3, 1026.9,  987.7
2025-02-20 10:00:00,    3, 1026.6,  978.6
2025-02-20 11:00:00,    3, 1026.6,  978.7
2025-02-20 12:00:00,    3, 1026.4,  987.6
2025-02-20 13:00:00,    3, 1025.5,  978.2
2025-02-20 14:00:00,    3, 1025.5,  987.1
2025-02-20 15:00:00,    3, 1025.3,  987.1
2025-02-20 16:00:00,    3, 1025.3,  987.1
2025-02-20 17:00:00,    3, 1025.3,  977.9
2025-02-20 18:00:00,3,1026.2,978.7
2025-02-20 19:00:00,3,1027.0,978.9
2025-02-20 20:00:00,    3, 1026.6,  979.0
2025-02-20 21:00:00,    3, 1027.2,  988.4
2025-02-20 22:00:00,    3, 1027.0,  979.1
2025-02-20 23:00:00,    3, 1027.0,  979.0
2025-02-21 00:00:00,    3, 1027.1,  979.0
2025-02-21 01:00:00,    3, 1026.9,  978.8
2025-02-21 02:00:00,3,1027.0,979.0
2025-02-21 03:00:00,3,1027.3,988.3
2025-02-21 04:00:00,    3, 1027.1,  979.1
2025-02-21 05:00:00,    3, 1027.1,  979.0
2025-02-21 06:00:00,    3, 1026.6,  978.6
2025-02-21 07:00:00,    3, 1026.9,  987.9
2025-02-21 08:00:00,    3, 1026.4,  987.6
2025-02-21 09:00:00,    3, 1025.2,  978.1
2025-02-21 10:00:00,    3, 1024.2,  977.5
2025-02-21 11:00:00,    3, 1023.2,  976.9
2025-02-21 12:00:00,    3, 1021.7,  975.7
2025-02-21 13:00:00,    3, 1021.6,  984.3
2025-02-21 14:00:00,    3, 1020.7,  983.5
2025-02-21 15:00:00,    3, 1019.9,  982.8
2025-02-21 16:00:00,    3, 1019.7,  982.5
2025-02-21 17:00:00,    3, 1019.7,  982.2
2025-02-21 18:00:00,    3, 1019.9,  982.2
2025-02-21 19:00:00,3,1020.1,982.3
2025-02-21 20:00:00,3,1020.3,973.2
2025-02-21 21:00:00,    3, 1020.4,  982.4
2025-02-21 22:00:00,    3, 1020.1,  972.9
2025-02-21 23:00:00,3,1019.9,972.4
2025-02-22 00:00:00,3,1019.6,981.4
2025-02-22 01:00:00,    3, 1019.6,  981.3
2025-02-22 02:00:00,    3, 1019.2,  980.8
2025-02-22 03:00:00,    3, 1018.7,  980.3
2025-02-22 04:00:00,    3, 1018.8,  980.4
2025-02-22 05:00:00,    3, 1019.2,  980.7
2025-02-22 06:00:00,3,1019.5,971.7
2025-02-22 07:00:00,    3, 1020.2,  972.3
2025-02-22 08:00:00,    3, 1020.3,  972.6
2025-02-22 09:00:00,    3, 1020.2,  972.9
2025-02-22 10:00:00,3,1020.4,982.2
2025-02-22 11:00:00,    3, 1019.4,  973.2
2025-02-22 12:00:00,    3, 1019.1,  973.0
2025-02-22 13:00:00,    3, 1019.6,  982.1
2025-02-22 14:00:00,3,1019.4,973.5
2025-02-22 15:00:00,    3, 1019.5,  973.6
2025-02-22 16:00:00,3,1020.4,983.0
2025-02-22 17:00:00,    3, 1020.7,  974.4
2025-02-22 18:00:00,3,1021.9,984.2
2025-02-22 19:00:00,3,1022.3,984.6
2025-02-22 20:00:00,    3, 1022.7,  976.2
2025-02-22 21:00:00,    3, 1023.1,  976.6
2025-02-22 22:00:00,3,1024.4,986.5
2025-02-22 23:00:00,3,1024.8,978.0
2025-02-23 00:00:00,    3, 1025.4,  978.5
2025-02-23 01:00:00,3,1026.6,979.2
2025-02-23 02:00:00,3,1027.1,979.8
2025-02-23 03:00:00,    3, 1027.9,  980.1
2025-02-23 04:00:00,    3, 1028.5,  989.9
2025-02-23 05:00:00,    3, 1028.8,  981.1
2025-02-23 06:00:00,    3, 1029.2,  981.6
2025-02-23 07:00:00,    3, 1029.7,  982.1
2025-02-23 08:00:00,3,1030.5,991.8
2025-02-23 09:00:00,3,1029.9,982.7
2025-02-23 10:00:00,    3, 1030.9,  992.4
2025-02-23 11:00:00,    3, 1029.9,  982.9
2025-02-23 12:00:00,    3, 1030.8,  992.5
2025-02-23 13:00:00,3,1030.4,992.1
2025-02-23 14:00:00,    3, 1029.9,  991.7
2025-02-23 15:00:00,    3, 1028.7,  982.0
2025-02-23 16:00:00,    3, 1029.5,  991.4
2025-02-23 17:00:00,    3, 1028.7,  981.7
2025-02-23 18:00:00,    3, 1029.6,  991.2
2025-02-23 19:00:00,    3, 1029.9,  991.4
2025-02-23 20:00:00,3,1030.9,982.5
2025-02-23 21:00:00,    3, 1030.4,  991.6
2025-02-23 22:00:00,    3, 1030.5,  991.6
2025-02-23 23:00:00,    3, 1030.5,  991.5
2025-02-24 00:00:00,    3, 1030.2,  991.2
2025-02-24 01:00:00,3,1029.8,981.2
2025-02-24 02:00:00,    3, 1029.5,  980.9
2025-02-24 03:00:00,    3, 1029.2,  989.9
2025-02-24 04:00:00,    3, 1028.6,  979.8
2025-02-24 05:00:00,    3, 1028.0,  988.6
2025-02-24 06:00:00,    3, 1027.6,  979.2
2025-02-24 07:00:00,    3, 1027.7,  979.1
2025-02-24 08:00:00,3,1026.9,978.8
2025-02-24 09:00:00,3,1026.0,978.5
2025-02-24 10:00:00,3,1025.2,978.0
2025-02-24 11:00:00,3,1024.8,977.8
2025-02-24 12:00:00,3,1023.5,976.8
2025-02-24 13:00:00,    3, 1023.3,  985.2
2025-02-24 14:00:00,    3, 1021.8,  975.4
2025-02-24 15:00:00,    3, 1020.9,  974.5
2025-02-24 16:00:00,3,1020.5,974.1
2025-02-24 17:00:00,    3, 1020.7,  982.8
2025-02-24 18:00:00,3,1020.3,973.7
2025-02-24 19:00:00,    3, 1020.1,  973.3
2025-02-24 20:00:00,    3, 1019.9,  973.2
2025-02-24 21:00:00,    3, 1019.8,  973.1
2025-02-24 22:00:00,    3, 1020.0,  982.0
2025-02-24 23:00:00,3,1019.2,972.5
2025-02-25 00:00:00,3,1019.7,981.6
2025-02-25 01:00:00,    3, 1019.1,  972.1
2025-02-25 02:00:00,3,1018.8,971.7
2025-02-25 03:00:00,    3, 1018.4,  980.2
2025-02-25 04:00:00,3,1017.7,970.8
2025-02-25 05:00:00,    3, 1017.1,  970.3
2025-02-25 06:00:00,3,1017.5,979.2
2025-02-25 07:00:00,    3, 1017.0,  969.9
2025-02-25 08:00:00,    3, 1016.8,  978.6
2025-02-25 09:00:00,3,1015.9,977.9
2025-02-25 10:00:00,    3, 1015.1,  977.3
2025-02-25 11:00:00,    3, 1014.2,  967.9
2025-02-25 12:00:00,    3, 1014.3,  976.6
2025-02-25 13:00:00,3,1013.6,967.1
2025-02-25 14:00:00,3,1013.7,975.8
2025-02-25 15:00:00,    3, 1012.5,  966.1
2025-02-25 16:00:00,    3, 1012.0,  965.6
2025-02-25 17:00:00,    3, 1012.0,  974.1
2025-02-25 18:00:00,3,1012.3,965.4
2025-02-25 19:00:00,    3, 1012.3,  965.3
2025-02-25 20:00:00,    3, 1012.9,  974.8
2025-02-25 21:00:00,    3, 1013.2,  975.1
2025-02-25 22:00:00,    3, 1012.8,  965.8
2025-02-25 23:00:00,    3, 1013.4,  975.1
2025-02-26 00:00:00,    3, 1013.1,  965.9
2025-02-26 01:00:00,    3, 1013.1,  965.9
2025-02-26 02:00:00,    3, 1013.6,  975.2
2025-02-26 03:00:00,    3, 1013.3,  966.1
2025-02-26 04:00:00,3,1014.1,975.6
2025-02-26 05:00:00,3,1014.1,966.8
2025-02-26 06:00:00,3,1015.1,976.5
2025-02-26 07:00:00,    3, 1016.0,  977.3
2025-02-26 08:00:00,3,1016.5,969.0
2025-02-26 09:00:00,    3, 1017.3,  978.7
2025-02-26 10:00:00,    3, 1018.2,  979.6
2025-02-26 11:00:00,    3, 1018.6,  971.3
2025-02-26 12:00:00,3,1018.6,971.5
2025-02-26 13:00:00,    3, 1018.9,  971.7
2025-02-26 14:00:00,3,1019.7,981.2
2025-02-26 15:00:00,    3, 1019.4,  972.2
2025-02-26 16:00:00,    3, 1020.1,  981.6
2025-02-26 17:00:00,3,1020.5,981.9
2025-02-26 18:00:00,    3, 1021.0,  982.3
2025-02-26 19:00:00,3,1021.1,982.3
2025-02-26 20:00:00,    3, 1021.1,  982.3
2025-02-26 21:00:00,    3, 1021.2,  982.4
2025-02-26 22:00:00,3,1020.9,982.1
2025-02-26 23:00:00,    3, 1020.6,  972.3
2025-02-27 00:00:00,    3, 1020.3,  972.1
2025-02-27 01:00:00,    3, 1019.8,  980.6
2025-02-27 02:00:00,3,1018.8,970.6
2025-02-27 03:00:00,    3, 1017.8,  969.9
2025-02-27 04:00:00,    3, 1018.0,  979.1
2025-02-27 05:00:00,    3, 1017.7,  969.9
2025-02-27 06:00:00,    3, 1017.5,  969.7
2025-02-27 07:00:00,    3, 1017.9,  970.1
2025-02-27 08:00:00,    3, 1017.9,  970.3
2025-02-27 09:00:00,    3, 1017.9,  970.5
2025-02-27 10:00:00,3,1018.4,971.1
2025-02-27 11:00:00,3,1019.0,971.6
2025-02-27 12:00:00,3,1018.9,980.5
2025-02-27 13:00:00,3,1018.2,971.1
2025-02-27 14:00:00,3,1017.9,970.9
2025-02-27 15:00:00,    3, 1019.4,  980.7
2025-02-27 16:00:00,    3, 1018.9,  971.6
2025-02-27 17:00:00,3,1019.8,981.1
2025-02-27 18:00:00,    3, 1020.0,  972.4
2025-02-27 19:00:00,3,1020.9,982.1
2025-02-27 20:00:00,    3, 1021.3,  982.4
2025-02-27 21:00:00,3,1021.6,982.7
2025-02-27 22:00:00,    3, 1022.0,  983.0
2025-02-27 23:00:00,    3, 1022.4,  983.3
2025-02-28 00:00:00,    3, 1022.5,  983.4
2025-02-28 01:00:00,    3, 1022.7,  983.6
2025-02-28 02:00:00,    3, 1022.5,  983.3
2025-02-28 03:00:00,    3, 1022.3,  974.1
2025-02-28 04:00:00,    3, 1022.1,  973.9
2025-02-28 05:00:00,    3, 1022.0,  973.9
2025-02-28 06:00:00,    3, 1022.1,  974.0
2025-02-28 07:00:00,    3, 1022.7,  983.5
2025-02-28 08:00:00,3,1022.9,974.8
2025-02-28 09:00:00,    3, 1023.2,  984.2
2025-02-28 10:00:00,    3, 1023.0,  975.2
2025-02-28 11:00:00,    3, 1023.5,  975.7
2025-02-28 12:00:00,    3, 1023.4,  984.6
2025-02-28 13:00:00,3,1022.6,975.1
2025-02-28 14:00:00,3,1023.1,975.2
2025-02-28 15:00:00,3,1023.6,984.7
2025-02-28 16:00:00,    3, 1023.8,  975.8
2025-02-28 17:00:00,3,1024.2,976.1
2025-02-28 18:00:00,    3, 1025.2,  986.0
2025-02-28 19:00:00,    3, 1025.2,  977.0
2025-02-28 20:00:00,    3, 1025.4,  977.2
2025-02-28 21:00:00,3,1025.5,977.4
2025-02-28 22:00:00,3,1025.9,977.7
2025-02-28 23:00:00,    3, 1026.7,  987.2
2025-03-01 00:00:00,    3, 1026.3,  977.8
2025-03-01 01:00:00,    3, 1026.8,  978.1
2025-03-01 02:00:00,    3, 1027.7,  987.9
2025-03-01 03:00:00,    3, 1027.6,  987.9
2025-03-01 04:00:00,3,1027.4,978.6
2025-03-01 05:00:00,    3, 1028.5,  988.7
2025-03-01 06:00:00,    3, 1028.7,  988.9
2025-03-01 07:00:00,3,1028.9,980.0
2025-03-01 08:00:00,    3, 1030.2,  990.5
2025-03-01 09:00:00,3,1029.7,981.1
2025-03-01 10:00:00,3,1030.0,981.5
2025-03-01 11:00:00,3,1030.8,991.5
2025-03-01 12:00:00,    3, 1029.6,  981.5
2025-03-01 13:00:00,3,1029.9,990.9
2025-03-01 14:00:00,3,1029.8,990.8
2025-03-01 15:00:00,3,1030.3,991.2
2025-03-01 16:00:00,3,1030.8,991.6
2025-03-01 17:00:00,    3, 1031.5,  992.2
2025-03-01 18:00:00,    3, 1032.0,  992.7
2025-03-01 19:00:00,    3, 1032.3,  992.9
2025-03-01 20:00:00,3,1032.0,983.3
2025-03-01 21:00:00,3,1033.1,993.6
2025-03-01 22:00:00,    3, 1033.0,  984.3
2025-03-01 23:00:00,    3, 1033.2,  984.5
2025-03-02 00:00:00,3,1033.7,984.6
2025-03-02 01:00:00,    3, 1034.1,  994.2
2025-03-02 02:00:00,    3, 1033.6,  984.3
2025-03-02 03:00:00,    3, 1033.2,  984.1
2025-03-02 04:00:00,    3, 1033.2,  983.8
2025-03-02 05:00:00,3,1033.6,993.4
2025-03-02 06:00:00,    3, 1034.0,  993.8
2025-03-02 07:00:00,    3, 1034.9,  994.7
2025-03-02 08:00:00,    3, 1035.1,  995.1
2025-03-02 09:00:00,    3, 1033.8,  985.2
2025-03-02 10:00:00,    3, 1034.5,  995.0
2025-03-02 11:00:00,    3, 1032.6,  984.7
2025-03-02 12:00:00,    3, 1032.1,  984.2
2025-03-02 13:00:00,    3, 1031.8,  993.0
2025-03-02 14:00:00,    3, 1030.2,  982.7
2025-03-02 15:00:00,    3, 1029.4,  982.1
2025-03-02 16:00:00,    3, 1029.3,  981.9
2025-03-02 17:00:00,3,1030.6,991.7
2025-03-02 18:00:00,    3, 1031.2,  992.1
2025-03-02 19:00:00,    3, 1031.4,  992.1
2025-03-02 20:00:00,3,1031.7,992.3
2025-03-02 21:00:00,3,1031.8,992.3
2025-03-02 22:00:00,    3, 1031.8,  992.2
2025-03-02 23:00:00,    3, 1031.4,  991.8
2025-03-03 00:00:00,    3, 1030.7,  981.6
2025-03-03 01:00:00,    3, 1030.6,  981.6
2025-03-03 02:00:00,    3, 1030.6,  981.2
2025-03-03 03:00:00,3,1030.2,980.7
2025-03-03 04:00:00,    3, 1030.3,  980.9
2025-03-03 05:00:00,3,1030.8,990.6
2025-03-03 06:00:00,    3, 1031.0,  990.8
2025-03-03 07:00:00,3,1031.1,981.8
2025-03-03 08:00:00,    3, 1031.7,  991.8
2025-03-03 09:00:00,    3, 1031.1,  991.6
2025-03-03 10:00:00,3,1030.1,982.0
2025-03-03 11:00:00,3,1029.4,981.7
2025-03-03 12:00:00,    3, 1028.7,  981.3
2025-03-03 13:00:00,3,1027.1,980.2
2025-03-03 14:00:00,    3, 1026.4,  979.6
2025-03-03 15:00:00,3,1026.2,979.5
2025-03-03 16:00:00,3,1026.4,988.3
2025-03-03 17:00:00,3,1026.2,978.9
2025-03-03 18:00:00,3,1026.8,979.4
2025-03-03 19:00:00,    3, 1027.4,  988.8
2025-03-03 20:00:00,3,1027.8,989.0
2025-03-03 21:00:00,    3, 1028.1,  979.8
2025-03-03 22:00:00,3,1028.2,979.8
2025-03-03 23:00:00,    3, 1028.7,  979.7
2025-03-04 00:00:00,    3, 1028.4,  988.9
2025-03-04 01:00:00,3,1028.2,979.2
2025-03-04 02:00:00,    3, 1027.7,  988.0
2025-03-04 03:00:00,    3, 1027.6,  987.9
2025-03-04 04:00:00,3,1027.7,978.4
2025-03-04 05:00:00,3,1027.9,978.5
2025-03-04 06:00:00,    3, 1028.1,  988.2
2025-03-04 07:00:00,3,1028.8,988.8
2025-03-04 08:00:00,    3, 1028.5,  979.7
2025-03-04 09:00:00,    3, 1028.2,  979.7
2025-03-04 10:00:00,    3, 1027.3,  979.5
2025-03-04 11:00:00,    3, 1026.8,  979.5
2025-03-04 12:00:00,    3, 1026.5,  988.3
2025-03-04 13:00:00,    3, 1025.6,  987.6
2025-03-04 14:00:00,3,1024.3,977.8
2025-03-04 15:00:00,3,1025.1,987.2
2025-03-04 16:00:00,3,1024.5,986.7
2025-03-04 17:00:00,3,1024.4,977.7
2025-03-04 18:00:00,    3, 1025.1,  978.1
2025-03-04 19:00:00,    3, 1026.0,  987.6
2025-03-04 20:00:00,    3, 1026.6,  978.2
2025-03-04 21:00:00,    3, 1026.5,  987.7
2025-03-04 22:00:00,    3, 1026.8,  978.4
2025-03-04 23:00:00,    3, 1026.8,  987.6
2025-03-05 00:00:00,    3, 1026.6,  987.4
2025-03-05 01:00:00,    3, 1027.0,  987.5
2025-03-05 02:00:00,    3, 1026.7,  977.9
2025-03-05 03:00:00,3,1027.1,978.0
2025-03-05 04:00:00,    3, 1027.7,  978.4
2025-03-05 05:00:00,3,1027.7,978.4
2025-03-05 06:00:00,    3, 1027.8,  978.6
2025-03-05 07:00:00,    3, 1027.8,  988.1
2025-03-05 08:00:00,    3, 1027.5,  979.0
2025-03-05 09:00:00,3,1027.2,979.2
2025-03-05 10:00:00,    3, 1026.7,  988.1
2025-03-05 11:00:00,    3, 1026.2,  988.0
2025-03-05 12:00:00,    3, 1024.5,  978.0
2025-03-05 13:00:00,3,1023.5,977.3
2025-03-05 14:00:00,3,1022.8,976.8
2025-03-05 15:00:00,3,1022.5,976.5
2025-03-05 16:00:00,    3, 1023.4,  985.8
2025-03-05 17:00:00,    3, 1022.7,  976.3
2025-03-05 18:00:00,    3, 1023.3,  976.6
2025-03-05 19:00:00,    3, 1023.9,  985.8
2025-03-05 20:00:00,3,1024.3,976.4
2025-03-05 21:00:00,    3, 1024.2,  985.7
2025-03-05 22:00:00,    3, 1024.7,  976.5
2025-03-05 23:00:00,    3, 1024.4,  976.3
2025-03-06 00:00:00,    3, 1024.3,  985.4
2025-03-06 01:00:00,    3, 1024.3,  976.0
2025-03-06 02:00:00,    3, 1024.4,  975.8
2025-03-06 03:00:00,    3, 1023.8,  984.7
2025-03-06 04:00:00,3,1023.8,984.5
2025-03-06 05:00:00,3,1023.9,984.5
2025-03-06 06:00:00,    3, 1024.0,  975.2
2025-03-06 07:00:00,    3, 1024.5,  985.2
2025-03-06 08:00:00,    3, 1024.2,  985.2
2025-03-06 09:00:00,    3, 1023.6,  976.1
2025-03-06 10:00:00,    3, 1022.7,  975.9
2025-03-06 11:00:00,3,1022.2,975.8
2025-03-06 12:00:00,    3, 1020.9,  975.0
2025-03-06 13:00:00,3,1020.3,974.4
2025-03-06 14:00:00,    3, 1019.7,  973.9
2025-03-06 15:00:00,    3, 1019.0,  973.3
2025-03-06 16:00:00,    3, 1019.7,  982.3
2025-03-06 17:00:00,3,1019.8,982.3
2025-03-06 18:00:00,    3, 1020.0,  982.4
2025-03-06 19:00:00,    3, 1020.3,  982.5
2025-03-06 20:00:00,    3, 1020.8,  982.6
2025-03-06 21:00:00,    3, 1020.7,  982.5
2025-03-06 22:00:00,    3, 1020.9,  973.2
2025-03-06 23:00:00,3,1021.1,973.3
2025-03-07 00:00:00,    3, 1021.1,  973.2
2025-03-07 01:00:00,    3, 1021.3,  973.2
2025-03-07 02:00:00,    3, 1021.2,  972.9
2025-03-07 03:00:00,    3, 1021.5,  973.1
2025-03-07 04:00:00,    3, 1021.5,  982.4
2025-03-07 05:00:00,3,1021.5,982.4
2025-03-07 06:00:00,3,1022.0,973.2
2025-03-07 07:00:00,3,1021.8,973.3
2025-03-07 08:00:00,    3, 1021.7,  982.8
2025-03-07 09:00:00,    3, 1021.3,  982.8
2025-03-07 10:00:00,3,1020.9,982.8
2025-03-07 11:00:00,3,1018.8,972.7
2025-03-07 12:00:00,    3, 1019.0,  981.5
2025-03-07 13:00:00,3,1017.9,980.6
2025-03-07 14:00:00,    3, 1016.9,  979.7
2025-03-07 15:00:00,    3, 1015.3,  969.8
2025-03-07 16:00:00,3,1015.0,969.4
2025-03-07 17:00:00,    3, 1015.8,  978.5
2025-03-07 18:00:00,    3, 1015.7,  969.5
2025-03-07 19:00:00,3,1016.2,969.6
2025-03-07 20:00:00,    3, 1016.5,  978.7
2025-03-07 21:00:00,    3, 1017.0,  969.5
2025-03-07 22:00:00,    3, 1016.9,  969.6
2025-03-07 23:00:00,    3, 1016.9,  978.5
2025-03-08 00:00:00,3,1016.9,978.4
2025-03-08 01:00:00,    3, 1017.0,  969.1
2025-03-08 02:00:00,3,1016.6,977.9
2025-03-08 03:00:00,3,1016.4,977.6
2025-03-08 04:00:00,    3, 1016.3,  977.4
2025-03-08 05:00:00,    3, 1016.6,  968.3
2025-03-08 06:00:00,3,1016.3,977.3
2025-03-08 07:00:00,3,1016.4,977.4
2025-03-08 08:00:00,    3, 1016.1,  968.3
2025-03-08 09:00:00,    3, 1015.7,  977.3
2025-03-08 10:00:00,    3, 1014.9,  977.0
2025-03-08 11:00:00,3,1013.0,967.1
2025-03-08 12:00:00,3,1012.1,966.5
2025-03-08 13:00:00,    3, 1011.7,  974.8
2025-03-08 14:00:00,    3, 1009.9,  964.7
2025-03-08 15:00:00,    3, 1010.0,  973.2
2025-03-08 16:00:00,    3, 1008.9,  963.7
2025-03-08 17:00:00,    3, 1009.6,  972.6
2025-03-08 18:00:00,3,1009.8,972.5
2025-03-08 19:00:00,3,1009.6,972.3
2025-03-08 20:00:00,3,1009.7,963.1
2025-03-08 21:00:00,3,1009.9,972.2
2025-03-08 22:00:00,3,1009.8,962.9
2025-03-08 23:00:00,    3, 1009.8,  971.7
2025-03-09 00:00:00,3,1009.4,971.2
2025-03-09 01:00:00,    3, 1009.3,  970.9
2025-03-09 02:00:00,3,1008.4,961.1
2025-03-09 03:00:00,    3, 1008.2,  960.7
2025-03-09 04:00:00,    3, 1008.3,  960.7
2025-03-09 05:00:00,    3, 1008.1,  969.6
2025-03-09 06:00:00,    3, 1008.3,  969.5
2025-03-09 07:00:00,    3, 1008.0,  960.4
2025-03-09 08:00:00,    3, 1007.8,  969.5
2025-03-09 09:00:00,    3, 1006.9,  969.0
2025-03-09 10:00:00,3,1005.9,968.5
2025-03-09 11:00:00,    3, 1004.4,  958.9
2025-03-09 12:00:00,3,1004.2,967.4
2025-03-09 13:00:00,    3, 1003.4,  966.8
2025-03-09 14:00:00,    3, 1001.5,  956.9
2025-03-09 15:00:00,3,1002.2,965.7
2025-03-09 16:00:00,    3, 1001.7,  965.3
2025-03-09 17:00:00,3,1000.7,955.8
2025-03-09 18:00:00,    3, 1001.9,  965.1
2025-03-09 19:00:00,3,1002.0,965.0
2025-03-09 20:00:00,3,1001.7,964.6
2025-03-09 21:00:00,3,1001.8,964.6
2025-03-09 22:00:00,    3, 1001.8,  964.4
2025-03-09 23:00:00,    3, 1001.9,  964.3
2025-03-10 00:00:00,    3, 1001.4,  963.8
2025-03-10 01:00:00,    3, 1001.1,  963.3
2025-03-10 02:00:00,    3, 1000.5,  953.6
2025-03-10 03:00:00,3,999.8,953.1
2025-03-10 04:00:00,3,999.7,952.7
2025-03-10 05:00:00,3,999.9,961.8
2025-03-10 06:00:00,    3,  999.7,  961.6
2025-03-10 07:00:00,    3, 1000.3,  962.2
2025-03-10 08:00:00,    3, 1000.3,  953.6
2025-03-10 09:00:00,    3, 1000.8,  954.5
2025-03-10 10:00:00,    3, 1002.1,  964.4
2025-03-10 11:00:00,    3, 1002.6,  965.1
2025-03-10 12:00:00,    3, 1002.0,  956.2
2025-03-10 13:00:00,    3, 1002.8,  965.4
2025-03-10 14:00:00,3,1003.2,965.8
2025-03-10 15:00:00,3,1002.8,956.9
2025-03-10 16:00:00,    3, 1002.8,  956.9
2025-03-10 17:00:00,    3, 1003.4,  957.4
2025-03-10 18:00:00,    3, 1004.0,  957.9
2025-03-10 19:00:00,    3, 1004.3,  958.0
2025-03-10 20:00:00,    3, 1004.5,  958.1
2025-03-10 21:00:00,3,1005.1,967.4
2025-03-10 22:00:00,    3, 1005.2,  958.4
2025-03-10 23:00:00,    3, 1004.9,  967.2
2025-03-11 00:00:00,3,1005.0,958.1
2025-03-11 01:00:00,    3, 1005.1,  958.0
2025-03-11 02:00:00,    3, 1004.5,  957.4
2025-03-11 03:00:00,    3, 1004.3,  966.1
2025-03-11 04:00:00,    3, 1004.1,  965.8
2025-03-11 05:00:00,    3, 1004.1,  965.7
2025-03-11 06:00:00,3,1004.7,956.9
2025-03-11 07:00:00,    3, 1004.4,  957.0
2025-03-11 08:00:00,    3, 1004.2,  957.2
2025-03-11 09:00:00,    3, 1003.8,  966.1
2025-03-11 10:00:00,    3, 1002.8,  956.9
2025-03-11 11:00:00,3,1003.0,965.8
2025-03-11 12:00:00,    3, 1001.2,  955.9
2025-03-11 13:00:00,    3, 1000.5,  955.2
2025-03-11 14:00:00,    3, 1000.8,  963.8
2025-03-11 15:00:00,    3, 1000.3,  963.4
2025-03-11 16:00:00,    3, 1000.4,  954.6
2025-03-11 17:00:00,    3, 1000.6,  963.4
2025-03-11 18:00:00,3,1001.6,964.1
2025-03-11 19:00:00,    3, 1000.8,  963.2
2025-03-11 20:00:00,    3, 1001.4,  963.9
2025-03-11 21:00:00,    3, 1000.5,  954.3
2025-03-11 22:00:00,3,1000.3,953.9
2025-03-11 23:00:00,3,1000.1,953.6
2025-03-12 00:00:00,3,999.7,953.3
2025-03-12 01:00:00,3,999.7,962.0
2025-03-12 02:00:00,    3,  999.4,  961.7
2025-03-12 03:00:00,    3,  999.0,  961.2
2025-03-12 04:00:00,    3,  998.7,  960.9
2025-03-12 05:00:00,    3,  998.8,  960.9
2025-03-12 06:00:00,    3,  998.8,  960.9
2025-03-12 07:00:00,3,998.9,961.0
2025-03-12 08:00:00,3,999.0,961.1
2025-03-12 09:00:00,    3,  999.2,  961.3
2025-03-12 10:00:00,    3,  999.2,  961.3
2025-03-12 11:00:00,    3,  999.6,  961.6
2025-03-12 12:00:00,3,998.8,952.3
2025-03-12 13:00:00,    3,  998.4,  951.9
2025-03-12 14:00:00,3,999.3,961.3
2025-03-12 15:00:00,3,999.1,961.1
2025-03-12 16:00:00,    3,  999.2,  961.2
2025-03-12 17:00:00,3,998.7,952.1
2025-03-12 18:00:00,    3,  999.2,  961.2
2025-03-12 19:00:00,3,999.5,961.5
2025-03-12 20:00:00,    3,  998.5,  952.0
2025-03-12 21:00:00,    3,  999.2,  961.2
2025-03-12 22:00:00,    3,  999.0,  961.0
2025-03-12 23:00:00,    3,  998.6,  960.6
2025-03-13 00:00:00,    3,  997.4,  950.8
2025-03-13 01:00:00,3,997.0,950.5
2025-03-13 02:00:00,    3,  997.0,  959.0
2025-03-13 03:00:00,    3,  996.5,  958.5
2025-03-13 04:00:00,    3,  996.3,  958.2
2025-03-13 05:00:00,3,995.7,949.0
2025-03-13 06:00:00,3,995.9,949.3
2025-03-13 07:00:00,    3,  995.9,  949.3
2025-03-13 08:00:00,    3,  996.8,  958.8
2025-03-13 09:00:00,    3,  996.4,  949.8
2025-03-13 10:00:00,    3,  996.1,  949.6
2025-03-13 11:00:00,    3,  996.7,  958.9
2025-03-13 12:00:00,    3,  997.5,  959.6
2025-03-13 13:00:00,3,996.7,950.3
2025-03-13 14:00:00,    3,  997.1,  959.4
2025-03-13 15:00:00,    3,  997.0,  959.4
2025-03-13 16:00:00,    3,  996.0,  950.2
2025-03-13 17:00:00,    3,  998.0,  960.2
2025-03-13 18:00:00,    3,  998.9,  961.0
2025-03-13 19:00:00,    3,  999.4,  952.7
2025-03-13 20:00:00,    3, 1000.2,  953.4
2025-03-13 21:00:00,3,1000.6,953.8
2025-03-13 22:00:00,3,1001.7,963.4
2025-03-13 23:00:00,3,1002.1,963.8
2025-03-14 00:00:00,    3, 1002.2,  963.9
2025-03-14 01:00:00,    3, 1002.9,  964.5
2025-03-14 02:00:00,3,1002.2,955.1
2025-03-14 03:00:00,    3, 1002.9,  964.5
2025-03-14 04:00:00,3,1003.0,964.6
2025-03-14 05:00:00,3,1003.2,955.9
2025-03-14 06:00:00,    3, 1003.8,  956.5
2025-03-14 07:00:00,    3, 1004.4,  957.1
2025-03-14 08:00:00,    3, 1004.8,  957.6
2025-03-14 09:00:00,    3, 1005.4,  958.1
2025-03-14 10:00:00,    3, 1006.3,  967.7
2025-03-14 11:00:00,    3, 1006.6,  968.1
2025-03-14 12:00:00,3,1007.1,968.6
2025-03-14 13:00:00,    3, 1007.2,  968.8
2025-03-14 14:00:00,    3, 1006.4,  959.2
2025-03-14 15:00:00,    3, 1007.5,  969.1
2025-03-14 16:00:00,    3, 1007.6,  960.4
2025-03-14 17:00:00,    3, 1008.0,  960.8
2025-03-14 18:00:00,    3, 1009.1,  970.6
2025-03-14 19:00:00,    3, 1009.2,  961.9
2025-03-14 20:00:00,3,1009.1,961.8
2025-03-14 21:00:00,    3, 1009.3,  962.0
2025-03-14 22:00:00,    3, 1009.7,  962.4
2025-03-14 23:00:00,    3, 1009.3,  962.0
2025-03-15 00:00:00,    3, 1009.5,  962.2
2025-03-15 01:00:00,3,1010.2,971.6
2025-03-15 02:00:00,3,1010.3,971.7
2025-03-15 03:00:00,    3, 1009.6,  962.2
2025-03-15 04:00:00,    3, 1010.9,  972.2
2025-03-15 05:00:00,    3, 1011.0,  972.3
2025-03-15 06:00:00,    3, 1011.5,  972.8
2025-03-15 07:00:00,    3, 1011.7,  973.0
2025-03-15 08:00:00,3,1012.2,973.5
2025-03-15 09:00:00,    3, 1012.4,  973.8
2025-03-15 10:00:00,3,1012.3,973.8
2025-03-15 11:00:00,3,1012.3,973.9
2025-03-15 12:00:00,    3, 1012.1,  973.8
2025-03-15 13:00:00,    3, 1010.9,  964.1
2025-03-15 14:00:00,3,1012.0,973.8
2025-03-15 15:00:00,3,1010.7,963.9
2025-03-15 16:00:00,    3, 1011.6,  973.5
2025-03-15 17:00:00,    3, 1012.3,  974.1
2025-03-15 18:00:00,3,1012.2,965.1
2025-03-15 19:00:00,3,1013.3,975.0
2025-03-15 20:00:00,3,1012.9,965.8
2025-03-15 21:00:00,    3, 1013.3,  966.1
2025-03-15 22:00:00,    3, 1013.4,  966.1
2025-03-15 23:00:00,3,1014.0,975.5
2025-03-16 00:00:00,3,1013.9,975.4
2025-03-16 01:00:00,    3, 1014.1,  975.6
2025-03-16 02:00:00,3,1014.4,975.7
2025-03-16 03:00:00,    3, 1014.5,  975.8
2025-03-16 04:00:00,    3, 1014.1,  966.6
2025-03-16 05:00:00,    3, 1015.4,  976.6
2025-03-16 06:00:00,    3, 1015.0,  967.4
2025-03-16 07:00:00,    3, 1015.4,  967.8
2025-03-16 08:00:00,    3, 1016.0,  968.3
2025-03-16 09:00:00,    3, 1017.3,  978.4
2025-03-16 10:00:00,3,1017.5,978.6
2025-03-16 11:00:00,3,1017.6,978.8
2025-03-16 12:00:00,3,1018.1,979.3
2025-03-16 13:00:00,3,1017.9,979.2
2025-03-16 14:00:00,    3, 1017.8,  979.2
2025-03-16 15:00:00,3,1017.2,969.8
2025-03-16 16:00:00,    3, 1017.6,  970.2
2025-03-16 17:00:00,    3, 1017.9,  970.5
2025-03-16 18:00:00,3,1018.7,971.2
2025-03-16 19:00:00,    3, 1020.0,  981.2
2025-03-16 20:00:00,    3, 1020.0,  972.4
2025-03-16 21:00:00,    3, 1020.5,  972.9
2025-03-16 22:00:00,3,1022.1,983.0
2025-03-16 23:00:00,    3, 1021.4,  973.6
2025-03-17 00:00:00,3,1022.8,983.6
2025-03-17 01:00:00,    3, 1023.2,  983.9
2025-03-17 02:00:00,    3, 1023.3,  983.9
2025-03-17 03:00:00,    3, 1023.7,  984.1
2025-03-17 04:00:00,    3, 1023.9,  984.3
2025-03-17 05:00:00,    3, 1024.2,  984.5
2025-03-17 06:00:00,    3, 1025.3,  985.4
2025-03-17 07:00:00,3,1025.0,976.4
2025-03-17 08:00:00,    3, 1024.7,  976.5
2025-03-17 09:00:00,3,1024.7,976.8
2025-03-17 10:00:00,    3, 1025.7,  986.7
2025-03-17 11:00:00,3,1024.6,977.0
2025-03-17 12:00:00,3,1026.2,987.3
2025-03-17 13:00:00,3,1024.9,977.4
2025-03-17 14:00:00,3,1026.2,987.4
2025-03-17 15:00:00,    3, 1026.0,  987.2
2025-03-17 16:00:00,    3, 1025.8,  987.1
2025-03-17 17:00:00,    3, 1026.4,  987.5
2025-03-17 18:00:00,    3, 1026.5,  978.5
2025-03-17 19:00:00,    3, 1028.1,  988.8
2025-03-17 20:00:00,    3, 1028.8,  989.3
2025-03-17 21:00:00,3,1029.1,989.5
2025-03-17 22:00:00,    3, 1029.6,  989.9
2025-03-17 23:00:00,3,1029.6,989.8
2025-03-18 00:00:00,    3, 1029.1,  980.0
2025-03-18 01:00:00,3,1029.3,980.1
2025-03-18 02:00:00,3,1029.1,979.9
2025-03-18 03:00:00,    3, 1028.8,  979.6
2025-03-18 04:00:00,    3, 1028.5,  979.2
2025-03-18 05:00:00,    3, 1029.0,  988.9
2025-03-18 06:00:00,    3, 1029.0,  989.1
2025-03-18 07:00:00,    3, 1029.2,  989.5
2025-03-18 08:00:00,    3, 1029.1,  989.6
2025-03-18 09:00:00,    3, 1029.1,  989.7
2025-03-18 10:00:00,3,1028.1,979.9
2025-03-18 11:00:00,    3, 1027.5,  979.6
2025-03-18 12:00:00,3,1027.6,988.8
2025-03-18 13:00:00,    3, 1026.7,  988.1
2025-03-18 14:00:00,3,1026.2,987.8
2025-03-18 15:00:00,    3, 1025.3,  978.1
2025-03-18 16:00:00,    3, 1026.0,  987.5
2025-03-18 17:00:00,    3, 1025.3,  977.9
2025-03-18 18:00:00,    3, 1026.2,  978.3
2025-03-18 19:00:00,    3, 1026.8,  978.6
2025-03-18 20:00:00,3,1027.0,978.4
2025-03-18 21:00:00,    3, 1027.2,  978.6
2025-03-18 22:00:00,    3, 1027.0,  978.3
2025-03-18 23:00:00,3,1027.4,987.9
2025-03-19 00:00:00,3,1027.6,988.0
2025-03-19 01:00:00,3,1027.7,978.7
2025-03-19 02:00:00,3,1027.9,978.7
2025-03-19 03:00:00,3,1028.1,988.3
2025-03-19 04:00:00,    3, 1028.3,  988.4
2025-03-19 05:00:00,    3, 1028.4,  979.0
2025-03-19 06:00:00,    3, 1028.7,  979.4
2025-03-19 07:00:00,    3, 1028.8,  979.9
2025-03-19 08:00:00,    3, 1028.5,  980.0
2025-03-19 09:00:00,    3, 1028.7,  989.6
2025-03-19 10:00:00,3,1027.1,979.8
2025-03-19 11:00:00,    3, 1026.5,  979.5
2025-03-19 12:00:00,    3, 1026.7,  988.6
2025-03-19 13:00:00,    3, 1025.8,  987.8
2025-03-19 14:00:00,    3, 1024.0,  977.8
2025-03-19 15:00:00,3,1023.6,977.5
2025-03-19 16:00:00,    3, 1023.5,  977.2
2025-03-19 17:00:00,    3, 1024.4,  986.6
2025-03-19 18:00:00,    3, 1024.8,  986.7
2025-03-19 19:00:00,    3, 1025.5,  987.3
2025-03-19 20:00:00,3,1026.0,978.1
2025-03-19 21:00:00,    3, 1026.0,  987.5
2025-03-19 22:00:00,    3, 1026.4,  987.6
2025-03-19 23:00:00,    3, 1026.7,  978.3
2025-03-20 00:00:00,    3, 1026.5,  987.5
2025-03-20 01:00:00,    3, 1026.8,  978.2
2025-03-20 02:00:00,3,1026.6,978.0
2025-03-20 03:00:00,3,1026.6,987.3
2025-03-20 04:00:00,    3, 1026.8,  978.0
2025-03-20 05:00:00,    3, 1026.9,  987.6
2025-03-20 06:00:00,    3, 1027.1,  978.5
2025-03-20 07:00:00,    3, 1027.0,  987.8
2025-03-20 08:00:00,    3, 1026.8,  987.9
2025-03-20 09:00:00,3,1026.5,988.0
2025-03-20 10:00:00,3,1024.8,978.4
2025-03-20 11:00:00,    3, 1023.5,  977.4
2025-03-20 12:00:00,    3, 1023.6,  986.1
2025-03-20 13:00:00,3,1022.4,985.3
2025-03-20 14:00:00,3,1021.5,984.5
2025-03-20 15:00:00,3,1020.4,975.0
2025-03-20 16:00:00,3,1020.3,983.5
2025-03-20 17:00:00,    3, 1019.5,  974.1
2025-03-20 18:00:00,    3, 1020.3,  974.3
2025-03-20 19:00:00,    3, 1021.0,  983.6
2025-03-20 20:00:00,    3, 1021.4,  983.8
2025-03-20 21:00:00,3,1021.8,974.6
2025-03-20 22:00:00,    3, 1021.8,  974.4
2025-03-20 23:00:00,3,1021.4,974.2
2025-03-21 00:00:00,3,1021.2,983.0
2025-03-21 01:00:00,3,1021.2,973.4
2025-03-21 02:00:00,    3, 1020.5,  982.0
2025-03-21 03:00:00,    3, 1020.3,  972.4
2025-03-21 04:00:00,3,1020.2,972.3
2025-03-21 05:00:00,3,1020.0,981.4
2025-03-21 06:00:00,3,1020.0,972.0
2025-03-21 07:00:00,3,1019.5,981.0
2025-03-21 08:00:00,    3, 1018.8,  980.7
2025-03-21 09:00:00,    3, 1017.6,  971.2
2025-03-21 10:00:00,    3, 1016.2,  970.4
2025-03-21 11:00:00,    3, 1015.0,  969.8
2025-03-21 12:00:00,    3, 1013.7,  968.8
2025-03-21 13:00:00,3,1013.5,977.0
2025-03-21 14:00:00,3,1012.9,976.4
2025-03-21 15:00:00,    3, 1012.2,  975.7
2025-03-21 16:00:00,    3, 1011.6,  975.0
2025-03-21 17:00:00,    3, 1011.2,  974.5
2025-03-21 18:00:00,3,1011.2,974.3
2025-03-21 19:00:00,3,1010.4,964.7
2025-03-21 20:00:00,    3, 1010.3,  973.2
2025-03-21 21:00:00,    3, 1009.8,  972.5
2025-03-21 22:00:00,    3, 1008.5,  962.7
2025-03-21 23:00:00,3,1007.7,961.5
2025-03-22 00:00:00,3,1006.9,960.9
2025-03-22 01:00:00,3,1006.4,960.4
2025-03-22 02:00:00,3,1006.2,968.9
2025-03-22 03:00:00,3,1006.0,968.6
2025-03-22 04:00:00,3,1006.3,968.8
2025-03-22 05:00:00,3,1006.1,968.5
2025-03-22 06:00:00,3,1006.8,969.2
2025-03-22 07:00:00,    3, 1007.3,  969.9
2025-03-22 08:00:00,    3, 1007.9,  970.4
2025-03-22 09:00:00,3,1007.9,970.7
2025-03-22 10:00:00,3,1006.1,961.0
2025-03-22 11:00:00,    3, 1005.7,  960.6
2025-03-22 12:00:00,3,1006.5,969.6
2025-03-22 13:00:00,    3, 1005.5,  968.8
2025-03-22 14:00:00,    3, 1003.7,  958.9
2025-03-22 15:00:00,    3, 1003.7,  967.2
2025-03-22 16:00:00,    3, 1002.9,  966.5
2025-03-22 17:00:00,3,1001.8,956.9
2025-03-22 18:00:00,    3, 1002.8,  966.1
2025-03-22 19:00:00,3,1003.0,966.2
2025-03-22 20:00:00,3,1002.8,965.9
2025-03-22 21:00:00,3,1002.2,965.2
2025-03-22 22:00:00,3,1001.0,955.5
2025-03-22 23:00:00,3,1001.1,964.0
2025-03-23 00:00:00,    3, 1001.1,  964.0
2025-03-23 01:00:00,    3, 1000.6,  954.6
2025-03-23 02:00:00,    3, 1000.2,  954.2
2025-03-23 03:00:00,    3, 1000.6,  963.2
2025-03-23 04:00:00,    3, 1000.9,  963.4
2025-03-23 05:00:00,    3, 1002.1,  964.3
2025-03-23 06:00:00,    3, 1002.8,  965.2
2025-03-23 07:00:00,3,1003.3,965.8
2025-03-23 08:00:00,    3, 1003.8,  966.5
2025-03-23 09:00:00,    3, 1004.5,  967.3
2025-03-23 10:00:00,    3, 1005.0,  967.9
2025-03-23 11:00:00,    3, 1005.5,  968.3
2025-03-23 12:00:00,    3, 1006.1,  968.8
2025-03-23 13:00:00,    3, 1005.8,  968.7
2025-03-23 14:00:00,    3, 1005.8,  960.1
2025-03-23 15:00:00,    3, 1006.5,  969.3
2025-03-23 16:00:00,3,1007.0,969.7
2025-03-23 17:00:00,    3, 1007.1,  969.8
2025-03-23 18:00:00,3,1007.0,961.0
2025-03-23 19:00:00,3,1008.1,961.7
2025-03-23 20:00:00,    3, 1008.7,  971.3
2025-03-23 21:00:00,3,1008.8,962.5
2025-03-23 22:00:00,    3, 1009.2,  962.8
2025-03-23 23:00:00,    3, 1010.0,  972.3
2025-03-24 00:00:00,    3, 1010.2,  972.4
2025-03-24 01:00:00,3,1010.4,972.6
2025-03-24 02:00:00,3,1010.2,963.5
2025-03-24 03:00:00,    3, 1010.1,  963.4
2025-03-24 04:00:00,    3, 1010.2,  963.5
2025-03-24 05:00:00,3,1010.9,972.9
2025-03-24 06:00:00,    3, 1011.3,  964.4
2025-03-24 07:00:00,    3, 1012.2,  974.2
2025-03-24 08:00:00,3,1012.9,966.1
2025-03-24 09:00:00,3,1013.7,975.7
2025-03-24 10:00:00,    3, 1013.6,  967.0
2025-03-24 11:00:00,3,1014.5,976.6
2025-03-24 12:00:00,    3, 1014.0,  967.6
2025-03-24 13:00:00,    3, 1014.2,  976.6
2025-03-24 14:00:00,    3, 1013.8,  976.5
2025-03-24 15:00:00,    3, 1013.7,  976.4
2025-03-24 16:00:00,3,1013.9,976.6
2025-03-24 17:00:00,    3, 1014.3,  976.9
2025-03-24 18:00:00,    3, 1015.0,  977.5
2025-03-24 19:00:00,    3, 1015.6,  978.1
2025-03-24 20:00:00,    3, 1017.0,  979.2
2025-03-24 21:00:00,    3, 1017.1,  970.5
2025-03-24 22:00:00,    3, 1017.4,  970.7
2025-03-24 23:00:00,    3, 1017.7,  979.7
2025-03-25 00:00:00,    3, 1017.3,  970.5
2025-03-25 01:00:00,    3, 1017.5,  970.7
2025-03-25 02:00:00,    3, 1017.4,  970.6
2025-03-25 03:00:00,    3, 1017.4,  970.5
2025-03-25 04:00:00,    3, 1017.8,  970.7
2025-03-25 05:00:00,    3, 1018.5,  980.3
2025-03-25 06:00:00,3,1018.9,980.7
2025-03-25 07:00:00,    3, 1019.1,  981.0
2025-03-25 08:00:00,    3, 1019.2,  981.3
2025-03-25 09:00:00,    3, 1019.4,  972.9
2025-03-25 10:00:00,    3, 1018.9,  972.7
2025-03-25 11:00:00,    3, 1019.1,  981.6
2025-03-25 12:00:00,    3, 1018.5,  972.6
2025-03-25 13:00:00,    3, 1017.9,  980.6
2025-03-25 14:00:00,    3, 1017.2,  971.3
2025-03-25 15:00:00,    3, 1017.9,  980.4
2025-03-25 16:00:00,    3, 1017.6,  980.2
2025-03-25 17:00:00,    3, 1017.5,  971.3
2025-03-25 18:00:00,3,1018.0,971.6
2025-03-25 19:00:00,    3, 1019.0,  981.3
2025-03-25 20:00:00,3,1019.1,972.5
2025-03-25 21:00:00,3,1019.1,972.5
2025-03-25 22:00:00,3,1019.6,981.7
2025-03-25 23:00:00,    3, 1019.6,  981.7
2025-03-26 00:00:00,3,1019.2,972.5
2025-03-26 01:00:00,    3, 1019.8,  981.7
2025-03-26 02:00:00,    3, 1019.9,  981.7
2025-03-26 03:00:00,    3, 1020.0,  981.7
2025-03-26 04:00:00,    3, 1019.3,  972.3
2025-03-26 05:00:00,    3, 1019.6,  972.6
2025-03-26 06:00:00,    3, 1020.2,  981.9
2025-03-26 07:00:00,    3, 1019.8,  972.9
2025-03-26 08:00:00,3,1020.7,982.5
2025-03-26 09:00:00,    3, 1021.1,  982.9
2025-03-26 10:00:00,    3, 1020.6,  973.8
2025-03-26 11:00:00,    3, 1021.4,  983.2
2025-03-26 12:00:00,    3, 1020.3,  973.5
2025-03-26 13:00:00,    3, 1020.9,  982.6
2025-03-26 14:00:00,    3, 1020.7,  982.4
2025-03-26 15:00:00,    3, 1019.9,  973.0
2025-03-26 16:00:00,    3, 1019.9,  973.0
2025-03-26 17:00:00,    3, 1020.4,  973.4
2025-03-26 18:00:00,    3, 1021.7,  983.3
2025-03-26 19:00:00,    3, 1022.3,  983.8
2025-03-26 20:00:00,    3, 1022.5,  984.0
2025-03-26 21:00:00,    3, 1022.8,  984.3
2025-03-26 22:00:00,3,1022.8,984.2
2025-03-26 23:00:00,    3, 1022.8,  984.2
2025-03-27 00:00:00,    3, 1022.6,  984.0
2025-03-27 01:00:00,    3, 1021.5,  974.2
2025-03-27 02:00:00,    3, 1021.2,  973.9
2025-03-27 03:00:00,3,1020.9,973.6
2025-03-27 04:00:00,3,1021.9,983.3
2025-03-27 05:00:00,3,1021.7,983.1
2025-03-27 06:00:00,3,1021.7,983.1
2025-03-27 07:00:00,    3, 1021.1,  973.8
2025-03-27 08:00:00,    3, 1021.1,  973.9
2025-03-27 09:00:00,    3, 1021.1,  974.0
2025-03-27 10:00:00,3,1020.7,973.7
2025-03-27 11:00:00,    3, 1020.7,  982.7
2025-03-27 12:00:00,3,1020.6,982.5
2025-03-27 13:00:00,    3, 1019.5,  972.7
2025-03-27 14:00:00,3,1019.0,972.3
2025-03-27 15:00:00,    3, 1018.6,  971.9
2025-03-27 16:00:00,    3, 1018.3,  971.7
2025-03-27 17:00:00,    3, 1018.4,  971.6
2025-03-27 18:00:00,    3, 1018.7,  971.5
2025-03-27 19:00:00,    3, 1018.7,  971.4
2025-03-27 20:00:00,    3, 1019.1,  980.6
2025-03-27 21:00:00,    3, 1018.9,  980.4
2025-03-27 22:00:00,    3, 1018.6,  980.0
2025-03-27 23:00:00,    3, 1018.1,  970.2
2025-03-28 00:00:00,    3, 1017.5,  969.6
2025-03-28 01:00:00,3,1017.3,969.2
2025-03-28 02:00:00,3,1016.8,977.9
2025-03-28 03:00:00,3,1016.7,977.6
2025-03-28 04:00:00,3,1016.4,977.3
2025-03-28 05:00:00,3,1015.8,967.6
2025-03-28 06:00:00,    3, 1015.6,  967.5
2025-03-28 07:00:00,3,1014.8,967.3
2025-03-28 08:00:00,3,1014.7,976.2
2025-03-28 09:00:00,    3, 1013.9,  976.0
2025-03-28 10:00:00,    3, 1013.2,  975.4
2025-03-28 11:00:00,    3, 1011.6,  965.6
2025-03-28 12:00:00,    3, 1011.5,  974.1
2025-03-28 13:00:00,3,1010.2,973.0
2025-03-28 14:00:00,    3, 1008.7,  963.2
2025-03-28 15:00:00,3,1008.7,971.7
2025-03-28 16:00:00,    3, 1008.5,  971.4
2025-03-28 17:00:00,    3, 1008.5,  971.4
2025-03-28 18:00:00,    3, 1008.6,  962.7
2025-03-28 19:00:00,    3, 1009.1,  971.7
2025-03-28 20:00:00,3,1009.2,971.9
2025-03-28 21:00:00,    3, 1009.3,  963.1
2025-03-28 22:00:00,    3, 1009.1,  962.8
2025-03-28 23:00:00,    3, 1008.9,  962.6
2025-03-29 00:00:00,3,1009.3,971.6
2025-03-29 01:00:00,3,1008.9,962.3
2025-03-29 02:00:00,3,1008.8,962.2
2025-03-29 03:00:00,    3, 1009.1,  962.4
2025-03-29 04:00:00,3,1009.5,971.7
2025-03-29 05:00:00,    3, 1010.7,  972.8
2025-03-29 06:00:00,    3, 1011.9,  973.8
2025-03-29 07:00:00,    3, 1012.0,  965.3
2025-03-29 08:00:00,3,1013.6,975.5
2025-03-29 09:00:00,    3, 1013.9,  967.3
2025-03-29 10:00:00,    3, 1015.2,  977.3
2025-03-29 11:00:00,3,1015.0,968.5
2025-03-29 12:00:00,    3, 1015.3,  969.0
2025-03-29 13:00:00,    3, 1015.5,  969.2
2025-03-29 14:00:00,    3, 1015.4,  969.2
2025-03-29 15:00:00,    3, 1015.9,  969.6
2025-03-29 16:00:00,3,1017.0,979.2
2025-03-29 17:00:00,3,1017.0,970.5
2025-03-29 18:00:00,3,1017.9,971.3
2025-03-29 19:00:00,    3, 1019.6,  981.4
2025-03-29 20:00:00,    3, 1019.5,  972.5
2025-03-29 21:00:00,    3, 1020.2,  972.5
2025-03-29 22:00:00,    3, 1020.5,  972.9
2025-03-29 23:00:00,    3, 1020.3,  981.8
2025-03-30 00:00:00,    3, 1020.4,  981.8
2025-03-30 01:00:00,    3, 1020.6,  981.9
2025-03-30 02:00:00,    3, 1020.5,  981.8
2025-03-30 03:00:00,3,1020.9,972.9
2025-03-30 04:00:00,    3, 1020.6,  981.8
2025-03-30 05:00:00,    3, 1020.6,  981.7
2025-03-30 06:00:00,    3, 1020.4,  981.5
2025-03-30 07:00:00,3,1020.3,981.7
2025-03-30 08:00:00,    3, 1019.9,  981.7
2025-03-30 09:00:00,    3, 1019.7,  981.6
2025-03-30 10:00:00,    3, 1018.4,  971.9
2025-03-30 11:00:00,3,1017.7,980.0
2025-03-30 12:00:00,3,1016.8,970.6
2025-03-30 13:00:00,3,1016.9,979.2
2025-03-30 14:00:00,3,1017.5,979.7
2025-03-30 15:00:00,    3, 1018.2,  980.1
2025-03-30 16:00:00,3,1017.9,979.8
2025-03-30 17:00:00,3,1017.4,970.8
2025-03-30 18:00:00,3,1017.7,970.9
2025-03-30 19:00:00,3,1018.4,971.5
2025-03-30 20:00:00,    3, 1018.8,  971.9
2025-03-30 21:00:00,    3, 1019.3,  981.2
2025-03-30 22:00:00,    3, 1019.4,  981.2
2025-03-30 23:00:00,    3, 1019.2,  972.2
2025-03-31 00:00:00,    3, 1019.3,  972.3
2025-03-31 01:00:00,    3, 1019.5,  972.4
2025-03-31 02:00:00,    3, 1019.7,  972.5
2025-03-31 03:00:00,    3, 1019.8,  972.6
2025-03-31 04:00:00,    3, 1020.4,  981.9
2025-03-31 05:00:00,    3, 1020.4,  973.2
2025-03-31 06:00:00,    3, 1020.9,  973.6
2025-03-31 07:00:00,    3, 1021.7,  974.4
2025-03-31 08:00:00,3,1023.9,985.1
2025-03-31 09:00:00,3,1023.9,985.3
2025-03-31 10:00:00,    3, 1024.0,  976.6
2025-03-31 11:00:00,    3, 1025.1,  986.5
2025-03-31 12:00:00,    3, 1025.0,  986.4
2025-03-31 13:00:00,    3, 1024.7,  986.2
2025-03-31 14:00:00,3,1024.7,986.3
2025-03-31 15:00:00,    3, 1024.2,  977.1
2025-03-31 16:00:00,    3, 1024.3,  977.2
2025-03-31 17:00:00,3,1024.5,977.4
2025-03-31 18:00:00,3,1025.2,977.8
2025-03-31 19:00:00,3,1026.0,978.5
2025-03-31 20:00:00,    3, 1026.0,  978.6
2025-03-31 21:00:00,    3, 1026.9,  988.2
2025-03-31 22:00:00,    3, 1026.9,  988.2
2025-03-31 23:00:00,3,1026.6,987.8
2025-04-01 00:00:00,    3, 1025.4,  977.8
2025-04-01 01:00:00,    3, 1025.1,  977.5
2025-04-01 02:00:00,    3, 1025.3,  986.5
2025-04-01 03:00:00,3,1024.9,986.1
2025-04-01 04:00:00,3,1025.1,986.2
2025-04-01 05:00:00,    3, 1025.0,  986.0
2025-04-01 06:00:00,    3, 1025.0,  986.0
2025-04-01 07:00:00,    3, 1024.9,  986.0
2025-04-01 08:00:00,3,1023.8,976.2
2025-04-01 09:00:00,    3, 1023.5,  976.0
2025-04-01 10:00:00,    3, 1023.1,  975.9
2025-04-01 11:00:00,3,1022.4,975.4
2025-04-01 12:00:00,3,1023.0,984.8
2025-04-01 13:00:00,3,1022.4,984.2
2025-04-01 14:00:00,3,1022.1,984.0
2025-04-01 15:00:00,    3, 1020.8,  974.2
2025-04-01 16:00:00,    3, 1021.3,  983.4
2025-04-01 17:00:00,    3, 1021.3,  983.3
2025-04-01 18:00:00,    3, 1020.8,  973.9
2025-04-01 19:00:00,    3, 1021.2,  974.2
2025-04-01 20:00:00,    3, 1021.3,  974.1
2025-04-01 21:00:00,    3, 1022.1,  983.6
2025-04-01 22:00:00,3,1022.0,983.4
2025-04-01 23:00:00,3,1020.5,973.4
2025-04-02 00:00:00,    3, 1020.5,  973.1
2025-04-02 01:00:00,    3, 1021.1,  982.4
2025-04-02 02:00:00,    3, 1020.9,  982.1
2025-04-02 03:00:00,3,1019.7,972.1
2025-04-02 04:00:00,    3, 1019.7,  972.0
2025-04-02 05:00:00,    3, 1019.6,  972.0
2025-04-02 06:00:00,3,1020.5,981.9
2025-04-02 07:00:00,3,1020.1,981.8
2025-04-02 08:00:00,3,1019.7,981.7
2025-04-02 09:00:00,    3, 1018.8,  972.3
2025-04-02 10:00:00,    3, 1019.1,  981.5
2025-04-02 11:00:00,    3, 1018.6,  981.1
2025-04-02 12:00:00,3,1018.0,980.7
2025-04-02 13:00:00,    3, 1016.5,  970.9
2025-04-02 14:00:00,    3, 1016.5,  970.8
2025-04-02 15:00:00,    3, 1016.2,  970.5
2025-04-02 16:00:00,    3, 1016.2,  970.5
2025-04-02 17:00:00,    3, 1017.6,  980.2
2025-04-02 18:00:00,    3, 1018.1,  980.6
2025-04-02 19:00:00,    3, 1019.1,  981.4
2025-04-02 20:00:00,    3, 1019.6,  981.7
2025-04-02 21:00:00,    3, 1020.0,  982.0
2025-04-02 22:00:00,3,1019.5,972.8
2025-04-02 23:00:00,3,1019.8,973.0
2025-04-03 00:00:00,    3, 1020.7,  982.6
2025-04-03 01:00:00,    3, 1020.7,  982.4
2025-04-03 02:00:00,    3, 1020.7,  982.3
2025-04-03 03:00:00,    3, 1020.7,  982.4
2025-04-03 04:00:00,    3, 1021.1,  982.8
2025-04-03 05:00:00,3,1021.3,973.8
2025-04-03 06:00:00,3,1021.6,974.4
2025-04-03 07:00:00,    3, 1022.7,  984.5
2025-04-03 08:00:00,3,1022.5,984.7
2025-04-03 09:00:00,    3, 1022.6,  985.0
2025-04-03 10:00:00,3,1021.8,975.7
2025-04-03 11:00:00,3,1021.1,975.3
2025-04-03 12:00:00,    3, 1020.4,  974.9
2025-04-03 13:00:00,    3, 1020.7,  983.7
2025-04-03 14:00:00,    3, 1020.2,  983.3
2025-04-03 15:00:00,    3, 1020.1,  983.2
2025-04-03 16:00:00,    3, 1020.2,  983.2
2025-04-03 17:00:00,    3, 1019.8,  974.2
2025-04-03 18:00:00,3,1020.8,983.5
2025-04-03 19:00:00,3,1021.0,974.5
2025-04-03 20:00:00,    3, 1021.3,  974.9
2025-04-03 21:00:00,    3, 1021.6,  974.9
2025-04-03 22:00:00,    3, 1022.1,  984.2
2025-04-03 23:00:00,3,1021.6,974.7
2025-04-04 00:00:00,    3, 1021.5,  974.4
2025-04-04 01:00:00,    3, 1021.7,  973.9
2025-04-04 02:00:00,    3, 1021.4,  983.0
2025-04-04 03:00:00,    3, 1021.5,  982.9
2025-04-04 04:00:00,3,1021.6,973.5
2025-04-04 05:00:00,    3, 1021.1,  973.6
2025-04-04 06:00:00,    3, 1021.0,  973.7
2025-04-04 07:00:00,    3, 1021.3,  982.9
2025-04-04 08:00:00,    3, 1020.9,  982.9
2025-04-04 09:00:00,3,1019.1,973.2
2025-04-04 10:00:00,    3, 1018.4,  972.8
2025-04-04 11:00:00,    3, 1018.4,  981.5
2025-04-04 12:00:00,    3, 1016.7,  971.5
2025-04-04 13:00:00,    3, 1016.0,  971.0
2025-04-04 14:00:00,3,1015.0,970.1
2025-04-04 15:00:00,3,1014.9,978.4
2025-04-04 16:00:00,    3, 1014.6,  978.1
2025-04-04 17:00:00,    3, 1013.8,  968.8
2025-04-04 18:00:00,    3, 1014.1,  968.7
2025-04-04 19:00:00,    3, 1015.2,  978.1
2025-04-04 20:00:00,    3, 1015.1,  969.0
2025-04-04 21:00:00,    3, 1015.0,  968.7
2025-04-04 22:00:00,    3, 1015.1,  968.7
2025-04-04 23:00:00,    3, 1015.7,  977.8
2025-04-05 00:00:00,3,1015.5,977.7
2025-04-05 01:00:00,3,1015.6,977.5
2025-04-05 02:00:00,    3, 1015.3,  968.0
2025-04-05 03:00:00,    3, 1015.2,  967.9
2025-04-05 04:00:00,    3, 1015.7,  977.3
2025-04-05 05:00:00,3,1015.7,977.3
2025-04-05 06:00:00,    3, 1015.6,  968.3
2025-04-05 07:00:00,    3, 1015.8,  977.7
2025-04-05 08:00:00,3,1015.7,977.9
2025-04-05 09:00:00,    3, 1015.0,  977.8
2025-04-05 10:00:00,3,1014.5,977.5
2025-04-05 11:00:00,    3, 1013.0,  967.9
2025-04-05 12:00:00,3,1012.5,967.5
2025-04-05 13:00:00,3,1011.7,966.9
2025-04-05 14:00:00,    3, 1011.4,  966.6
2025-04-05 15:00:00,    3, 1012.0,  975.4
2025-04-05 16:00:00,3,1011.2,966.3
2025-04-05 17:00:00,    3, 1011.7,  975.1
2025-04-05 18:00:00,    3, 1012.8,  975.8
2025-04-05 19:00:00,    3, 1014.5,  977.1
2025-04-05 20:00:00,3,1014.8,968.7
2025-04-05 21:00:00,    3, 1015.8,  969.3
2025-04-05 22:00:00,    3, 1016.7,  970.0
2025-04-05 23:00:00,    3, 1017.7,  970.6
2025-04-06 00:00:00,3,1018.6,971.4
2025-04-06 01:00:00,3,1020.1,981.5
2025-04-06 02:00:00,3,1020.3,981.6
2025-04-06 03:00:00,    3, 1020.6,  981.7
2025-04-06 04:00:00,    3, 1020.4,  972.6
2025-04-06 05:00:00,    3, 1021.1,  973.0
2025-04-06 06:00:00,    3, 1022.1,  974.0
2025-04-06 07:00:00,    3, 1023.4,  984.4
2025-04-06 08:00:00,    3, 1023.0,  975.1
2025-04-06 09:00:00,    3, 1023.9,  985.1
2025-04-06 10:00:00,    3, 1023.8,  985.0
2025-04-06 11:00:00,    3, 1023.4,  984.9
2025-04-06 12:00:00,    3, 1022.1,  974.9
2025-04-06 13:00:00,    3, 1021.6,  974.5
2025-04-06 14:00:00,    3, 1021.0,  974.1
2025-04-06 15:00:00,    3, 1021.9,  983.6
2025-04-06 16:00:00,    3, 1021.5,  983.3
2025-04-06 17:00:00,    3, 1020.8,  973.8
2025-04-06 18:00:00,    3, 1022.1,  983.6
2025-04-06 19:00:00,3,1023.0,984.2
2025-04-06 20:00:00,    3, 1023.8,  984.8
2025-04-06 21:00:00,    3, 1023.4,  975.3
2025-04-06 22:00:00,3,1024.3,985.1
2025-04-06 23:00:00,    3, 1024.2,  985.0
2025-04-07 00:00:00,    3, 1024.6,  985.2
2025-04-07 01:00:00,    3, 1024.3,  984.9
2025-04-07 02:00:00,3,1024.3,984.8
2025-04-07 03:00:00,    3, 1023.4,  974.8
2025-04-07 04:00:00,    3, 1023.1,  974.5
2025-04-07 05:00:00,    3, 1024.3,  984.6
2025-04-07 06:00:00,    3, 1023.9,  975.5
2025-04-07 07:00:00,    3, 1025.2,  985.8
2025-04-07 08:00:00,    3, 1025.0,  986.1
2025-04-07 09:00:00,    3, 1023.9,  976.5
2025-04-07 10:00:00,    3, 1024.9,  986.4
2025-04-07 11:00:00,    3, 1023.8,  976.6
2025-04-07 12:00:00,    3, 1023.3,  976.3
2025-04-07 13:00:00,    3, 1022.9,  976.1
2025-04-07 14:00:00,    3, 1022.7,  975.9
2025-04-07 15:00:00,3,1022.3,975.6
2025-04-07 16:00:00,    3, 1023.0,  985.0
2025-04-07 17:00:00,    3, 1023.4,  985.3
2025-04-07 18:00:00,    3, 1024.1,  985.8
2025-04-07 19:00:00,    3, 1024.8,  977.1
2025-04-07 20:00:00,    3, 1025.8,  987.0
2025-04-07 21:00:00,3,1025.4,977.5
2025-04-07 22:00:00,    3, 1025.9,  977.9
2025-04-07 23:00:00,3,1026.7,987.6
2025-04-08 00:00:00,    3, 1026.4,  978.1
2025-04-08 01:00:00,    3, 1026.2,  977.8
2025-04-08 02:00:00,    3, 1026.6,  977.9
2025-04-08 03:00:00,    3, 1026.3,  977.8
2025-04-08 04:00:00,3,1026.6,978.0
2025-04-08 05:00:00,    3, 1026.8,  978.2
2025-04-08 06:00:00,    3, 1027.7,  988.2
2025-04-08 07:00:00,3,1027.4,988.4
2025-04-08 08:00:00,    3, 1027.5,  988.8
2025-04-08 09:00:00,    3, 1026.8,  979.6
2025-04-08 10:00:00,    3, 1026.3,  979.4
2025-04-08 11:00:00,    3, 1025.8,  979.0
2025-04-08 12:00:00,    3, 1025.2,  978.6
2025-04-08 13:00:00,    3, 1025.0,  987.2
2025-04-08 14:00:00,3,1024.1,986.4
2025-04-08 15:00:00,3,1023.4,985.8
2025-04-08 16:00:00,3,1022.3,976.1
2025-04-08 17:00:00,    3, 1022.7,  985.0
2025-04-08 18:00:00,    3, 1022.9,  985.0
2025-04-08 19:00:00,    3, 1023.5,  985.4
2025-04-08 20:00:00,    3, 1023.5,  985.3
2025-04-08 21:00:00,    3, 1023.4,  985.1
2025-04-08 22:00:00,    3, 1023.5,  985.1
2025-04-08 23:00:00,    3, 1023.4,  984.8
2025-04-09 00:00:00,3,1023.4,984.6
2025-04-09 01:00:00,    3, 1023.0,  984.2
2025-04-09 02:00:00,    3, 1022.8,  983.9
2025-04-09 03:00:00,3,1022.7,974.6
2025-04-09 04:00:00,    3, 1022.6,  974.5
2025-04-09 05:00:00,    3, 1022.8,  983.7
2025-04-09 06:00:00,3,1023.3,984.2
2025-04-09 07:00:00,    3, 1022.2,  974.9
2025-04-09 08:00:00,3,1023.0,984.6
2025-04-09 09:00:00,    3, 1022.9,  984.8
2025-04-09 10:00:00,    3, 1022.6,  984.8
2025-04-09 11:00:00,3,1022.2,984.6
2025-04-09 12:00:00,    3, 1020.9,  974.9
2025-04-09 13:00:00,3,1020.6,974.6
2025-04-09 14:00:00,3,1021.2,983.8
2025-04-09 15:00:00,    3, 1020.6,  974.7
2025-04-09 16:00:00,3,1021.5,984.0
2025-04-09 17:00:00,3,1021.4,975.2
2025-04-09 18:00:00,    3, 1022.3,  975.7
2025-04-09 19:00:00,    3, 1023.6,  985.5
2025-04-09 20:00:00,    3, 1023.6,  976.4
2025-04-09 21:00:00,    3, 1024.0,  976.6
2025-04-09 22:00:00,    3, 1024.6,  976.9
2025-04-09 23:00:00,    3, 1024.9,  986.3
2025-04-10 00:00:00,    3, 1024.9,  986.4
2025-04-10 01:00:00,3,1024.6,977.2
2025-04-10 02:00:00,    3, 1025.1,  986.4
2025-04-10 03:00:00,3,1025.5,986.7
2025-04-10 04:00:00,3,1025.8,986.9
2025-04-10 05:00:00,3,1026.3,987.3
2025-04-10 06:00:00,3,1026.5,978.5
2025-04-10 07:00:00,    3, 1026.0,  978.7
2025-04-10 08:00:00,    3, 1027.0,  988.6
2025-04-10 09:00:00,    3, 1027.3,  988.9
2025-04-10 10:00:00,3,1026.1,979.3
2025-04-10 11:00:00,3,1025.7,979.1
2025-04-10 12:00:00,    3, 1024.8,  978.5
2025-04-10 13:00:00,    3, 1024.2,  978.0
2025-04-10 14:00:00,    3, 1024.8,  987.0
2025-04-10 15:00:00,    3, 1024.5,  986.8
2025-04-10 16:00:00,3,1024.5,986.8
2025-04-10 17:00:00,3,1023.8,977.4
2025-04-10 18:00:00,    3, 1024.0,  977.3
2025-04-10 19:00:00,3,1024.3,977.5
2025-04-10 20:00:00,    3, 1024.9,  977.7
2025-04-10 21:00:00,    3, 1025.0,  977.7
2025-04-10 22:00:00,3,1025.3,977.7
2025-04-10 23:00:00,3,1025.3,977.4
2025-04-11 00:00:00,3,1025.2,977.0
2025-04-11 01:00:00,    3, 1024.5,  976.6
2025-04-11 02:00:00,3,1024.3,976.3
2025-04-11 03:00:00,    3, 1023.9,  975.9
2025-04-11 04:00:00,    3, 1024.1,  975.8
2025-04-11 05:00:00,3,1024.1,975.8
2025-04-11 06:00:00,    3, 1024.2,  976.1
2025-04-11 07:00:00,    3, 1023.3,  975.8
2025-04-11 08:00:00,    3, 1023.5,  985.2
2025-04-11 09:00:00,3,1023.1,985.1
2025-04-11 10:00:00,    3, 1022.2,  984.5
2025-04-11 11:00:00,    3, 1021.6,  984.1
2025-04-11 12:00:00,    3, 1020.6,  983.3
2025-04-11 13:00:00,    3, 1019.9,  982.7
2025-04-11 14:00:00,    3, 1018.0,  972.7
2025-04-11 15:00:00,    3, 1017.5,  972.2
2025-04-11 16:00:00,    3, 1017.3,  971.9
2025-04-11 17:00:00,    3, 1018.1,  981.0
2025-04-11 18:00:00,    3, 1017.7,  971.9
2025-04-11 19:00:00,    3, 1017.9,  972.0
2025-04-11 20:00:00,    3, 1018.5,  981.0
2025-04-11 21:00:00,    3, 1018.4,  971.8
2025-04-11 22:00:00,    3, 1018.5,  980.7
2025-04-11 23:00:00,3,1018.4,980.3
2025-04-12 00:00:00,    3, 1018.1,  970.9
2025-04-12 01:00:00,    3, 1017.5,  979.3
2025-04-12 02:00:00,    3, 1017.1,  978.8
2025-04-12 03:00:00,    3, 1016.6,  978.2
2025-04-12 04:00:00,3,1016.4,977.9
2025-04-12 05:00:00,    3, 1016.2,  977.6
2025-04-12 06:00:00,3,1015.7,968.4
2025-04-12 07:00:00,    3, 1014.6,  968.1
2025-04-12 08:00:00,3,1013.8,967.6
2025-04-12 09:00:00,    3, 1012.8,  967.2
2025-04-12 10:00:00,3,1011.9,966.8
2025-04-12 11:00:00,    3, 1011.0,  966.1
2025-04-12 12:00:00,    3, 1010.7,  974.5
2025-04-12 13:00:00,    3, 1009.1,  964.7
2025-04-12 14:00:00,    3, 1008.6,  964.2
2025-04-12 15:00:00,    3, 1008.2,  972.1
2025-04-12 16:00:00,3,1006.5,962.2
2025-04-12 17:00:00,    3, 1006.4,  970.3
2025-04-12 18:00:00,3,1006.6,970.2
2025-04-12 19:00:00,    3, 1006.7,  961.6
2025-04-12 20:00:00,    3, 1007.1,  961.6
2025-04-12 21:00:00,    3, 1007.2,  961.7
2025-04-12 22:00:00,    3, 1007.2,  970.4
2025-04-12 23:00:00,    3, 1007.1,  970.2
2025-04-13 00:00:00,    3, 1007.1,  961.5
2025-04-13 01:00:00,3,1006.5,961.1
2025-04-13 02:00:00,    3, 1007.3,  970.1
2025-04-13 03:00:00,3,1007.2,970.1
2025-04-13 04:00:00,3,1006.9,961.3
2025-04-13 05:00:00,    3, 1007.4,  970.3
2025-04-13 06:00:00,3,1007.6,962.2
2025-04-13 07:00:00,3,1008.7,971.6
2025-04-13 08:00:00,3,1008.8,963.4
2025-04-13 09:00:00,    3, 1009.2,  963.7
2025-04-13 10:00:00,    3, 1009.1,  963.7
2025-04-13 11:00:00,3,1009.2,963.9
2025-04-13 12:00:00,    3, 1009.3,  972.4
2025-04-13 13:00:00,    3, 1008.5,  963.4
2025-04-13 14:00:00,    3, 1008.6,  971.9
2025-04-13 15:00:00,    3, 1008.1,  971.5
2025-04-13 16:00:00,    3, 1007.8,  962.8
2025-04-13 17:00:00,    3, 1007.9,  971.3
2025-04-13 18:00:00,    3, 1008.2,  971.5
2025-04-13 19:00:00,    3, 1009.0,  972.1
2025-04-13 20:00:00,    3, 1009.6,  972.6
2025-04-13 21:00:00,    3, 1010.1,  972.9
2025-04-13 22:00:00,3,1010.6,973.2
2025-04-13 23:00:00,    3, 1010.8,  973.3
2025-04-14 00:00:00,    3, 1010.7,  973.3
2025-04-14 01:00:00,3,1010.3,964.2
2025-04-14 02:00:00,3,1010.7,964.6
2025-04-14 03:00:00,    3, 1011.7,  974.0
2025-04-14 04:00:00,    3, 1011.7,  974.0
2025-04-14 05:00:00,    3, 1011.5,  965.2
2025-04-14 06:00:00,    3, 1011.5,  965.3
2025-04-14 07:00:00,3,1012.3,974.6
2025-04-14 08:00:00,    3, 1011.4,  965.6
2025-04-14 09:00:00,    3, 1011.0,  965.4
2025-04-14 10:00:00,3,1010.8,973.9
2025-04-14 11:00:00,    3, 1010.5,  973.6
2025-04-14 12:00:00,    3, 1008.8,  963.8
2025-04-14 13:00:00,3,1008.5,972.0
2025-04-14 14:00:00,    3, 1007.7,  971.2
2025-04-14 15:00:00,3,1006.6,970.2
2025-04-14 16:00:00,    3, 1006.4,  970.0
2025-04-14 17:00:00,    3, 1005.1,  960.3
2025-04-14 18:00:00,    3, 1005.5,  968.9
2025-04-14 19:00:00,    3, 1005.4,  968.7
2025-04-14 20:00:00,3,1005.1,968.2
2025-04-14 21:00:00,    3, 1004.5,  967.6
2025-04-14 22:00:00,    3, 1003.6,  966.7
2025-04-14 23:00:00,    3, 1002.3,  956.8
2025-04-15 00:00:00,3,1002.1,965.1
2025-04-15 01:00:00,    3, 1000.9,  955.3
2025-04-15 02:00:00,    3, 1000.7,  963.6
2025-04-15 03:00:00,    3,  999.6,  953.9
2025-04-15 04:00:00,    3,  999.5,  953.6
2025-04-15 05:00:00,    3,  999.7,  953.6
2025-04-15 06:00:00,    3,  999.1,  953.6
2025-04-15 07:00:00,3,998.7,953.4
2025-04-15 08:00:00,    3,  998.9,  962.3
2025-04-15 09:00:00,    3,  998.3,  953.7
2025-04-15 10:00:00,    3,  999.0,  962.9
2025-04-15 11:00:00,    3,  999.6,  963.3
2025-04-15 12:00:00,3,1000.7,964.1
2025-04-15 13:00:00,    3, 1001.5,  964.9
2025-04-15 14:00:00,    3, 1000.8,  956.0
2025-04-15 15:00:00,    3, 1001.1,  956.3
2025-04-15 16:00:00,    3, 1001.0,  956.3
2025-04-15 17:00:00,3,1001.1,956.5
2025-04-15 18:00:00,    3, 1002.4,  965.8
2025-04-15 19:00:00,    3, 1002.9,  966.2
2025-04-15 20:00:00,    3, 1003.7,  966.9
2025-04-15 21:00:00,    3, 1004.5,  967.5
2025-04-15 22:00:00,    3, 1005.4,  968.3
2025-04-15 23:00:00,3,1005.1,959.4
2025-04-16 00:00:00,    3, 1006.0,  959.8
2025-04-16 01:00:00,    3, 1006.3,  969.1
2025-04-16 02:00:00,    3, 1006.7,  969.3
2025-04-16 03:00:00,    3, 1006.0,  968.6
2025-04-16 04:00:00,    3, 1006.1,  968.7
2025-04-16 05:00:00,    3, 1005.7,  959.6
2025-04-16 06:00:00,3,1005.4,959.6
2025-04-16 07:00:00,    3, 1005.5,  968.4
2025-04-16 08:00:00,3,1003.6,958.7
2025-04-16 09:00:00,    3, 1003.7,  958.9
2025-04-16 10:00:00,    3, 1003.2,  958.8
2025-04-16 11:00:00,    3, 1003.1,  958.8
2025-04-16 12:00:00,    3, 1003.2,  959.0
2025-04-16 13:00:00,    3, 1003.6,  959.2
2025-04-16 14:00:00,    3, 1004.5,  959.7
2025-04-16 15:00:00,3,1007.2,970.1
2025-04-16 16:00:00,3,1008.4,971.0
2025-04-16 17:00:00,    3, 1007.9,  962.1
2025-04-16 18:00:00,    3, 1008.3,  962.3
2025-04-16 19:00:00,3,1009.0,962.9
2025-04-16 20:00:00,    3, 1009.6,  963.4
2025-04-16 21:00:00,    3, 1009.1,  962.9
2025-04-16 22:00:00,    3, 1009.1,  962.9
2025-04-16 23:00:00,    3, 1008.6,  962.4
2025-04-17 00:00:00,3,1008.3,962.1
2025-04-17 01:00:00,    3, 1008.0,  961.8
2025-04-17 02:00:00,3,1007.8,970.0
2025-04-17 03:00:00,    3, 1008.6,  970.8
2025-04-17 04:00:00,    3, 1007.4,  969.6
2025-04-17 05:00:00,    3, 1007.3,  960.8
2025-04-17 06:00:00,    3, 1007.0,  960.5
2025-04-17 07:00:00,3,1006.9,960.5
2025-04-17 08:00:00,3,1007.4,969.6
2025-04-17 09:00:00,3,1007.6,969.8
2025-04-17 10:00:00,    3, 1007.2,  969.5
2025-04-17 11:00:00,    3, 1007.5,  969.8
2025-04-17 12:00:00,3,1006.6,960.4
2025-04-17 13:00:00,    3, 1006.8,  960.6
2025-04-17 14:00:00,    3, 1007.2,  961.0
2025-04-17 15:00:00,    3, 1008.0,  970.2
2025-04-17 16:00:00,    3, 1008.8,  971.0
2025-04-17 17:00:00,3,1008.5,962.2
2025-04-17 18:00:00,    3, 1010.3,  972.3
2025-04-17 19:00:00,    3, 1010.9,  972.9
2025-04-17 20:00:00,    3, 1011.1,  964.6
2025-04-17 21:00:00,3,1012.3,974.2
2025-04-17 22:00:00,3,1012.6,974.5
2025-04-17 23:00:00,    3, 1012.7,  974.6
2025-04-18 00:00:00,    3, 1012.5,  965.8
2025-04-18 01:00:00,    3, 1013.2,  975.1
2025-04-18 02:00:00,    3, 1013.5,  975.3
2025-04-18 03:00:00,    3, 1013.6,  975.4
2025-04-18 04:00:00,    3, 1013.8,  975.6
2025-04-18 05:00:00,    3, 1014.1,  975.9
2025-04-18 06:00:00,3,1014.1,967.2
2025-04-18 07:00:00,    3, 1014.5,  967.6
2025-04-18 08:00:00,3,1014.8,968.0
2025-04-18 09:00:00,    3, 1015.3,  977.1
2025-04-18 10:00:00,    3, 1015.1,  977.1
2025-04-18 11:00:00,    3, 1015.6,  977.4
2025-04-18 12:00:00,    3, 1015.2,  977.1
2025-04-18 13:00:00,3,1014.2,967.7
2025-04-18 14:00:00,    3, 1013.7,  967.2
2025-04-18 15:00:00,    3, 1013.9,  967.3
2025-04-18 16:00:00,3,1014.4,976.4
2025-04-18 17:00:00,    3, 1014.5,  976.4
2025-04-18 18:00:00,    3, 1013.6,  967.0
2025-04-18 19:00:00,    3, 1013.6,  966.9
2025-04-18 20:00:00,    3, 1014.4,  976.2
2025-04-18 21:00:00,3,1014.0,975.8
2025-04-18 22:00:00,3,1013.2,966.3
2025-04-18 23:00:00,    3, 1013.1,  966.1
2025-04-19 00:00:00,    3, 1012.8,  965.8
2025-04-19 01:00:00,3,1012.9,974.5
2025-04-19 02:00:00,    3, 1012.2,  964.7
2025-04-19 03:00:00,    3, 1012.5,  973.9
2025-04-19 04:00:00,    3, 1012.1,  964.3
2025-04-19 05:00:00,3,1011.9,973.3
2025-04-19 06:00:00,    3, 1011.3,  964.1
2025-04-19 07:00:00,3,1011.4,973.3
2025-04-19 08:00:00,    3, 1010.0,  963.5
2025-04-19 09:00:00,    3, 1009.0,  963.1
2025-04-19 10:00:00,    3, 1009.2,  972.0
2025-04-19 11:00:00,3,1007.6,962.3
2025-04-19 12:00:00,    3, 1006.8,  961.8
2025-04-19 13:00:00,    3, 1007.1,  970.5
2025-04-19 14:00:00,    3, 1005.6,  960.9
2025-04-19 15:00:00,    3, 1005.1,  960.4
2025-04-19 16:00:00,    3, 1004.6,  960.0
2025-04-19 17:00:00,    3, 1004.6,  959.8
2025-04-19 18:00:00,    3, 1004.7,  959.7
2025-04-19 19:00:00,3,1005.6,968.8
2025-04-19 20:00:00,3,1006.0,969.1
2025-04-19 21:00:00,3,1005.5,959.8
2025-04-19 22:00:00,3,1005.5,959.7
2025-04-19 23:00:00,    3, 1005.9,  968.6
2025-04-20 00:00:00,    3, 1005.7,  968.3
2025-04-20 01:00:00,    3, 1005.2,  967.7
2025-04-20 02:00:00,    3, 1005.0,  958.3
2025-04-20 03:00:00,    3, 1004.5,  958.0
2025-04-20 04:00:00,    3, 1004.8,  957.9
2025-04-20 05:00:00,    3, 1004.7,  958.1
2025-04-20 06:00:00,    3, 1004.4,  958.5
2025-04-20 07:00:00,    3, 1005.3,  967.9
2025-04-20 08:00:00,3,1005.2,968.2
2025-04-20 09:00:00,    3, 1005.5,  968.9
2025-04-20 10:00:00,    3, 1006.2,  969.5
2025-04-20 11:00:00,    3, 1005.2,  960.5
2025-04-20 12:00:00,    3, 1006.5,  961.5
2025-04-20 13:00:00,3,1007.2,962.1
2025-04-20 14:00:00,    3, 1008.7,  962.9
2025-04-20 15:00:00,    3, 1010.5,  964.3
2025-04-20 16:00:00,    3, 1011.0,  964.6
2025-04-20 17:00:00,    3, 1010.4,  972.6
2025-04-20 18:00:00,    3, 1010.1,  972.3
2025-04-20 19:00:00,3,1010.2,963.6
2025-04-20 20:00:00,3,1010.4,963.8
2025-04-20 21:00:00,3,1010.7,972.6
2025-04-20 22:00:00,    3, 1010.7,  972.6
2025-04-20 23:00:00,3,1010.8,972.6
2025-04-21 00:00:00,3,1010.6,963.4
2025-04-21 01:00:00,    3, 1011.0,  963.7
2025-04-21 02:00:00,    3, 1011.4,  964.0
2025-04-21 03:00:00,    3, 1011.7,  973.3
2025-04-21 04:00:00,    3, 1011.7,  973.4
2025-04-21 05:00:00,3,1011.7,964.6
2025-04-21 06:00:00,    3, 1011.8,  964.8
2025-04-21 07:00:00,    3, 1011.0,  964.5
2025-04-21 08:00:00,    3, 1011.1,  964.9
2025-04-21 09:00:00,    3, 1010.9,  965.2
2025-04-21 10:00:00,    3, 1012.0,  974.8
2025-04-21 11:00:00,    3, 1011.9,  974.7
2025-04-21 12:00:00,    3, 1012.5,  975.2
2025-04-21 13:00:00,    3, 1012.9,  975.6
2025-04-21 14:00:00,    3, 1012.5,  975.3
2025-04-21 15:00:00,3,1013.2,966.8
2025-04-21 16:00:00,    3, 1014.3,  976.4
2025-04-21 17:00:00,    3, 1013.6,  967.4
2025-04-21 18:00:00,    3, 1014.4,  976.6
2025-04-21 19:00:00,3,1014.8,977.0
2025-04-21 20:00:00,    3, 1015.5,  977.7
2025-04-21 21:00:00,    3, 1016.0,  978.1
2025-04-21 22:00:00,    3, 1016.5,  978.6
2025-04-21 23:00:00,    3, 1016.8,  970.0
2025-04-22 00:00:00,    3, 1017.2,  979.2
2025-04-22 01:00:00,    3, 1017.5,  970.3
2025-04-22 02:00:00,3,1017.6,979.6
2025-04-22 03:00:00,3,1017.6,970.5
2025-04-22 04:00:00,    3, 1018.0,  979.8
2025-04-22 05:00:00,    3, 1018.3,  980.1
2025-04-22 06:00:00,    3, 1018.2,  971.3
2025-04-22 07:00:00,    3, 1018.6,  980.9
2025-04-22 08:00:00,    3, 1018.5,  972.1
2025-04-22 09:00:00,3,1018.2,972.2
2025-04-22 10:00:00,3,1018.9,981.4
2025-04-22 11:00:00,    3, 1018.8,  981.3
2025-04-22 12:00:00,    3, 1017.9,  972.0
2025-04-22 13:00:00,3,1017.9,972.0
2025-04-22 14:00:00,    3, 1017.5,  971.7
2025-04-22 15:00:00,    3, 1017.2,  971.5
2025-04-22 16:00:00,    3, 1017.7,  980.5
2025-04-22 17:00:00,3,1017.2,971.5
2025-04-22 18:00:00,    3, 1017.5,  971.6
2025-04-22 19:00:00,    3, 1018.6,  981.0
2025-04-22 20:00:00,    3, 1018.7,  981.1
2025-04-22 21:00:00,    3, 1019.4,  981.5
2025-04-22 22:00:00,    3, 1019.6,  981.6
2025-04-22 23:00:00,    3, 1019.5,  972.5
2025-04-23 00:00:00,3,1019.7,972.4
2025-04-23 01:00:00,    3, 1019.3,  972.0
2025-04-23 02:00:00,3,1019.1,980.8
2025-04-23 03:00:00,3,1018.8,980.4
2025-04-23 04:00:00,3,1018.1,979.7
2025-04-23 05:00:00,    3, 1018.1,  979.6
2025-04-23 06:00:00,    3, 1018.0,  979.7
2025-04-23 07:00:00,3,1017.2,979.3
2025-04-23 08:00:00,    3, 1016.5,  978.9
2025-04-23 09:00:00,    3, 1015.3,  978.2
2025-04-23 10:00:00,    3, 1014.4,  977.5
2025-04-23 11:00:00,    3, 1013.4,  976.7
2025-04-23 12:00:00,    3, 1011.6,  966.7
2025-04-23 13:00:00,    3, 1010.4,  965.6
2025-04-23 14:00:00,    3, 1011.2,  974.2
2025-04-23 15:00:00,    3, 1009.8,  964.6
2025-04-23 16:00:00,    3, 1010.8,  973.8
2025-04-23 17:00:00,    3, 1012.5,  975.1
2025-04-23 18:00:00,    3, 1012.4,  966.2
2025-04-23 19:00:00,    3, 1013.4,  967.1
2025-04-23 20:00:00,    3, 1014.8,  976.9
2025-04-23 21:00:00,3,1015.3,977.4
2025-04-23 22:00:00,    3, 1015.0,  968.5
2025-04-23 23:00:00,3,1015.4,977.4
2025-04-24 00:00:00,    3, 1015.4,  977.3
2025-04-24 01:00:00,3,1015.6,977.6
2025-04-24 02:00:00,3,1014.8,968.2
2025-04-24 03:00:00,3,1014.9,968.3
2025-04-24 04:00:00,    3, 1015.6,  977.6
2025-04-24 05:00:00,    3, 1015.4,  968.7
2025-04-24 06:00:00,    3, 1016.0,  969.4
2025-04-24 07:00:00,3,1017.1,979.0
2025-04-24 08:00:00,3,1017.2,979.3
2025-04-24 09:00:00,    3, 1016.5,  970.2
2025-04-24 10:00:00,3,1016.3,970.1
2025-04-24 11:00:00,    3, 1017.2,  979.4
2025-04-24 12:00:00,    3, 1016.3,  970.0
2025-04-24 13:00:00,    3, 1016.7,  979.0
2025-04-24 14:00:00,3,1016.4,978.8
2025-04-24 15:00:00,    3, 1016.3,  978.7
2025-04-24 16:00:00,3,1015.6,969.6
2025-04-24 17:00:00,    3, 1015.9,  969.6
2025-04-24 18:00:00,    3, 1016.8,  979.0
2025-04-24 19:00:00,3,1017.3,979.4
2025-04-24 20:00:00,    3, 1017.6,  979.7
2025-04-24 21:00:00,    3, 1017.6,  979.7
2025-04-24 22:00:00,    3, 1017.6,  979.6
2025-04-24 23:00:00,    3, 1017.6,  979.6
2025-04-25 00:00:00,    3, 1017.0,  970.3
2025-04-25 01:00:00,    3, 1017.2,  979.2
2025-04-25 02:00:00,    3, 1017.2,  979.1
2025-04-25 03:00:00,    3, 1017.2,  979.1
2025-04-25 04:00:00,    3, 1017.1,  979.0
2025-04-25 05:00:00,    3, 1017.3,  979.2
2025-04-25 06:00:00,    3, 1017.2,  970.5
2025-04-25 07:00:00,    3, 1017.2,  970.7
2025-04-25 08:00:00,    3, 1018.1,  980.2
2025-04-25 09:00:00,    3, 1017.7,  971.2
2025-04-25 10:00:00,3,1018.4,980.6
2025-04-25 11:00:00,3,1018.2,980.5
2025-04-25 12:00:00,3,1017.0,971.1
2025-04-25 13:00:00,3,1017.6,971.4
2025-04-25 14:00:00,    3, 1018.6,  980.8
2025-04-25 15:00:00,    3, 1018.6,  980.8
2025-04-25 16:00:00,    3, 1018.8,  981.0
2025-04-25 17:00:00,3,1019.3,981.4
2025-04-25 18:00:00,    3, 1018.8,  972.3
2025-04-25 19:00:00,    3, 1019.8,  981.9
2025-04-25 20:00:00,3,1019.6,973.1
2025-04-25 21:00:00,    3, 1020.4,  982.4
2025-04-25 22:00:00,    3, 1019.7,  973.1
2025-04-25 23:00:00,    3, 1020.7,  982.6
2025-04-26 00:00:00,    3, 1020.7,  982.4
2025-04-26 01:00:00,    3, 1020.5,  982.2
2025-04-26 02:00:00,3,1019.8,972.6
2025-04-26 03:00:00,3,1019.6,972.4
2025-04-26 04:00:00,    3, 1020.1,  981.6
2025-04-26 05:00:00,    3, 1019.4,  972.2
2025-04-26 06:00:00,    3, 1019.6,  972.4
2025-04-26 07:00:00,    3, 1020.2,  981.9
2025-04-26 08:00:00,    3, 1018.9,  972.3
2025-04-26 09:00:00,3,1019.8,981.9
2025-04-26 10:00:00,    3, 1018.9,  972.5
2025-04-26 11:00:00,3,1019.8,981.9
2025-04-26 12:00:00,    3, 1019.1,  981.5
2025-04-26 13:00:00,    3, 1019.2,  981.7
2025-04-26 14:00:00,3,1019.0,981.5
2025-04-26 15:00:00,    3, 1018.7,  981.2
2025-04-26 16:00:00,3,1018.3,980.9
2025-04-26 17:00:00,    3, 1018.3,  981.0
2025-04-26 18:00:00,    3, 1018.7,  981.3
2025-04-26 19:00:00,    3, 1019.5,  981.9
2025-04-26 20:00:00,    3, 1019.8,  982.1
2025-04-26 21:00:00,3,1019.7,973.0
2025-04-26 22:00:00,3,1019.9,973.0
2025-04-26 23:00:00,    3, 1020.5,  982.4
2025-04-27 00:00:00,3,1020.1,973.1
2025-04-27 01:00:00,3,1020.2,973.1
2025-04-27 02:00:00,    3, 1020.3,  973.2
2025-04-27 03:00:00,    3, 1020.5,  973.4
2025-04-27 04:00:00,    3, 1021.7,  983.2
2025-04-27 05:00:00,    3, 1021.2,  974.1
2025-04-27 06:00:00,    3, 1022.5,  984.2
2025-04-27 07:00:00,    3, 1021.9,  975.2
2025-04-27 08:00:00,    3, 1022.6,  984.8
2025-04-27 09:00:00,3,1022.0,975.8
2025-04-27 10:00:00,    3, 1022.9,  985.3
2025-04-27 11:00:00,    3, 1021.5,  975.8
2025-04-27 12:00:00,    3, 1022.1,  985.0
2025-04-27 13:00:00,    3, 1022.3,  985.1
2025-04-27 14:00:00,    3, 1022.0,  985.0
2025-04-27 15:00:00,3,1021.9,984.9
2025-04-27 16:00:00,    3, 1020.9,  975.6
2025-04-27 17:00:00,3,1022.2,985.1
2025-04-27 18:00:00,    3, 1022.7,  985.4
2025-04-27 19:00:00,    3, 1023.5,  986.0
2025-04-27 20:00:00,    3, 1024.3,  986.6
2025-04-27 21:00:00,    3, 1024.5,  986.7
2025-04-27 22:00:00,3,1024.5,977.7
2025-04-27 23:00:00,    3, 1024.7,  977.7
2025-04-28 00:00:00,    3, 1025.0,  986.9
2025-04-28 01:00:00,    3, 1024.8,  977.5
2025-04-28 02:00:00,    3, 1025.1,  977.6
2025-04-28 03:00:00,    3, 1025.6,  987.0
2025-04-28 04:00:00,3,1025.4,977.8
2025-04-28 05:00:00,3,1026.1,987.3
2025-04-28 06:00:00,3,1026.3,987.8
2025-04-28 07:00:00,3,1026.2,988.0
2025-04-28 08:00:00,    3, 1025.9,  988.1
2025-04-28 09:00:00,    3, 1025.5,  988.0
2025-04-28 10:00:00,3,1023.9,978.3
2025-04-28 11:00:00,3,1024.4,987.3
2025-04-28 12:00:00,    3, 1023.0,  977.7
2025-04-28 13:00:00,    3, 1023.7,  986.8
2025-04-28 14:00:00,    3, 1023.2,  986.5
2025-04-28 15:00:00,3,1022.9,986.1
2025-04-28 16:00:00,    3, 1022.8,  986.0
2025-04-28 17:00:00,    3, 1022.7,  985.9
2025-04-28 18:00:00,3,1023.0,986.0
2025-04-28 19:00:00,    3, 1023.6,  986.4
2025-04-28 20:00:00,    3, 1024.3,  986.9
2025-04-28 21:00:00,3,1024.5,978.2
2025-04-28 22:00:00,3,1025.0,978.2
2025-04-28 23:00:00,3,1025.2,987.3
2025-04-29 00:00:00,    3, 1025.3,  987.2
2025-04-29 01:00:00,    3, 1024.8,  986.8
2025-04-29 02:00:00,3,1024.8,977.7
2025-04-29 03:00:00,    3, 1025.0,  986.6
2025-04-29 04:00:00,    3, 1025.3,  986.9
2025-04-29 05:00:00,    3, 1025.8,  987.3
2025-04-29 06:00:00,    3, 1025.7,  978.7
2025-04-29 07:00:00,    3, 1025.4,  978.8
2025-04-29 08:00:00,    3, 1025.3,  987.8
2025-04-29 09:00:00,    3, 1024.9,  987.6
2025-04-29 10:00:00,3,1023.5,978.2
2025-04-29 11:00:00,    3, 1022.9,  977.9
2025-04-29 12:00:00,    3, 1022.4,  977.4
2025-04-29 13:00:00,3,1021.9,977.0
2025-04-29 14:00:00,    3, 1022.0,  985.6
2025-04-29 15:00:00,    3, 1020.6,  976.0
2025-04-29 16:00:00,    3, 1020.4,  975.7
2025-04-29 17:00:00,    3, 1020.1,  975.3
2025-04-29 18:00:00,    3, 1020.2,  975.3
2025-04-29 19:00:00,3,1021.4,984.6
2025-04-29 20:00:00,3,1021.9,976.5
2025-04-29 21:00:00,    3, 1022.5,  976.7
2025-04-29 22:00:00,3,1023.0,976.7
2025-04-29 23:00:00,    3, 1023.1,  985.6
2025-04-30 00:00:00,    3, 1022.9,  985.4
2025-04-30 01:00:00,    3, 1022.9,  985.1
2025-04-30 02:00:00,3,1022.8,976.0
2025-04-30 03:00:00,    3, 1023.0,  976.0
2025-04-30 04:00:00,    3, 1023.1,  976.0
2025-04-30 05:00:00,    3, 1023.3,  976.2
2025-04-30 06:00:00,3,1023.4,985.4
2025-04-30 07:00:00,    3, 1023.3,  985.7
2025-04-30 08:00:00,    3, 1022.9,  985.6
2025-04-30 09:00:00,    3, 1022.8,  985.7
2025-04-30 10:00:00,3,1022.3,985.6
2025-04-30 11:00:00,    3, 1021.7,  985.2
2025-04-30 12:00:00,3,1021.0,984.7
2025-04-30 13:00:00,    3, 1020.6,  984.3
2025-04-30 14:00:00,    3, 1020.0,  983.7
2025-04-30 15:00:00,3,1018.7,974.2
2025-04-30 16:00:00,3,1018.5,974.0
2025-04-30 17:00:00,3,1019.0,982.7
2025-04-30 18:00:00,    3, 1019.1,  982.7
2025-04-30 19:00:00,3,1019.6,982.9
2025-04-30 20:00:00,3,1019.5,974.2
2025-04-30 21:00:00,    3, 1020.0,  974.4
2025-04-30 22:00:00,    3, 1020.5,  974.5
2025-04-30 23:00:00,    3, 1020.6,  983.2
2025-05-01 00:00:00,3,1020.8,974.3
2025-05-01 01:00:00,    3, 1020.5,  982.9
2025-05-01 02:00:00,3,1020.8,983.1
2025-05-01 03:00:00,    3, 1021.2,  974.2
2025-05-01 04:00:00,    3, 1021.2,  974.2
2025-05-01 05:00:00,    3, 1021.4,  983.4
2025-05-01 06:00:00,    3, 1021.5,  974.9
2025-05-01 07:00:00,    3, 1021.2,  975.1
2025-05-01 08:00:00,    3, 1020.9,  983.9
2025-05-01 09:00:00,    3, 1020.4,  983.8
2025-05-01 10:00:00,    3, 1019.3,  974.6
2025-05-01 11:00:00,    3, 1018.8,  974.2
2025-05-01 12:00:00,    3, 1018.2,  973.8
2025-05-01 13:00:00,    3, 1017.6,  973.4
2025-05-01 14:00:00,    3, 1017.4,  981.4
2025-05-01 15:00:00,    3, 1016.4,  972.2
2025-05-01 16:00:00,3,1016.2,972.0
2025-05-01 17:00:00,3,1015.8,971.5
2025-05-01 18:00:00,    3, 1016.0,  979.9
2025-05-01 19:00:00,    3, 1016.5,  971.5
2025-05-01 20:00:00,    3, 1017.0,  971.7
2025-05-01 21:00:00,3,1017.4,980.6
2025-05-01 22:00:00,    3, 1017.8,  972.0
2025-05-01 23:00:00,    3, 1018.1,  972.1
2025-05-02 00:00:00,3,1018.2,972.0
2025-05-02 01:00:00,    3, 1018.5,  972.0
2025-05-02 02:00:00,    3, 1018.1,  980.6
2025-05-02 03:00:00,3,1018.1,980.5
2025-05-02 04:00:00,    3, 1018.6,  971.9
2025-05-02 05:00:00,    3, 1018.8,  972.1
2025-05-02 06:00:00,    3, 1018.6,  972.4
2025-05-02 07:00:00,    3, 1018.3,  981.2
2025-05-02 08:00:00,    3, 1017.9,  981.2
2025-05-02 09:00:00,    3, 1016.9,  972.2
2025-05-02 10:00:00,    3, 1016.6,  980.5
2025-05-02 11:00:00,    3, 1015.7,  979.7
2025-05-02 12:00:00,    3, 1014.1,  970.3
2025-05-02 13:00:00,    3, 1013.3,  969.6
2025-05-02 14:00:00,    3, 1012.7,  969.0
2025-05-02 15:00:00,    3, 1012.1,  968.5
2025-05-02 16:00:00,    3, 1012.0,  968.3
2025-05-02 17:00:00,    3, 1012.6,  976.9
2025-05-02 18:00:00,3,1012.2,968.2
2025-05-02 19:00:00,3,1012.6,968.4
2025-05-02 20:00:00,    3, 1013.3,  977.1
2025-05-02 21:00:00,    3, 1013.4,  977.2
2025-05-02 22:00:00,    3, 1013.6,  977.1
2025-05-02 23:00:00,3,1013.9,977.3
2025-05-03 00:00:00,    3, 1013.8,  968.7
2025-05-03 01:00:00,    3, 1013.8,  968.4
2025-05-03 02:00:00,    3, 1013.6,  976.8
2025-05-03 03:00:00,    3, 1013.5,  976.6
2025-05-03 04:00:00,    3, 1013.3,  976.6
2025-05-03 05:00:00,    3, 1013.6,  976.7
2025-05-03 06:00:00,3,1013.8,977.1
2025-05-03 07:00:00,    3, 1014.4,  968.8
2025-05-03 08:00:00,    3, 1013.7,  968.1
2025-05-03 09:00:00,    3, 1013.0,  967.6
2025-05-03 10:00:00,    3, 1012.5,  967.3
2025-05-03 11:00:00,    3, 1011.5,  966.7
2025-05-03 12:00:00,    3, 1010.6,  965.8
2025-05-03 13:00:00,    3, 1009.3,  964.9
2025-05-03 14:00:00,    3, 1008.7,  972.6
2025-05-03 15:00:00,    3, 1007.3,  963.3
2025-05-03 16:00:00,    3, 1006.3,  962.3
2025-05-03 17:00:00,    3, 1005.8,  961.8
2025-05-03 18:00:00,    3, 1005.2,  961.1
2025-05-03 19:00:00,    3, 1008.7,  971.9
2025-05-03 20:00:00,    3, 1008.1,  963.0
2025-05-03 21:00:00,    3, 1008.3,  963.1
2025-05-03 22:00:00,    3, 1009.8,  964.2
2025-05-03 23:00:00,    3, 1010.0,  972.8
2025-05-04 00:00:00,3,1009.4,972.2
2025-05-04 01:00:00,3,1009.2,972.1
2025-05-04 02:00:00,3,1009.2,963.6
2025-05-04 03:00:00,3,1009.7,963.8
2025-05-04 04:00:00,3,1009.6,963.7
2025-05-04 05:00:00,3,1010.8,964.6
2025-05-04 06:00:00,    3, 1011.1,  964.9
2025-05-04 07:00:00,    3, 1011.8,  974.0
2025-05-04 08:00:00,3,1011.8,965.4
2025-05-04 09:00:00,    3, 1012.3,  974.5
2025-05-04 10:00:00,3,1012.1,974.3
2025-05-04 11:00:00,    3, 1011.6,  965.4
2025-05-04 12:00:00,    3, 1011.6,  965.4
2025-05-04 13:00:00,    3, 1011.4,  965.2
2025-05-04 14:00:00,    3, 1011.6,  974.0
2025-05-04 15:00:00,    3, 1011.4,  973.8
2025-05-04 16:00:00,    3, 1011.0,  973.5
2025-05-04 17:00:00,    3, 1010.6,  973.1
2025-05-04 18:00:00,3,1010.4,964.3
2025-05-04 19:00:00,    3, 1010.6,  964.4
2025-05-04 20:00:00,    3, 1011.3,  973.6
2025-05-04 21:00:00,    3, 1011.3,  973.6
2025-05-04 22:00:00,3,1010.7,964.4
2025-05-04 23:00:00,    3, 1010.7,  964.3
2025-05-05 00:00:00,    3, 1010.3,  963.8
2025-05-05 01:00:00,    3, 1010.7,  972.8
2025-05-05 02:00:00,3,1010.0,963.5
2025-05-05 03:00:00,3,1010.4,972.5
2025-05-05 04:00:00,    3, 1009.9,  963.4
2025-05-05 05:00:00,    3, 1011.0,  973.0
2025-05-05 06:00:00,    3, 1011.2,  973.2
2025-05-05 07:00:00,    3, 1011.6,  973.6
2025-05-05 08:00:00,3,1010.8,964.4
2025-05-05 09:00:00,3,1011.0,964.8
2025-05-05 10:00:00,    3, 1011.1,  965.0
2025-05-05 11:00:00,    3, 1012.3,  974.7
2025-05-05 12:00:00,3,1012.4,974.8
2025-05-05 13:00:00,    3, 1011.6,  965.5
2025-05-05 14:00:00,3,1012.4,974.9
2025-05-05 15:00:00,    3, 1011.5,  965.5
2025-05-05 16:00:00,    3, 1011.8,  965.7
2025-05-05 17:00:00,    3, 1012.6,  975.1
2025-05-05 18:00:00,3,1013.1,966.6
2025-05-05 19:00:00,3,1013.8,967.2
2025-05-05 20:00:00,3,1014.4,967.6
2025-05-05 21:00:00,3,1014.4,967.6
2025-05-05 22:00:00,    3, 1015.2,  977.1
2025-05-05 23:00:00,    3, 1015.5,  977.4
2025-05-06 00:00:00,    3, 1015.3,  977.2
2025-05-06 01:00:00,    3, 1015.2,  977.1
2025-05-06 02:00:00,    3, 1014.4,  967.6
2025-05-06 03:00:00,3,1015.4,977.2
2025-05-06 04:00:00,    3, 1014.7,  967.8
2025-05-06 05:00:00,3,1014.8,968.0
2025-05-06 06:00:00,3,1015.1,968.4
2025-05-06 07:00:00,    3, 1015.3,  968.7
2025-05-06 08:00:00,3,1015.2,968.8
2025-05-06 09:00:00,3,1016.7,978.8
2025-05-06 10:00:00,3,1015.5,969.2
2025-05-06 11:00:00,    3, 1016.8,  979.0
2025-05-06 12:00:00,3,1015.6,969.4
2025-05-06 13:00:00,    3, 1016.3,  978.7
2025-05-06 14:00:00,3,1015.8,978.4
2025-05-06 15:00:00,3,1015.1,969.0
2025-05-06 16:00:00,    3, 1015.1,  969.1
2025-05-06 17:00:00,3,1015.4,969.3
2025-05-06 18:00:00,3,1015.9,969.6
2025-05-06 19:00:00,    3, 1016.7,  978.8
2025-05-06 20:00:00,    3, 1016.9,  979.1
2025-05-06 21:00:00,    3, 1017.2,  970.2
2025-05-06 22:00:00,3,1017.5,979.3
2025-05-06 23:00:00,    3, 1017.6,  979.2
2025-05-07 00:00:00,3,1017.2,969.9
2025-05-07 01:00:00,3,1017.0,969.7
2025-05-07 02:00:00,    3, 1017.5,  978.8
2025-05-07 03:00:00,    3, 1016.8,  969.3
2025-05-07 04:00:00,    3, 1016.7,  969.2
2025-05-07 05:00:00,    3, 1017.4,  978.7
2025-05-07 06:00:00,    3, 1016.9,  969.6
2025-05-07 07:00:00,    3, 1017.0,  978.9
2025-05-07 08:00:00,    3, 1016.4,  978.7
2025-05-07 09:00:00,    3, 1016.3,  978.7
2025-05-07 10:00:00,3,1015.1,969.2
2025-05-07 11:00:00,    3, 1015.2,  977.9
2025-05-07 12:00:00,    3, 1014.5,  977.4
2025-05-07 13:00:00,3,1013.0,967.5
2025-05-07 14:00:00,    3, 1012.6,  967.1
2025-05-07 15:00:00,    3, 1012.6,  967.1
2025-05-07 16:00:00,3,1013.9,976.7
2025-05-07 17:00:00,    3, 1013.1,  967.4
2025-05-07 18:00:00,    3, 1014.5,  977.1
2025-05-07 19:00:00,    3, 1015.0,  977.4
2025-05-07 20:00:00,3,1014.7,968.5
2025-05-07 21:00:00,3,1015.1,977.4
2025-05-07 22:00:00,    3, 1015.2,  977.4
2025-05-07 23:00:00,3,1014.6,968.2
2025-05-08 00:00:00,3,1014.2,967.8
2025-05-08 01:00:00,3,1014.5,976.6
2025-05-08 02:00:00,3,1013.7,967.3
2025-05-08 03:00:00,    3, 1014.3,  976.4
2025-05-08 04:00:00,3,1014.2,976.3
2025-05-08 05:00:00,    3, 1014.5,  976.5
2025-05-08 06:00:00,    3, 1014.7,  976.8
2025-05-08 07:00:00,    3, 1014.1,  967.6
2025-05-08 08:00:00,    3, 1014.7,  977.0
2025-05-08 09:00:00,    3, 1014.5,  977.0
2025-05-08 10:00:00,3,1013.8,967.8
2025-05-08 11:00:00,3,1013.4,967.6
2025-05-08 12:00:00,3,1014.4,977.0
2025-05-08 13:00:00,3,1013.5,967.7
2025-05-08 14:00:00,3,1013.5,967.7
2025-05-08 15:00:00,    3, 1014.4,  977.0
2025-05-08 16:00:00,    3, 1014.7,  977.2
2025-05-08 17:00:00,    3, 1014.0,  968.0
2025-05-08 18:00:00,3,1015.1,977.5
2025-05-08 19:00:00,3,1015.6,977.9
2025-05-08 20:00:00,3,1016.2,978.4
2025-05-08 21:00:00,    3, 1015.9,  969.4
2025-05-08 22:00:00,    3, 1015.9,  969.3
2025-05-08 23:00:00,    3, 1015.9,  969.4
2025-05-09 00:00:00,    3, 1015.8,  969.2
2025-05-09 01:00:00,    3, 1015.6,  969.0
2025-05-09 02:00:00,    3, 1015.8,  969.0
2025-05-09 03:00:00,    3, 1016.1,  969.1
2025-05-09 04:00:00,3,1017.5,979.1
2025-05-09 05:00:00,    3, 1017.9,  979.6
2025-05-09 06:00:00,    3, 1017.6,  970.8
2025-05-09 07:00:00,    3, 1017.7,  971.1
2025-05-09 08:00:00,    3, 1017.7,  971.3
2025-05-09 09:00:00,3,1017.6,971.4
2025-05-09 10:00:00,3,1018.2,980.8
2025-05-09 11:00:00,    3, 1017.5,  971.5
2025-05-09 12:00:00,    3, 1018.0,  980.7
2025-05-09 13:00:00,    3, 1017.9,  980.7
2025-05-09 14:00:00,3,1016.8,971.2
2025-05-09 15:00:00,    3, 1016.5,  970.9
2025-05-09 16:00:00,    3, 1016.6,  970.9
2025-05-09 17:00:00,    3, 1017.4,  980.2
2025-05-09 18:00:00,    3, 1017.9,  980.5
2025-05-09 19:00:00,3,1018.6,981.0
2025-05-09 20:00:00,3,1019.4,972.8
2025-05-09 21:00:00,3,1019.9,981.9
2025-05-09 22:00:00,3,1020.2,982.1
2025-05-09 23:00:00,    3, 1020.6,  973.4
2025-05-10 00:00:00,    3, 1020.6,  982.4
2025-05-10 01:00:00,3,1020.8,973.4
2025-05-10 02:00:00,    3, 1021.1,  982.6
2025-05-10 03:00:00,3,1021.2,982.6
2025-05-10 04:00:00,3,1021.5,982.8
2025-05-10 05:00:00,    3, 1021.3,  973.8
2025-05-10 06:00:00,3,1021.0,974.0
2025-05-10 07:00:00,3,1020.6,974.0
2025-05-10 08:00:00,3,1020.8,983.0
2025-05-10 09:00:00,    3, 1019.8,  973.8
2025-05-10 10:00:00,    3, 1019.4,  973.5
2025-05-10 11:00:00,3,1019.3,982.1
2025-05-10 12:00:00,    3, 1018.1,  972.6
2025-05-10 13:00:00,    3, 1017.9,  981.0
2025-05-10 14:00:00,    3, 1017.2,  980.4
2025-05-10 15:00:00,    3, 1016.0,  970.8
2025-05-10 16:00:00,    3, 1016.4,  979.6
2025-05-10 17:00:00,    3, 1015.9,  979.1
2025-05-10 18:00:00,    3, 1015.7,  970.3
2025-05-10 19:00:00,    3, 1016.4,  979.3
2025-05-10 20:00:00,3,1017.1,970.8
2025-05-10 21:00:00,    3, 1017.5,  979.8
2025-05-10 22:00:00,    3, 1017.3,  979.6
2025-05-10 23:00:00,    3, 1017.5,  979.6
2025-05-11 00:00:00,    3, 1017.7,  979.6
2025-05-11 01:00:00,3,1017.9,970.4
2025-05-11 02:00:00,3,1017.6,979.2
2025-05-11 03:00:00,    3, 1017.2,  969.8
2025-05-11 04:00:00,3,1017.1,978.6
2025-05-11 05:00:00,3,1017.0,978.6
2025-05-11 06:00:00,3,1016.8,978.6
2025-05-11 07:00:00,    3, 1016.2,  978.5
2025-05-11 08:00:00,    3, 1015.2,  969.4
2025-05-11 09:00:00,    3, 1014.5,  969.2
2025-05-11 10:00:00,3,1013.6,968.6
2025-05-11 11:00:00,    3, 1013.5,  977.0
2025-05-11 12:00:00,    3, 1012.2,  967.5
2025-05-11 13:00:00,3,1012.0,975.8
2025-05-11 14:00:00,3,1011.5,975.2
2025-05-11 15:00:00,3,1011.0,974.8
2025-05-11 16:00:00,    3, 1010.7,  974.4
2025-05-11 17:00:00,3,1010.4,974.1
2025-05-11 18:00:00,3,1010.1,965.3
2025-05-11 19:00:00,3,1010.8,974.2
2025-05-11 20:00:00,3,1011.2,965.7
2025-05-11 21:00:00,    3, 1011.6,  965.8
2025-05-11 22:00:00,    3, 1012.1,  966.1
2025-05-11 23:00:00,    3, 1012.2,  966.2
2025-05-12 00:00:00,    3, 1012.3,  975.0
2025-05-12 01:00:00,3,1012.1,966.0
2025-05-12 02:00:00,    3, 1012.6,  975.0
2025-05-12 03:00:00,    3, 1013.0,  966.3
2025-05-12 04:00:00,3,1013.4,975.5
2025-05-12 05:00:00,    3, 1013.3,  966.9
2025-05-12 06:00:00,    3, 1013.7,  976.1
2025-05-12 07:00:00,    3, 1013.4,  976.1
2025-05-12 08:00:00,3,1012.8,967.3
2025-05-12 09:00:00,    3, 1013.0,  976.2
2025-05-12 10:00:00,    3, 1012.6,  976.0
2025-05-12 11:00:00,    3, 1012.3,  975.7
2025-05-12 12:00:00,    3, 1012.0,  975.5
2025-05-12 13:00:00,3,1011.7,975.2
2025-05-12 14:00:00,    3, 1010.4,  965.8
2025-05-12 15:00:00,    3, 1010.2,  965.6
2025-05-12 16:00:00,    3, 1010.6,  974.3
2025-05-12 17:00:00,    3, 1010.1,  965.4
2025-05-12 18:00:00,    3, 1010.7,  965.8
2025-05-12 19:00:00,    3, 1011.5,  966.3
2025-05-12 20:00:00,    3, 1012.5,  967.0
2025-05-12 21:00:00,3,1013.5,976.3
2025-05-12 22:00:00,3,1013.8,967.7
2025-05-12 23:00:00,3,1014.1,976.7
2025-05-13 00:00:00,3,1014.5,968.0
2025-05-13 01:00:00,    3, 1015.2,  977.4
2025-05-13 02:00:00,3,1015.5,977.6
2025-05-13 03:00:00,    3, 1016.2,  978.1
2025-05-13 04:00:00,    3, 1016.4,  969.4
2025-05-13 05:00:00,    3, 1016.6,  969.9
2025-05-13 06:00:00,    3, 1017.0,  979.2
2025-05-13 07:00:00,    3, 1016.5,  970.4
2025-05-13 08:00:00,    3, 1017.0,  979.7
2025-05-13 09:00:00,3,1016.7,979.7
2025-05-13 10:00:00,3,1015.7,970.6
2025-05-13 11:00:00,    3, 1015.5,  970.5
2025-05-13 12:00:00,    3, 1015.9,  979.3
2025-05-13 13:00:00,    3, 1015.6,  979.0
2025-05-13 14:00:00,    3, 1015.4,  978.8
2025-05-13 15:00:00,    3, 1015.1,  978.5
2025-05-13 16:00:00,3,1014.4,969.4
2025-05-13 17:00:00,    3, 1014.2,  969.2
2025-05-13 18:00:00,3,1014.4,969.2
2025-05-13 19:00:00,3,1015.5,978.5
2025-05-13 20:00:00,    3, 1015.9,  970.0
2025-05-13 21:00:00,3,1016.6,979.4
2025-05-13 22:00:00,    3, 1016.9,  979.5
2025-05-13 23:00:00,    3, 1017.4,  970.7
2025-05-14 00:00:00,    3, 1017.4,  970.7
2025-05-14 01:00:00,    3, 1017.7,  970.7
2025-05-14 02:00:00,    3, 1018.0,  979.9
2025-05-14 03:00:00,    3, 1018.1,  979.9
2025-05-14 04:00:00,    3, 1018.4,  971.0
2025-05-14 05:00:00,3,1018.3,980.1
2025-05-14 06:00:00,    3, 1018.2,  971.4
2025-05-14 07:00:00,    3, 1017.5,  971.4
2025-05-14 08:00:00,    3, 1017.2,  971.5
2025-05-14 09:00:00,    3, 1016.7,  971.4
2025-05-14 10:00:00,    3, 1016.8,  980.1
2025-05-14 11:00:00,3,1016.3,979.8
2025-05-14 12:00:00,    3, 1015.9,  979.4
2025-05-14 13:00:00,    3, 1015.5,  979.0
2025-05-14 14:00:00,    3, 1015.0,  978.6
2025-05-14 15:00:00,    3, 1014.0,  969.4
2025-05-14 16:00:00,    3, 1014.2,  977.9
2025-05-14 17:00:00,    3, 1014.0,  977.6
2025-05-14 18:00:00,    3, 1014.0,  977.5
2025-05-14 19:00:00,    3, 1014.2,  977.5
2025-05-14 20:00:00,    3, 1014.3,  977.5
2025-05-14 21:00:00,    3, 1014.3,  977.3
2025-05-14 22:00:00,3,1014.1,977.0
2025-05-14 23:00:00,    3, 1014.4,  977.0
2025-05-15 00:00:00,3,1014.3,977.0
2025-05-15 01:00:00,3,1014.3,976.9
2025-05-15 02:00:00,    3, 1014.1,  976.6
2025-05-15 03:00:00,    3, 1013.8,  976.3
2025-05-15 04:00:00,    3, 1014.0,  976.4
2025-05-15 05:00:00,    3, 1013.6,  967.6
2025-05-15 06:00:00,    3, 1014.1,  968.1
2025-05-15 07:00:00,    3, 1014.6,  977.2
2025-05-15 08:00:00,    3, 1014.9,  977.5
2025-05-15 09:00:00,3,1014.6,977.4
2025-05-15 10:00:00,3,1013.8,968.3
2025-05-15 11:00:00,3,1014.5,977.5
2025-05-15 12:00:00,    3, 1014.2,  977.4
2025-05-15 13:00:00,    3, 1013.5,  968.4
2025-05-15 14:00:00,    3, 1013.8,  968.5
2025-05-15 15:00:00,3,1015.0,978.0
2025-05-15 16:00:00,3,1014.6,969.2
2025-05-15 17:00:00,    3, 1014.9,  969.4
2025-05-15 18:00:00,    3, 1016.6,  979.3
2025-05-15 19:00:00,3,1017.1,971.0
2025-05-15 20:00:00,    3, 1017.9,  971.5
2025-05-15 21:00:00,    3, 1018.3,  971.8
2025-05-15 22:00:00,    3, 1019.1,  972.2
2025-05-15 23:00:00,    3, 1019.4,  972.3
2025-05-16 00:00:00,    3, 1019.5,  972.4
2025-05-16 01:00:00,    3, 1020.1,  981.7
2025-05-16 02:00:00,3,1019.7,972.3
2025-05-16 03:00:00,3,1019.8,972.3
2025-05-16 04:00:00,3,1020.1,981.4
2025-05-16 05:00:00,3,1019.8,981.4
2025-05-16 06:00:00,    3, 1019.5,  981.3
2025-05-16 07:00:00,    3, 1019.4,  981.4
2025-05-16 08:00:00,    3, 1018.8,  981.2
2025-05-16 09:00:00,    3, 1018.6,  981.1
2025-05-16 10:00:00,    3, 1018.3,  980.9
2025-05-16 11:00:00,    3, 1017.9,  980.6
2025-05-16 12:00:00,3,1017.8,980.5
2025-05-16 13:00:00,3,1017.4,980.2
2025-05-16 14:00:00,    3, 1017.1,  979.9
2025-05-16 15:00:00,    3, 1016.4,  970.7
2025-05-16 16:00:00,    3, 1015.9,  970.3
2025-05-16 17:00:00,3,1015.8,970.1
2025-05-16 18:00:00,    3, 1015.7,  970.0
2025-05-16 19:00:00,3,1016.0,970.2
2025-05-16 20:00:00,3,1016.0,970.2
2025-05-16 21:00:00,3,1016.5,970.2
2025-05-16 22:00:00,3,1016.6,978.9
2025-05-16 23:00:00,    3, 1016.9,  970.1
2025-05-17 00:00:00,    3, 1016.4,  969.7
2025-05-17 01:00:00,    3, 1016.6,  970.0
2025-05-17 02:00:00,3,1016.3,969.7
2025-05-17 03:00:00,    3, 1016.2,  978.2
2025-05-17 04:00:00,    3, 1016.7,  978.5
2025-05-17 05:00:00,    3, 1016.4,  969.7
2025-05-17 06:00:00,3,1016.3,970.0
2025-05-17 07:00:00,    3, 1016.2,  970.1
2025-05-17 08:00:00,3,1016.6,979.1
2025-05-17 09:00:00,    3, 1016.6,  979.2
2025-05-17 10:00:00,3,1016.5,979.2
2025-05-17 11:00:00,    3, 1015.4,  969.9
2025-05-17 12:00:00,    3, 1015.8,  978.7
2025-05-17 13:00:00,    3, 1015.5,  978.4
2025-05-17 14:00:00,3,1014.8,977.9
2025-05-17 15:00:00,    3, 1014.6,  977.7
2025-05-17 16:00:00,    3, 1013.8,  968.6
2025-05-17 17:00:00,    3, 1014.0,  968.6
2025-05-17 18:00:00,    3, 1014.2,  968.7
2025-05-17 19:00:00,    3, 1015.2,  977.9
2025-05-17 20:00:00,3,1015.6,978.3
2025-05-17 21:00:00,    3, 1015.9,  978.5
2025-05-17 22:00:00,    3, 1016.2,  978.6
2025-05-17 23:00:00,3,1016.2,969.9
2025-05-18 00:00:00,    3, 1016.4,  978.6
2025-05-18 01:00:00,    3, 1016.4,  969.7
2025-05-18 02:00:00,    3, 1016.2,  978.3
2025-05-18 03:00:00,    3, 1016.2,  978.3
2025-05-18 04:00:00,    3, 1016.8,  969.6
2025-05-18 05:00:00,    3, 1016.8,  969.8
2025-05-18 06:00:00,3,1016.9,979.0
2025-05-18 07:00:00,    3, 1016.8,  979.2
2025-05-18 08:00:00,    3, 1016.1,  970.2
2025-05-18 09:00:00,    3, 1015.6,  970.0
2025-05-18 10:00:00,3,1015.1,969.7
2025-05-18 11:00:00,    3, 1015.4,  978.5
2025-05-18 12:00:00,    3, 1015.0,  978.2
2025-05-18 13:00:00,    3, 1014.7,  977.9
2025-05-18 14:00:00,    3, 1013.4,  968.5
2025-05-18 15:00:00,    3, 1013.3,  968.3
2025-05-18 16:00:00,3,1013.3,968.3
2025-05-18 17:00:00,3,1013.8,968.6
2025-05-18 18:00:00,3,1014.3,969.0
2025-05-18 19:00:00,    3, 1015.9,  978.7
2025-05-18 20:00:00,3,1016.9,979.5
2025-05-18 21:00:00,    3, 1017.1,  971.0
2025-05-18 22:00:00,    3, 1017.9,  980.1
2025-05-18 23:00:00,    3, 1018.1,  980.3
2025-05-19 00:00:00,    3, 1017.9,  971.1
2025-05-19 01:00:00,    3, 1018.2,  971.3
2025-05-19 02:00:00,    3, 1018.6,  971.5
2025-05-19 03:00:00,3,1018.6,971.5
2025-05-19 04:00:00,    3, 1019.0,  980.6
2025-05-19 05:00:00,    3, 1019.4,  981.1
2025-05-19 06:00:00,3,1019.3,981.3
2025-05-19 07:00:00,3,1018.7,972.5
2025-05-19 08:00:00,3,1018.5,972.6
2025-05-19 09:00:00,3,1018.6,981.6
2025-05-19 10:00:00,    3, 1018.3,  981.4
2025-05-19 11:00:00,3,1017.1,971.9
2025-05-19 12:00:00,3,1016.1,971.2
2025-05-19 13:00:00,3,1015.6,970.7
2025-05-19 14:00:00,    3, 1015.0,  970.3
2025-05-19 15:00:00,    3, 1015.7,  979.2
2025-05-19 16:00:00,3,1014.4,969.8
2025-05-19 17:00:00,    3, 1014.3,  969.6
2025-05-19 18:00:00,3,1015.2,978.6
2025-05-19 19:00:00,3,1015.6,978.8
2025-05-19 20:00:00,3,1015.9,970.3
2025-05-19 21:00:00,3,1016.3,970.5
2025-05-19 22:00:00,    3, 1017.1,  979.7
2025-05-19 23:00:00,    3, 1016.9,  979.6
2025-05-20 00:00:00,3,1016.8,970.6
2025-05-20 01:00:00,    3, 1016.8,  970.3
2025-05-20 02:00:00,    3, 1016.6,  979.0
2025-05-20 03:00:00,    3, 1016.2,  969.7
2025-05-20 04:00:00,    3, 1016.6,  970.0
2025-05-20 05:00:00,    3, 1017.2,  979.4
2025-05-20 06:00:00,    3, 1017.0,  979.5
2025-05-20 07:00:00,    3, 1016.2,  970.5
2025-05-20 08:00:00,    3, 1015.7,  970.4
2025-05-20 09:00:00,3,1015.2,970.1
2025-05-20 10:00:00,3,1015.3,978.8
2025-05-20 11:00:00,    3, 1014.9,  978.5
2025-05-20 12:00:00,3,1013.6,969.0
2025-05-20 13:00:00,    3, 1013.9,  977.5
2025-05-20 14:00:00,3,1012.7,968.2
2025-05-20 15:00:00,    3, 1012.7,  968.1
2025-05-20 16:00:00,    3, 1013.0,  976.8
2025-05-20 17:00:00,    3, 1013.0,  976.7
2025-05-20 18:00:00,    3, 1012.7,  968.0
2025-05-20 19:00:00,3,1013.4,976.9
2025-05-20 20:00:00,    3, 1013.8,  977.2
2025-05-20 21:00:00,    3, 1013.7,  968.5
2025-05-20 22:00:00,    3, 1013.8,  968.5
2025-05-20 23:00:00,    3, 1014.4,  977.5
2025-05-21 00:00:00,    3, 1013.8,  968.4
2025-05-21 01:00:00,    3, 1014.1,  977.1
2025-05-21 02:00:00,    3, 1013.7,  968.1
2025-05-21 03:00:00,    3, 1013.6,  967.9
2025-05-21 04:00:00,    3, 1014.2,  977.0
2025-05-21 05:00:00,    3, 1013.8,  968.1
2025-05-21 06:00:00,    3, 1013.5,  968.0
2025-05-21 07:00:00,3,1013.9,977.0
2025-05-21 08:00:00,3,1013.8,977.0
2025-05-21 09:00:00,3,1012.6,967.7
2025-05-21 10:00:00,    3, 1013.3,  976.6
2025-05-21 11:00:00,    3, 1014.0,  976.9
2025-05-21 12:00:00,    3, 1013.0,  976.1
2025-05-21 13:00:00,    3, 1012.5,  967.2
2025-05-21 14:00:00,    3, 1012.5,  975.5
2025-05-21 15:00:00,    3, 1012.3,  975.1
2025-05-21 16:00:00,    3, 1012.5,  975.3
2025-05-21 17:00:00,    3, 1011.6,  974.3
2025-05-21 18:00:00,    3, 1011.0,  965.2
2025-05-21 19:00:00,    3, 1011.1,  965.3
2025-05-21 20:00:00,    3, 1011.5,  974.2
2025-05-21 21:00:00,3,1012.2,974.9
2025-05-21 22:00:00,    3, 1012.6,  966.5
2025-05-21 23:00:00,3,1012.8,975.2
2025-05-22 00:00:00,    3, 1012.1,  974.5
2025-05-22 01:00:00,    3, 1011.0,  964.9
2025-05-22 02:00:00,    3, 1010.8,  964.6
2025-05-22 03:00:00,    3, 1010.4,  964.2
2025-05-22 04:00:00,3,1010.6,973.1
2025-05-22 05:00:00,    3, 1011.0,  973.4
2025-05-22 06:00:00,    3, 1010.9,  964.8
2025-05-22 07:00:00,3,1011.3,965.1
2025-05-22 08:00:00,    3, 1012.0,  974.4
2025-05-22 09:00:00,    3, 1012.2,  974.6
2025-05-22 10:00:00,    3, 1012.9,  975.2
2025-05-22 11:00:00,    3, 1013.5,  975.8
2025-05-22 12:00:00,    3, 1013.2,  967.0
2025-05-22 13:00:00,3,1012.5,975.3
2025-05-22 14:00:00,    3, 1012.4,  966.8
2025-05-22 15:00:00,    3, 1012.5,  966.9
2025-05-22 16:00:00,    3, 1013.1,  967.5
2025-05-22 17:00:00,    3, 1013.5,  967.7
2025-05-22 18:00:00,3,1014.4,977.0
2025-05-22 19:00:00,    3, 1014.9,  968.8
2025-05-22 20:00:00,3,1015.6,969.4
2025-05-22 21:00:00,    3, 1016.4,  978.6
2025-05-22 22:00:00,    3, 1016.4,  978.5
2025-05-22 23:00:00,3,1016.1,969.6
2025-05-23 00:00:00,    3, 1016.3,  969.4
2025-05-23 01:00:00,    3, 1016.3,  978.1
2025-05-23 02:00:00,    3, 1015.9,  968.9
2025-05-23 03:00:00,    3, 1016.2,  977.9
2025-05-23 04:00:00,    3, 1016.4,  978.0
2025-05-23 05:00:00,    3, 1016.6,  978.3
2025-05-23 06:00:00,    3, 1017.1,  978.8
2025-05-23 07:00:00,    3, 1016.9,  970.2
2025-05-23 08:00:00,3,1017.7,979.6
2025-05-23 09:00:00,3,1017.6,979.7
2025-05-23 10:00:00,3,1017.3,979.6
2025-05-23 11:00:00,    3, 1016.9,  970.7
2025-05-23 12:00:00,    3, 1016.6,  970.5
2025-05-23 13:00:00,    3, 1016.4,  970.3
2025-05-23 14:00:00,    3, 1016.7,  979.3
2025-05-23 15:00:00,3,1016.0,970.1
2025-05-23 16:00:00,    3, 1016.4,  970.5
2025-05-23 17:00:00,    3, 1017.3,  979.8
2025-05-23 18:00:00,3,1017.3,971.2
2025-05-23 19:00:00,    3, 1018.5,  980.7
2025-05-23 20:00:00,    3, 1018.9,  972.3
2025-05-23 21:00:00,    3, 1019.5,  981.5
2025-05-23 22:00:00,    3, 1019.8,  981.7
2025-05-23 23:00:00,3,1020.1,973.0
2025-05-24 00:00:00,    3, 1020.1,  981.8
2025-05-24 01:00:00,3,1020.1,981.6
2025-05-24 02:00:00,    3, 1020.1,  972.5
2025-05-24 03:00:00,    3, 1020.2,  972.5
2025-05-24 04:00:00,    3, 1020.6,  972.8
2025-05-24 05:00:00,3,1020.2,972.8
2025-05-24 06:00:00,3,1020.0,972.9
2025-05-24 07:00:00,    3, 1020.2,  982.2
2025-05-24 08:00:00,    3, 1020.2,  982.3
2025-05-24 09:00:00,    3, 1019.9,  982.2
2025-05-24 10:00:00,    3, 1019.6,  982.0
2025-05-24 11:00:00,    3, 1019.2,  981.7
2025-05-24 12:00:00,    3, 1018.5,  981.1
2025-05-24 13:00:00,    3, 1017.8,  972.0
2025-05-24 14:00:00,    3, 1017.1,  971.6
2025-05-24 15:00:00,    3, 1016.7,  971.2
2025-05-24 16:00:00,    3, 1017.1,  979.9
2025-05-24 17:00:00,3,1017.2,979.9
2025-05-24 18:00:00,3,1017.6,980.3
2025-05-24 19:00:00,    3, 1018.0,  980.6
2025-05-24 20:00:00,3,1018.7,981.1
2025-05-24 21:00:00,    3, 1019.1,  981.3
2025-05-24 22:00:00,3,1018.6,972.3
2025-05-24 23:00:00,    3, 1018.1,  971.8
2025-05-25 00:00:00,    3, 1018.1,  971.7
2025-05-25 01:00:00,    3, 1017.7,  979.8
2025-05-25 02:00:00,3,1017.2,970.7
2025-05-25 03:00:00,3,1016.8,970.3
2025-05-25 04:00:00,3,1016.4,970.0
2025-05-25 05:00:00,3,1016.2,978.5
2025-05-25 06:00:00,    3, 1016.3,  970.0
2025-05-25 07:00:00,    3, 1016.3,  970.1
2025-05-25 08:00:00,    3, 1016.4,  978.9
2025-05-25 09:00:00,    3, 1016.4,  978.9
2025-05-25 10:00:00,    3, 1015.8,  969.9
2025-05-25 11:00:00,    3, 1014.8,  977.7
2025-05-25 12:00:00,    3, 1014.1,  968.8
2025-05-25 13:00:00,    3, 1013.5,  968.5
2025-05-25 14:00:00,    3, 1013.0,  968.3
2025-05-25 15:00:00,    3, 1012.8,  968.1
2025-05-25 16:00:00,3,1012.8,967.9
2025-05-25 17:00:00,3,1013.3,976.8
2025-05-25 18:00:00,    3, 1013.6,  977.0
2025-05-25 19:00:00,    3, 1013.6,  968.5
2025-05-25 20:00:00,    3, 1014.3,  968.9
2025-05-25 21:00:00,    3, 1014.9,  969.3
2025-05-25 22:00:00,    3, 1015.2,  969.6
2025-05-25 23:00:00,    3, 1016.1,  978.7
2025-05-26 00:00:00,3,1016.0,978.7
2025-05-26 01:00:00,3,1016.1,978.8
2025-05-26 02:00:00,    3, 1015.9,  970.0
2025-05-26 03:00:00,    3, 1016.6,  979.2
2025-05-26 04:00:00,    3, 1017.3,  979.8
2025-05-26 05:00:00,    3, 1017.4,  971.4
2025-05-26 06:00:00,    3, 1017.9,  971.9
2025-05-26 07:00:00,    3, 1017.8,  972.0
2025-05-26 08:00:00,3,1018.9,981.5
2025-05-26 09:00:00,    3, 1018.5,  972.8
2025-05-26 10:00:00,3,1018.6,973.0
2025-05-26 11:00:00,    3, 1019.2,  982.0
2025-05-26 12:00:00,    3, 1018.4,  973.0
2025-05-26 13:00:00,    3, 1018.5,  973.1
2025-05-26 14:00:00,    3, 1018.6,  973.1
2025-05-26 15:00:00,3,1019.4,982.4
2025-05-26 16:00:00,    3, 1019.5,  982.4
2025-05-26 17:00:00,    3, 1019.4,  982.3
2025-05-26 18:00:00,3,1019.4,973.8
2025-05-26 19:00:00,3,1020.1,974.3
2025-05-26 20:00:00,3,1021.1,983.6
2025-05-26 21:00:00,    3, 1021.6,  984.0
2025-05-26 22:00:00,    3, 1021.6,  975.3
2025-05-26 23:00:00,    3, 1021.5,  975.0
2025-05-27 00:00:00,3,1021.4,983.6
2025-05-27 01:00:00,    3, 1021.1,  983.4
2025-05-27 02:00:00,    3, 1021.0,  983.1
2025-05-27 03:00:00,    3, 1021.0,  974.3
2025-05-27 04:00:00,3,1021.1,974.5
2025-05-27 05:00:00,3,1021.1,974.5
2025-05-27 06:00:00,    3, 1021.5,  975.1
2025-05-27 07:00:00,    3, 1021.6,  975.4
2025-05-27 08:00:00,    3, 1021.5,  975.5
2025-05-27 09:00:00,3,1021.3,975.5
2025-05-27 10:00:00,    3, 1021.5,  984.3
2025-05-27 11:00:00,    3, 1021.2,  984.1
2025-05-27 12:00:00,3,1020.9,983.8
2025-05-27 13:00:00,3,1020.6,983.6
2025-05-27 14:00:00,3,1020.5,983.5
2025-05-27 15:00:00,    3, 1019.8,  983.0
2025-05-27 16:00:00,    3, 1019.1,  973.8
2025-05-27 17:00:00,    3, 1019.1,  973.8
2025-05-27 18:00:00,    3, 1019.5,  982.6
2025-05-27 19:00:00,    3, 1019.7,  982.7
2025-05-27 20:00:00,    3, 1020.0,  983.0
2025-05-27 21:00:00,    3, 1019.7,  974.1
2025-05-27 22:00:00,3,1020.0,982.8
2025-05-27 23:00:00,3,1019.4,973.7
2025-05-28 00:00:00,    3, 1019.4,  982.2
2025-05-28 01:00:00,    3, 1018.5,  972.7
2025-05-28 02:00:00,3,1018.4,981.1
2025-05-28 03:00:00,    3, 1018.3,  981.0
2025-05-28 04:00:00,    3, 1018.0,  980.7
2025-05-28 05:00:00,    3, 1017.6,  971.8
2025-05-28 06:00:00,3,1017.3,980.1
2025-05-28 07:00:00,3,1017.4,980.3
2025-05-28 08:00:00,3,1018.3,981.0
2025-05-28 09:00:00,    3, 1017.8,  972.1
2025-05-28 10:00:00,    3, 1018.1,  972.3
2025-05-28 11:00:00,    3, 1017.5,  972.0
2025-05-28 12:00:00,3,1018.5,981.3
2025-05-28 13:00:00,3,1017.8,972.2
2025-05-28 14:00:00,    3, 1017.4,  972.0
2025-05-28 15:00:00,    3, 1017.5,  972.1
2025-05-28 16:00:00,    3, 1017.8,  972.4
2025-05-28 17:00:00,    3, 1017.6,  972.0
2025-05-28 18:00:00,3,1018.5,972.7
2025-05-28 19:00:00,3,1019.2,981.8
2025-05-28 20:00:00,3,1019.7,973.7
2025-05-28 21:00:00,3,1020.1,974.0
2025-05-28 22:00:00,3,1021.4,983.7
2025-05-28 23:00:00,    3, 1021.6,  975.3
2025-05-29 00:00:00,    3, 1021.9,  984.1
2025-05-29 01:00:00,    3, 1021.9,  975.5
2025-05-29 02:00:00,    3, 1022.2,  975.8
2025-05-29 03:00:00,    3, 1022.9,  985.0
2025-05-29 04:00:00,    3, 1023.2,  976.7
2025-05-29 05:00:00,    3, 1024.2,  986.3
2025-05-29 06:00:00,    3, 1024.2,  977.8
2025-05-29 07:00:00,3,1024.6,987.0
2025-05-29 08:00:00,3,1024.3,978.2
2025-05-29 09:00:00,    3, 1024.5,  987.1
2025-05-29 10:00:00,3,1023.6,977.8
2025-05-29 11:00:00,    3, 1023.5,  977.8
2025-05-29 12:00:00,    3, 1024.0,  986.9
2025-05-29 13:00:00,    3, 1023.5,  986.5
2025-05-29 14:00:00,    3, 1022.6,  977.2
2025-05-29 15:00:00,3,1022.3,977.0
2025-05-29 16:00:00,3,1022.1,976.8
2025-05-29 17:00:00,3,1022.3,985.4
2025-05-29 18:00:00,3,1022.5,985.6
2025-05-29 19:00:00,    3, 1022.0,  976.6
2025-05-29 20:00:00,3,1023.0,986.0
2025-05-29 21:00:00,    3, 1023.4,  986.3
2025-05-29 22:00:00,    3, 1023.5,  986.4
2025-05-29 23:00:00,    3, 1023.0,  977.2
2025-05-30 00:00:00,    3, 1023.4,  986.2
2025-05-30 01:00:00,    3, 1022.9,  977.1
2025-05-30 02:00:00,    3, 1023.0,  977.0
2025-05-30 03:00:00,    3, 1023.1,  977.1
2025-05-30 04:00:00,    3, 1023.2,  977.2
2025-05-30 05:00:00,    3, 1023.1,  977.2
2025-05-30 06:00:00,3,1023.3,986.1
2025-05-30 07:00:00,3,1022.9,986.1
2025-05-30 08:00:00,3,1022.6,985.9
2025-05-30 09:00:00,    3, 1022.0,  985.5
2025-05-30 10:00:00,    3, 1020.8,  976.1
2025-05-30 11:00:00,3,1020.3,975.8
2025-05-30 12:00:00,    3, 1019.7,  975.4
2025-05-30 13:00:00,    3, 1019.3,  975.1
2025-05-30 14:00:00,    3, 1019.0,  975.0
2025-05-30 15:00:00,3,1019.7,983.7
2025-05-30 16:00:00,    3, 1019.5,  983.5
2025-05-30 17:00:00,    3, 1018.7,  974.6
2025-05-30 18:00:00,    3, 1018.8,  974.6
2025-05-30 19:00:00,    3, 1019.0,  974.6
2025-05-30 20:00:00,    3, 1019.5,  974.6
2025-05-30 21:00:00,    3, 1019.8,  974.6
2025-05-30 22:00:00,    3, 1019.9,  983.1
2025-05-30 23:00:00,    3, 1020.0,  974.3
2025-05-31 00:00:00,    3, 1019.9,  982.9
2025-05-31 01:00:00,    3, 1020.1,  974.2
2025-05-31 02:00:00,    3, 1020.1,  982.9
2025-05-31 03:00:00,    3, 1020.1,  982.8
2025-05-31 04:00:00,    3, 1020.1,  982.8
2025-05-31 05:00:00,3,1020.1,982.9
2025-05-31 06:00:00,    3, 1020.0,  983.0
2025-05-31 07:00:00,3,1019.8,983.1
2025-05-31 08:00:00,3,1018.9,974.3
2025-05-31 09:00:00,    3, 1018.2,  974.0
2025-05-31 10:00:00,    3, 1017.9,  973.9
2025-05-31 11:00:00,3,1017.3,973.5
2025-05-31 12:00:00,    3, 1016.7,  973.0
2025-05-31 13:00:00,    3, 1016.6,  981.1
2025-05-31 14:00:00,3,1016.1,980.6
2025-05-31 15:00:00,    3, 1014.8,  971.4
2025-05-31 16:00:00,    3, 1014.8,  971.2
2025-05-31 17:00:00,3,1016.6,980.4
2025-05-31 18:00:00,3,1018.9,982.2
2025-05-31 19:00:00,3,1018.9,973.8
2025-05-31 20:00:00,    3, 1019.6,  974.4
2025-05-31 21:00:00,3,1018.1,972.9
2025-05-31 22:00:00,3,1017.6,972.3
2025-05-31 23:00:00,3,1017.3,971.9
2025-06-01 00:00:00,3,1016.8,979.9
2025-06-01 01:00:00,3,1016.9,971.5
2025-06-01 02:00:00,    3, 1016.2,  970.9
2025-06-01 03:00:00,    3, 1016.2,  970.9
2025-06-01 04:00:00,    3, 1016.6,  971.2
2025-06-01 05:00:00,    3, 1016.4,  971.1
2025-06-01 06:00:00,3,1016.5,979.7
2025-06-01 07:00:00,    3, 1016.0,  979.5
2025-06-01 08:00:00,    3, 1015.9,  979.6
2025-06-01 09:00:00,    3, 1015.4,  979.3
2025-06-01 10:00:00,3,1014.2,970.2
2025-06-01 11:00:00,    3, 1013.4,  969.6
2025-06-01 12:00:00,    3, 1014.0,  978.1
2025-06-01 13:00:00,    3, 1012.8,  968.8
2025-06-01 14:00:00,    3, 1012.4,  968.5
2025-06-01 15:00:00,    3, 1012.0,  968.2
2025-06-01 16:00:00,3,1011.8,968.1
2025-06-01 17:00:00,3,1012.7,976.8
2025-06-01 18:00:00,    3, 1013.4,  977.2
2025-06-01 19:00:00,    3, 1013.7,  977.4
2025-06-01 20:00:00,    3, 1013.9,  969.1
2025-06-01 21:00:00,    3, 1014.6,  978.1
2025-06-01 22:00:00,3,1014.9,978.4
2025-06-01 23:00:00,    3, 1015.2,  970.2
2025-06-02 00:00:00,    3, 1014.4,  969.2
2025-06-02 01:00:00,    3, 1015.3,  978.3
2025-06-02 02:00:00,3,1015.9,978.9
2025-06-02 03:00:00,3,1016.0,979.0
2025-06-02 04:00:00,    3, 1015.7,  978.7
2025-06-02 05:00:00,    3, 1016.1,  979.2
2025-06-02 06:00:00,    3, 1016.6,  979.7
2025-06-02 07:00:00,3,1016.4,971.2
2025-06-02 08:00:00,    3, 1016.7,  971.5
2025-06-02 09:00:00,    3, 1016.9,  971.5
2025-06-02 10:00:00,3,1016.6,979.9
2025-06-02 11:00:00,    3, 1016.6,  980.0
2025-06-02 12:00:00,    3, 1016.4,  979.7
2025-06-02 13:00:00,    3, 1016.0,  979.5
2025-06-02 14:00:00,    3, 1016.6,  971.0
2025-06-02 15:00:00,    3, 1017.2,  980.0
2025-06-02 16:00:00,    3, 1016.8,  979.7
2025-06-02 17:00:00,    3, 1016.5,  971.0
2025-06-02 18:00:00,    3, 1017.1,  980.1
2025-06-02 19:00:00,3,1017.2,980.2
2025-06-02 20:00:00,3,1017.1,971.5
2025-06-02 21:00:00,3,1017.2,971.6
2025-06-02 22:00:00,3,1017.5,980.3
2025-06-02 23:00:00,3,1017.1,971.5
2025-06-03 00:00:00,3,1017.1,979.9
2025-06-03 01:00:00,    3, 1016.5,  970.9
2025-06-03 02:00:00,    3, 1016.6,  979.4
2025-06-03 03:00:00,    3, 1016.6,  979.4
2025-06-03 04:00:00,    3, 1016.3,  979.1
2025-06-03 05:00:00,3,1016.0,970.4
2025-06-03 06:00:00,3,1015.5,970.0
2025-06-03 07:00:00,3,1016.2,979.2
2025-06-03 08:00:00,3,1014.7,969.6
2025-06-03 09:00:00,3,1014.5,969.5
2025-06-03 10:00:00,3,1015.0,978.4
2025-06-03 11:00:00,3,1013.5,969.0
2025-06-03 12:00:00,    3, 1013.6,  977.5
2025-06-03 13:00:00,3,1012.9,976.8
2025-06-03 14:00:00,    3, 1012.4,  976.4
2025-06-03 15:00:00,    3, 1012.2,  967.9
2025-06-03 16:00:00,3,1012.7,968.0
2025-06-03 17:00:00,3,1012.0,967.3
2025-06-03 18:00:00,3,1011.9,967.1
2025-06-03 19:00:00,    3, 1012.0,  975.5
2025-06-03 20:00:00,    3, 1012.6,  967.5
2025-06-03 21:00:00,    3, 1012.9,  967.7
2025-06-03 22:00:00,3,1012.6,976.0
2025-06-03 23:00:00,3,1012.9,967.4
2025-06-04 00:00:00,    3, 1012.7,  967.3
2025-06-04 01:00:00,    3, 1012.5,  975.7
2025-06-04 02:00:00,    3, 1011.9,  975.1
2025-06-04 03:00:00,    3, 1012.0,  975.1
2025-06-04 04:00:00,3,1011.3,966.0
2025-06-04 05:00:00,    3, 1011.3,  966.0
2025-06-04 06:00:00,    3, 1012.1,  966.8
2025-06-04 07:00:00,3,1012.9,967.5
2025-06-04 08:00:00,    3, 1011.8,  966.7
2025-06-04 09:00:00,3,1011.6,974.8
2025-06-04 10:00:00,    3, 1011.1,  974.5
2025-06-04 11:00:00,    3, 1011.3,  974.8
2025-06-04 12:00:00,3,1009.7,965.1
2025-06-04 13:00:00,3,1009.2,964.9
2025-06-04 14:00:00,    3, 1008.8,  964.6
2025-06-04 15:00:00,    3, 1008.8,  964.4
2025-06-04 16:00:00,    3, 1009.5,  965.0
2025-06-04 17:00:00,3,1009.5,964.5
2025-06-04 18:00:00,    3, 1009.3,  964.2
2025-06-04 19:00:00,3,1011.0,974.2
2025-06-04 20:00:00,3,1011.6,966.3
2025-06-04 21:00:00,    3, 1012.2,  975.3
2025-06-04 22:00:00,    3, 1012.3,  975.3
2025-06-04 23:00:00,    3, 1012.4,  975.5
2025-06-05 00:00:00,3,1012.6,967.2
2025-06-05 01:00:00,    3, 1013.0,  976.0
2025-06-05 02:00:00,3,1012.9,967.3
2025-06-05 03:00:00,    3, 1013.3,  967.7
2025-06-05 04:00:00,    3, 1013.6,  968.0
2025-06-05 05:00:00,3,1014.4,977.3
2025-06-05 06:00:00,3,1014.5,977.4
2025-06-05 07:00:00,    3, 1014.8,  977.8
2025-06-05 08:00:00,    3, 1014.7,  977.9
2025-06-05 09:00:00,3,1014.2,977.6
2025-06-05 10:00:00,    3, 1013.4,  968.5
2025-06-05 11:00:00,    3, 1013.1,  968.3
2025-06-05 12:00:00,    3, 1012.6,  967.9
2025-06-05 13:00:00,    3, 1012.3,  967.7
2025-06-05 14:00:00,    3, 1012.9,  968.1
2025-06-05 15:00:00,    3, 1013.1,  968.2
2025-06-05 16:00:00,3,1012.4,967.6
2025-06-05 17:00:00,    3, 1012.1,  967.3
2025-06-05 18:00:00,    3, 1012.3,  967.4
2025-06-05 19:00:00,    3, 1012.3,  967.3
2025-06-05 20:00:00,3,1012.5,975.8
2025-06-05 21:00:00,3,1012.7,975.9
2025-06-05 22:00:00,    3, 1012.1,  975.3
2025-06-05 23:00:00,    3, 1011.7,  974.9
2025-06-06 00:00:00,    3, 1011.6,  974.9
2025-06-06 01:00:00,    3, 1011.1,  965.9
2025-06-06 02:00:00,    3, 1010.8,  965.8
2025-06-06 03:00:00,    3, 1011.0,  974.4
2025-06-06 04:00:00,    3, 1011.4,  974.8
2025-06-06 05:00:00,3,1011.7,966.7
2025-06-06 06:00:00,    3, 1011.8,  975.3
2025-06-06 07:00:00,    3, 1012.1,  975.6
2025-06-06 08:00:00,3,1011.8,967.2
2025-06-06 09:00:00,3,1012.7,976.3
2025-06-06 10:00:00,3,1013.0,968.2
2025-06-06 11:00:00,    3, 1013.5,  968.6
2025-06-06 12:00:00,3,1013.7,968.8
2025-06-06 13:00:00,3,1013.0,968.4
2025-06-06 14:00:00,3,1014.3,977.6
2025-06-06 15:00:00,    3, 1013.9,  968.6
2025-06-06 16:00:00,    3, 1013.7,  968.8
2025-06-06 17:00:00,    3, 1014.6,  977.7
2025-06-06 18:00:00,    3, 1015.1,  978.2
2025-06-06 19:00:00,    3, 1015.1,  978.1
2025-06-06 20:00:00,3,1014.6,969.3
2025-06-06 21:00:00,3,1014.5,969.1
2025-06-06 22:00:00,3,1014.8,977.8
2025-06-06 23:00:00,    3, 1014.3,  969.0
2025-06-07 00:00:00,3,1014.1,968.7
2025-06-07 01:00:00,    3, 1013.7,  976.8
2025-06-07 02:00:00,    3, 1013.4,  976.5
2025-06-07 03:00:00,    3, 1013.0,  967.5
2025-06-07 04:00:00,    3, 1013.0,  976.1
2025-06-07 05:00:00,3,1013.2,976.3
2025-06-07 06:00:00,    3, 1012.9,  967.7
2025-06-07 07:00:00,    3, 1012.7,  967.7
2025-06-07 08:00:00,    3, 1012.4,  975.8
2025-06-07 09:00:00,3,1011.7,966.9
2025-06-07 10:00:00,    3, 1011.8,  966.8
2025-06-07 11:00:00,    3, 1011.5,  966.8
2025-06-07 12:00:00,    3, 1012.9,  976.2
2025-06-07 13:00:00,    3, 1012.6,  967.3
2025-06-07 14:00:00,    3, 1013.0,  976.2
2025-06-07 15:00:00,3,1012.9,967.5
2025-06-07 16:00:00,3,1012.7,967.6
2025-06-07 17:00:00,3,1012.9,976.2
2025-06-07 18:00:00,    3, 1013.4,  976.6
2025-06-07 19:00:00,3,1013.4,968.0
2025-06-07 20:00:00,    3, 1013.5,  968.1
2025-06-07 21:00:00,    3, 1013.6,  968.2
2025-06-07 22:00:00,    3, 1013.4,  968.0
2025-06-07 23:00:00,3,1013.3,967.7
2025-06-08 00:00:00,    3, 1012.9,  967.3
2025-06-08 01:00:00,    3, 1012.3,  966.7
2025-06-08 02:00:00,    3, 1011.9,  974.9
2025-06-08 03:00:00,3,1012.1,975.1
2025-06-08 04:00:00,    3, 1012.0,  966.5
2025-06-08 05:00:00,    3, 1012.7,  967.2
2025-06-08 06:00:00,    3, 1013.0,  975.9
2025-06-08 07:00:00,3,1013.6,976.4
2025-06-08 08:00:00,3,1014.1,968.5
2025-06-08 09:00:00,    3, 1014.4,  968.9
2025-06-08 10:00:00,    3, 1016.2,  978.8
2025-06-08 11:00:00,3,1016.7,970.9
2025-06-08 12:00:00,    3, 1017.5,  980.1
2025-06-08 13:00:00,    3, 1017.5,  980.3
2025-06-08 14:00:00,    3, 1017.5,  980.5
2025-06-08 15:00:00,    3, 1018.3,  981.1
2025-06-08 16:00:00,    3, 1019.6,  973.5
2025-06-08 17:00:00,3,1020.1,974.1
2025-06-08 18:00:00,    3, 1020.8,  974.7
2025-06-08 19:00:00,    3, 1021.8,  975.5
2025-06-08 20:00:00,3,1022.8,985.1
2025-06-08 21:00:00,    3, 1023.7,  977.1
2025-06-08 22:00:00,    3, 1024.1,  986.1
2025-06-08 23:00:00,    3, 1024.4,  986.4
2025-06-09 00:00:00,    3, 1024.6,  986.5
2025-06-09 01:00:00,    3, 1024.6,  986.4
2025-06-09 02:00:00,    3, 1025.2,  977.9
2025-06-09 03:00:00,    3, 1025.4,  987.0
2025-06-09 04:00:00,    3, 1025.7,  987.3
2025-06-09 05:00:00,    3, 1025.7,  978.7
2025-06-09 06:00:00,    3, 1025.5,  978.7
2025-06-09 07:00:00,    3, 1025.4,  978.9
2025-06-09 08:00:00,    3, 1025.2,  987.7
2025-06-09 09:00:00,    3, 1024.6,  978.7
2025-06-09 10:00:00,    3, 1025.1,  987.7
2025-06-09 11:00:00,    3, 1023.9,  978.3
2025-06-09 12:00:00,    3, 1024.0,  986.9
2025-06-09 13:00:00,3,1023.5,986.5
2025-06-09 14:00:00,3,1023.1,986.2
2025-06-09 15:00:00,    3, 1022.8,  985.9
2025-06-09 16:00:00,    3, 1021.5,  976.4
2025-06-09 17:00:00,    3, 1022.1,  985.2
2025-06-09 18:00:00,    3, 1022.3,  985.3
2025-06-09 19:00:00,    3, 1022.1,  976.5
2025-06-09 20:00:00,    3, 1022.8,  976.9
2025-06-09 21:00:00,    3, 1022.8,  976.8
2025-06-09 22:00:00,    3, 1022.7,  976.3
2025-06-09 23:00:00,    3, 1022.8,  976.2
2025-06-10 00:00:00,    3, 1022.3,  975.7
2025-06-10 01:00:00,3,1021.9,975.1
2025-06-10 02:00:00,    3, 1021.5,  974.6
2025-06-10 03:00:00,    3, 1021.0,  982.9
2025-06-10 04:00:00,    3, 1021.1,  974.1
2025-06-10 05:00:00,    3, 1021.0,  974.3
2025-06-10 06:00:00,    3, 1021.0,  983.3
2025-06-10 07:00:00,3,1020.6,983.3
2025-06-10 08:00:00,    3, 1019.5,  974.3
2025-06-10 09:00:00,    3, 1018.9,  973.8
2025-06-10 10:00:00,    3, 1018.0,  973.1
2025-06-10 11:00:00,3,1017.1,972.5
2025-06-10 12:00:00,3,1016.3,971.8
2025-06-10 13:00:00,3,1015.5,971.2
2025-06-10 14:00:00,    3, 1014.8,  970.6
2025-06-10 15:00:00,3,1014.8,970.6
2025-06-10 16:00:00,3,1015.7,979.5
2025-06-10 17:00:00,    3, 1015.4,  970.9
2025-06-10 18:00:00,3,1016.2,979.9
2025-06-10 19:00:00,    3, 1016.7,  980.3
2025-06-10 20:00:00,    3, 1017.3,  972.1
2025-06-10 21:00:00,    3, 1018.2,  972.7
2025-06-10 22:00:00,3,1018.5,972.8
2025-06-10 23:00:00,3,1019.0,973.2
2025-06-11 00:00:00,3,1019.2,982.2
2025-06-11 01:00:00,    3, 1019.6,  973.7
2025-06-11 02:00:00,    3, 1020.0,  974.0
2025-06-11 03:00:00,    3, 1020.5,  983.3
2025-06-11 04:00:00,    3, 1021.1,  983.7
2025-06-11 05:00:00,    3, 1020.7,  975.0
2025-06-11 06:00:00,    3, 1021.1,  975.4
2025-06-11 07:00:00,    3, 1021.4,  975.8
2025-06-11 08:00:00,    3, 1021.2,  975.8
2025-06-11 09:00:00,    3, 1020.7,  975.5
2025-06-11 10:00:00,3,1020.7,975.5
2025-06-11 11:00:00,    3, 1020.6,  983.9
2025-06-11 12:00:00,3,1019.4,974.6
2025-06-11 13:00:00,3,1019.8,983.3
2025-06-11 14:00:00,3,1019.4,982.9
2025-06-11 15:00:00,3,1018.9,982.5
2025-06-11 16:00:00,    3, 1018.3,  982.0
2025-06-11 17:00:00,3,1018.1,981.7
2025-06-11 18:00:00,    3, 1018.3,  981.8
2025-06-11 19:00:00,3,1017.8,972.8
2025-06-11 20:00:00,    3, 1018.8,  981.9
2025-06-11 21:00:00,    3, 1018.8,  973.4
2025-06-11 22:00:00,    3, 1019.6,  982.4
2025-06-11 23:00:00,    3, 1019.4,  982.2
2025-06-12 00:00:00,    3, 1019.0,  981.7
2025-06-12 01:00:00,    3, 1019.0,  981.6
2025-06-12 02:00:00,    3, 1018.9,  972.4
2025-06-12 03:00:00,3,1018.4,972.0
2025-06-12 04:00:00,3,1018.5,972.3
2025-06-12 05:00:00,    3, 1018.9,  981.4
2025-06-12 06:00:00,    3, 1018.4,  972.6
2025-06-12 07:00:00,    3, 1018.1,  972.8
2025-06-12 08:00:00,3,1018.2,981.6
2025-06-12 09:00:00,    3, 1017.7,  981.4
2025-06-12 10:00:00,    3, 1016.8,  972.4
2025-06-12 11:00:00,    3, 1016.4,  972.3
2025-06-12 12:00:00,    3, 1016.0,  971.9
2025-06-12 13:00:00,    3, 1015.9,  971.9
2025-06-12 14:00:00,3,1015.6,971.8
2025-06-12 15:00:00,3,1016.2,980.5
2025-06-12 16:00:00,3,1015.3,971.5
2025-06-12 17:00:00,3,1015.3,971.4
2025-06-12 18:00:00,    3, 1015.7,  971.6
2025-06-12 19:00:00,    3, 1016.3,  971.9
2025-06-12 20:00:00,    3, 1017.5,  972.6
2025-06-12 21:00:00,    3, 1018.1,  981.7
2025-06-12 22:00:00,    3, 1018.4,  981.9
2025-06-12 23:00:00,3,1018.9,982.1
2025-06-13 00:00:00,    3, 1019.0,  973.4
2025-06-13 01:00:00,    3, 1019.3,  973.6
2025-06-13 02:00:00,3,1019.3,982.3
2025-06-13 03:00:00,    3, 1019.5,  973.7
2025-06-13 04:00:00,    3, 1020.0,  982.9
2025-06-13 05:00:00,    3, 1020.6,  983.5
2025-06-13 06:00:00,    3, 1019.9,  974.7
2025-06-13 07:00:00,    3, 1020.5,  984.0
2025-06-13 08:00:00,3,1019.8,975.2
2025-06-13 09:00:00,    3, 1019.2,  975.0
2025-06-13 10:00:00,    3, 1019.0,  975.1
2025-06-13 11:00:00,3,1019.3,983.8
2025-06-13 12:00:00,    3, 1018.8,  983.4
2025-06-13 13:00:00,    3, 1017.8,  974.3
2025-06-13 14:00:00,    3, 1018.0,  982.7
2025-06-13 15:00:00,3,1017.8,982.5
2025-06-13 16:00:00,    3, 1017.7,  982.3
2025-06-13 17:00:00,3,1017.5,982.0
2025-06-13 18:00:00,    3, 1017.5,  981.9
2025-06-13 19:00:00,3,1017.5,973.2
2025-06-13 20:00:00,    3, 1018.2,  973.6
2025-06-13 21:00:00,    3, 1018.8,  973.9
2025-06-13 22:00:00,3,1018.9,982.4
2025-06-13 23:00:00,    3, 1018.4,  973.4
2025-06-14 00:00:00,3,1018.7,982.0
2025-06-14 01:00:00,3,1018.8,973.3
2025-06-14 02:00:00,    3, 1018.9,  982.1
2025-06-14 03:00:00,3,1019.0,973.4
2025-06-14 04:00:00,    3, 1019.0,  973.5
2025-06-14 05:00:00,3,1019.2,982.4
2025-06-14 06:00:00,    3, 1018.6,  973.6
2025-06-14 07:00:00,    3, 1018.9,  982.6
2025-06-14 08:00:00,    3, 1018.6,  982.5
2025-06-14 09:00:00,    3, 1017.5,  973.7
2025-06-14 10:00:00,3,1017.5,982.0
2025-06-14 11:00:00,    3, 1016.9,  981.6
2025-06-14 12:00:00,    3, 1015.9,  972.8
2025-06-14 13:00:00,    3, 1015.3,  972.4
2025-06-14 14:00:00,    3, 1015.1,  972.2
2025-06-14 15:00:00,3,1015.3,972.2
2025-06-14 16:00:00,3,1015.2,972.1
2025-06-14 17:00:00,    3, 1015.4,  972.2
2025-06-14 18:00:00,    3, 1016.1,  972.6
2025-06-14 19:00:00,    3, 1016.7,  973.1
2025-06-14 20:00:00,3,1018.0,982.2
2025-06-14 21:00:00,    3, 1018.3,  982.4
2025-06-14 22:00:00,    3, 1018.5,  982.5
2025-06-14 23:00:00,    3, 1018.2,  973.6
2025-06-15 00:00:00,3,1018.1,981.9
2025-06-15 01:00:00,    3, 1017.9,  981.5
2025-06-15 02:00:00,    3, 1016.9,  972.0
2025-06-15 03:00:00,    3, 1017.3,  980.7
2025-06-15 04:00:00,3,1017.4,980.8
2025-06-15 05:00:00,    3, 1018.5,  973.8
2025-06-15 06:00:00,3,1019.4,974.5
2025-06-15 07:00:00,    3, 1019.1,  974.4
2025-06-15 08:00:00,    3, 1019.5,  983.1
2025-06-15 09:00:00,3,1019.5,983.2
2025-06-15 10:00:00,    3, 1019.5,  983.2
2025-06-15 11:00:00,    3, 1018.8,  982.7
2025-06-15 12:00:00,    3, 1017.5,  973.5
2025-06-15 13:00:00,    3, 1017.6,  973.4
2025-06-15 14:00:00,    3, 1017.1,  973.0
2025-06-15 15:00:00,    3, 1017.5,  973.2
2025-06-15 16:00:00,3,1018.1,981.9
2025-06-15 17:00:00,    3, 1018.2,  973.6
2025-06-15 18:00:00,    3, 1019.6,  974.5
2025-06-15 19:00:00,    3, 1020.8,  983.9
2025-06-15 20:00:00,    3, 1021.8,  984.8
2025-06-15 21:00:00,    3, 1022.8,  985.5
2025-06-15 22:00:00,    3, 1023.8,  977.9
2025-06-15 23:00:00,    3, 1024.4,  978.5
2025-06-16 00:00:00,    3, 1025.1,  987.6
2025-06-16 01:00:00,    3, 1025.3,  987.8
2025-06-16 02:00:00,3,1025.0,979.0
2025-06-16 03:00:00,    3, 1024.9,  978.9
2025-06-16 04:00:00,    3, 1025.8,  988.3
2025-06-16 05:00:00,    3, 1025.9,  979.9
2025-06-16 06:00:00,    3, 1026.8,  989.3
2025-06-16 07:00:00,3,1027.2,989.7
2025-06-16 08:00:00,    3, 1027.2,  989.9
2025-06-16 09:00:00,3,1027.1,989.9
2025-06-16 10:00:00,    3, 1026.5,  981.1
2025-06-16 11:00:00,3,1026.8,989.9
2025-06-16 12:00:00,3,1026.5,989.6
2025-06-16 13:00:00,    3, 1025.7,  980.5
2025-06-16 14:00:00,3,1025.5,980.4
2025-06-16 15:00:00,3,1025.0,980.0
2025-06-16 16:00:00,    3, 1024.8,  979.7
2025-06-16 17:00:00,3,1025.1,980.0
2025-06-16 18:00:00,3,1025.8,989.1
2025-06-16 19:00:00,3,1025.8,988.9
2025-06-16 20:00:00,    3, 1026.0,  989.0
2025-06-16 21:00:00,3,1026.5,980.6
2025-06-16 22:00:00,3,1027.0,980.9
2025-06-16 23:00:00,    3, 1026.8,  980.6
2025-06-17 00:00:00,    3, 1026.8,  980.4
2025-06-17 01:00:00,    3, 1027.1,  989.3
2025-06-17 02:00:00,3,1026.9,989.1
2025-06-17 03:00:00,    3, 1026.8,  988.9
2025-06-17 04:00:00,    3, 1026.7,  979.9
2025-06-17 05:00:00,    3, 1026.2,  979.8
2025-06-17 06:00:00,    3, 1026.1,  980.0
2025-06-17 07:00:00,3,1026.0,980.2
2025-06-17 08:00:00,3,1026.2,989.2
2025-06-17 09:00:00,    3, 1025.1,  980.0
2025-06-17 10:00:00,    3, 1025.7,  989.0
2025-06-17 11:00:00,3,1024.6,979.7
2025-06-17 12:00:00,3,1024.0,979.2
2025-06-17 13:00:00,3,1024.0,987.6
2025-06-17 14:00:00,    3, 1023.0,  978.5
2025-06-17 15:00:00,3,1022.6,978.1
2025-06-17 16:00:00,    3, 1022.0,  977.5
2025-06-17 17:00:00,    3, 1022.1,  985.9
2025-06-17 18:00:00,    3, 1021.8,  977.2
2025-06-17 19:00:00,3,1022.2,985.8
2025-06-17 20:00:00,3,1022.6,977.3
2025-06-17 21:00:00,    3, 1023.0,  986.2
2025-06-17 22:00:00,    3, 1023.3,  986.4
2025-06-17 23:00:00,    3, 1023.2,  986.2
2025-06-18 00:00:00,    3, 1023.4,  977.4
2025-06-18 01:00:00,    3, 1023.3,  977.2
2025-06-18 02:00:00,    3, 1023.2,  985.7
2025-06-18 03:00:00,    3, 1023.5,  977.1
2025-06-18 04:00:00,    3, 1023.5,  977.1
2025-06-18 05:00:00,3,1023.6,986.2
2025-06-18 06:00:00,    3, 1023.3,  986.2
2025-06-18 07:00:00,    3, 1023.3,  986.4
2025-06-18 08:00:00,3,1023.1,986.5
2025-06-18 09:00:00,3,1022.4,977.7
2025-06-18 10:00:00,3,1022.4,986.2
2025-06-18 11:00:00,3,1021.6,977.2
2025-06-18 12:00:00,    3, 1021.3,  977.0
2025-06-18 13:00:00,    3, 1021.0,  976.8
2025-06-18 14:00:00,3,1021.2,985.3
2025-06-18 15:00:00,3,1020.3,976.3
2025-06-18 16:00:00,    3, 1020.2,  976.1
2025-06-18 17:00:00,    3, 1020.2,  976.1
2025-06-18 18:00:00,    3, 1020.8,  984.8
2025-06-18 19:00:00,3,1020.9,984.8
2025-06-18 20:00:00,3,1021.1,976.5
2025-06-18 21:00:00,3,1021.6,985.2
2025-06-18 22:00:00,3,1021.9,976.8
2025-06-18 23:00:00,3,1022.2,976.8
2025-06-19 00:00:00,3,1022.6,977.0
2025-06-19 01:00:00,3,1022.4,985.5
2025-06-19 02:00:00,3,1022.6,976.7
2025-06-19 03:00:00,    3, 1023.0,  985.8
2025-06-19 04:00:00,3,1023.3,977.3
2025-06-19 05:00:00,    3, 1023.0,  977.5
2025-06-19 06:00:00,    3, 1022.9,  977.6
2025-06-19 07:00:00,    3, 1022.7,  977.7
2025-06-19 08:00:00,    3, 1022.6,  977.8
2025-06-19 09:00:00,    3, 1022.9,  986.5
2025-06-19 10:00:00,    3, 1022.7,  986.5
2025-06-19 11:00:00,    3, 1022.2,  986.2
2025-06-19 12:00:00,    3, 1021.9,  985.9
2025-06-19 13:00:00,3,1021.8,985.8
2025-06-19 14:00:00,3,1020.6,976.6
2025-06-19 15:00:00,    3, 1021.1,  985.2
2025-06-19 16:00:00,    3, 1020.2,  976.2
2025-06-19 17:00:00,    3, 1020.2,  976.1
2025-06-19 18:00:00,    3, 1021.0,  985.0
2025-06-19 19:00:00,    3, 1021.2,  985.1
2025-06-19 20:00:00,    3, 1022.0,  985.6
2025-06-19 21:00:00,    3, 1022.4,  985.9
2025-06-19 22:00:00,    3, 1022.6,  977.5
2025-06-19 23:00:00,    3, 1023.0,  977.7
2025-06-20 00:00:00,    3, 1023.3,  977.8
2025-06-20 01:00:00,    3, 1023.6,  978.0
2025-06-20 02:00:00,3,1023.7,978.0
2025-06-20 03:00:00,3,1023.6,977.7
2025-06-20 04:00:00,    3, 1024.4,  986.9
2025-06-20 05:00:00,3,1023.7,978.0
2025-06-20 06:00:00,    3, 1024.5,  987.3
2025-06-20 07:00:00,3,1024.3,987.3
2025-06-20 08:00:00,    3, 1024.1,  987.3
2025-06-20 09:00:00,    3, 1022.9,  978.0
2025-06-20 10:00:00,3,1023.3,986.8
2025-06-20 11:00:00,3,1022.7,986.4
2025-06-20 12:00:00,    3, 1022.4,  986.2
2025-06-20 13:00:00,    3, 1021.1,  976.9
2025-06-20 14:00:00,    3, 1020.7,  976.5
2025-06-20 15:00:00,    3, 1021.3,  985.3
2025-06-20 16:00:00,    3, 1021.0,  985.0
2025-06-20 17:00:00,    3, 1020.7,  984.7
2025-06-20 18:00:00,    3, 1020.0,  975.7
2025-06-20 19:00:00,3,1020.3,975.7
2025-06-20 20:00:00,3,1021.0,976.0
2025-06-20 21:00:00,    3, 1022.0,  985.3
2025-06-20 22:00:00,    3, 1022.4,  985.5
2025-06-20 23:00:00,    3, 1022.3,  976.6
2025-06-21 00:00:00,    3, 1022.3,  976.3
2025-06-21 01:00:00,    3, 1022.1,  976.0
2025-06-21 02:00:00,3,1021.9,984.5
2025-06-21 03:00:00,    3, 1021.8,  975.5
2025-06-21 04:00:00,    3, 1021.9,  984.4
2025-06-21 05:00:00,    3, 1021.6,  975.8
2025-06-21 06:00:00,    3, 1022.1,  985.0
2025-06-21 07:00:00,    3, 1021.9,  985.0
2025-06-21 08:00:00,3,1021.2,976.2
2025-06-21 09:00:00,3,1020.5,976.0
2025-06-21 10:00:00,    3, 1020.2,  975.8
2025-06-21 11:00:00,    3, 1020.4,  984.4
2025-06-21 12:00:00,3,1019.3,975.2
2025-06-21 13:00:00,3,1018.7,974.8
2025-06-21 14:00:00,3,1018.3,974.4
2025-06-21 15:00:00,3,1018.2,982.6
2025-06-21 16:00:00,    3, 1017.9,  982.3
2025-06-21 17:00:00,    3, 1017.8,  982.2
2025-06-21 18:00:00,    3, 1018.0,  973.9
2025-06-21 19:00:00,3,1018.6,982.6
2025-06-21 20:00:00,    3, 1019.4,  983.2
2025-06-21 21:00:00,    3, 1019.8,  983.4
2025-06-21 22:00:00,    3, 1019.9,  983.3
2025-06-21 23:00:00,    3, 1020.2,  983.5
2025-06-22 00:00:00,3,1020.3,983.3
2025-06-22 01:00:00,    3, 1020.1,  983.0
2025-06-22 02:00:00,3,1019.9,982.8
2025-06-22 03:00:00,    3, 1019.9,  982.6
2025-06-22 04:00:00,    3, 1019.8,  982.5
2025-06-22 05:00:00,3,1019.6,982.5
2025-06-22 06:00:00,3,1019.3,974.0
2025-06-22 07:00:00,3,1018.5,982.1
2025-06-22 08:00:00,3,1017.9,973.6
2025-06-22 09:00:00,    3, 1017.4,  973.5
2025-06-22 10:00:00,    3, 1017.3,  981.7
2025-06-22 11:00:00,3,1016.2,981.0
2025-06-22 12:00:00,    3, 1015.5,  980.4
2025-06-22 13:00:00,    3, 1014.7,  971.5
2025-06-22 14:00:00,    3, 1014.2,  979.2
2025-06-22 15:00:00,    3, 1013.1,  970.2
2025-06-22 16:00:00,    3, 1012.5,  969.6
2025-06-22 17:00:00,3,1012.1,969.2
2025-06-22 18:00:00,3,1012.1,969.1
2025-06-22 19:00:00,    3, 1012.6,  977.3
2025-06-22 20:00:00,3,1013.0,969.1
2025-06-22 21:00:00,3,1013.3,977.6
2025-06-22 22:00:00,    3, 1013.4,  977.6
2025-06-22 23:00:00,    3, 1013.2,  977.4
2025-06-23 00:00:00,    3, 1013.3,  977.4
2025-06-23 01:00:00,    3, 1013.5,  977.7
2025-06-23 02:00:00,3,1013.7,977.8
2025-06-23 03:00:00,    3, 1014.2,  969.7
2025-06-23 04:00:00,3,1014.2,969.8
2025-06-23 05:00:00,3,1013.6,977.5
2025-06-23 06:00:00,3,1013.5,977.5
2025-06-23 07:00:00,    3, 1013.6,  977.7
2025-06-23 08:00:00,    3, 1012.8,  969.0
2025-06-23 09:00:00,    3, 1012.8,  977.2
2025-06-23 10:00:00,    3, 1012.8,  977.1
2025-06-23 11:00:00,    3, 1011.9,  968.3
2025-06-23 12:00:00,3,1011.3,967.9
2025-06-23 13:00:00,    3, 1010.5,  967.2
2025-06-23 14:00:00,3,1011.6,976.0
2025-06-23 15:00:00,    3, 1012.6,  976.7
2025-06-23 16:00:00,3,1013.3,977.3
2025-06-23 17:00:00,3,1014.1,977.9
2025-06-23 18:00:00,    3, 1013.6,  969.2
2025-06-23 19:00:00,3,1014.8,978.4
2025-06-23 20:00:00,    3, 1015.3,  970.6
2025-06-23 21:00:00,3,1016.1,979.6
2025-06-23 22:00:00,    3, 1016.5,  979.8
2025-06-23 23:00:00,    3, 1016.7,  980.0
2025-06-24 00:00:00,3,1016.8,980.1
2025-06-24 01:00:00,    3, 1016.7,  971.3
2025-06-24 02:00:00,3,1016.4,971.1
2025-06-24 03:00:00,3,1016.5,971.1
2025-06-24 04:00:00,3,1016.9,979.9
2025-06-24 05:00:00,    3, 1016.9,  980.0
2025-06-24 06:00:00,    3, 1016.9,  980.2
2025-06-24 07:00:00,3,1016.6,980.0
2025-06-24 08:00:00,    3, 1016.2,  979.8
2025-06-24 09:00:00,    3, 1015.6,  979.4
2025-06-24 10:00:00,    3, 1015.4,  979.4
2025-06-24 11:00:00,    3, 1014.9,  970.8
2025-06-24 12:00:00,3,1015.2,979.4
2025-06-24 13:00:00,    3, 1014.7,  978.9
2025-06-24 14:00:00,    3, 1014.2,  978.6
2025-06-24 15:00:00,    3, 1013.5,  978.0
2025-06-24 16:00:00,3,1013.3,977.8
2025-06-24 17:00:00,3,1013.4,977.8
2025-06-24 18:00:00,    3, 1013.1,  969.3
2025-06-24 19:00:00,    3, 1013.5,  969.5
2025-06-24 20:00:00,    3, 1014.1,  969.7
2025-06-24 21:00:00,    3, 1014.8,  978.6
2025-06-24 22:00:00,3,1014.7,978.5
2025-06-24 23:00:00,3,1014.8,978.6
2025-06-25 00:00:00,    3, 1014.8,  978.5
2025-06-25 01:00:00,    3, 1014.7,  978.3
2025-06-25 02:00:00,3,1015.1,969.7
2025-06-25 03:00:00,    3, 1015.1,  969.6
2025-06-25 04:00:00,    3, 1015.5,  969.9
2025-06-25 05:00:00,3,1015.4,970.3
2025-06-25 06:00:00,    3, 1015.1,  978.8
2025-06-25 07:00:00,    3, 1014.8,  978.8
2025-06-25 08:00:00,    3, 1014.8,  979.1
2025-06-25 09:00:00,3,1014.1,970.4
2025-06-25 10:00:00,    3, 1013.9,  970.4
2025-06-25 11:00:00,    3, 1013.4,  970.0
2025-06-25 12:00:00,3,1013.2,978.0
2025-06-25 13:00:00,3,1012.4,969.3
2025-06-25 14:00:00,    3, 1012.9,  977.7
2025-06-25 15:00:00,3,1011.5,968.6
2025-06-25 16:00:00,    3, 1012.3,  977.2
2025-06-25 17:00:00,    3, 1012.2,  977.0
2025-06-25 18:00:00,    3, 1011.4,  968.2
2025-06-25 19:00:00,    3, 1011.2,  967.7
2025-06-25 20:00:00,    3, 1011.4,  967.5
2025-06-25 21:00:00,    3, 1011.9,  967.8
2025-06-25 22:00:00,3,1011.7,967.4
2025-06-25 23:00:00,    3, 1011.3,  966.9
2025-06-26 00:00:00,3,1011.6,975.5
2025-06-26 01:00:00,3,1011.4,966.8
2025-06-26 02:00:00,    3, 1011.5,  966.7
2025-06-26 03:00:00,    3, 1012.8,  976.8
2025-06-26 04:00:00,    3, 1014.3,  978.1
2025-06-26 05:00:00,3,1014.7,969.9
2025-06-26 06:00:00,    3, 1013.6,  968.9
2025-06-26 07:00:00,    3, 1013.8,  969.4
2025-06-26 08:00:00,3,1013.9,978.0
2025-06-26 09:00:00,3,1013.7,978.1
2025-06-26 10:00:00,    3, 1013.9,  978.4
2025-06-26 11:00:00,3,1013.8,978.3
2025-06-26 12:00:00,3,1013.7,978.2
2025-06-26 13:00:00,    3, 1014.0,  978.4
2025-06-26 14:00:00,    3, 1014.2,  978.7
2025-06-26 15:00:00,    3, 1014.7,  979.1
2025-06-26 16:00:00,    3, 1015.2,  971.2
2025-06-26 17:00:00,3,1016.2,980.3
2025-06-26 18:00:00,3,1017.0,981.0
2025-06-26 19:00:00,    3, 1018.5,  982.3
2025-06-26 20:00:00,    3, 1018.6,  974.1
2025-06-26 21:00:00,    3, 1019.7,  974.9
2025-06-26 22:00:00,    3, 1020.4,  983.9
2025-06-26 23:00:00,    3, 1020.7,  984.1
2025-06-27 00:00:00,    3, 1020.7,  984.0
2025-06-27 01:00:00,    3, 1020.9,  975.8
2025-06-27 02:00:00,3,1021.1,984.4
2025-06-27 03:00:00,3,1021.4,984.7
2025-06-27 04:00:00,    3, 1021.6,  984.9
2025-06-27 05:00:00,    3, 1021.3,  976.3
2025-06-27 06:00:00,3,1021.8,976.8
2025-06-27 07:00:00,    3, 1021.5,  976.9
2025-06-27 08:00:00,    3, 1021.9,  985.6
2025-06-27 09:00:00,    3, 1022.2,  985.9
2025-06-27 10:00:00,3,1021.9,977.3
2025-06-27 11:00:00,    3, 1022.7,  986.3
2025-06-27 12:00:00,    3, 1022.3,  977.8
2025-06-27 13:00:00,    3, 1023.2,  986.8
2025-06-27 14:00:00,    3, 1022.3,  977.8
2025-06-27 15:00:00,    3, 1023.0,  986.8
2025-06-27 16:00:00,    3, 1022.9,  986.7
2025-06-27 17:00:00,    3, 1022.8,  986.6
2025-06-27 18:00:00,    3, 1023.0,  986.7
2025-06-27 19:00:00,    3, 1022.8,  978.2
2025-06-27 20:00:00,    3, 1024.1,  987.6
2025-06-27 21:00:00,3,1024.2,979.3
2025-06-27 22:00:00,3,1024.8,988.1
2025-06-27 23:00:00,    3, 1024.9,  988.1
2025-06-28 00:00:00,    3, 1025.4,  979.8
2025-06-28 01:00:00,3,1025.0,979.6
2025-06-28 02:00:00,3,1025.6,988.5
2025-06-28 03:00:00,    3, 1025.9,  988.8
2025-06-28 04:00:00,    3, 1026.0,  988.9
2025-06-28 05:00:00,    3, 1025.9,  980.3
2025-06-28 06:00:00,    3, 1025.6,  980.5
2025-06-28 07:00:00,    3, 1025.4,  980.7
2025-06-28 08:00:00,    3, 1025.5,  980.8
2025-06-28 09:00:00,    3, 1025.1,  980.6
2025-06-28 10:00:00,    3, 1024.9,  980.6
2025-06-28 11:00:00,    3, 1024.7,  980.4
2025-06-28 12:00:00,    3, 1024.4,  988.5
2025-06-28 13:00:00,3,1023.2,979.4
2025-06-28 14:00:00,3,1022.5,978.8
2025-06-28 15:00:00,    3, 1022.3,  978.6
2025-06-28 16:00:00,3,1022.6,987.0
2025-06-28 17:00:00,    3, 1022.4,  986.8
2025-06-28 18:00:00,    3, 1022.2,  986.5
2025-06-28 19:00:00,    3, 1022.2,  978.2
2025-06-28 20:00:00,    3, 1023.0,  987.0
2025-06-28 21:00:00,    3, 1022.9,  978.5
2025-06-28 22:00:00,    3, 1023.6,  978.7
2025-06-28 23:00:00,    3, 1023.8,  978.9
2025-06-29 00:00:00,    3, 1023.9,  978.8
2025-06-29 01:00:00,    3, 1023.8,  987.3
2025-06-29 02:00:00,    3, 1023.9,  978.5
2025-06-29 03:00:00,    3, 1023.9,  987.1
2025-06-29 04:00:00,    3, 1024.0,  978.4
2025-06-29 05:00:00,    3, 1023.7,  978.4
2025-06-29 06:00:00,3,1023.5,987.1
2025-06-29 07:00:00,    3, 1022.9,  978.4
2025-06-29 08:00:00,    3, 1022.9,  986.9
2025-06-29 09:00:00,3,1022.6,986.7
2025-06-29 10:00:00,    3, 1022.5,  986.7
2025-06-29 11:00:00,    3, 1022.1,  986.4
2025-06-29 12:00:00,3,1020.8,977.2
2025-06-29 13:00:00,3,1021.0,985.5
2025-06-29 14:00:00,    3, 1019.7,  976.4
2025-06-29 15:00:00,3,1020.0,984.7
2025-06-29 16:00:00,    3, 1019.6,  984.3
2025-06-29 17:00:00,    3, 1019.3,  984.0
2025-06-29 18:00:00,3,1018.4,975.0
2025-06-29 19:00:00,    3, 1018.9,  983.4
2025-06-29 20:00:00,    3, 1019.5,  983.8
2025-06-29 21:00:00,3,1019.5,975.4
2025-06-29 22:00:00,    3, 1019.8,  975.5
2025-06-29 23:00:00,    3, 1020.2,  975.6
2025-06-30 00:00:00,3,1020.4,984.1
2025-06-30 01:00:00,    3, 1020.2,  983.8
2025-06-30 02:00:00,3,1020.0,974.9
2025-06-30 03:00:00,3,1019.5,974.6
2025-06-30 04:00:00,    3, 1019.4,  974.5
2025-06-30 05:00:00,    3, 1019.2,  974.6
2025-06-30 06:00:00,3,1019.9,983.6
2025-06-30 07:00:00,    3, 1019.6,  983.5
2025-06-30 08:00:00,3,1018.4,974.4
2025-06-30 09:00:00,    3, 1017.7,  974.1
2025-06-30 10:00:00,    3, 1017.8,  982.4
2025-06-30 11:00:00,    3, 1017.3,  982.1
2025-06-30 12:00:00,    3, 1016.4,  973.2
2025-06-30 13:00:00,3,1015.8,972.6
2025-06-30 14:00:00,    3, 1014.7,  971.7
2025-06-30 15:00:00,3,1014.1,971.2
2025-06-30 16:00:00,    3, 1014.0,  970.9
2025-06-30 17:00:00,    3, 1013.9,  978.9
2025-06-30 18:00:00,    3, 1013.8,  978.7
2025-06-30 19:00:00,    3, 1013.8,  978.5
2025-06-30 20:00:00,    3, 1014.8,  979.3
2025-06-30 21:00:00,    3, 1015.0,  971.1
2025-06-30 22:00:00,3,1015.3,979.6
2025-06-30 23:00:00,3,1015.3,971.0
2025-07-01 00:00:00,    3, 1015.6,  971.1
2025-07-01 01:00:00,    3, 1015.5,  970.9
2025-07-01 02:00:00,    3, 1015.6,  979.4
2025-07-01 03:00:00,3,1015.8,979.4
2025-07-01 04:00:00,3,1016.1,971.1
2025-07-01 05:00:00,    3, 1016.4,  980.1
2025-07-01 06:00:00,    3, 1015.9,  971.6
2025-07-01 07:00:00,    3, 1015.8,  971.8
2025-07-01 08:00:00,    3, 1015.5,  971.8
2025-07-01 09:00:00,    3, 1014.9,  971.6
2025-07-01 10:00:00,    3, 1015.3,  980.2
2025-07-01 11:00:00,    3, 1014.8,  979.8
2025-07-01 12:00:00,    3, 1014.4,  979.6
2025-07-01 13:00:00,    3, 1015.2,  979.8
2025-07-01 14:00:00,3,1015.7,979.9
2025-07-01 15:00:00,    3, 1015.0,  971.5
2025-07-01 16:00:00,    3, 1014.8,  971.1
2025-07-01 17:00:00,    3, 1014.0,  970.5
2025-07-01 18:00:00,    3, 1014.3,  970.7
2025-07-01 19:00:00,    3, 1014.7,  979.1
2025-07-01 20:00:00,    3, 1015.3,  979.5
2025-07-01 21:00:00,    3, 1015.6,  979.7
2025-07-01 22:00:00,    3, 1016.0,  980.0
2025-07-01 23:00:00,    3, 1016.4,  971.6
2025-07-02 00:00:00,3,1016.1,979.8
2025-07-02 01:00:00,    3, 1016.5,  971.4
2025-07-02 02:00:00,    3, 1016.4,  971.3
2025-07-02 03:00:00,3,1015.9,979.4
2025-07-02 04:00:00,    3, 1016.5,  971.2
2025-07-02 05:00:00,3,1016.2,971.4
2025-07-02 06:00:00,    3, 1016.1,  979.9
2025-07-02 07:00:00,    3, 1016.0,  980.0
2025-07-02 08:00:00,    3, 1015.4,  979.9
2025-07-02 09:00:00,    3, 1014.5,  971.1
2025-07-02 10:00:00,    3, 1013.8,  970.8
2025-07-02 11:00:00,3,1013.7,978.8
2025-07-02 12:00:00,    3, 1012.5,  969.8
2025-07-02 13:00:00,    3, 1012.3,  969.6
2025-07-02 14:00:00,    3, 1012.0,  969.2
2025-07-02 15:00:00,    3, 1011.5,  976.9
2025-07-02 16:00:00,3,1010.8,968.2
2025-07-02 17:00:00,    3, 1010.8,  976.0
2025-07-02 18:00:00,    3, 1010.6,  975.8
2025-07-02 19:00:00,    3, 1011.6,  976.6
2025-07-02 20:00:00,    3, 1012.8,  977.4
2025-07-02 21:00:00,3,1013.1,969.1
2025-07-02 22:00:00,    3, 1013.8,  969.6
2025-07-02 23:00:00,    3, 1015.5,  979.5
2025-07-03 00:00:00,    3, 1016.7,  980.6
2025-07-03 01:00:00,3,1016.9,980.8
2025-07-03 02:00:00,    3, 1016.1,  971.4
2025-07-03 03:00:00,    3, 1016.9,  972.3
2025-07-03 04:00:00,    3, 1018.4,  973.5
2025-07-03 05:00:00,3,1019.5,983.0
2025-07-03 06:00:00,3,1020.0,975.2
2025-07-03 07:00:00,    3, 1021.2,  984.7
2025-07-03 08:00:00,    3, 1021.2,  976.4
2025-07-03 09:00:00,3,1022.1,977.2
2025-07-03 10:00:00,3,1023.2,986.6
2025-07-03 11:00:00,    3, 1023.5,  987.1
2025-07-03 12:00:00,    3, 1022.6,  978.0
2025-07-03 13:00:00,    3, 1023.6,  987.2
2025-07-03 14:00:00,    3, 1023.3,  987.0
2025-07-03 15:00:00,    3, 1023.4,  987.0
2025-07-03 16:00:00,3,1022.5,977.9
2025-07-03 17:00:00,3,1022.8,978.1
2025-07-03 18:00:00,3,1022.6,977.9
2025-07-03 19:00:00,3,1022.7,977.9
2025-07-03 20:00:00,    3, 1023.2,  978.3
2025-07-03 21:00:00,    3, 1023.2,  978.3
2025-07-03 22:00:00,3,1023.8,987.1
2025-07-03 23:00:00,    3, 1023.7,  986.9
2025-07-04 00:00:00,    3, 1023.6,  986.7
2025-07-04 01:00:00,    3, 1023.4,  986.5
2025-07-04 02:00:00,    3, 1023.6,  986.5
2025-07-04 03:00:00,    3, 1023.9,  986.7
2025-07-04 04:00:00,    3, 1023.8,  978.2
2025-07-04 05:00:00,    3, 1024.4,  978.9
2025-07-04 06:00:00,3,1024.6,979.2
2025-07-04 07:00:00,    3, 1024.8,  979.6
2025-07-04 08:00:00,    3, 1025.6,  988.7
2025-07-04 09:00:00,    3, 1024.5,  979.7
2025-07-04 10:00:00,    3, 1024.2,  979.5
2025-07-04 11:00:00,    3, 1023.9,  979.3
2025-07-04 12:00:00,3,1024.0,987.8
2025-07-04 13:00:00,    3, 1022.8,  978.5
2025-07-04 14:00:00,    3, 1022.4,  978.1
2025-07-04 15:00:00,    3, 1022.0,  977.7
2025-07-04 16:00:00,    3, 1021.3,  977.1
2025-07-04 17:00:00,    3, 1021.3,  985.3
2025-07-04 18:00:00,3,1021.1,985.0
2025-07-04 19:00:00,    3, 1020.7,  976.2
2025-07-04 20:00:00,    3, 1021.0,  976.3
2025-07-04 21:00:00,    3, 1021.0,  976.1
2025-07-04 22:00:00,    3, 1021.1,  976.0
2025-07-04 23:00:00,3,1021.2,975.9
2025-07-05 00:00:00,3,1021.0,984.1
2025-07-05 01:00:00,3,1020.7,975.0
2025-07-05 02:00:00,3,1020.2,974.5
2025-07-05 03:00:00,    3, 1019.9,  982.8
2025-07-05 04:00:00,    3, 1019.6,  973.7
2025-07-05 05:00:00,    3, 1019.5,  982.3
2025-07-05 06:00:00,    3, 1018.9,  982.0
2025-07-05 07:00:00,    3, 1018.9,  982.3
2025-07-05 08:00:00,3,1017.8,973.3
2025-07-05 09:00:00,3,1017.6,981.5
2025-07-05 10:00:00,3,1017.0,981.1
2025-07-05 11:00:00,    3, 1015.9,  972.1
2025-07-05 12:00:00,    3, 1016.0,  980.2
2025-07-05 13:00:00,    3, 1014.5,  970.8
2025-07-05 14:00:00,    3, 1014.5,  978.9
2025-07-05 15:00:00,    3, 1014.0,  978.4
2025-07-05 16:00:00,    3, 1013.0,  969.4
2025-07-05 17:00:00,    3, 1013.1,  969.4
2025-07-05 18:00:00,3,1013.5,969.6
2025-07-05 19:00:00,    3, 1013.9,  969.7
2025-07-05 20:00:00,    3, 1014.1,  969.7
2025-07-05 21:00:00,    3, 1014.7,  978.4
2025-07-05 22:00:00,3,1014.6,969.8
2025-07-05 23:00:00,    3, 1014.9,  969.8
2025-07-06 00:00:00,    3, 1014.6,  969.4
2025-07-06 01:00:00,    3, 1014.0,  977.4
2025-07-06 02:00:00,    3, 1013.7,  968.5
2025-07-06 03:00:00,    3, 1013.1,  976.4
2025-07-06 04:00:00,    3, 1012.8,  976.0
2025-07-06 05:00:00,    3, 1012.7,  967.3
2025-07-06 06:00:00,    3, 1012.0,  975.4
2025-07-06 07:00:00,3,1011.3,966.7
2025-07-06 08:00:00,    3, 1010.4,  966.2
2025-07-06 09:00:00,    3, 1010.2,  974.4
2025-07-06 10:00:00,    3, 1010.2,  974.3
2025-07-06 11:00:00,    3, 1009.4,  965.3
2025-07-06 12:00:00,    3, 1010.2,  965.8
2025-07-06 13:00:00,    3, 1009.5,  973.5
2025-07-06 14:00:00,    3, 1008.4,  972.5
2025-07-06 15:00:00,3,1007.2,971.4
2025-07-06 16:00:00,    3, 1006.4,  962.5
2025-07-06 17:00:00,    3, 1007.0,  970.9
2025-07-06 18:00:00,3,1006.6,962.4
2025-07-06 19:00:00,    3, 1008.1,  971.5
2025-07-06 20:00:00,3,1009.0,972.1
2025-07-06 21:00:00,    3, 1008.5,  963.4
2025-07-06 22:00:00,3,1008.6,963.2
2025-07-06 23:00:00,    3, 1008.5,  971.6
2025-07-07 00:00:00,    3, 1008.0,  962.7
2025-07-07 01:00:00,    3, 1007.7,  962.4
2025-07-07 02:00:00,    3, 1007.5,  970.6
2025-07-07 03:00:00,3,1006.8,961.5
2025-07-07 04:00:00,3,1006.3,969.5
2025-07-07 05:00:00,    3, 1006.3,  961.1
2025-07-07 06:00:00,    3, 1006.2,  961.1
2025-07-07 07:00:00,    3, 1006.0,  969.4
2025-07-07 08:00:00,    3, 1005.9,  969.4
2025-07-07 09:00:00,3,1005.5,969.0
2025-07-07 10:00:00,3,1004.9,960.5
2025-07-07 11:00:00,3,1004.8,960.4
2025-07-07 12:00:00,3,1005.6,960.7
2025-07-07 13:00:00,3,1005.1,968.9
2025-07-07 14:00:00,3,1005.4,969.0
2025-07-07 15:00:00,    3, 1005.5,  969.1
2025-07-07 16:00:00,    3, 1005.9,  969.5
2025-07-07 17:00:00,3,1005.4,960.8
2025-07-07 18:00:00,    3, 1006.1,  961.4
2025-07-07 19:00:00,    3, 1007.5,  962.4
2025-07-07 20:00:00,    3, 1007.9,  962.7
2025-07-07 21:00:00,    3, 1009.1,  963.8
2025-07-07 22:00:00,    3, 1009.4,  972.4
2025-07-07 23:00:00,3,1009.3,963.8
2025-07-08 00:00:00,    3, 1009.9,  972.8
2025-07-08 01:00:00,    3, 1010.4,  973.2
2025-07-08 02:00:00,    3, 1010.8,  973.6
2025-07-08 03:00:00,3,1010.9,965.2
2025-07-08 04:00:00,    3, 1011.2,  965.5
2025-07-08 05:00:00,    3, 1011.6,  965.8
2025-07-08 06:00:00,3,1012.0,974.7
2025-07-08 07:00:00,    3, 1012.3,  966.5
2025-07-08 08:00:00,    3, 1012.5,  966.8
2025-07-08 09:00:00,    3, 1013.3,  975.9
2025-07-08 10:00:00,    3, 1013.3,  976.2
2025-07-08 11:00:00,    3, 1014.0,  976.8
2025-07-08 12:00:00,    3, 1014.0,  968.5
2025-07-08 13:00:00,3,1014.7,977.6
2025-07-08 14:00:00,    3, 1014.2,  968.9
2025-07-08 15:00:00,3,1014.7,977.8
2025-07-08 16:00:00,3,1014.3,969.1
2025-07-08 17:00:00,    3, 1016.1,  978.7
2025-07-08 18:00:00,    3, 1016.3,  979.0
2025-07-08 19:00:00,    3, 1016.7,  970.8
2025-07-08 20:00:00,3,1017.7,980.3
2025-07-08 21:00:00,    3, 1018.4,  972.3
2025-07-08 22:00:00,3,1019.0,972.8
2025-07-08 23:00:00,    3, 1019.7,  982.1
2025-07-09 00:00:00,    3, 1019.7,  973.4
2025-07-09 01:00:00,3,1020.2,982.5
2025-07-09 02:00:00,    3, 1020.2,  982.5
2025-07-09 03:00:00,3,1020.1,973.8
2025-07-09 04:00:00,    3, 1020.3,  982.7
2025-07-09 05:00:00,    3, 1020.6,  974.3
2025-07-09 06:00:00,    3, 1020.8,  974.7
2025-07-09 07:00:00,    3, 1021.3,  975.4
2025-07-09 08:00:00,    3, 1020.9,  975.2
2025-07-09 09:00:00,    3, 1021.1,  983.9
2025-07-09 10:00:00,3,1020.6,975.1
2025-07-09 11:00:00,    3, 1020.3,  975.2
2025-07-09 12:00:00,3,1020.5,975.2
2025-07-09 13:00:00,    3, 1020.4,  975.2
2025-07-09 14:00:00,3,1020.6,975.4
2025-07-09 15:00:00,    3, 1020.6,  975.4
2025-07-09 16:00:00,    3, 1020.5,  975.4
2025-07-09 17:00:00,    3, 1020.2,  975.2
2025-07-09 18:00:00,3,1021.0,984.2
2025-07-09 19:00:00,3,1020.9,975.5
2025-07-09 20:00:00,    3, 1021.6,  975.9
2025-07-09 21:00:00,    3, 1021.8,  976.0
2025-07-09 22:00:00,3,1022.7,976.4
2025-07-09 23:00:00,3,1022.8,976.4
2025-07-10 00:00:00,3,1022.9,976.3
2025-07-10 01:00:00,3,1022.7,985.0
2025-07-10 02:00:00,    3, 1022.6,  975.9
2025-07-10 03:00:00,3,1022.6,984.7
2025-07-10 04:00:00,    3, 1022.6,  984.7
2025-07-10 05:00:00,    3, 1022.5,  984.7
2025-07-10 06:00:00,    3, 1022.3,  984.8
2025-07-10 07:00:00,    3, 1022.0,  976.2
2025-07-10 08:00:00,    3, 1021.5,  976.1
2025-07-10 09:00:00,    3, 1021.7,  984.9
2025-07-10 10:00:00,3,1021.3,984.6
2025-07-10 11:00:00,    3, 1020.8,  984.3
2025-07-10 12:00:00,    3, 1020.4,  984.0
2025-07-10 13:00:00,    3, 1019.5,  974.8
2025-07-10 14:00:00,    3, 1019.6,  983.3
2025-07-10 15:00:00,    3, 1019.3,  983.0
2025-07-10 16:00:00,    3, 1018.9,  982.7
2025-07-10 17:00:00,    3, 1018.5,  982.4
2025-07-10 18:00:00,3,1018.0,973.5
2025-07-10 19:00:00,3,1018.8,982.4
2025-07-10 20:00:00,    3, 1018.7,  973.7
2025-07-10 21:00:00,3,1019.0,973.7
2025-07-10 22:00:00,    3, 1019.4,  982.5
2025-07-10 23:00:00,    3, 1019.2,  982.2
2025-07-11 00:00:00,    3, 1019.0,  982.0
2025-07-11 01:00:00,    3, 1019.0,  973.1
2025-07-11 02:00:00,    3, 1018.7,  981.6
2025-07-11 03:00:00,3,1018.5,972.5
2025-07-11 04:00:00,3,1018.5,972.4
2025-07-11 05:00:00,    3, 1018.2,  972.3
2025-07-11 06:00:00,    3, 1018.3,  981.4
2025-07-11 07:00:00,3,1017.7,972.5
2025-07-11 08:00:00,    3, 1018.1,  981.4
2025-07-11 09:00:00,    3, 1017.6,  981.1
2025-07-11 10:00:00,3,1017.0,980.7
2025-07-11 11:00:00,    3, 1016.8,  980.6
2025-07-11 12:00:00,    3, 1016.2,  980.0
2025-07-11 13:00:00,    3, 1015.1,  970.8
2025-07-11 14:00:00,    3, 1015.6,  979.4
2025-07-11 15:00:00,    3, 1014.5,  970.2
2025-07-11 16:00:00,3,1014.8,978.7
2025-07-11 17:00:00,    3, 1014.5,  978.4
2025-07-11 18:00:00,    3, 1014.6,  978.4
2025-07-11 19:00:00,    3, 1014.4,  969.8
2025-07-11 20:00:00,    3, 1015.5,  978.9
2025-07-11 21:00:00,    3, 1015.9,  979.1
2025-07-11 22:00:00,    3, 1015.9,  979.0
2025-07-11 23:00:00,    3, 1015.8,  978.8
2025-07-12 00:00:00,    3, 1015.6,  969.9
2025-07-12 01:00:00,3,1015.4,969.5
2025-07-12 02:00:00,3,1015.2,978.1
2025-07-12 03:00:00,3,1015.0,977.7
2025-07-12 04:00:00,3,1014.7,968.8
2025-07-12 05:00:00,    3, 1014.4,  977.4
2025-07-12 06:00:00,    3, 1014.0,  977.3
2025-07-12 07:00:00,    3, 1013.7,  977.2
2025-07-12 08:00:00,    3, 1013.5,  977.1
2025-07-12 09:00:00,    3, 1012.5,  968.0
2025-07-12 10:00:00,    3, 1013.0,  976.7
2025-07-12 11:00:00,3,1011.9,967.6
2025-07-12 12:00:00,    3, 1011.5,  967.3
2025-07-12 13:00:00,3,1011.0,966.9
2025-07-12 14:00:00,3,1010.3,966.6
2025-07-12 15:00:00,3,1010.5,966.5
2025-07-12 16:00:00,    3, 1010.4,  966.4
2025-07-12 17:00:00,3,1010.0,966.0
2025-07-12 18:00:00,    3, 1009.9,  965.8
2025-07-12 19:00:00,3,1010.1,965.9
2025-07-12 20:00:00,    3, 1011.1,  974.8
2025-07-12 21:00:00,    3, 1011.4,  975.0
2025-07-12 22:00:00,    3, 1011.7,  975.2
2025-07-12 23:00:00,3,1011.7,966.4
2025-07-13 00:00:00,    3, 1011.9,  975.0
2025-07-13 01:00:00,    3, 1011.5,  966.0
2025-07-13 02:00:00,3,1011.6,965.8
2025-07-13 03:00:00,3,1011.5,974.5
2025-07-13 04:00:00,3,1011.6,974.5
2025-07-13 05:00:00,    3, 1011.6,  966.1
2025-07-13 06:00:00,    3, 1011.5,  974.7
2025-07-13 07:00:00,3,1011.5,975.0
2025-07-13 08:00:00,3,1011.2,975.1
2025-07-13 09:00:00,3,1010.1,966.2
2025-07-13 10:00:00,3,1010.1,966.2
2025-07-13 11:00:00,    3, 1009.6,  965.9
2025-07-13 12:00:00,    3, 1009.1,  965.6
2025-07-13 13:00:00,    3, 1008.5,  965.3
2025-07-13 14:00:00,3,1009.3,974.0
2025-07-13 15:00:00,    3, 1008.5,  965.3
2025-07-13 16:00:00,3,1008.8,973.6
2025-07-13 17:00:00,    3, 1008.3,  965.0
2025-07-13 18:00:00,3,1009.1,973.7
2025-07-13 19:00:00,3,1009.7,974.1
2025-07-13 20:00:00,3,1010.7,975.0
2025-07-13 21:00:00,3,1011.6,967.1
2025-07-13 22:00:00,3,1011.7,975.6
2025-07-13 23:00:00,    3, 1012.6,  967.8
2025-07-14 00:00:00,    3, 1012.5,  967.8
2025-07-14 01:00:00,    3, 1012.6,  967.8
2025-07-14 02:00:00,3,1013.0,976.6
2025-07-14 03:00:00,    3, 1013.2,  968.3
2025-07-14 04:00:00,    3, 1014.0,  977.5
2025-07-14 05:00:00,3,1014.2,969.5
2025-07-14 06:00:00,    3, 1014.8,  970.1
2025-07-14 07:00:00,3,1015.4,970.7
2025-07-14 08:00:00,    3, 1016.1,  971.3
2025-07-14 09:00:00,    3, 1015.9,  971.5
2025-07-14 10:00:00,    3, 1016.4,  980.3
2025-07-14 11:00:00,    3, 1017.0,  972.5
2025-07-14 12:00:00,    3, 1017.1,  972.5
2025-07-14 13:00:00,    3, 1017.7,  981.3
2025-07-14 14:00:00,3,1018.0,981.6
2025-07-14 15:00:00,    3, 1018.7,  982.1
2025-07-14 16:00:00,3,1017.2,972.5
2025-07-14 17:00:00,    3, 1017.7,  981.4
2025-07-14 18:00:00,    3, 1017.5,  972.9
2025-07-14 19:00:00,    3, 1017.9,  973.1
2025-07-14 20:00:00,3,1018.4,973.3
2025-07-14 21:00:00,    3, 1018.6,  973.6
2025-07-14 22:00:00,    3, 1018.7,  973.6
2025-07-14 23:00:00,    3, 1018.6,  973.3
2025-07-15 00:00:00,    3, 1018.7,  973.4
2025-07-15 01:00:00,    3, 1019.0,  973.5
2025-07-15 02:00:00,    3, 1018.8,  973.3
2025-07-15 03:00:00,3,1018.9,973.1
2025-07-15 04:00:00,    3, 1019.1,  973.2
2025-07-15 05:00:00,    3, 1018.6,  973.0
2025-07-15 06:00:00,    3, 1018.2,  981.5
2025-07-15 07:00:00,    3, 1017.6,  973.0
2025-07-15 08:00:00,3,1018.1,981.8
2025-07-15 09:00:00,3,1017.7,973.3
2025-07-15 10:00:00,    3, 1017.9,  981.7
2025-07-15 11:00:00,    3, 1017.1,  972.7
2025-07-15 12:00:00,3,1017.2,981.1
2025-07-15 13:00:00,    3, 1017.0,  980.9
2025-07-15 14:00:00,    3, 1016.9,  980.8
2025-07-15 15:00:00,3,1016.9,980.8
2025-07-15 16:00:00,    3, 1016.8,  980.6
2025-07-15 17:00:00,    3, 1017.2,  980.9
2025-07-15 18:00:00,3,1017.1,972.5
2025-07-15 19:00:00,    3, 1017.8,  981.3
2025-07-15 20:00:00,    3, 1018.2,  973.2
2025-07-15 21:00:00,    3, 1018.6,  973.5
2025-07-15 22:00:00,    3, 1019.2,  982.4
2025-07-15 23:00:00,    3, 1018.9,  982.1
2025-07-16 00:00:00,3,1018.9,982.0
2025-07-16 01:00:00,    3, 1018.4,  973.0
2025-07-16 02:00:00,3,1018.3,981.3
2025-07-16 03:00:00,    3, 1017.6,  972.2
2025-07-16 04:00:00,3,1017.6,980.6
2025-07-16 05:00:00,    3, 1017.1,  971.8
2025-07-16 06:00:00,    3, 1016.9,  971.6
2025-07-16 07:00:00,3,1016.8,971.6
2025-07-16 08:00:00,    3, 1016.4,  971.5
2025-07-16 09:00:00,    3, 1016.1,  971.2
2025-07-16 10:00:00,    3, 1015.0,  970.5
2025-07-16 11:00:00,3,1015.8,970.8
2025-07-16 12:00:00,    3, 1015.5,  978.8
2025-07-16 13:00:00,    3, 1014.7,  978.2
2025-07-16 14:00:00,    3, 1013.6,  977.4
2025-07-16 15:00:00,3,1012.6,968.1
2025-07-16 16:00:00,3,1014.4,977.4
2025-07-16 17:00:00,    3, 1014.3,  969.1
2025-07-16 18:00:00,3,1013.8,977.1
2025-07-16 19:00:00,3,1014.4,977.6
2025-07-16 20:00:00,    3, 1014.9,  969.5
2025-07-16 21:00:00,3,1016.8,979.5
2025-07-16 22:00:00,    3, 1016.7,  971.1
2025-07-16 23:00:00,    3, 1017.0,  971.3
2025-07-17 00:00:00,    3, 1017.3,  971.5
2025-07-17 01:00:00,    3, 1017.5,  980.1
2025-07-17 02:00:00,    3, 1017.5,  980.1
2025-07-17 03:00:00,3,1017.5,980.1
2025-07-17 04:00:00,3,1017.8,980.3
2025-07-17 05:00:00,    3, 1017.8,  972.0
2025-07-17 06:00:00,    3, 1018.5,  981.2
2025-07-17 07:00:00,3,1018.9,981.7
2025-07-17 08:00:00,    3, 1018.4,  973.1
2025-07-17 09:00:00,    3, 1018.5,  973.2
2025-07-17 10:00:00,    3, 1018.4,  973.1
2025-07-17 11:00:00,    3, 1018.2,  981.5
2025-07-17 12:00:00,3,1017.4,981.0
2025-07-17 13:00:00,3,1017.0,980.6
2025-07-17 14:00:00,    3, 1016.2,  971.6
2025-07-17 15:00:00,3,1015.8,971.4
2025-07-17 16:00:00,    3, 1016.1,  979.9
2025-07-17 17:00:00,    3, 1016.2,  979.9
2025-07-17 18:00:00,    3, 1016.0,  979.7
2025-07-17 19:00:00,    3, 1015.9,  971.2
2025-07-17 20:00:00,3,1016.5,979.9
2025-07-17 21:00:00,3,1016.9,971.6
2025-07-17 22:00:00,    3, 1016.6,  971.2
2025-07-17 23:00:00,    3, 1016.9,  971.1
2025-07-18 00:00:00,    3, 1016.4,  979.4
2025-07-18 01:00:00,    3, 1016.4,  979.3
2025-07-18 02:00:00,3,1016.4,979.2
2025-07-18 03:00:00,3,1016.3,970.2
2025-07-18 04:00:00,    3, 1016.1,  978.8
2025-07-18 05:00:00,    3, 1016.0,  978.8
2025-07-18 06:00:00,    3, 1015.8,  978.9
2025-07-18 07:00:00,    3, 1015.3,  970.4
2025-07-18 08:00:00,3,1014.8,970.2
2025-07-18 09:00:00,3,1014.3,969.9
2025-07-18 10:00:00,    3, 1014.0,  969.6
2025-07-18 11:00:00,    3, 1013.5,  969.3
2025-07-18 12:00:00,3,1013.2,969.0
2025-07-18 13:00:00,3,1012.6,968.6
2025-07-18 14:00:00,    3, 1012.3,  968.5
2025-07-18 15:00:00,    3, 1012.5,  976.8
2025-07-18 16:00:00,    3, 1011.6,  967.8
2025-07-18 17:00:00,    3, 1011.9,  976.2
2025-07-18 18:00:00,    3, 1011.4,  967.5
2025-07-18 19:00:00,3,1011.7,967.5
2025-07-18 20:00:00,    3, 1012.2,  967.7
2025-07-18 21:00:00,    3, 1012.8,  976.5
2025-07-18 22:00:00,    3, 1012.9,  976.4
2025-07-18 23:00:00,    3, 1012.9,  976.2
2025-07-19 00:00:00,    3, 1012.7,  967.3
2025-07-19 01:00:00,    3, 1012.2,  966.8
2025-07-19 02:00:00,    3, 1012.0,  966.5
2025-07-19 03:00:00,3,1011.9,974.9
2025-07-19 04:00:00,    3, 1011.8,  974.8
2025-07-19 05:00:00,    3, 1011.5,  974.6
2025-07-19 06:00:00,    3, 1010.6,  965.7
2025-07-19 07:00:00,    3, 1009.8,  965.3
2025-07-19 08:00:00,3,1009.2,965.0
2025-07-19 09:00:00,    3, 1008.0,  964.1
2025-07-19 10:00:00,    3, 1007.8,  972.4
2025-07-19 11:00:00,    3, 1007.7,  972.4
2025-07-19 12:00:00,    3, 1006.9,  971.8
2025-07-19 13:00:00,3,1006.6,971.6
2025-07-19 14:00:00,3,1006.3,971.3
2025-07-19 15:00:00,    3, 1006.4,  963.3
2025-07-19 16:00:00,3,1007.5,972.2
2025-07-19 17:00:00,3,1009.0,965.2
2025-07-19 18:00:00,    3, 1009.4,  973.4
2025-07-19 19:00:00,    3, 1009.5,  973.5
2025-07-19 20:00:00,    3, 1009.7,  973.6
2025-07-19 21:00:00,    3, 1010.1,  973.8
2025-07-19 22:00:00,    3, 1010.1,  965.3
2025-07-19 23:00:00,    3, 1009.7,  973.3
2025-07-20 00:00:00,    3, 1009.6,  973.1
2025-07-20 01:00:00,3,1009.3,964.0
2025-07-20 02:00:00,    3, 1009.0,  963.8
2025-07-20 03:00:00,    3, 1008.5,  971.8
2025-07-20 04:00:00,    3, 1008.5,  971.8
2025-07-20 05:00:00,    3, 1008.3,  971.7
2025-07-20 06:00:00,3,1007.9,971.5
2025-07-20 07:00:00,3,1007.7,971.6
2025-07-20 08:00:00,    3, 1007.1,  962.8
2025-07-20 09:00:00,    3, 1006.3,  962.4
2025-07-20 10:00:00,    3, 1006.1,  970.6
2025-07-20 11:00:00,    3, 1005.5,  970.1
2025-07-20 12:00:00,    3, 1004.6,  969.4
2025-07-20 13:00:00,    3, 1003.4,  960.3
2025-07-20 14:00:00,3,1003.1,960.1
2025-07-20 15:00:00,3,1002.8,967.8
2025-07-20 16:00:00,3,1002.7,967.8
2025-07-20 17:00:00,    3, 1003.2,  968.1
2025-07-20 18:00:00,    3, 1003.4,  968.2
2025-07-20 19:00:00,    3, 1006.4,  962.1
2025-07-20 20:00:00,3,1006.8,962.4
2025-07-20 21:00:00,    3, 1006.9,  962.4
2025-07-20 22:00:00,    3, 1006.9,  970.7
2025-07-20 23:00:00,3,1007.9,971.6
2025-07-21 00:00:00,3,1007.6,963.0
2025-07-21 01:00:00,    3, 1007.7,  971.4
2025-07-21 02:00:00,    3, 1007.8,  971.4
2025-07-21 03:00:00,    3, 1008.1,  963.3
2025-07-21 04:00:00,3,1007.6,971.1
2025-07-21 05:00:00,3,1006.7,961.9
2025-07-21 06:00:00,    3, 1008.0,  963.1
2025-07-21 07:00:00,    3, 1007.5,  962.7
2025-07-21 08:00:00,    3, 1007.9,  963.1
2025-07-21 09:00:00,    3, 1007.8,  963.1
2025-07-21 10:00:00,    3, 1007.9,  971.6
2025-07-21 11:00:00,    3, 1007.8,  963.2
2025-07-21 12:00:00,    3, 1007.6,  963.1
2025-07-21 13:00:00,    3, 1006.5,  962.3
2025-07-21 14:00:00,    3, 1006.2,  962.0
2025-07-21 15:00:00,    3, 1006.2,  962.1
2025-07-21 16:00:00,    3, 1006.4,  962.4
2025-07-21 17:00:00,    3, 1007.5,  971.1
2025-07-21 18:00:00,3,1008.2,971.6
2025-07-21 19:00:00,3,1007.8,963.1
2025-07-21 20:00:00,    3, 1009.0,  972.3
2025-07-21 21:00:00,    3, 1009.2,  964.1
2025-07-21 22:00:00,3,1009.6,964.5
2025-07-21 23:00:00,3,1009.6,964.5
2025-07-22 00:00:00,    3, 1009.5,  972.8
2025-07-22 01:00:00,    3, 1009.9,  964.8
2025-07-22 02:00:00,    3, 1010.4,  965.2
2025-07-22 03:00:00,3,1010.5,973.7
2025-07-22 04:00:00,    3, 1010.3,  965.1
2025-07-22 05:00:00,    3, 1010.8,  965.6
2025-07-22 06:00:00,    3, 1011.3,  974.5
2025-07-22 07:00:00,3,1011.2,966.1
2025-07-22 08:00:00,    3, 1012.2,  967.1
2025-07-22 09:00:00,3,1013.4,976.4
2025-07-22 10:00:00,    3, 1013.2,  976.5
2025-07-22 11:00:00,3,1013.1,976.6
2025-07-22 12:00:00,    3, 1013.3,  976.8
2025-07-22 13:00:00,    3, 1012.7,  968.2
2025-07-22 14:00:00,3,1012.3,968.0
2025-07-22 15:00:00,    3, 1013.4,  977.0
2025-07-22 16:00:00,3,1012.8,968.3
2025-07-22 17:00:00,    3, 1014.0,  977.5
2025-07-22 18:00:00,3,1014.2,977.7
2025-07-22 19:00:00,    3, 1014.7,  978.0
2025-07-22 20:00:00,3,1015.1,978.4
2025-07-22 21:00:00,3,1015.0,970.0
2025-07-22 22:00:00,    3, 1015.6,  978.8
2025-07-22 23:00:00,    3, 1015.7,  978.9
2025-07-23 00:00:00,    3, 1015.4,  978.6
2025-07-23 01:00:00,    3, 1015.2,  978.3
2025-07-23 02:00:00,    3, 1015.2,  969.5
2025-07-23 03:00:00,    3, 1015.2,  969.3
2025-07-23 04:00:00,    3, 1015.2,  969.3
2025-07-23 05:00:00,    3, 1015.1,  978.0
2025-07-23 06:00:00,    3, 1014.9,  978.0
2025-07-23 07:00:00,3,1014.7,978.0
2025-07-23 08:00:00,    3, 1014.5,  977.9
2025-07-23 09:00:00,3,1013.9,977.6
2025-07-23 10:00:00,    3, 1013.8,  977.5
2025-07-23 11:00:00,    3, 1012.8,  968.5
2025-07-23 12:00:00,    3, 1013.1,  976.9
2025-07-23 13:00:00,    3, 1012.8,  976.6
2025-07-23 14:00:00,    3, 1012.2,  976.2
2025-07-23 15:00:00,    3, 1011.5,  967.4
2025-07-23 16:00:00,    3, 1011.1,  967.0
2025-07-23 17:00:00,3,1011.6,975.5
2025-07-23 18:00:00,    3, 1011.3,  967.0
2025-07-23 19:00:00,3,1011.5,967.0
2025-07-23 20:00:00,    3, 1012.3,  975.8
2025-07-23 21:00:00,3,1012.1,967.1
2025-07-23 22:00:00,3,1012.3,967.2
2025-07-23 23:00:00,    3, 1012.0,  967.0
2025-07-24 00:00:00,    3, 1012.3,  975.6
2025-07-24 01:00:00,3,1012.0,966.8
2025-07-24 02:00:00,3,1012.4,975.5
2025-07-24 03:00:00,3,1012.3,975.4
2025-07-24 04:00:00,3,1012.2,975.3
2025-07-24 05:00:00,    3, 1012.0,  966.6
2025-07-24 06:00:00,    3, 1012.8,  975.9
2025-07-24 07:00:00,    3, 1012.8,  976.1
2025-07-24 08:00:00,3,1013.3,976.6
2025-07-24 09:00:00,    3, 1012.6,  967.8
2025-07-24 10:00:00,3,1013.2,976.8
2025-07-24 11:00:00,3,1013.7,977.1
2025-07-24 12:00:00,3,1013.6,977.2
2025-07-24 13:00:00,    3, 1013.4,  968.6
2025-07-24 14:00:00,3,1013.9,977.3
2025-07-24 15:00:00,    3, 1013.0,  968.4
2025-07-24 16:00:00,3,1013.3,977.1
2025-07-24 17:00:00,    3, 1012.9,  968.5
2025-07-24 18:00:00,    3, 1013.1,  968.4
2025-07-24 19:00:00,    3, 1014.1,  969.1
2025-07-24 20:00:00,    3, 1014.5,  969.4
2025-07-24 21:00:00,    3, 1015.1,  978.4
2025-07-24 22:00:00,    3, 1015.3,  978.4
2025-07-24 23:00:00,    3, 1015.3,  969.9
2025-07-25 00:00:00,3,1015.4,969.9
2025-07-25 01:00:00,    3, 1015.6,  969.9
2025-07-25 02:00:00,3,1015.4,978.3
2025-07-25 03:00:00,    3, 1015.1,  969.5
2025-07-25 04:00:00,3,1015.3,969.6
2025-07-25 05:00:00,    3, 1015.5,  978.4
2025-07-25 06:00:00,    3, 1015.5,  970.0
2025-07-25 07:00:00,    3, 1016.1,  979.1
2025-07-25 08:00:00,    3, 1016.1,  979.2
2025-07-25 09:00:00,3,1016.1,979.3
2025-07-25 10:00:00,    3, 1016.0,  979.4
2025-07-25 11:00:00,    3, 1015.7,  970.8
2025-07-25 12:00:00,3,1015.7,979.2
2025-07-25 13:00:00,    3, 1014.9,  970.2
2025-07-25 14:00:00,    3, 1014.6,  970.1
2025-07-25 15:00:00,    3, 1014.2,  969.8
2025-07-25 16:00:00,3,1014.2,969.7
2025-07-25 17:00:00,3,1014.4,969.8
2025-07-25 18:00:00,    3, 1014.8,  970.1
2025-07-25 19:00:00,    3, 1015.6,  979.0
2025-07-25 20:00:00,    3, 1015.8,  970.7
2025-07-25 21:00:00,    3, 1016.0,  970.9
2025-07-25 22:00:00,    3, 1016.5,  979.7
2025-07-25 23:00:00,    3, 1016.6,  979.8
2025-07-26 00:00:00,3,1016.6,979.6
2025-07-26 01:00:00,3,1016.3,970.7
2025-07-26 02:00:00,    3, 1016.0,  970.3
2025-07-26 03:00:00,    3, 1015.8,  970.2
2025-07-26 04:00:00,3,1015.6,970.0
2025-07-26 05:00:00,    3, 1015.3,  978.4
2025-07-26 06:00:00,    3, 1015.9,  978.9
2025-07-26 07:00:00,3,1014.9,969.8
2025-07-26 08:00:00,    3, 1015.8,  979.0
2025-07-26 09:00:00,    3, 1015.7,  979.1
2025-07-26 10:00:00,    3, 1014.8,  970.1
2025-07-26 11:00:00,    3, 1014.0,  969.6
2025-07-26 12:00:00,    3, 1013.1,  969.0
2025-07-26 13:00:00,    3, 1015.1,  978.2
2025-07-26 14:00:00,    3, 1014.2,  969.3
2025-07-26 15:00:00,3,1013.5,969.0
2025-07-26 16:00:00,    3, 1013.5,  968.9
2025-07-26 17:00:00,3,1014.0,969.1
2025-07-26 18:00:00,3,1014.4,969.5
2025-07-26 19:00:00,    3, 1014.6,  969.6
2025-07-26 20:00:00,    3, 1015.1,  978.4
2025-07-26 21:00:00,3,1015.6,978.8
2025-07-26 22:00:00,    3, 1015.2,  970.0
2025-07-26 23:00:00,3,1015.4,970.1
2025-07-27 00:00:00,3,1014.9,969.6
2025-07-27 01:00:00,3,1015.0,978.1
2025-07-27 02:00:00,3,1014.7,977.7
2025-07-27 03:00:00,3,1014.4,977.4
2025-07-27 04:00:00,    3, 1014.1,  968.6
2025-07-27 05:00:00,3,1014.1,968.8
2025-07-27 06:00:00,3,1013.9,968.6
2025-07-27 07:00:00,    3, 1014.1,  968.8
2025-07-27 08:00:00,    3, 1014.0,  977.4
2025-07-27 09:00:00,    3, 1012.8,  968.1
2025-07-27 10:00:00,    3, 1012.9,  968.0
2025-07-27 11:00:00,3,1012.7,976.1
2025-07-27 12:00:00,    3, 1012.0,  967.3
2025-07-27 13:00:00,    3, 1011.2,  966.6
2025-07-27 14:00:00,    3, 1011.5,  966.9
2025-07-27 15:00:00,3,1011.1,966.4
2025-07-27 16:00:00,3,1010.8,966.2
2025-07-27 17:00:00,    3, 1011.1,  966.0
2025-07-27 18:00:00,3,1011.2,966.2
2025-07-27 19:00:00,    3, 1012.0,  966.8
2025-07-27 20:00:00,    3, 1012.4,  966.8
2025-07-27 21:00:00,    3, 1012.2,  966.7
2025-07-27 22:00:00,    3, 1011.7,  966.2
2025-07-27 23:00:00,    3, 1011.9,  966.4
2025-07-28 00:00:00,3,1011.6,966.1
2025-07-28 01:00:00,    3, 1011.2,  965.7
2025-07-28 02:00:00,    3, 1011.6,  974.5
2025-07-28 03:00:00,    3, 1011.7,  974.5
2025-07-28 04:00:00,    3, 1011.4,  965.8
2025-07-28 05:00:00,    3, 1012.5,  975.3
2025-07-28 06:00:00,    3, 1013.2,  976.0
2025-07-28 07:00:00,    3, 1013.8,  976.6
2025-07-28 08:00:00,3,1013.3,967.8
2025-07-28 09:00:00,3,1014.6,977.4
2025-07-28 10:00:00,3,1015.5,978.3
2025-07-28 11:00:00,    3, 1015.1,  969.6
2025-07-28 12:00:00,    3, 1015.1,  969.9
2025-07-28 13:00:00,3,1015.5,978.7
2025-07-28 14:00:00,    3, 1015.1,  970.0
2025-07-28 15:00:00,    3, 1016.0,  970.6
2025-07-28 16:00:00,    3, 1016.2,  979.3
2025-07-28 17:00:00,    3, 1016.4,  970.9
2025-07-28 18:00:00,3,1017.0,979.9
2025-07-28 19:00:00,    3, 1017.2,  971.6
2025-07-28 20:00:00,    3, 1018.4,  972.7
2025-07-28 21:00:00,    3, 1018.8,  981.4
2025-07-28 22:00:00,    3, 1018.8,  981.4
2025-07-28 23:00:00,    3, 1018.9,  981.5
2025-07-29 00:00:00,    3, 1019.1,  981.7
2025-07-29 01:00:00,    3, 1019.1,  981.7
2025-07-29 02:00:00,    3, 1019.3,  981.8
2025-07-29 03:00:00,    3, 1019.0,  973.0
2025-07-29 04:00:00,3,1019.0,973.0
2025-07-29 05:00:00,3,1018.7,972.8
2025-07-29 06:00:00,    3, 1019.4,  982.0
2025-07-29 07:00:00,    3, 1019.4,  982.2
2025-07-29 08:00:00,    3, 1019.0,  973.4
2025-07-29 09:00:00,3,1019.2,982.2
2025-07-29 10:00:00,    3, 1019.0,  982.0
2025-07-29 11:00:00,    3, 1017.8,  972.7
2025-07-29 12:00:00,    3, 1017.6,  972.5
2025-07-29 13:00:00,    3, 1017.8,  981.1
2025-07-29 14:00:00,    3, 1017.3,  980.7
2025-07-29 15:00:00,    3, 1016.8,  980.4
2025-07-29 16:00:00,    3, 1016.6,  980.2
2025-07-29 17:00:00,    3, 1016.5,  980.1
2025-07-29 18:00:00,    3, 1016.6,  971.6
2025-07-29 19:00:00,    3, 1017.7,  980.6
2025-07-29 20:00:00,3,1017.9,972.2
2025-07-29 21:00:00,3,1017.9,980.8
2025-07-29 22:00:00,    3, 1017.8,  972.0
2025-07-29 23:00:00,3,1017.7,971.9
2025-07-30 00:00:00,    3, 1017.8,  980.5
2025-07-30 01:00:00,3,1017.1,971.4
2025-07-30 02:00:00,    3, 1016.6,  970.8
2025-07-30 03:00:00,3,1016.6,979.4
2025-07-30 04:00:00,    3, 1016.4,  979.2
2025-07-30 05:00:00,3,1016.7,979.5
2025-07-30 06:00:00,    3, 1017.1,  979.9
2025-07-30 07:00:00,    3, 1017.4,  980.1
2025-07-30 08:00:00,    3, 1017.4,  971.8
2025-07-30 09:00:00,    3, 1017.7,  972.0
2025-07-30 10:00:00,    3, 1017.8,  972.1
2025-07-30 11:00:00,    3, 1017.7,  972.2
2025-07-30 12:00:00,    3, 1018.1,  980.9
2025-07-30 13:00:00,3,1017.5,972.2
2025-07-30 14:00:00,    3, 1017.1,  972.0
2025-07-30 15:00:00,3,1016.7,971.8
2025-07-30 16:00:00,    3, 1016.5,  980.0
2025-07-30 17:00:00,    3, 1016.8,  980.1
2025-07-30 18:00:00,3,1016.9,971.8
2025-07-30 19:00:00,    3, 1017.0,  971.8
2025-07-30 20:00:00,    3, 1017.9,  972.3
2025-07-30 21:00:00,3,1018.2,972.5
2025-07-30 22:00:00,3,1018.3,981.2
2025-07-30 23:00:00,3,1018.4,972.5
2025-07-31 00:00:00,3,1018.3,981.0
2025-07-31 01:00:00,3,1018.2,972.3
2025-07-31 02:00:00,    3, 1017.9,  980.6
2025-07-31 03:00:00,3,1017.5,971.8
2025-07-31 04:00:00,    3, 1017.7,  971.8
2025-07-31 05:00:00,3,1017.5,980.3
2025-07-31 06:00:00,    3, 1017.5,  971.9
2025-07-31 07:00:00,    3, 1018.3,  981.0
2025-07-31 08:00:00,3,1017.9,972.3
2025-07-31 09:00:00,    3, 1017.3,  972.1
2025-07-31 10:00:00,    3, 1016.8,  971.9
2025-07-31 11:00:00,    3, 1016.5,  971.7
2025-07-31 12:00:00,    3, 1017.0,  980.4
2025-07-31 13:00:00,3,1016.1,971.4
2025-07-31 14:00:00,3,1016.1,979.8
2025-07-31 15:00:00,    3, 1015.3,  970.8
2025-07-31 16:00:00,3,1015.0,978.8
2025-07-31 17:00:00,3,1014.8,978.6
2025-07-31 18:00:00,    3, 1014.7,  970.2
2025-07-31 19:00:00,    3, 1015.1,  978.7
2025-07-31 20:00:00,    3, 1015.4,  970.3
2025-07-31 21:00:00,3,1015.4,978.7
2025-07-31 22:00:00,    3, 1014.9,  978.1
2025-07-31 23:00:00,3,1014.7,978.0
2025-08-01 00:00:00,    3, 1014.3,  969.1
2025-08-01 01:00:00,    3, 1013.8,  968.7
2025-08-01 02:00:00,    3, 1013.5,  968.3
2025-08-01 03:00:00,    3, 1013.3,  968.0
2025-08-01 04:00:00,3,1013.4,976.5
2025-08-01 05:00:00,3,1012.6,967.3
2025-08-01 06:00:00,    3, 1013.4,  976.4
2025-08-01 07:00:00,    3, 1013.6,  976.7
2025-08-01 08:00:00,3,1013.6,976.5
2025-08-01 09:00:00,3,1012.8,967.7
2025-08-01 10:00:00,3,1012.8,967.6
2025-08-01 11:00:00,    3, 1012.0,  975.6
2025-08-01 12:00:00,3,1010.9,966.4
2025-08-01 13:00:00,3,1011.8,975.1
2025-08-01 14:00:00,    3, 1012.0,  975.4
2025-08-01 15:00:00,    3, 1011.4,  975.1
2025-08-01 16:00:00,3,1011.0,974.6
2025-08-01 17:00:00,3,1010.9,966.1
2025-08-01 18:00:00,    3, 1011.2,  966.2
2025-08-01 19:00:00,3,1011.7,975.1
2025-08-01 20:00:00,3,1012.1,966.8
2025-08-01 21:00:00,    3, 1012.4,  975.6
2025-08-01 22:00:00,    3, 1012.6,  967.1
2025-08-01 23:00:00,3,1012.6,967.1
2025-08-02 00:00:00,    3, 1012.3,  966.9
2025-08-02 01:00:00,3,1012.2,975.2
2025-08-02 02:00:00,    3, 1011.6,  966.1
2025-08-02 03:00:00,    3, 1011.8,  974.9
2025-08-02 04:00:00,    3, 1011.9,  974.9
2025-08-02 05:00:00,    3, 1011.7,  974.7
2025-08-02 06:00:00,    3, 1011.5,  966.1
2025-08-02 07:00:00,    3, 1012.5,  975.5
2025-08-02 08:00:00,    3, 1013.1,  976.1
2025-08-02 09:00:00,    3, 1012.7,  967.3
2025-08-02 10:00:00,    3, 1012.7,  967.4
2025-08-02 11:00:00,    3, 1013.5,  976.8
2025-08-02 12:00:00,    3, 1013.6,  976.9
2025-08-02 13:00:00,3,1013.6,976.9
2025-08-02 14:00:00,    3, 1013.2,  968.3
2025-08-02 15:00:00,    3, 1014.0,  977.3
2025-08-02 16:00:00,    3, 1014.5,  969.1
2025-08-02 17:00:00,    3, 1014.4,  969.2
2025-08-02 18:00:00,    3, 1014.7,  969.5
2025-08-02 19:00:00,3,1015.2,978.4
2025-08-02 20:00:00,3,1015.9,978.9
2025-08-02 21:00:00,3,1016.5,970.8
2025-08-02 22:00:00,3,1017.0,979.9
2025-08-02 23:00:00,3,1017.1,971.4
2025-08-03 00:00:00,3,1017.4,971.7
2025-08-03 01:00:00,    3, 1017.7,  980.5
2025-08-03 02:00:00,3,1017.8,980.6
2025-08-03 03:00:00,    3, 1018.0,  972.1
2025-08-03 04:00:00,    3, 1018.2,  972.3
2025-08-03 05:00:00,    3, 1018.7,  981.3
2025-08-03 06:00:00,    3, 1019.0,  973.2
2025-08-03 07:00:00,    3, 1019.0,  973.3
2025-08-03 08:00:00,    3, 1019.4,  982.2
2025-08-03 09:00:00,    3, 1019.4,  973.9
2025-08-03 10:00:00,3,1020.3,983.1
2025-08-03 11:00:00,3,1019.8,974.3
2025-08-03 12:00:00,3,1020.1,974.6
2025-08-03 13:00:00,    3, 1021.1,  983.8
2025-08-03 14:00:00,3,1021.0,983.8
2025-08-03 15:00:00,    3, 1021.0,  983.8
2025-08-03 16:00:00,    3, 1020.7,  975.1
2025-08-03 17:00:00,    3, 1020.8,  975.2
2025-08-03 18:00:00,3,1020.7,975.1
2025-08-03 19:00:00,3,1021.5,984.3
2025-08-03 20:00:00,    3, 1021.8,  975.9
2025-08-03 21:00:00,    3, 1022.2,  976.2
2025-08-03 22:00:00,    3, 1022.0,  984.6
2025-08-03 23:00:00,3,1022.5,975.9
2025-08-04 00:00:00,    3, 1021.7,  975.5
2025-08-04 01:00:00,3,1021.5,975.3
2025-08-04 02:00:00,3,1020.9,983.4
2025-08-04 03:00:00,    3, 1020.8,  983.3
2025-08-04 04:00:00,    3, 1020.6,  983.1
2025-08-04 05:00:00,    3, 1021.1,  983.6
2025-08-04 06:00:00,    3, 1021.3,  975.2
2025-08-04 07:00:00,    3, 1021.5,  975.5
2025-08-04 08:00:00,    3, 1021.5,  984.0
2025-08-04 09:00:00,    3, 1021.2,  975.4
2025-08-04 10:00:00,    3, 1021.2,  984.0
2025-08-04 11:00:00,    3, 1020.6,  975.3
2025-08-04 12:00:00,3,1020.3,975.1
2025-08-04 13:00:00,3,1020.1,975.1
2025-08-04 14:00:00,    3, 1019.8,  974.9
2025-08-04 15:00:00,    3, 1019.5,  974.7
2025-08-04 16:00:00,3,1019.4,983.0
2025-08-04 17:00:00,    3, 1018.9,  982.5
2025-08-04 18:00:00,3,1018.7,974.0
2025-08-04 19:00:00,    3, 1019.0,  982.5
2025-08-04 20:00:00,3,1019.5,982.8
2025-08-04 21:00:00,    3, 1019.5,  982.7
2025-08-04 22:00:00,3,1019.4,982.6
2025-08-04 23:00:00,    3, 1019.0,  973.7
2025-08-05 00:00:00,    3, 1018.5,  981.7
2025-08-05 01:00:00,    3, 1018.5,  973.0
2025-08-05 02:00:00,    3, 1018.4,  972.7
2025-08-05 03:00:00,    3, 1018.2,  972.4
2025-08-05 04:00:00,3,1017.7,980.6
2025-08-05 05:00:00,3,1017.5,980.4
2025-08-05 06:00:00,3,1017.5,972.1
2025-08-05 07:00:00,3,1017.0,980.4
2025-08-05 08:00:00,    3, 1016.7,  972.0
2025-08-05 09:00:00,    3, 1016.8,  980.5
2025-08-05 10:00:00,3,1017.2,981.2
2025-08-05 11:00:00,    3, 1017.7,  981.5
2025-08-05 12:00:00,3,1016.8,972.6
2025-08-05 13:00:00,    3, 1017.5,  981.4
2025-08-05 14:00:00,    3, 1018.7,  982.2
2025-08-05 15:00:00,    3, 1018.0,  973.5
2025-08-05 16:00:00,3,1018.2,973.7
2025-08-05 17:00:00,    3, 1019.4,  983.0
2025-08-05 18:00:00,    3, 1020.2,  983.7
2025-08-05 19:00:00,3,1021.1,984.4
2025-08-05 20:00:00,3,1022.4,985.5
2025-08-05 21:00:00,3,1022.8,977.3
2025-08-05 22:00:00,    3, 1024.2,  986.9
2025-08-05 23:00:00,3,1024.5,978.6
2025-08-06 00:00:00,3,1025.7,988.2
2025-08-06 01:00:00,    3, 1025.9,  988.4
2025-08-06 02:00:00,    3, 1025.9,  988.3
2025-08-06 03:00:00,3,1026.4,988.6
2025-08-06 04:00:00,    3, 1026.5,  988.7
2025-08-06 05:00:00,    3, 1026.8,  988.9
2025-08-06 06:00:00,3,1025.9,979.7
2025-08-06 07:00:00,    3, 1026.0,  979.9
2025-08-06 08:00:00,    3, 1025.8,  979.9
2025-08-06 09:00:00,    3, 1025.5,  979.8
2025-08-06 10:00:00,    3, 1024.9,  979.4
2025-08-06 11:00:00,3,1024.7,987.8
2025-08-06 12:00:00,3,1024.0,987.2
2025-08-06 13:00:00,    3, 1023.3,  986.6
2025-08-06 14:00:00,    3, 1022.0,  977.0
2025-08-06 15:00:00,3,1021.5,976.6
2025-08-06 16:00:00,3,1021.2,984.7
2025-08-06 17:00:00,    3, 1020.2,  975.4
2025-08-06 18:00:00,    3, 1020.3,  975.3
2025-08-06 19:00:00,    3, 1020.6,  975.3
2025-08-06 20:00:00,3,1021.0,975.4
2025-08-06 21:00:00,3,1021.2,975.4
2025-08-06 22:00:00,    3, 1021.1,  975.1
2025-08-06 23:00:00,    3, 1021.1,  983.7
2025-08-07 00:00:00,    3, 1020.9,  974.5
2025-08-07 01:00:00,    3, 1021.0,  974.5
2025-08-07 02:00:00,3,1020.9,983.2
2025-08-07 03:00:00,    3, 1020.4,  982.6
2025-08-07 04:00:00,    3, 1020.4,  973.7
2025-08-07 05:00:00,3,1020.3,973.8
2025-08-07 06:00:00,3,1020.0,973.8
2025-08-07 07:00:00,3,1020.0,982.7
2025-08-07 08:00:00,    3, 1019.3,  982.4
2025-08-07 09:00:00,    3, 1019.1,  982.4
2025-08-07 10:00:00,    3, 1018.0,  973.3
2025-08-07 11:00:00,    3, 1018.7,  982.4
2025-08-07 12:00:00,    3, 1017.8,  981.7
2025-08-07 13:00:00,    3, 1016.7,  972.6
2025-08-07 14:00:00,    3, 1017.3,  981.4
2025-08-07 15:00:00,    3, 1016.2,  972.3
2025-08-07 16:00:00,    3, 1016.8,  980.9
2025-08-07 17:00:00,3,1016.6,980.7
2025-08-07 18:00:00,3,1016.9,980.9
2025-08-07 19:00:00,3,1017.0,972.5
2025-08-07 20:00:00,3,1018.0,973.0
2025-08-07 21:00:00,    3, 1018.3,  973.0
2025-08-07 22:00:00,3,1018.4,981.6
2025-08-07 23:00:00,3,1018.8,981.9
2025-08-08 00:00:00,    3, 1019.1,  973.4
2025-08-08 01:00:00,3,1019.2,973.3
2025-08-08 02:00:00,3,1019.1,973.0
2025-08-08 03:00:00,    3, 1019.3,  973.1
2025-08-08 04:00:00,3,1019.5,973.3
2025-08-08 05:00:00,    3, 1019.8,  973.6
2025-08-08 06:00:00,    3, 1019.7,  982.5
2025-08-08 07:00:00,3,1019.5,982.6
2025-08-08 08:00:00,3,1019.0,982.5
2025-08-08 09:00:00,3,1018.2,974.0
2025-08-08 10:00:00,    3, 1018.4,  982.6
2025-08-08 11:00:00,    3, 1017.4,  973.7
2025-08-08 12:00:00,    3, 1017.0,  973.5
2025-08-08 13:00:00,    3, 1017.6,  982.1
2025-08-08 14:00:00,    3, 1017.3,  981.8
2025-08-08 15:00:00,3,1016.6,973.1
2025-08-08 16:00:00,    3, 1016.9,  973.3
2025-08-08 17:00:00,    3, 1017.7,  982.1
2025-08-08 18:00:00,    3, 1018.2,  982.4
2025-08-08 19:00:00,3,1018.6,982.7
2025-08-08 20:00:00,3,1019.2,983.2
2025-08-08 21:00:00,    3, 1019.5,  983.2
2025-08-08 22:00:00,3,1019.8,974.7
2025-08-08 23:00:00,    3, 1020.1,  974.7
2025-08-09 00:00:00,3,1020.0,983.2
2025-08-09 01:00:00,    3, 1020.0,  974.3
2025-08-09 02:00:00,    3, 1019.9,  974.1
2025-08-09 03:00:00,    3, 1019.8,  974.0
2025-08-09 04:00:00,    3, 1019.7,  982.6
2025-08-09 05:00:00,3,1020.2,974.4
2025-08-09 06:00:00,    3, 1020.1,  983.2
2025-08-09 07:00:00,3,1019.9,983.3
2025-08-09 08:00:00,    3, 1019.6,  983.3
2025-08-09 09:00:00,    3, 1018.6,  974.6
2025-08-09 10:00:00,3,1017.9,974.4
2025-08-09 11:00:00,3,1017.3,974.0
2025-08-09 12:00:00,3,1017.6,982.4
2025-08-09 13:00:00,3,1017.5,982.3
2025-08-09 14:00:00,3,1017.3,982.1
2025-08-09 15:00:00,3,1016.4,973.2
2025-08-09 16:00:00,    3, 1017.1,  981.9
2025-08-09 17:00:00,    3, 1016.7,  973.4
2025-08-09 18:00:00,    3, 1017.9,  982.4
2025-08-09 19:00:00,    3, 1018.1,  974.4
2025-08-09 20:00:00,    3, 1019.4,  983.5
2025-08-09 21:00:00,    3, 1019.8,  975.3
2025-08-09 22:00:00,    3, 1020.6,  975.8
2025-08-09 23:00:00,3,1020.8,984.6
2025-08-10 00:00:00,    3, 1020.9,  976.2
2025-08-10 01:00:00,    3, 1021.8,  985.3
2025-08-10 02:00:00,    3, 1022.5,  985.8
2025-08-10 03:00:00,    3, 1022.9,  986.1
2025-08-10 04:00:00,    3, 1023.3,  978.0
2025-08-10 05:00:00,    3, 1024.4,  987.3
2025-08-10 06:00:00,    3, 1024.9,  987.9
2025-08-10 07:00:00,3,1025.3,988.4
2025-08-10 08:00:00,    3, 1024.9,  979.8
2025-08-10 09:00:00,3,1025.7,989.0
2025-08-10 10:00:00,3,1025.6,989.1
2025-08-10 11:00:00,    3, 1025.4,  989.0
2025-08-10 12:00:00,    3, 1024.4,  980.0
2025-08-10 13:00:00,3,1024.3,979.9
2025-08-10 14:00:00,    3, 1024.7,  988.5
2025-08-10 15:00:00,    3, 1024.4,  988.3
2025-08-10 16:00:00,    3, 1024.1,  988.0
2025-08-10 17:00:00,3,1023.6,987.5
2025-08-10 18:00:00,3,1023.9,987.7
2025-08-10 19:00:00,    3, 1024.2,  987.7
2025-08-10 20:00:00,3,1024.2,979.2
2025-08-10 21:00:00,3,1025.1,988.2
2025-08-10 22:00:00,    3, 1025.2,  988.2
2025-08-10 23:00:00,    3, 1025.3,  988.1
2025-08-11 00:00:00,3,1025.2,987.9
2025-08-11 01:00:00,    3, 1024.5,  978.6
2025-08-11 02:00:00,3,1024.9,987.4
2025-08-11 03:00:00,    3, 1024.6,  987.2
2025-08-11 04:00:00,3,1024.4,986.8
2025-08-11 05:00:00,    3, 1024.4,  986.9
2025-08-11 06:00:00,3,1023.6,978.0
2025-08-11 07:00:00,    3, 1023.3,  977.9
2025-08-11 08:00:00,3,1022.7,977.6
2025-08-11 09:00:00,    3, 1022.9,  986.3
2025-08-11 10:00:00,3,1021.5,977.0
2025-08-11 11:00:00,    3, 1021.7,  985.6
2025-08-11 12:00:00,3,1020.1,976.0
2025-08-11 13:00:00,3,1019.5,975.6
2025-08-11 14:00:00,    3, 1019.7,  984.0
2025-08-11 15:00:00,    3, 1019.0,  983.3
2025-08-11 16:00:00,    3, 1017.9,  974.1
2025-08-11 17:00:00,3,1018.2,982.5
2025-08-11 18:00:00,    3, 1018.3,  982.4
2025-08-11 19:00:00,3,1018.3,973.8
2025-08-11 20:00:00,3,1018.9,974.1
2025-08-11 21:00:00,    3, 1018.9,  974.0
2025-08-11 22:00:00,    3, 1019.0,  974.0
2025-08-11 23:00:00,    3, 1019.4,  982.7
2025-08-12 00:00:00,    3, 1019.2,  973.7
2025-08-12 01:00:00,    3, 1019.2,  982.2
2025-08-12 02:00:00,    3, 1019.0,  973.1
2025-08-12 03:00:00,    3, 1018.7,  981.6
2025-08-12 04:00:00,    3, 1018.9,  981.7
2025-08-12 05:00:00,3,1019.0,981.8
2025-08-12 06:00:00,    3, 1018.2,  973.1
2025-08-12 07:00:00,    3, 1018.3,  981.6
2025-08-12 08:00:00,3,1018.0,981.6
2025-08-12 09:00:00,    3, 1017.3,  981.3
2025-08-12 10:00:00,    3, 1016.8,  981.0
2025-08-12 11:00:00,    3, 1015.8,  972.1
2025-08-12 12:00:00,    3, 1015.8,  980.3
2025-08-12 13:00:00,    3, 1014.7,  971.4
2025-08-12 14:00:00,3,1014.9,979.7
2025-08-12 15:00:00,    3, 1014.3,  979.1
2025-08-12 16:00:00,    3, 1014.0,  978.8
2025-08-12 17:00:00,3,1013.5,978.3
2025-08-12 18:00:00,    3, 1012.9,  969.6
2025-08-12 19:00:00,    3, 1013.1,  969.6
2025-08-12 20:00:00,3,1013.9,970.0
2025-08-12 21:00:00,    3, 1014.3,  970.2
2025-08-12 22:00:00,3,1014.4,970.1
2025-08-12 23:00:00,3,1014.5,970.0
2025-08-13 00:00:00,3,1014.5,978.4
2025-08-13 01:00:00,3,1014.9,978.7
2025-08-13 02:00:00,3,1015.0,978.7
2025-08-13 03:00:00,    3, 1015.5,  970.3
2025-08-13 04:00:00,3,1015.7,970.6
2025-08-13 05:00:00,    3, 1015.7,  979.2
2025-08-13 06:00:00,3,1015.9,971.3
2025-08-13 07:00:00,3,1015.8,971.5
2025-08-13 08:00:00,    3, 1016.1,  980.3
2025-08-13 09:00:00,3,1016.1,980.6
2025-08-13 10:00:00,    3, 1016.1,  980.7
2025-08-13 11:00:00,    3, 1015.3,  972.2
2025-08-13 12:00:00,    3, 1015.2,  972.1
2025-08-13 13:00:00,3,1014.7,971.7
2025-08-13 14:00:00,    3, 1014.4,  971.5
2025-08-13 15:00:00,    3, 1014.7,  979.7
2025-08-13 16:00:00,3,1013.9,971.0
2025-08-13 17:00:00,    3, 1013.9,  970.8
2025-08-13 18:00:00,    3, 1014.3,  970.9
2025-08-13 19:00:00,    3, 1014.7,  971.0
2025-08-13 20:00:00,3,1015.4,979.8
2025-08-13 21:00:00,3,1015.7,979.9
2025-08-13 22:00:00,3,1016.4,971.8
2025-08-13 23:00:00,3,1016.6,971.8
2025-08-14 00:00:00,3,1016.5,980.1
2025-08-14 01:00:00,3,1016.6,980.1
2025-08-14 02:00:00,3,1017.1,971.9
2025-08-14 03:00:00,    3, 1017.6,  981.0
2025-08-14 04:00:00,3,1017.9,981.3
2025-08-14 05:00:00,    3, 1018.3,  972.9
2025-08-14 06:00:00,3,1018.3,973.2
2025-08-14 07:00:00,    3, 1018.4,  982.1
2025-08-14 08:00:00,    3, 1018.1,  973.8
2025-08-14 09:00:00,    3, 1017.8,  982.0
2025-08-14 10:00:00,    3, 1017.3,  981.8
2025-08-14 11:00:00,3,1016.5,973.1
2025-08-14 12:00:00,3,1016.7,981.5
2025-08-14 13:00:00,3,1015.8,972.7
2025-08-14 14:00:00,3,1015.4,972.4
2025-08-14 15:00:00,3,1015.2,972.3
2025-08-14 16:00:00,    3, 1015.6,  980.5
2025-08-14 17:00:00,    3, 1015.0,  971.9
2025-08-14 18:00:00,    3, 1015.5,  972.2
2025-08-14 19:00:00,    3, 1016.2,  972.7
2025-08-14 20:00:00,3,1016.8,973.1
2025-08-14 21:00:00,    3, 1017.8,  982.1
2025-08-14 22:00:00,    3, 1018.2,  974.0
2025-08-14 23:00:00,    3, 1018.6,  974.1
2025-08-15 00:00:00,3,1018.6,974.0
2025-08-15 01:00:00,    3, 1018.7,  982.5
2025-08-15 02:00:00,    3, 1018.9,  982.6
2025-08-15 03:00:00,    3, 1018.8,  982.5
2025-08-15 04:00:00,    3, 1019.4,  974.3
2025-08-15 05:00:00,    3, 1019.8,  974.7
2025-08-15 06:00:00,    3, 1019.9,  983.5
2025-08-15 07:00:00,    3, 1019.5,  975.1
2025-08-15 08:00:00,    3, 1019.8,  983.9
2025-08-15 09:00:00,    3, 1019.1,  975.4
2025-08-15 10:00:00,    3, 1018.8,  975.4
2025-08-15 11:00:00,    3, 1019.0,  983.7
2025-08-15 12:00:00,    3, 1018.5,  983.3
2025-08-15 13:00:00,    3, 1017.3,  974.2
2025-08-15 14:00:00,3,1016.9,973.8
2025-08-15 15:00:00,    3, 1017.0,  973.9
2025-08-15 16:00:00,    3, 1017.3,  982.2
2025-08-15 17:00:00,    3, 1018.0,  982.6
2025-08-15 18:00:00,3,1018.0,974.0
2025-08-15 19:00:00,    3, 1018.0,  973.9
2025-08-15 20:00:00,    3, 1018.7,  974.5
2025-08-15 21:00:00,    3, 1018.9,  983.1
2025-08-15 22:00:00,3,1019.0,974.8
2025-08-15 23:00:00,3,1019.4,975.0
2025-08-16 00:00:00,    3, 1019.2,  974.7
2025-08-16 01:00:00,3,1019.4,983.1
2025-08-16 02:00:00,3,1019.2,974.5
2025-08-16 03:00:00,    3, 1019.3,  974.5
2025-08-16 04:00:00,3,1019.8,983.2
2025-08-16 05:00:00,    3, 1019.6,  983.0
2025-08-16 06:00:00,    3, 1019.7,  974.9
2025-08-16 07:00:00,    3, 1020.2,  983.8
2025-08-16 08:00:00,    3, 1020.1,  975.5
2025-08-16 09:00:00,3,1020.3,984.1
2025-08-16 10:00:00,3,1019.9,983.9
2025-08-16 11:00:00,    3, 1019.4,  983.6
2025-08-16 12:00:00,3,1018.7,983.0
2025-08-16 13:00:00,3,1017.5,973.7
2025-08-16 14:00:00,3,1017.4,981.8
2025-08-16 15:00:00,3,1016.8,981.2
2025-08-16 16:00:00,    3, 1017.0,  981.3
2025-08-16 17:00:00,3,1016.2,972.4
2025-08-16 18:00:00,    3, 1016.8,  972.8
2025-08-16 19:00:00,3,1017.6,973.3
2025-08-16 20:00:00,3,1019.1,982.7
2025-08-16 21:00:00,    3, 1019.1,  982.7
2025-08-16 22:00:00,    3, 1019.5,  982.9
2025-08-16 23:00:00,    3, 1019.8,  983.0
2025-08-17 00:00:00,3,1019.7,982.8
2025-08-17 01:00:00,    3, 1019.7,  982.7
2025-08-17 02:00:00,    3, 1019.3,  973.8
2025-08-17 03:00:00,3,1019.8,982.6
2025-08-17 04:00:00,3,1019.9,982.7
2025-08-17 05:00:00,    3, 1019.3,  973.7
2025-08-17 06:00:00,3,1019.9,982.8
2025-08-17 07:00:00,    3, 1020.0,  982.9
2025-08-17 08:00:00,    3, 1019.7,  982.8
2025-08-17 09:00:00,    3, 1019.5,  982.7
2025-08-17 10:00:00,    3, 1018.6,  973.6
2025-08-17 11:00:00,    3, 1019.0,  982.4
2025-08-17 12:00:00,    3, 1018.3,  973.5
2025-08-17 13:00:00,    3, 1017.9,  973.4
2025-08-17 14:00:00,    3, 1017.6,  973.0
2025-08-17 15:00:00,    3, 1017.5,  981.2
2025-08-17 16:00:00,3,1016.9,972.4
2025-08-17 17:00:00,3,1017.5,981.2
2025-08-17 18:00:00,    3, 1017.2,  972.5
2025-08-17 19:00:00,    3, 1017.5,  972.7
2025-08-17 20:00:00,    3, 1018.6,  981.8
2025-08-17 21:00:00,    3, 1019.1,  982.2
2025-08-17 22:00:00,    3, 1019.5,  982.4
2025-08-17 23:00:00,3,1019.3,973.6
2025-08-18 00:00:00,    3, 1019.5,  973.6
2025-08-18 01:00:00,    3, 1019.5,  982.1
2025-08-18 02:00:00,    3, 1019.4,  981.9
2025-08-18 03:00:00,3,1018.9,972.8
2025-08-18 04:00:00,3,1019.3,981.6
2025-08-18 05:00:00,    3, 1018.9,  972.8
2025-08-18 06:00:00,    3, 1019.4,  981.9
2025-08-18 07:00:00,    3, 1018.9,  973.2
2025-08-18 08:00:00,3,1019.0,982.0
2025-08-18 09:00:00,    3, 1018.8,  982.0
2025-08-18 10:00:00,    3, 1018.4,  981.8
2025-08-18 11:00:00,    3, 1017.9,  981.5
2025-08-18 12:00:00,    3, 1017.2,  981.1
2025-08-18 13:00:00,    3, 1016.2,  972.0
2025-08-18 14:00:00,3,1015.4,971.4
2025-08-18 15:00:00,    3, 1015.6,  979.7
2025-08-18 16:00:00,    3, 1014.6,  970.6
2025-08-18 17:00:00,    3, 1014.6,  970.5
2025-08-18 18:00:00,    3, 1015.1,  979.1
2025-08-18 19:00:00,3,1015.5,979.2
2025-08-18 20:00:00,3,1015.9,979.5
2025-08-18 21:00:00,3,1015.9,970.8
2025-08-18 22:00:00,    3, 1015.9,  970.6
2025-08-18 23:00:00,    3, 1015.8,  979.0
2025-08-19 00:00:00,    3, 1016.0,  970.3
2025-08-19 01:00:00,3,1015.7,978.6
2025-08-19 02:00:00,    3, 1015.6,  978.5
2025-08-19 03:00:00,    3, 1015.8,  969.8
2025-08-19 04:00:00,    3, 1015.4,  978.2
2025-08-19 05:00:00,    3, 1015.6,  978.3
2025-08-19 06:00:00,3,1015.2,978.1
2025-08-19 07:00:00,3,1014.9,978.2
2025-08-19 08:00:00,3,1014.4,978.0
2025-08-19 09:00:00,3,1013.2,968.9
2025-08-19 10:00:00,3,1012.6,968.6
2025-08-19 11:00:00,    3, 1012.1,  968.2
2025-08-19 12:00:00,    3, 1011.2,  967.6
2025-08-19 13:00:00,    3, 1010.6,  967.0
2025-08-19 14:00:00,    3, 1010.0,  966.5
2025-08-19 15:00:00,3,1010.1,974.7
2025-08-19 16:00:00,    3, 1009.7,  974.3
2025-08-19 17:00:00,    3, 1009.0,  965.5
2025-08-19 18:00:00,    3, 1009.4,  965.6
2025-08-19 19:00:00,3,1010.3,974.5
2025-08-19 20:00:00,3,1010.7,966.4
2025-08-19 21:00:00,3,1010.5,966.0
2025-08-19 22:00:00,    3, 1010.4,  974.1
2025-08-19 23:00:00,    3, 1010.6,  965.6
2025-08-20 00:00:00,    3, 1010.4,  965.3
2025-08-20 01:00:00,3,1010.0,964.8
2025-08-20 02:00:00,3,1009.8,973.1
2025-08-20 03:00:00,3,1009.8,964.4
2025-08-20 04:00:00,    3, 1009.6,  964.2
2025-08-20 05:00:00,3,1010.0,964.6
2025-08-20 06:00:00,3,1009.9,973.2
2025-08-20 07:00:00,3,1009.6,964.7
2025-08-20 08:00:00,    3, 1009.6,  973.4
2025-08-20 09:00:00,    3, 1009.3,  965.0
2025-08-20 10:00:00,    3, 1009.0,  964.8
2025-08-20 11:00:00,    3, 1008.8,  973.0
2025-08-20 12:00:00,    3, 1008.5,  972.8
2025-08-20 13:00:00,    3, 1007.6,  963.8
2025-08-20 14:00:00,3,1008.5,963.9
2025-08-20 15:00:00,3,1007.6,971.8
2025-08-20 16:00:00,    3, 1007.0,  962.9
2025-08-20 17:00:00,3,1006.9,962.8
2025-08-20 18:00:00,    3, 1006.7,  962.5
2025-08-20 19:00:00,    3, 1007.5,  971.4
2025-08-20 20:00:00,    3, 1007.9,  971.7
2025-08-20 21:00:00,    3, 1008.0,  971.8
2025-08-20 22:00:00,    3, 1007.6,  971.4
2025-08-20 23:00:00,3,1007.3,971.0
2025-08-21 00:00:00,    3, 1007.0,  970.6
2025-08-21 01:00:00,3,1006.9,970.5
2025-08-21 02:00:00,3,1006.3,961.5
2025-08-21 03:00:00,    3, 1006.5,  970.0
2025-08-21 04:00:00,    3, 1005.8,  961.0
2025-08-21 05:00:00,3,1006.0,961.3
2025-08-21 06:00:00,    3, 1006.7,  970.2
2025-08-21 07:00:00,    3, 1007.1,  970.6
2025-08-21 08:00:00,    3, 1007.4,  970.9
2025-08-21 09:00:00,3,1007.0,962.5
2025-08-21 10:00:00,3,1007.8,971.5
2025-08-21 11:00:00,    3, 1007.7,  971.5
2025-08-21 12:00:00,3,1007.4,962.9
2025-08-21 13:00:00,    3, 1007.5,  971.4
2025-08-21 14:00:00,3,1007.6,971.5
2025-08-21 15:00:00,3,1007.5,971.5
2025-08-21 16:00:00,3,1007.7,963.2
2025-08-21 17:00:00,    3, 1008.2,  963.5
2025-08-21 18:00:00,    3, 1008.6,  972.2
2025-08-21 19:00:00,3,1009.3,972.9
2025-08-21 20:00:00,3,1010.4,965.3
2025-08-21 21:00:00,    3, 1010.9,  965.8
2025-08-21 22:00:00,3,1011.2,966.2
2025-08-21 23:00:00,3,1011.9,966.7
2025-08-22 00:00:00,3,1013.0,976.1
2025-08-22 01:00:00,    3, 1013.0,  967.7
2025-08-22 02:00:00,3,1013.6,968.2
2025-08-22 03:00:00,    3, 1014.7,  977.6
2025-08-22 04:00:00,    3, 1015.1,  977.9
2025-08-22 05:00:00,3,1015.8,978.6
2025-08-22 06:00:00,    3, 1016.5,  979.3
2025-08-22 07:00:00,3,1016.9,979.7
2025-08-22 08:00:00,3,1016.5,971.0
2025-08-22 09:00:00,    3, 1016.7,  971.3
2025-08-22 10:00:00,3,1016.9,971.6
2025-08-22 11:00:00,    3, 1017.2,  980.4
2025-08-22 12:00:00,3,1017.1,980.3
2025-08-22 13:00:00,    3, 1016.1,  971.3
2025-08-22 14:00:00,    3, 1016.2,  971.2
2025-08-22 15:00:00,3,1016.6,979.9
2025-08-22 16:00:00,    3, 1016.8,  980.0
2025-08-22 17:00:00,    3, 1016.7,  979.9
2025-08-22 18:00:00,    3, 1016.8,  979.9
2025-08-22 19:00:00,    3, 1017.2,  971.7
2025-08-22 20:00:00,    3, 1018.4,  981.1
2025-08-22 21:00:00,    3, 1018.4,  972.5
2025-08-22 22:00:00,    3, 1019.0,  981.5
2025-08-22 23:00:00,    3, 1019.0,  972.7
2025-08-23 00:00:00,3,1019.3,981.7
2025-08-23 01:00:00,    3, 1019.0,  981.4
2025-08-23 02:00:00,    3, 1018.6,  981.0
2025-08-23 03:00:00,    3, 1018.6,  981.0
2025-08-23 04:00:00,    3, 1018.6,  980.9
2025-08-23 05:00:00,    3, 1018.9,  981.2
2025-08-23 06:00:00,3,1019.0,981.4
2025-08-23 07:00:00,    3, 1018.7,  972.6
2025-08-23 08:00:00,3,1019.3,981.9
2025-08-23 09:00:00,    3, 1019.2,  982.0
2025-08-23 10:00:00,    3, 1018.9,  981.9
2025-08-23 11:00:00,    3, 1018.3,  972.9
2025-08-23 12:00:00,    3, 1018.4,  981.6
2025-08-23 13:00:00,    3, 1017.7,  972.6
2025-08-23 14:00:00,    3, 1018.0,  981.2
2025-08-23 15:00:00,    3, 1017.7,  981.0
2025-08-23 16:00:00,    3, 1017.8,  981.0
2025-08-23 17:00:00,    3, 1017.3,  972.1
2025-08-23 18:00:00,    3, 1017.6,  972.3
2025-08-23 19:00:00,3,1018.8,981.8
2025-08-23 20:00:00,3,1018.9,973.4
2025-08-23 21:00:00,    3, 1019.5,  973.8
2025-08-23 22:00:00,3,1019.7,973.9
2025-08-23 23:00:00,    3, 1020.4,  983.0
2025-08-24 00:00:00,    3, 1019.9,  973.9
2025-08-24 01:00:00,    3, 1019.9,  982.4
2025-08-24 02:00:00,    3, 1019.7,  973.5
2025-08-24 03:00:00,    3, 1020.0,  982.3
2025-08-24 04:00:00,    3, 1019.5,  973.2
2025-08-24 05:00:00,3,1020.1,982.3
2025-08-24 06:00:00,    3, 1020.0,  973.8
2025-08-24 07:00:00,    3, 1019.8,  973.8
2025-08-24 08:00:00,    3, 1020.1,  982.8
2025-08-24 09:00:00,    3, 1020.2,  983.0
2025-08-24 10:00:00,    3, 1019.2,  973.8
2025-08-24 11:00:00,    3, 1019.7,  982.8
2025-08-24 12:00:00,3,1019.4,982.5
2025-08-24 13:00:00,3,1018.8,982.1
2025-08-24 14:00:00,3,1017.6,972.7
2025-08-24 15:00:00,3,1017.4,972.6
2025-08-24 16:00:00,3,1018.1,981.5
2025-08-24 17:00:00,    3, 1018.1,  981.4
2025-08-24 18:00:00,    3, 1017.7,  972.5
2025-08-24 19:00:00,    3, 1018.5,  973.0
2025-08-24 20:00:00,    3, 1019.5,  982.3
2025-08-24 21:00:00,    3, 1019.3,  973.5
2025-08-24 22:00:00,3,1020.2,982.7
2025-08-24 23:00:00,3,1020.0,973.7
2025-08-25 00:00:00,    3, 1020.4,  982.7
2025-08-25 01:00:00,    3, 1020.4,  982.6
2025-08-25 02:00:00,    3, 1020.4,  982.5
2025-08-25 03:00:00,    3, 1020.6,  973.7
2025-08-25 04:00:00,    3, 1020.5,  973.5
2025-08-25 05:00:00,    3, 1020.8,  982.6
2025-08-25 06:00:00,    3, 1020.6,  973.8
2025-08-25 07:00:00,    3, 1019.9,  973.7
2025-08-25 08:00:00,    3, 1019.3,  973.6
2025-08-25 09:00:00,3,1019.2,973.8
2025-08-25 10:00:00,    3, 1018.7,  973.6
2025-08-25 11:00:00,3,1018.6,982.0
2025-08-25 12:00:00,    3, 1018.0,  981.4
2025-08-25 13:00:00,3,1016.4,971.9
2025-08-25 14:00:00,    3, 1016.4,  980.1
2025-08-25 15:00:00,    3, 1015.7,  979.5
2025-08-25 16:00:00,3,1014.4,970.1
2025-08-25 17:00:00,3,1014.0,969.6
2025-08-25 18:00:00,    3, 1014.3,  969.6
2025-08-25 19:00:00,    3, 1015.0,  970.0
2025-08-25 20:00:00,3,1015.7,979.0
2025-08-25 21:00:00,    3, 1015.8,  978.9
2025-08-25 22:00:00,3,1016.0,978.8
2025-08-25 23:00:00,    3, 1016.0,  970.0
2025-08-26 00:00:00,    3, 1016.0,  969.9
2025-08-26 01:00:00,3,1015.8,978.3
2025-08-26 02:00:00,    3, 1015.8,  969.4
2025-08-26 03:00:00,    3, 1016.1,  969.5
2025-08-26 04:00:00,3,1015.7,978.0
2025-08-26 05:00:00,    3, 1016.1,  969.3
2025-08-26 06:00:00,3,1015.8,969.4
2025-08-26 07:00:00,    3, 1015.3,  978.0
2025-08-26 08:00:00,    3, 1014.8,  977.9
2025-08-26 09:00:00,    3, 1014.1,  977.7
2025-08-26 10:00:00,    3, 1012.8,  968.5
2025-08-26 11:00:00,    3, 1012.1,  968.1
2025-08-26 12:00:00,    3, 1011.2,  967.5
2025-08-26 13:00:00,    3, 1011.1,  975.6
2025-08-26 14:00:00,3,1010.0,966.6
2025-08-26 15:00:00,3,1009.5,966.1
2025-08-26 16:00:00,3,1009.9,974.4
2025-08-26 17:00:00,    3, 1009.2,  965.6
2025-08-26 18:00:00,    3, 1009.4,  965.6
2025-08-26 19:00:00,    3, 1010.2,  966.0
2025-08-26 20:00:00,    3, 1010.4,  974.4
2025-08-26 21:00:00,    3, 1010.8,  974.7
2025-08-26 22:00:00,    3, 1011.5,  975.5
2025-08-26 23:00:00,    3, 1012.4,  976.2
2025-08-27 00:00:00,    3, 1012.4,  967.6
2025-08-27 01:00:00,3,1012.4,975.9
2025-08-27 02:00:00,    3, 1012.0,  967.2
2025-08-27 03:00:00,    3, 1012.2,  975.7
2025-08-27 04:00:00,    3, 1012.2,  975.6
2025-08-27 05:00:00,3,1012.3,967.1
2025-08-27 06:00:00,    3, 1012.3,  967.3
2025-08-27 07:00:00,    3, 1012.0,  967.2
2025-08-27 08:00:00,    3, 1011.9,  975.6
2025-08-27 09:00:00,3,1011.5,975.5
2025-08-27 10:00:00,    3, 1011.1,  975.2
2025-08-27 11:00:00,    3, 1011.1,  967.0
2025-08-27 12:00:00,3,1010.7,974.7
2025-08-27 13:00:00,3,1010.3,974.4
2025-08-27 14:00:00,    3, 1009.6,  965.8
2025-08-27 15:00:00,    3, 1009.7,  973.9
2025-08-27 16:00:00,    3, 1009.3,  973.4
2025-08-27 17:00:00,    3, 1009.4,  965.2
2025-08-27 18:00:00,    3, 1009.1,  973.2
2025-08-27 19:00:00,3,1009.5,973.5
2025-08-27 20:00:00,3,1009.0,964.5
2025-08-27 21:00:00,3,1009.2,973.0
2025-08-27 22:00:00,    3, 1008.5,  963.9
2025-08-27 23:00:00,    3, 1007.6,  971.3
2025-08-28 00:00:00,    3, 1006.6,  962.0
2025-08-28 01:00:00,3,1006.8,970.5
2025-08-28 02:00:00,    3, 1008.4,  972.1
2025-08-28 03:00:00,    3, 1007.6,  962.8
2025-08-28 04:00:00,    3, 1006.8,  970.3
2025-08-28 05:00:00,    3, 1006.9,  970.4
2025-08-28 06:00:00,3,1007.2,970.7
2025-08-28 07:00:00,3,1007.7,971.2
2025-08-28 08:00:00,    3, 1007.6,  971.2
2025-08-28 09:00:00,3,1007.7,971.3
2025-08-28 10:00:00,    3, 1007.6,  971.2
2025-08-28 11:00:00,    3, 1007.7,  971.3
2025-08-28 12:00:00,    3, 1007.0,  962.7
2025-08-28 13:00:00,    3, 1007.2,  971.0
2025-08-28 14:00:00,    3, 1006.2,  962.0
2025-08-28 15:00:00,    3, 1006.3,  962.0
2025-08-28 16:00:00,3,1006.7,970.6
2025-08-28 17:00:00,3,1006.1,961.7
2025-08-28 18:00:00,    3, 1006.1,  969.9
2025-08-28 19:00:00,    3, 1006.6,  970.3
2025-08-28 20:00:00,3,1006.4,970.1
2025-08-28 21:00:00,    3, 1005.6,  960.7
2025-08-28 22:00:00,    3, 1005.6,  960.6
2025-08-28 23:00:00,    3, 1006.1,  969.5
2025-08-29 00:00:00,3,1005.5,960.6
2025-08-29 01:00:00,3,1005.3,960.4
2025-08-29 02:00:00,    3, 1005.9,  960.8
2025-08-29 03:00:00,    3, 1006.5,  961.3
2025-08-29 04:00:00,    3, 1006.8,  970.0
2025-08-29 05:00:00,    3, 1007.0,  970.1
2025-08-29 06:00:00,    3, 1007.0,  970.1
2025-08-29 07:00:00,    3, 1006.8,  970.1
2025-08-29 08:00:00,3,1006.1,969.6
2025-08-29 09:00:00,    3, 1005.7,  961.1
2025-08-29 10:00:00,    3, 1005.0,  960.6
2025-08-29 11:00:00,3,1004.7,968.7
2025-08-29 12:00:00,    3, 1004.1,  968.1
2025-08-29 13:00:00,3,1003.5,967.7
2025-08-29 14:00:00,    3, 1003.7,  967.8
2025-08-29 15:00:00,    3, 1002.9,  958.9
2025-08-29 16:00:00,    3, 1002.7,  958.7
2025-08-29 17:00:00,3,1002.8,966.9
2025-08-29 18:00:00,3,1003.1,958.8
2025-08-29 19:00:00,    3, 1005.2,  960.0
2025-08-29 20:00:00,    3, 1005.8,  960.5
2025-08-29 21:00:00,    3, 1006.2,  961.0
2025-08-29 22:00:00,    3, 1006.3,  961.0
2025-08-29 23:00:00,3,1006.3,961.0
2025-08-30 00:00:00,    3, 1006.9,  969.9
2025-08-30 01:00:00,3,1007.0,961.6
2025-08-30 02:00:00,    3, 1007.3,  970.4
2025-08-30 03:00:00,    3, 1007.7,  970.8
2025-08-30 04:00:00,    3, 1008.0,  971.0
2025-08-30 05:00:00,3,1008.4,963.0
2025-08-30 06:00:00,3,1009.4,963.9
2025-08-30 07:00:00,    3, 1010.1,  964.7
2025-08-30 08:00:00,3,1010.6,973.8
2025-08-30 09:00:00,    3, 1010.7,  965.6
2025-08-30 10:00:00,3,1010.8,965.8
2025-08-30 11:00:00,    3, 1010.2,  965.6
2025-08-30 12:00:00,3,1010.4,965.7
2025-08-30 13:00:00,3,1011.1,974.8
2025-08-30 14:00:00,3,1011.4,974.9
2025-08-30 15:00:00,    3, 1011.1,  966.5
2025-08-30 16:00:00,    3, 1011.6,  966.8
2025-08-30 17:00:00,    3, 1011.6,  966.8
2025-08-30 18:00:00,    3, 1012.0,  967.1
2025-08-30 19:00:00,    3, 1012.8,  976.2
2025-08-30 20:00:00,    3, 1013.4,  976.6
2025-08-30 21:00:00,    3, 1013.7,  976.8
2025-08-30 22:00:00,    3, 1013.8,  976.8
2025-08-30 23:00:00,    3, 1013.9,  976.8
2025-08-31 00:00:00,    3, 1014.0,  976.8
2025-08-31 01:00:00,3,1014.0,976.7
2025-08-31 02:00:00,    3, 1014.0,  976.6
2025-08-31 03:00:00,    3, 1014.2,  968.0
2025-08-31 04:00:00,    3, 1014.0,  976.5
2025-08-31 05:00:00,3,1014.0,976.5
2025-08-31 06:00:00,    3, 1013.7,  976.4
2025-08-31 07:00:00,3,1013.6,976.5
2025-08-31 08:00:00,    3, 1013.4,  976.7
2025-08-31 09:00:00,3,1013.1,976.7
2025-08-31 10:00:00,3,1012.6,976.3
2025-08-31 11:00:00,    3, 1011.9,  967.4
2025-08-31 12:00:00,    3, 1011.5,  967.2
2025-08-31 13:00:00,    3, 1011.5,  975.4
2025-08-31 14:00:00,    3, 1010.3,  966.2
2025-08-31 15:00:00,    3, 1010.1,  965.9
2025-08-31 16:00:00,    3, 1010.1,  974.1
2025-08-31 17:00:00,    3, 1009.1,  973.1
2025-08-31 18:00:00,    3, 1008.5,  964.1
2025-08-31 19:00:00,    3, 1008.9,  964.1
2025-08-31 20:00:00,    3, 1008.9,  963.9
2025-08-31 21:00:00,    3, 1008.8,  972.3
2025-08-31 22:00:00,    3, 1008.8,  972.1
2025-08-31 23:00:00,    3, 1008.6,  963.3
2025-09-01 00:00:00,    3, 1008.3,  962.9
2025-09-01 01:00:00,3,1008.0,971.2
2025-09-01 02:00:00,    3, 1008.5,  971.7
2025-09-01 03:00:00,    3, 1008.6,  971.7
2025-09-01 04:00:00,3,1008.5,963.0
2025-09-01 05:00:00,3,1008.7,963.4
2025-09-01 06:00:00,    3, 1009.3,  972.5
2025-09-01 07:00:00,    3, 1009.1,  964.2
2025-09-01 08:00:00,    3, 1010.6,  973.9
2025-09-01 09:00:00,    3, 1010.9,  965.9
2025-09-01 10:00:00,    3, 1010.8,  965.8
2025-09-01 11:00:00,    3, 1011.2,  974.6
2025-09-01 12:00:00,    3, 1010.6,  965.8
2025-09-01 13:00:00,3,1010.5,965.8
2025-09-01 14:00:00,3,1011.0,974.5
2025-09-01 15:00:00,3,1010.4,973.9
2025-09-01 16:00:00,    3, 1009.9,  965.2
2025-09-01 17:00:00,    3, 1009.6,  964.8
2025-09-01 18:00:00,    3, 1010.0,  973.4
2025-09-01 19:00:00,    3, 1010.2,  973.6
2025-09-01 20:00:00,    3, 1010.8,  974.2
2025-09-01 21:00:00,    3, 1011.5,  974.8
2025-09-01 22:00:00,    3, 1011.8,  975.0
2025-09-01 23:00:00,    3, 1011.2,  965.9
2025-09-02 00:00:00,3,1011.3,965.9
2025-09-02 01:00:00,3,1012.0,975.0
2025-09-02 02:00:00,    3, 1011.8,  974.8
2025-09-02 03:00:00,    3, 1011.8,  974.8
2025-09-02 04:00:00,    3, 1011.8,  974.8
2025-09-02 05:00:00,    3, 1012.3,  975.2
2025-09-02 06:00:00,    3, 1012.6,  975.5
2025-09-02 07:00:00,    3, 1012.6,  975.6
2025-09-02 08:00:00,3,1012.0,966.8
2025-09-02 09:00:00,    3, 1012.3,  967.2
2025-09-02 10:00:00,    3, 1012.5,  967.5
2025-09-02 11:00:00,    3, 1012.0,  967.1
2025-09-02 12:00:00,    3, 1012.1,  967.0
2025-09-02 13:00:00,3,1012.1,975.5
2025-09-02 14:00:00,3,1012.3,975.6
2025-09-02 15:00:00,3,1011.6,975.1
2025-09-02 16:00:00,3,1011.2,966.4
2025-09-02 17:00:00,3,1012.1,975.5
2025-09-02 18:00:00,    3, 1011.9,  966.8
2025-09-02 19:00:00,    3, 1012.6,  975.7
2025-09-02 20:00:00,    3, 1013.0,  976.0
2025-09-02 21:00:00,    3, 1013.3,  976.2
2025-09-02 22:00:00,    3, 1013.4,  976.3
2025-09-02 23:00:00,3,1013.9,967.9
2025-09-03 00:00:00,    3, 1013.5,  967.7
2025-09-03 01:00:00,    3, 1013.5,  967.6
2025-09-03 02:00:00,    3, 1013.5,  967.5
2025-09-03 03:00:00,    3, 1013.5,  967.6
2025-09-03 04:00:00,    3, 1013.3,  976.1
2025-09-03 05:00:00,3,1013.8,976.5
2025-09-03 06:00:00,3,1013.8,968.0
2025-09-03 07:00:00,3,1013.6,968.3
2025-09-03 08:00:00,3,1013.5,976.9
2025-09-03 09:00:00,    3, 1013.7,  977.2
2025-09-03 10:00:00,    3, 1013.7,  977.3
2025-09-03 11:00:00,    3, 1013.8,  977.4
2025-09-03 12:00:00,    3, 1013.2,  976.9
2025-09-03 13:00:00,    3, 1012.9,  976.6
2025-09-03 14:00:00,3,1011.7,967.5
2025-09-03 15:00:00,    3, 1011.2,  967.0
2025-09-03 16:00:00,    3, 1010.6,  966.5
2025-09-03 17:00:00,    3, 1010.4,  966.3
2025-09-03 18:00:00,    3, 1010.6,  966.3
2025-09-03 19:00:00,3,1011.5,975.2
2025-09-03 20:00:00,3,1011.9,975.5
2025-09-03 21:00:00,3,1012.2,975.7
2025-09-03 22:00:00,    3, 1012.4,  967.4
2025-09-03 23:00:00,    3, 1012.9,  976.2
2025-09-04 00:00:00,    3, 1012.9,  976.1
2025-09-04 01:00:00,    3, 1013.4,  968.0
2025-09-04 02:00:00,3,1014.0,977.3
2025-09-04 03:00:00,3,1013.7,976.9
2025-09-04 04:00:00,3,1013.7,976.8
2025-09-04 05:00:00,3,1014.2,977.3
2025-09-04 06:00:00,    3, 1014.8,  969.3
2025-09-04 07:00:00,    3, 1014.8,  969.5
2025-09-04 08:00:00,    3, 1014.5,  969.5
2025-09-04 09:00:00,    3, 1014.2,  969.5
2025-09-04 10:00:00,    3, 1014.0,  969.6
2025-09-04 11:00:00,3,1014.5,970.0
2025-09-04 12:00:00,    3, 1014.7,  978.2
2025-09-04 13:00:00,    3, 1014.2,  977.9
2025-09-04 14:00:00,    3, 1013.9,  977.7
2025-09-04 15:00:00,    3, 1013.4,  977.2
2025-09-04 16:00:00,    3, 1013.1,  968.7
2025-09-04 17:00:00,    3, 1014.1,  969.2
2025-09-04 18:00:00,    3, 1014.3,  969.2
2025-09-04 19:00:00,    3, 1015.0,  978.2
2025-09-04 20:00:00,3,1016.1,979.2
2025-09-04 21:00:00,3,1016.0,979.0
2025-09-04 22:00:00,    3, 1016.2,  979.1
2025-09-04 23:00:00,    3, 1016.3,  970.8
2025-09-05 00:00:00,3,1016.7,971.1
2025-09-05 01:00:00,    3, 1017.0,  979.9
2025-09-05 02:00:00,3,1017.3,980.1
2025-09-05 03:00:00,    3, 1016.8,  971.1
2025-09-05 04:00:00,    3, 1018.0,  980.6
2025-09-05 05:00:00,    3, 1018.6,  981.3
2025-09-05 06:00:00,    3, 1019.3,  981.9
2025-09-05 07:00:00,    3, 1019.7,  982.5
2025-09-05 08:00:00,    3, 1020.9,  983.6
2025-09-05 09:00:00,    3, 1021.9,  984.6
2025-09-05 10:00:00,    3, 1021.9,  984.6
2025-09-05 11:00:00,    3, 1021.7,  976.1
2025-09-05 12:00:00,    3, 1021.6,  976.2
2025-09-05 13:00:00,    3, 1022.1,  976.3
2025-09-05 14:00:00,    3, 1022.0,  976.5
2025-09-05 15:00:00,    3, 1022.7,  976.9
2025-09-05 16:00:00,    3, 1022.7,  985.7
2025-09-05 17:00:00,    3, 1023.1,  986.0
2025-09-05 18:00:00,    3, 1023.4,  977.5
2025-09-05 19:00:00,3,1024.1,986.7
2025-09-05 20:00:00,    3, 1024.7,  978.3
2025-09-05 21:00:00,3,1025.2,987.5
2025-09-05 22:00:00,    3, 1025.5,  978.7
2025-09-05 23:00:00,    3, 1025.6,  978.8
2025-09-06 00:00:00,    3, 1025.6,  978.7
2025-09-06 01:00:00,    3, 1025.6,  987.6
2025-09-06 02:00:00,    3, 1025.8,  978.7
2025-09-06 03:00:00,3,1025.4,987.3
2025-09-06 04:00:00,3,1025.3,987.1
2025-09-06 05:00:00,    3, 1025.7,  978.4
2025-09-06 06:00:00,3,1025.5,987.3
2025-09-06 07:00:00,    3, 1025.4,  987.5
2025-09-06 08:00:00,3,1024.7,978.4
2025-09-06 09:00:00,    3, 1024.2,  978.3
2025-09-06 10:00:00,    3, 1023.2,  977.6
2025-09-06 11:00:00,3,1022.3,977.1
2025-09-06 12:00:00,    3, 1022.5,  985.8
2025-09-06 13:00:00,3,1021.3,976.3
2025-09-06 14:00:00,3,1020.7,975.8
2025-09-06 15:00:00,    3, 1020.2,  975.3
2025-09-06 16:00:00,    3, 1020.6,  983.9
2025-09-06 17:00:00,    3, 1020.9,  984.1
2025-09-06 18:00:00,    3, 1020.8,  975.2
2025-09-06 19:00:00,    3, 1021.5,  984.3
2025-09-06 20:00:00,    3, 1021.2,  975.2
2025-09-06 21:00:00,    3, 1020.9,  974.9
2025-09-06 22:00:00,3,1020.7,983.3
2025-09-06 23:00:00,    3, 1020.5,  974.2
2025-09-07 00:00:00,    3, 1020.5,  974.0
2025-09-07 01:00:00,    3, 1020.3,  982.6
2025-09-07 02:00:00,    3, 1020.2,  973.4
2025-09-07 03:00:00,    3, 1020.1,  973.4
2025-09-07 04:00:00,    3, 1020.0,  982.1
2025-09-07 05:00:00,    3, 1020.2,  982.2
2025-09-07 06:00:00,3,1020.0,973.3
2025-09-07 07:00:00,    3, 1020.1,  982.4
2025-09-07 08:00:00,    3, 1019.5,  982.1
2025-09-07 09:00:00,    3, 1018.9,  981.8
2025-09-07 10:00:00,3,1018.1,972.8
2025-09-07 11:00:00,3,1017.3,972.3
2025-09-07 12:00:00,3,1016.8,972.0
2025-09-07 13:00:00,    3, 1016.3,  980.1
2025-09-07 14:00:00,3,1015.6,979.5
2025-09-07 15:00:00,    3, 1015.1,  979.1
2025-09-07 16:00:00,    3, 1014.7,  978.7
2025-09-07 17:00:00,3,1014.4,969.9
2025-09-07 18:00:00,    3, 1014.9,  970.2
2025-09-07 19:00:00,    3, 1015.6,  970.4
2025-09-07 20:00:00,    3, 1015.9,  979.2
2025-09-07 21:00:00,    3, 1016.1,  979.2
2025-09-07 22:00:00,3,1016.1,970.4
2025-09-07 23:00:00,    3, 1016.0,  970.2
2025-09-08 00:00:00,    3, 1016.3,  970.3
2025-09-08 01:00:00,    3, 1016.5,  970.4
2025-09-08 02:00:00,    3, 1016.3,  970.2
2025-09-08 03:00:00,    3, 1015.7,  978.4
2025-09-08 04:00:00,    3, 1015.9,  969.7
2025-09-08 05:00:00,3,1015.6,978.3
2025-09-08 06:00:00,    3, 1015.8,  978.5
2025-09-08 07:00:00,3,1016.2,979.0
2025-09-08 08:00:00,    3, 1016.0,  979.1
2025-09-08 09:00:00,    3, 1015.7,  979.0
2025-09-08 10:00:00,    3, 1015.2,  970.3
2025-09-08 11:00:00,    3, 1016.2,  979.6
2025-09-08 12:00:00,    3, 1016.1,  979.7
2025-09-08 13:00:00,3,1015.5,970.9
2025-09-08 14:00:00,    3, 1015.9,  971.1
2025-09-08 15:00:00,3,1016.6,979.9
2025-09-08 16:00:00,    3, 1016.6,  979.9
2025-09-08 17:00:00,    3, 1016.4,  979.7
2025-09-08 18:00:00,    3, 1015.8,  970.7
2025-09-08 19:00:00,    3, 1016.6,  979.7
2025-09-08 20:00:00,    3, 1016.4,  979.5
2025-09-08 21:00:00,    3, 1016.1,  979.1
2025-09-08 22:00:00,    3, 1015.8,  978.8
2025-09-08 23:00:00,    3, 1015.2,  978.2
2025-09-09 00:00:00,    3, 1014.9,  977.8
2025-09-09 01:00:00,    3, 1013.6,  968.3
2025-09-09 02:00:00,    3, 1013.8,  976.7
2025-09-09 03:00:00,    3, 1012.9,  975.9
2025-09-09 04:00:00,3,1012.5,975.5
2025-09-09 05:00:00,    3, 1011.9,  966.5
2025-09-09 06:00:00,    3, 1012.8,  975.8
2025-09-09 07:00:00,3,1012.6,967.2
2025-09-09 08:00:00,    3, 1013.6,  976.6
2025-09-09 09:00:00,    3, 1013.8,  976.8
2025-09-09 10:00:00,    3, 1014.0,  976.9
2025-09-09 11:00:00,    3, 1013.6,  968.3
2025-09-09 12:00:00,    3, 1013.9,  968.7
2025-09-09 13:00:00,3,1014.6,977.7
2025-09-09 14:00:00,    3, 1014.5,  977.8
2025-09-09 15:00:00,    3, 1014.3,  977.6
2025-09-09 16:00:00,    3, 1014.5,  977.8
2025-09-09 17:00:00,3,1014.3,969.2
2025-09-09 18:00:00,3,1015.0,978.1
2025-09-09 19:00:00,3,1015.2,969.7
2025-09-09 20:00:00,3,1015.3,969.5
2025-09-09 21:00:00,    3, 1015.4,  978.1
2025-09-09 22:00:00,    3, 1015.0,  968.9
2025-09-09 23:00:00,    3, 1014.9,  968.7
2025-09-10 00:00:00,    3, 1014.8,  968.5
2025-09-10 01:00:00,    3, 1014.1,  967.9
2025-09-10 02:00:00,    3, 1013.9,  976.2
2025-09-10 03:00:00,    3, 1013.1,  975.5
2025-09-10 04:00:00,    3, 1012.9,  975.2
2025-09-10 05:00:00,    3, 1012.9,  975.2
2025-09-10 06:00:00,    3, 1012.7,  975.1
2025-09-10 07:00:00,    3, 1012.8,  966.8
2025-09-10 08:00:00,    3, 1012.2,  966.3
2025-09-10 09:00:00,    3, 1012.0,  966.1
2025-09-10 10:00:00,    3, 1011.4,  965.6
2025-09-10 11:00:00,    3, 1011.2,  974.0
2025-09-10 12:00:00,3,1010.4,973.5
2025-09-10 13:00:00,3,1009.0,964.0
2025-09-10 14:00:00,3,1009.1,972.6
2025-09-10 15:00:00,    3, 1007.9,  963.2
2025-09-10 16:00:00,    3, 1008.2,  971.7
2025-09-10 17:00:00,    3, 1007.6,  962.8
2025-09-10 18:00:00,    3, 1008.1,  971.4
2025-09-10 19:00:00,    3, 1008.6,  963.3
2025-09-10 20:00:00,    3, 1008.6,  971.7
2025-09-10 21:00:00,    3, 1008.7,  963.2
2025-09-10 22:00:00,    3, 1008.8,  971.7
2025-09-10 23:00:00,3,1008.7,971.6
2025-09-11 00:00:00,3,1009.0,971.8
2025-09-11 01:00:00,    3, 1009.1,  963.3
2025-09-11 02:00:00,    3, 1008.7,  963.0
2025-09-11 03:00:00,3,1008.6,971.4
2025-09-11 04:00:00,    3, 1008.3,  971.2
2025-09-11 05:00:00,    3, 1008.7,  971.6
2025-09-11 06:00:00,    3, 1008.9,  963.6
2025-09-11 07:00:00,    3, 1009.5,  964.3
2025-09-11 08:00:00,    3, 1009.6,  964.7
2025-09-11 09:00:00,    3, 1011.3,  974.5
2025-09-11 10:00:00,    3, 1011.4,  974.7
2025-09-11 11:00:00,    3, 1012.3,  975.3
2025-09-11 12:00:00,    3, 1012.5,  967.1
2025-09-11 13:00:00,    3, 1013.0,  976.2
2025-09-11 14:00:00,    3, 1012.9,  976.2
2025-09-11 15:00:00,    3, 1013.0,  976.3
2025-09-11 16:00:00,    3, 1013.0,  967.9
2025-09-11 17:00:00,3,1013.5,976.7
2025-09-11 18:00:00,    3, 1013.9,  977.0
2025-09-11 19:00:00,    3, 1014.4,  968.9
2025-09-11 20:00:00,3,1014.5,977.5
2025-09-11 21:00:00,    3, 1014.6,  969.1
2025-09-11 22:00:00,3,1014.9,969.0
2025-09-11 23:00:00,    3, 1014.9,  977.6
2025-09-12 00:00:00,    3, 1015.1,  969.1
2025-09-12 01:00:00,3,1015.1,968.9
2025-09-12 02:00:00,3,1014.7,968.8
2025-09-12 03:00:00,    3, 1015.1,  969.3
2025-09-12 04:00:00,    3, 1015.4,  969.5
2025-09-12 05:00:00,    3, 1016.4,  970.4
2025-09-12 06:00:00,    3, 1017.1,  971.1
2025-09-12 07:00:00,3,1018.6,981.1
2025-09-12 08:00:00,3,1018.8,973.0
2025-09-12 09:00:00,3,1019.3,982.2
2025-09-12 10:00:00,    3, 1019.7,  974.0
2025-09-12 11:00:00,    3, 1019.6,  982.5
2025-09-12 12:00:00,3,1019.6,982.7
2025-09-12 13:00:00,3,1019.5,982.6
2025-09-12 14:00:00,    3, 1019.1,  973.9
2025-09-12 15:00:00,    3, 1019.3,  982.5
2025-09-12 16:00:00,    3, 1019.4,  974.0
2025-09-12 17:00:00,3,1019.9,974.4
2025-09-12 18:00:00,    3, 1020.1,  974.4
2025-09-12 19:00:00,    3, 1020.8,  983.6
2025-09-12 20:00:00,    3, 1021.3,  975.0
2025-09-12 21:00:00,3,1021.3,975.1
2025-09-12 22:00:00,3,1021.1,974.7
2025-09-12 23:00:00,    3, 1021.3,  974.7
2025-09-13 00:00:00,    3, 1021.2,  974.4
2025-09-13 01:00:00,    3, 1021.1,  974.2
2025-09-13 02:00:00,3,1020.8,974.1
2025-09-13 03:00:00,3,1020.7,974.0
2025-09-13 04:00:00,    3, 1020.5,  982.7
2025-09-13 05:00:00,    3, 1020.0,  982.2
2025-09-13 06:00:00,    3, 1020.1,  982.3
2025-09-13 07:00:00,    3, 1019.8,  973.6
2025-09-13 08:00:00,    3, 1019.2,  973.6
2025-09-13 09:00:00,3,1018.4,973.2
2025-09-13 10:00:00,    3, 1017.9,  972.9
2025-09-13 11:00:00,    3, 1017.3,  972.4
2025-09-13 12:00:00,    3, 1017.1,  980.7
2025-09-13 13:00:00,    3, 1016.9,  980.3
2025-09-13 14:00:00,3,1016.4,971.7
2025-09-13 15:00:00,    3, 1016.2,  971.3
2025-09-13 16:00:00,3,1015.9,970.9
2025-09-13 17:00:00,    3, 1015.7,  970.6
2025-09-13 18:00:00,    3, 1015.6,  970.5
2025-09-13 19:00:00,    3, 1016.1,  979.3
2025-09-13 20:00:00,    3, 1015.9,  970.5
2025-09-13 21:00:00,3,1015.3,970.0
2025-09-13 22:00:00,3,1015.2,969.8
2025-09-13 23:00:00,    3, 1015.2,  969.7
2025-09-14 00:00:00,    3, 1015.7,  978.5
2025-09-14 01:00:00,    3, 1015.4,  969.7
2025-09-14 02:00:00,    3, 1015.1,  969.4
2025-09-14 03:00:00,3,1015.7,969.7
2025-09-14 04:00:00,    3, 1015.6,  969.6
2025-09-14 05:00:00,3,1016.0,978.5
2025-09-14 06:00:00,    3, 1015.7,  969.8
2025-09-14 07:00:00,    3, 1017.0,  979.5
2025-09-14 08:00:00,    3, 1017.7,  980.3
2025-09-14 09:00:00,3,1017.5,971.9
2025-09-14 10:00:00,3,1017.4,972.0
2025-09-14 11:00:00,3,1017.1,971.8
2025-09-14 12:00:00,    3, 1017.6,  980.7
2025-09-14 13:00:00,3,1017.1,971.8
2025-09-14 14:00:00,    3, 1017.4,  971.9
2025-09-14 15:00:00,    3, 1017.2,  980.4
2025-09-14 16:00:00,    3, 1017.0,  980.2
2025-09-14 17:00:00,    3, 1016.6,  979.7
2025-09-14 18:00:00,    3, 1016.5,  979.5
2025-09-14 19:00:00,3,1016.7,971.2
2025-09-14 20:00:00,    3, 1016.4,  970.9
2025-09-14 21:00:00,    3, 1016.3,  979.3
2025-09-14 22:00:00,3,1015.7,970.5
2025-09-14 23:00:00,3,1015.4,978.6
2025-09-15 00:00:00,    3, 1015.0,  969.8
2025-09-15 01:00:00,    3, 1014.5,  969.3
2025-09-15 02:00:00,3,1014.6,977.8
2025-09-15 03:00:00,3,1013.9,968.8
2025-09-15 04:00:00,    3, 1013.5,  976.9
2025-09-15 05:00:00,    3, 1012.9,  968.0
2025-09-15 06:00:00,    3, 1013.1,  976.6
2025-09-15 07:00:00,3,1013.2,976.8
2025-09-15 08:00:00,    3, 1013.0,  976.8
2025-09-15 09:00:00,    3, 1013.3,  977.2
2025-09-15 10:00:00,    3, 1013.2,  977.1
2025-09-15 11:00:00,    3, 1013.1,  977.0
2025-09-15 12:00:00,    3, 1012.7,  968.6
2025-09-15 13:00:00,    3, 1013.0,  968.8
2025-09-15 14:00:00,3,1012.8,968.6
2025-09-15 15:00:00,3,1013.8,969.0
2025-09-15 16:00:00,    3, 1014.0,  969.2
2025-09-15 17:00:00,    3, 1014.1,  977.5
2025-09-15 18:00:00,    3, 1014.8,  978.1
2025-09-15 19:00:00,3,1015.4,970.2
2025-09-15 20:00:00,    3, 1016.8,  979.9
2025-09-15 21:00:00,3,1018.0,980.9
2025-09-15 22:00:00,3,1018.5,981.2
2025-09-15 23:00:00,    3, 1018.4,  981.1
2025-09-16 00:00:00,    3, 1018.6,  981.2
2025-09-16 01:00:00,    3, 1018.5,  972.6
2025-09-16 02:00:00,3,1019.3,973.3
2025-09-16 03:00:00,    3, 1019.6,  973.5
2025-09-16 04:00:00,    3, 1019.7,  973.7
2025-09-16 05:00:00,3,1020.3,982.8
2025-09-16 06:00:00,    3, 1020.5,  974.4
2025-09-16 07:00:00,    3, 1020.9,  983.5
2025-09-16 08:00:00,3,1020.5,974.7
2025-09-16 09:00:00,3,1021.0,975.2
2025-09-16 10:00:00,    3, 1021.6,  984.3
2025-09-16 11:00:00,3,1021.7,984.4
2025-09-16 12:00:00,    3, 1021.1,  975.4
2025-09-16 13:00:00,    3, 1021.4,  975.8
2025-09-16 14:00:00,    3, 1021.1,  975.7
2025-09-16 15:00:00,    3, 1021.0,  975.4
2025-09-16 16:00:00,    3, 1021.0,  983.9
2025-09-16 17:00:00,    3, 1021.6,  984.3
2025-09-16 18:00:00,    3, 1021.9,  975.9
2025-09-16 19:00:00,    3, 1022.9,  976.7
2025-09-16 20:00:00,    3, 1023.1,  976.9
2025-09-16 21:00:00,3,1023.5,977.2
2025-09-16 22:00:00,3,1023.6,977.2
2025-09-16 23:00:00,    3, 1023.5,  977.1
2025-09-17 00:00:00,3,1023.8,986.0
2025-09-17 01:00:00,    3, 1024.0,  977.1
2025-09-17 02:00:00,    3, 1023.8,  985.9
2025-09-17 03:00:00,3,1023.2,976.7
2025-09-17 04:00:00,    3, 1023.4,  976.9
2025-09-17 05:00:00,3,1023.4,976.9
2025-09-17 06:00:00,    3, 1024.4,  986.5
2025-09-17 07:00:00,    3, 1024.2,  986.5
2025-09-17 08:00:00,    3, 1024.6,  987.1
2025-09-17 09:00:00,    3, 1024.9,  987.6
2025-09-17 10:00:00,3,1024.7,978.9
2025-09-17 11:00:00,3,1024.6,987.3
2025-09-17 12:00:00,3,1023.9,978.4
2025-09-17 13:00:00,    3, 1023.6,  986.5
2025-09-17 14:00:00,    3, 1022.8,  977.4
2025-09-17 15:00:00,3,1022.7,977.3
2025-09-17 16:00:00,    3, 1022.2,  976.9
2025-09-17 17:00:00,    3, 1022.6,  977.1
2025-09-17 18:00:00,    3, 1023.1,  977.4
2025-09-17 19:00:00,    3, 1023.8,  978.0
2025-09-17 20:00:00,3,1024.0,986.7
2025-09-17 21:00:00,3,1024.3,987.0
2025-09-17 22:00:00,    3, 1024.3,  986.9
2025-09-17 23:00:00,    3, 1024.6,  978.0
2025-09-18 00:00:00,3,1024.6,978.1
2025-09-18 01:00:00,    3, 1024.9,  978.2
2025-09-18 02:00:00,    3, 1024.7,  986.9
2025-09-18 03:00:00,    3, 1024.5,  986.7
2025-09-18 04:00:00,    3, 1024.2,  986.3
2025-09-18 05:00:00,    3, 1024.5,  986.6
2025-09-18 06:00:00,    3, 1024.9,  987.0
2025-09-18 07:00:00,3,1024.7,978.3
2025-09-18 08:00:00,3,1025.1,987.7
2025-09-18 09:00:00,3,1024.6,987.7
2025-09-18 10:00:00,    3, 1024.3,  987.6
2025-09-18 11:00:00,    3, 1023.4,  978.6
2025-09-18 12:00:00,    3, 1023.1,  978.4
2025-09-18 13:00:00,    3, 1022.8,  978.2
2025-09-18 14:00:00,    3, 1023.2,  986.9
2025-09-18 15:00:00,    3, 1023.0,  986.7
2025-09-18 16:00:00,    3, 1022.4,  977.9
2025-09-18 17:00:00,    3, 1023.5,  987.0
2025-09-18 18:00:00,    3, 1024.3,  987.4
2025-09-18 19:00:00,    3, 1025.5,  979.4
2025-09-18 20:00:00,    3, 1025.5,  988.4
2025-09-18 21:00:00,3,1025.9,988.6
2025-09-18 22:00:00,3,1026.8,980.2
2025-09-18 23:00:00,    3, 1026.6,  989.0
2025-09-19 00:00:00,    3, 1027.2,  980.4
2025-09-19 01:00:00,3,1027.2,980.3
2025-09-19 02:00:00,    3, 1027.2,  980.2
2025-09-19 03:00:00,    3, 1027.1,  980.0
2025-09-19 04:00:00,    3, 1026.6,  988.5
2025-09-19 05:00:00,    3, 1026.7,  988.5
2025-09-19 06:00:00,    3, 1027.0,  988.9
2025-09-19 07:00:00,3,1026.9,989.0
2025-09-19 08:00:00,3,1026.5,980.3
2025-09-19 09:00:00,    3, 1025.8,  988.6
2025-09-19 10:00:00,3,1024.6,979.5
2025-09-19 11:00:00,3,1023.9,979.2
2025-09-19 12:00:00,    3, 1023.3,  987.2
2025-09-19 13:00:00,3,1022.0,977.9
2025-09-19 14:00:00,    3, 1021.4,  977.4
2025-09-19 15:00:00,    3, 1021.3,  985.6
2025-09-19 16:00:00,    3, 1020.7,  976.7
2025-09-19 17:00:00,    3, 1021.3,  985.3
2025-09-19 18:00:00,3,1021.7,985.3
2025-09-19 19:00:00,    3, 1022.6,  977.2
2025-09-19 20:00:00,3,1022.3,985.6
2025-09-19 21:00:00,3,1022.4,976.7
2025-09-19 22:00:00,    3, 1022.6,  976.7
2025-09-19 23:00:00,3,1022.4,976.4
2025-09-20 00:00:00,3,1021.9,976.1
2025-09-20 01:00:00,3,1022.0,975.8
2025-09-20 02:00:00,    3, 1021.6,  975.4
2025-09-20 03:00:00,3,1021.4,975.2
2025-09-20 04:00:00,    3, 1021.2,  974.8
2025-09-20 05:00:00,    3, 1021.2,  974.8
2025-09-20 06:00:00,3,1020.6,983.2
2025-09-20 07:00:00,    3, 1020.3,  974.5
2025-09-20 08:00:00,3,1019.9,974.6
2025-09-20 09:00:00,3,1019.1,982.8
2025-09-20 10:00:00,3,1017.9,982.0
2025-09-20 11:00:00,    3, 1016.4,  972.7
2025-09-20 12:00:00,3,1016.0,980.5
2025-09-20 13:00:00,    3, 1015.3,  979.9
2025-09-20 14:00:00,3,1014.7,979.4
2025-09-20 15:00:00,    3, 1013.6,  970.4
2025-09-20 16:00:00,    3, 1013.6,  970.2
2025-09-20 17:00:00,    3, 1014.0,  970.2
2025-09-20 18:00:00,    3, 1015.0,  979.1
2025-09-20 19:00:00,    3, 1015.7,  979.6
2025-09-20 20:00:00,    3, 1015.4,  979.3
2025-09-20 21:00:00,    3, 1015.3,  979.0
2025-09-20 22:00:00,    3, 1015.1,  970.3
2025-09-20 23:00:00,    3, 1015.0,  978.5
2025-09-21 00:00:00,    3, 1014.9,  969.6
2025-09-21 01:00:00,    3, 1014.4,  977.8
2025-09-21 02:00:00,3,1013.7,977.1
2025-09-21 03:00:00,    3, 1013.6,  968.2
2025-09-21 04:00:00,3,1012.9,976.2
2025-09-21 05:00:00,    3, 1012.7,  976.1
2025-09-21 06:00:00,3,1012.6,976.3
2025-09-21 07:00:00,3,1012.7,968.2
2025-09-21 08:00:00,    3, 1013.2,  968.6
2025-09-21 09:00:00,3,1013.3,968.8
2025-09-21 10:00:00,3,1012.9,968.5
2025-09-21 11:00:00,3,1012.7,968.3
2025-09-21 12:00:00,3,1012.8,968.4
2025-09-21 13:00:00,    3, 1013.5,  968.8
2025-09-21 14:00:00,    3, 1013.9,  977.4
2025-09-21 15:00:00,    3, 1014.1,  977.4
2025-09-21 16:00:00,    3, 1014.2,  977.3
2025-09-21 17:00:00,    3, 1014.7,  977.7
2025-09-21 18:00:00,    3, 1013.5,  968.2
2025-09-21 19:00:00,    3, 1015.1,  969.6
2025-09-21 20:00:00,    3, 1015.7,  978.4
2025-09-21 21:00:00,    3, 1015.1,  969.3
2025-09-21 22:00:00,3,1015.5,969.5
2025-09-21 23:00:00,3,1015.3,969.2
2025-09-22 00:00:00,    3, 1014.8,  968.7
2025-09-22 01:00:00,3,1014.8,968.6
2025-09-22 02:00:00,3,1013.7,967.6
2025-09-22 03:00:00,    3, 1014.3,  976.6
2025-09-22 04:00:00,    3, 1013.9,  976.3
2025-09-22 05:00:00,3,1013.1,967.0
2025-09-22 06:00:00,3,1014.9,977.2
2025-09-22 07:00:00,    3, 1013.8,  967.6
2025-09-22 08:00:00,3,1014.2,968.0
2025-09-22 09:00:00,    3, 1015.9,  978.1
2025-09-22 10:00:00,3,1015.6,969.3
2025-09-22 11:00:00,    3, 1016.6,  978.8
2025-09-22 12:00:00,    3, 1015.2,  969.0
2025-09-22 13:00:00,3,1016.3,978.6
2025-09-22 14:00:00,    3, 1016.7,  979.0
2025-09-22 15:00:00,3,1015.4,969.1
2025-09-22 16:00:00,    3, 1016.9,  979.1
2025-09-22 17:00:00,    3, 1017.7,  979.8
2025-09-22 18:00:00,3,1017.7,971.2
2025-09-22 19:00:00,    3, 1018.6,  971.9
2025-09-22 20:00:00,    3, 1019.4,  972.6
2025-09-22 21:00:00,    3, 1019.7,  972.9
2025-09-22 22:00:00,    3, 1020.4,  982.3
2025-09-22 23:00:00,3,1020.1,982.0
2025-09-23 00:00:00,3,1019.9,981.8
2025-09-23 01:00:00,3,1019.5,972.7
2025-09-23 02:00:00,    3, 1020.0,  981.9
2025-09-23 03:00:00,    3, 1020.1,  982.0
2025-09-23 04:00:00,    3, 1019.7,  981.6
2025-09-23 05:00:00,    3, 1019.8,  981.7
2025-09-23 06:00:00,3,1019.4,972.7
2025-09-23 07:00:00,    3, 1019.3,  972.6
2025-09-23 08:00:00,    3, 1020.0,  973.3
2025-09-23 09:00:00,    3, 1020.3,  973.6
2025-09-23 10:00:00,    3, 1020.6,  982.6
2025-09-23 11:00:00,3,1019.2,972.7
2025-09-23 12:00:00,3,1019.5,981.7
2025-09-23 13:00:00,    3, 1018.0,  971.6
2025-09-23 14:00:00,3,1017.2,970.9
2025-09-23 15:00:00,    3, 1017.5,  979.9
2025-09-23 16:00:00,3,1017.8,980.2
2025-09-23 17:00:00,    3, 1018.0,  980.4
2025-09-23 18:00:00,    3, 1018.7,  981.0
2025-09-23 19:00:00,    3, 1018.5,  972.1
2025-09-23 20:00:00,3,1018.5,972.1
2025-09-23 21:00:00,3,1019.6,981.7
2025-09-23 22:00:00,3,1019.7,981.8
2025-09-23 23:00:00,    3, 1018.7,  972.2
2025-09-24 00:00:00,3,1018.6,972.0
2025-09-24 01:00:00,    3, 1019.2,  981.2
2025-09-24 02:00:00,    3, 1018.1,  971.6
2025-09-24 03:00:00,3,1018.7,980.7
2025-09-24 04:00:00,    3, 1017.3,  970.8
2025-09-24 05:00:00,3,1016.7,970.2
2025-09-24 06:00:00,    3, 1016.2,  969.7
2025-09-24 07:00:00,    3, 1017.2,  970.7
2025-09-24 08:00:00,    3, 1017.5,  971.0
2025-09-24 09:00:00,3,1019.1,981.0
2025-09-24 10:00:00,    3, 1017.5,  970.9
2025-09-24 11:00:00,    3, 1019.0,  981.0
2025-09-24 12:00:00,    3, 1018.6,  980.6
2025-09-24 13:00:00,3,1017.7,971.0
2025-09-24 14:00:00,    3, 1017.2,  970.6
2025-09-24 15:00:00,3,1018.3,980.2
2025-09-24 16:00:00,    3, 1017.0,  970.4
2025-09-24 17:00:00,3,1018.1,980.0
2025-09-24 18:00:00,3,1018.2,980.1
2025-09-24 19:00:00,    3, 1017.3,  970.7
2025-09-24 20:00:00,    3, 1018.0,  980.0
2025-09-24 21:00:00,    3, 1018.0,  980.0
2025-09-24 22:00:00,3,1017.1,970.5
2025-09-24 23:00:00,    3, 1017.2,  979.2
2025-09-25 00:00:00,    3, 1016.7,  970.2
2025-09-25 01:00:00,3,1016.5,970.0
2025-09-25 02:00:00,    3, 1016.7,  970.2
2025-09-25 03:00:00,    3, 1016.8,  978.9
2025-09-25 04:00:00,3,1016.5,978.6
2025-09-25 05:00:00,3,1016.4,969.8
2025-09-25 06:00:00,    3, 1017.0,  979.1
2025-09-25 07:00:00,3,1017.3,970.7
2025-09-25 08:00:00,    3, 1017.8,  979.8
2025-09-25 09:00:00,    3, 1018.0,  980.0
2025-09-25 10:00:00,    3, 1018.0,  971.5
2025-09-25 11:00:00,    3, 1018.3,  980.4
2025-09-25 12:00:00,3,1018.1,980.2
2025-09-25 13:00:00,    3, 1018.3,  980.4
2025-09-25 14:00:00,    3, 1018.5,  980.6
2025-09-25 15:00:00,    3, 1018.8,  980.9
2025-09-25 16:00:00,    3, 1018.7,  972.2
2025-09-25 17:00:00,3,1019.1,972.6
2025-09-25 18:00:00,    3, 1020.3,  982.2
2025-09-25 19:00:00,3,1020.2,973.2
2025-09-25 20:00:00,3,1020.9,982.7
2025-09-25 21:00:00,    3, 1021.4,  983.0
2025-09-25 22:00:00,    3, 1021.4,  974.1
2025-09-25 23:00:00,    3, 1021.8,  983.3
2025-09-26 00:00:00,    3, 1021.7,  983.2
2025-09-26 01:00:00,    3, 1020.8,  973.4
2025-09-26 02:00:00,    3, 1021.0,  973.6
2025-09-26 03:00:00,3,1020.8,973.5
2025-09-26 04:00:00,    3, 1020.5,  973.3
2025-09-26 05:00:00,    3, 1021.4,  982.9
2025-09-26 06:00:00,    3, 1021.5,  983.0
2025-09-26 07:00:00,    3, 1021.5,  983.1
2025-09-26 08:00:00,    3, 1020.6,  973.7
2025-09-26 09:00:00,    3, 1021.1,  983.0
2025-09-26 10:00:00,3,1020.9,982.9
2025-09-26 11:00:00,    3, 1020.0,  973.5
2025-09-26 12:00:00,    3, 1020.3,  982.4
2025-09-26 13:00:00,    3, 1020.1,  982.2
2025-09-26 14:00:00,3,1019.0,972.6
2025-09-26 15:00:00,3,1018.7,972.4
2025-09-26 16:00:00,    3, 1018.9,  972.6
2025-09-26 17:00:00,    3, 1019.0,  972.7
2025-09-26 18:00:00,    3, 1020.0,  982.2
2025-09-26 19:00:00,    3, 1019.7,  973.3
2025-09-26 20:00:00,    3, 1020.2,  982.3
2025-09-26 21:00:00,    3, 1019.9,  982.0
2025-09-26 22:00:00,    3, 1019.3,  972.8
2025-09-26 23:00:00,    3, 1020.1,  982.2
2025-09-27 00:00:00,3,1020.4,982.5
2025-09-27 01:00:00,3,1019.8,973.3
2025-09-27 02:00:00,    3, 1020.5,  982.5
2025-09-27 03:00:00,    3, 1019.9,  973.3
2025-09-27 04:00:00,    3, 1020.5,  982.5
2025-09-27 05:00:00,    3, 1020.6,  982.6
2025-09-27 06:00:00,    3, 1021.5,  983.4
2025-09-27 07:00:00,    3, 1021.8,  983.8
2025-09-27 08:00:00,3,1021.9,983.9
2025-09-27 09:00:00,3,1022.5,984.6
2025-09-27 10:00:00,    3, 1022.7,  984.8
2025-09-27 11:00:00,    3, 1022.0,  975.5
2025-09-27 12:00:00,    3, 1022.7,  984.8
2025-09-27 13:00:00,    3, 1022.1,  984.4
2025-09-27 14:00:00,    3, 1021.4,  975.3
2025-09-27 15:00:00,3,1021.3,975.2
2025-09-27 16:00:00,    3, 1021.3,  975.1
2025-09-27 17:00:00,    3, 1021.5,  975.2
2025-09-27 18:00:00,    3, 1022.4,  984.6
2025-09-27 19:00:00,    3, 1022.2,  975.6
2025-09-27 20:00:00,    3, 1023.0,  985.1
2025-09-27 21:00:00,    3, 1023.1,  985.2
2025-09-27 22:00:00,    3, 1023.2,  985.3
2025-09-27 23:00:00,    3, 1022.8,  984.8
2025-09-28 00:00:00,    3, 1022.3,  975.3
2025-09-28 01:00:00,    3, 1022.3,  975.3
2025-09-28 02:00:00,3,1022.6,984.5
2025-09-28 03:00:00,    3, 1022.8,  984.5
2025-09-28 04:00:00,3,1023.2,984.9
2025-09-28 05:00:00,    3, 1022.9,  984.7
2025-09-28 06:00:00,3,1022.3,975.3
2025-09-28 07:00:00,    3, 1022.4,  975.6
2025-09-28 08:00:00,    3, 1022.7,  984.7
2025-09-28 09:00:00,    3, 1022.8,  984.9
2025-09-28 10:00:00,3,1022.2,975.6
2025-09-28 11:00:00,3,1021.7,975.3
2025-09-28 12:00:00,3,1021.0,974.8
2025-09-28 13:00:00,3,1021.3,983.8
2025-09-28 14:00:00,    3, 1020.2,  974.2
2025-09-28 15:00:00,    3, 1021.1,  983.5
2025-09-28 16:00:00,    3, 1021.1,  983.5
2025-09-28 17:00:00,    3, 1020.5,  974.4
2025-09-28 18:00:00,    3, 1020.7,  974.6
2025-09-28 19:00:00,    3, 1021.8,  984.1
2025-09-28 20:00:00,3,1022.1,984.3
2025-09-28 21:00:00,3,1022.3,984.3
2025-09-28 22:00:00,    3, 1022.4,  984.3
2025-09-28 23:00:00,3,1022.1,975.0
2025-09-29 00:00:00,3,1022.1,975.0
2025-09-29 01:00:00,    3, 1022.2,  974.8
2025-09-29 02:00:00,3,1021.9,974.8
2025-09-29 03:00:00,3,1022.3,983.9
2025-09-29 04:00:00,    3, 1021.7,  974.6
2025-09-29 05:00:00,3,1022.0,974.8
2025-09-29 06:00:00,3,1022.6,984.2
2025-09-29 07:00:00,    3, 1022.1,  975.1
2025-09-29 08:00:00,3,1022.7,984.6
2025-09-29 09:00:00,    3, 1022.0,  975.5
2025-09-29 10:00:00,3,1021.8,984.4
2025-09-29 11:00:00,3,1021.6,984.3
2025-09-29 12:00:00,3,1021.3,984.0
2025-09-29 13:00:00,3,1020.1,974.5
2025-09-29 14:00:00,    3, 1020.0,  974.4
2025-09-29 15:00:00,3,1019.8,974.3
2025-09-29 16:00:00,    3, 1020.4,  974.8
2025-09-29 17:00:00,3,1021.1,975.2
2025-09-29 18:00:00,    3, 1021.5,  975.5
2025-09-29 19:00:00,    3, 1022.0,  984.4
2025-09-29 20:00:00,3,1022.0,984.4
2025-09-29 21:00:00,3,1021.6,975.4
2025-09-29 22:00:00,    3, 1022.2,  984.5
2025-09-29 23:00:00,    3, 1022.1,  984.3
2025-09-30 00:00:00,    3, 1022.2,  984.3
2025-09-30 01:00:00,3,1022.0,984.1
2025-09-30 02:00:00,    3, 1021.4,  974.8
2025-09-30 03:00:00,    3, 1021.7,  983.8
2025-09-30 04:00:00,    3, 1021.2,  974.6
2025-09-30 05:00:00,    3, 1021.6,  983.7
2025-09-30 06:00:00,    3, 1021.8,  983.9
2025-09-30 07:00:00,3,1022.4,984.6
2025-09-30 08:00:00,    3, 1022.1,  975.8
2025-09-30 09:00:00,    3, 1022.1,  975.9
2025-09-30 10:00:00,3,1021.9,975.8
2025-09-30 11:00:00,3,1022.1,976.0
2025-09-30 12:00:00,    3, 1023.0,  985.5
2025-09-30 13:00:00,    3, 1022.9,  985.4
2025-09-30 14:00:00,3,1022.3,985.0
2025-09-30 15:00:00,3,1021.8,976.0
2025-09-30 16:00:00,3,1023.2,976.7
2025-09-30 17:00:00,    3, 1024.2,  986.3
2025-09-30 18:00:00,    3, 1023.8,  977.3
2025-09-30 19:00:00,3,1024.5,977.9
2025-09-30 20:00:00,    3, 1024.9,  978.1
2025-09-30 21:00:00,    3, 1026.1,  987.8
2025-09-30 22:00:00,3,1025.7,978.5
2025-09-30 23:00:00,    3, 1025.8,  978.6
2025-10-01 00:00:00,    3, 1026.4,  988.0
2025-10-01 01:00:00,    3, 1025.6,  978.5
2025-10-01 02:00:00,    3, 1026.3,  987.8
2025-10-01 03:00:00,    3, 1026.5,  988.0
2025-10-01 04:00:00,3,1026.9,988.3
2025-10-01 05:00:00,3,1027.6,988.9
2025-10-01 06:00:00,    3, 1028.1,  989.4
2025-10-01 07:00:00,3,1028.4,989.8
2025-10-01 08:00:00,3,1028.8,990.3
2025-10-01 09:00:00,3,1028.8,990.4
2025-10-01 10:00:00,    3, 1027.4,  980.7
2025-10-01 11:00:00,    3, 1027.0,  980.5
2025-10-01 12:00:00,    3, 1027.8,  990.0
2025-10-01 13:00:00,    3, 1027.9,  990.1
2025-10-01 14:00:00,3,1027.7,989.9
2025-10-01 15:00:00,    3, 1026.8,  980.4
2025-10-01 16:00:00,    3, 1027.2,  980.5
2025-10-01 17:00:00,    3, 1027.8,  980.8
2025-10-01 18:00:00,    3, 1028.6,  981.3
2025-10-01 19:00:00,    3, 1029.3,  981.9
2025-10-01 20:00:00,    3, 1030.1,  991.4
2025-10-01 21:00:00,    3, 1029.5,  981.7
2025-10-01 22:00:00,3,1029.4,981.6
2025-10-01 23:00:00,    3, 1030.0,  991.0
2025-10-02 00:00:00,3,1029.7,981.4
2025-10-02 01:00:00,    3, 1030.0,  990.8
2025-10-02 02:00:00,    3, 1029.0,  980.9
2025-10-02 03:00:00,    3, 1029.7,  990.4
2025-10-02 04:00:00,    3, 1030.0,  990.6
2025-10-02 05:00:00,    3, 1029.5,  981.1
2025-10-02 06:00:00,    3, 1030.0,  981.5
2025-10-02 07:00:00,3,1030.8,991.6
2025-10-02 08:00:00,3,1029.4,981.8
2025-10-02 09:00:00,3,1029.1,981.8
2025-10-02 10:00:00,    3, 1028.6,  981.6
2025-10-02 11:00:00,    3, 1028.8,  990.8
2025-10-02 12:00:00,3,1027.9,990.0
2025-10-02 13:00:00,3,1026.7,980.2
2025-10-02 14:00:00,3,1026.2,979.8
2025-10-02 15:00:00,3,1025.9,979.5
2025-10-02 16:00:00,    3, 1026.3,  979.7
2025-10-02 17:00:00,    3, 1027.0,  988.8
2025-10-02 18:00:00,    3, 1027.2,  988.8
2025-10-02 19:00:00,    3, 1027.4,  988.9
2025-10-02 20:00:00,    3, 1027.4,  979.7
2025-10-02 21:00:00,    3, 1027.3,  988.6
2025-10-02 22:00:00,    3, 1027.1,  979.3
2025-10-02 23:00:00,    3, 1026.9,  978.8
2025-10-03 00:00:00,3,1026.5,987.5
2025-10-03 01:00:00,    3, 1026.0,  986.8
2025-10-03 02:00:00,    3, 1025.3,  977.1
2025-10-03 03:00:00,    3, 1025.1,  977.0
2025-10-03 04:00:00,    3, 1025.3,  986.1
2025-10-03 05:00:00,3,1025.2,976.8
2025-10-03 06:00:00,    3, 1025.3,  986.0
2025-10-03 07:00:00,3,1025.2,986.2
2025-10-03 08:00:00,    3, 1024.7,  986.1
2025-10-03 09:00:00,    3, 1023.7,  985.5
2025-10-03 10:00:00,3,1023.3,985.2
2025-10-03 11:00:00,    3, 1022.9,  985.0
2025-10-03 12:00:00,    3, 1021.5,  983.8
2025-10-03 13:00:00,3,1020.8,983.2
2025-10-03 14:00:00,    3, 1019.5,  973.5
2025-10-03 15:00:00,    3, 1019.8,  982.2
2025-10-03 16:00:00,    3, 1018.9,  972.7
2025-10-03 17:00:00,3,1019.5,981.8
2025-10-03 18:00:00,    3, 1019.6,  981.8
2025-10-03 19:00:00,    3, 1019.2,  981.3
2025-10-03 20:00:00,    3, 1018.6,  980.7
2025-10-03 21:00:00,    3, 1018.2,  980.3
2025-10-03 22:00:00,    3, 1016.9,  970.4
2025-10-03 23:00:00,    3, 1016.5,  978.7
2025-10-04 00:00:00,    3, 1015.9,  978.1
2025-10-04 01:00:00,    3, 1014.6,  968.2
2025-10-04 02:00:00,    3, 1013.5,  967.2
2025-10-04 03:00:00,    3, 1012.6,  966.3
2025-10-04 04:00:00,    3, 1011.3,  965.1
2025-10-04 05:00:00,    3, 1010.1,  964.2
2025-10-04 06:00:00,    3, 1009.3,  963.4
2025-10-04 07:00:00,3,1008.0,962.5
2025-10-04 08:00:00,    3, 1006.3,  961.1
2025-10-04 09:00:00,    3, 1005.3,  960.4
2025-10-04 10:00:00,    3, 1003.7,  967.3
2025-10-04 11:00:00,3,1002.7,966.5
2025-10-04 12:00:00,3,1001.1,956.7
2025-10-04 13:00:00,    3, 1002.9,  966.2
2025-10-04 14:00:00,3,1003.6,958.3
2025-10-04 15:00:00,3,1005.9,960.2
2025-10-04 16:00:00,    3, 1006.8,  969.5
2025-10-04 17:00:00,    3, 1007.5,  970.2
2025-10-04 18:00:00,    3, 1009.0,  962.8
2025-10-04 19:00:00,    3, 1010.7,  964.4
2025-10-04 20:00:00,    3, 1012.4,  965.9
2025-10-04 21:00:00,    3, 1012.5,  965.9
2025-10-04 22:00:00,    3, 1013.5,  966.9
2025-10-04 23:00:00,    3, 1013.2,  966.5
2025-10-05 00:00:00,3,1013.5,975.4
2025-10-05 01:00:00,    3, 1013.5,  975.4
2025-10-05 02:00:00,    3, 1013.4,  966.6
2025-10-05 03:00:00,    3, 1013.6,  975.6
2025-10-05 04:00:00,    3, 1013.3,  966.6
2025-10-05 05:00:00,3,1013.3,966.7
2025-10-05 06:00:00,3,1013.8,967.1
2025-10-05 07:00:00,3,1014.3,967.7
2025-10-05 08:00:00,3,1015.2,977.3
2025-10-05 09:00:00,    3, 1015.0,  977.2
2025-10-05 10:00:00,    3, 1015.4,  977.5
2025-10-05 11:00:00,    3, 1015.8,  977.9
2025-10-05 12:00:00,    3, 1015.8,  978.1
2025-10-05 13:00:00,    3, 1015.9,  978.2
2025-10-05 14:00:00,    3, 1016.4,  978.6
2025-10-05 15:00:00,    3, 1016.9,  979.0
2025-10-05 16:00:00,    3, 1016.7,  970.3
2025-10-05 17:00:00,    3, 1017.6,  971.0
2025-10-05 18:00:00,3,1018.8,980.8
2025-10-05 19:00:00,3,1019.5,972.7
2025-10-05 20:00:00,3,1020.0,973.2
2025-10-05 21:00:00,    3, 1020.6,  982.6
2025-10-05 22:00:00,    3, 1020.8,  974.0
2025-10-05 23:00:00,    3, 1021.1,  974.3
2025-10-06 00:00:00,    3, 1021.6,  974.8
2025-10-06 01:00:00,    3, 1021.6,  974.8
2025-10-06 02:00:00,3,1022.1,984.0
2025-10-06 03:00:00,    3, 1022.8,  984.6
2025-10-06 04:00:00,    3, 1022.8,  975.8
2025-10-06 05:00:00,    3, 1023.7,  985.4
2025-10-06 06:00:00,    3, 1023.9,  985.6
2025-10-06 07:00:00,    3, 1024.5,  986.3
2025-10-06 08:00:00,3,1025.0,986.8
2025-10-06 09:00:00,3,1025.5,987.4
2025-10-06 10:00:00,3,1025.6,987.6
2025-10-06 11:00:00,    3, 1025.9,  987.9
2025-10-06 12:00:00,3,1025.0,978.4
2025-10-06 13:00:00,3,1025.1,978.5
2025-10-06 14:00:00,3,1025.0,978.4
2025-10-06 15:00:00,    3, 1025.1,  978.5
2025-10-06 16:00:00,    3, 1025.7,  978.9
2025-10-06 17:00:00,    3, 1025.9,  979.0
2025-10-06 18:00:00,    3, 1026.8,  988.5
2025-10-06 19:00:00,    3, 1026.8,  988.6
2025-10-06 20:00:00,    3, 1027.2,  988.9
2025-10-06 21:00:00,    3, 1027.5,  989.2
2025-10-06 22:00:00,    3, 1027.4,  989.1
2025-10-06 23:00:00,    3, 1026.7,  979.7
2025-10-07 00:00:00,3,1026.9,988.7
2025-10-07 01:00:00,3,1026.8,988.6
2025-10-07 02:00:00,    3, 1026.2,  979.3
2025-10-07 03:00:00,3,1026.0,979.1
2025-10-07 04:00:00,    3, 1026.2,  979.3
2025-10-07 05:00:00,    3, 1026.8,  988.6
2025-10-07 06:00:00,    3, 1026.9,  988.7
2025-10-07 07:00:00,    3, 1027.0,  988.9
2025-10-07 08:00:00,    3, 1027.2,  989.2
2025-10-07 09:00:00,3,1027.5,989.5
2025-10-07 10:00:00,    3, 1027.7,  989.7
2025-10-07 11:00:00,    3, 1027.3,  989.4
2025-10-07 12:00:00,    3, 1026.6,  980.2
2025-10-07 13:00:00,    3, 1026.5,  988.8
2025-10-07 14:00:00,3,1026.3,988.6
2025-10-07 15:00:00,3,1025.9,988.2
2025-10-07 16:00:00,    3, 1025.7,  988.0
2025-10-07 17:00:00,    3, 1026.0,  988.2
2025-10-07 18:00:00,    3, 1025.9,  988.1
2025-10-07 19:00:00,3,1025.6,979.0
2025-10-07 20:00:00,3,1025.3,978.5
2025-10-07 21:00:00,    3, 1025.6,  987.4
2025-10-07 22:00:00,3,1025.5,987.3
2025-10-07 23:00:00,    3, 1025.4,  987.1
2025-10-08 00:00:00,    3, 1024.8,  977.5
2025-10-08 01:00:00,    3, 1024.9,  986.4
2025-10-08 02:00:00,3,1024.2,976.7
2025-10-08 03:00:00,    3, 1024.1,  985.6
2025-10-08 04:00:00,    3, 1023.5,  976.0
2025-10-08 05:00:00,    3, 1023.6,  985.0
2025-10-08 06:00:00,    3, 1023.2,  984.7
2025-10-08 07:00:00,    3, 1023.2,  984.8
2025-10-08 08:00:00,    3, 1023.3,  985.0
2025-10-08 09:00:00,    3, 1022.1,  975.6
2025-10-08 10:00:00,    3, 1021.6,  975.4
2025-10-08 11:00:00,    3, 1020.9,  975.0
2025-10-08 12:00:00,    3, 1021.0,  983.7
2025-10-08 13:00:00,    3, 1020.3,  983.2
2025-10-08 14:00:00,3,1019.9,982.8
2025-10-08 15:00:00,3,1019.1,973.7
2025-10-08 16:00:00,3,1020.0,982.8
2025-10-08 17:00:00,    3, 1020.1,  974.3
2025-10-08 18:00:00,    3, 1021.1,  983.6
2025-10-08 19:00:00,    3, 1021.3,  983.8
2025-10-08 20:00:00,3,1021.3,975.2
2025-10-08 21:00:00,    3, 1021.7,  975.6
2025-10-08 22:00:00,3,1022.4,984.7
2025-10-08 23:00:00,3,1021.8,975.6
2025-10-09 00:00:00,3,1021.7,975.5
2025-10-09 01:00:00,3,1022.5,984.8
2025-10-09 02:00:00,3,1021.7,975.4
2025-10-09 03:00:00,    3, 1021.7,  975.4
2025-10-09 04:00:00,    3, 1022.4,  984.6
2025-10-09 05:00:00,3,1021.7,975.4
2025-10-09 06:00:00,3,1022.6,976.1
2025-10-09 07:00:00,3,1023.2,976.7
2025-10-09 08:00:00,3,1023.8,977.3
2025-10-09 09:00:00,    3, 1024.8,  986.9
2025-10-09 10:00:00,    3, 1024.3,  978.0
2025-10-09 11:00:00,    3, 1024.4,  978.1
2025-10-09 12:00:00,    3, 1024.6,  987.0
2025-10-09 13:00:00,3,1024.2,978.0
2025-10-09 14:00:00,3,1024.0,978.0
2025-10-09 15:00:00,3,1024.4,978.3
2025-10-09 16:00:00,    3, 1025.6,  987.9
2025-10-09 17:00:00,    3, 1026.1,  988.4
2025-10-09 18:00:00,    3, 1026.6,  988.9
2025-10-09 19:00:00,    3, 1027.3,  989.5
2025-10-09 20:00:00,    3, 1027.3,  980.9
2025-10-09 21:00:00,    3, 1028.2,  990.2
2025-10-09 22:00:00,    3, 1028.6,  981.7
2025-10-09 23:00:00,    3, 1028.8,  981.9
2025-10-10 00:00:00,    3, 1029.3,  991.0
2025-10-10 01:00:00,3,1029.9,991.5
2025-10-10 02:00:00,3,1029.6,982.2
2025-10-10 03:00:00,3,1029.5,982.5
2025-10-10 04:00:00,    3, 1029.8,  982.8
2025-10-10 05:00:00,    3, 1031.2,  992.6
2025-10-10 06:00:00,3,1030.7,983.6
2025-10-10 07:00:00,    3, 1032.2,  993.5
2025-10-10 08:00:00,    3, 1032.7,  994.1
2025-10-10 09:00:00,    3, 1032.3,  985.4
2025-10-10 10:00:00,    3, 1033.4,  995.1
2025-10-10 11:00:00,    3, 1032.5,  985.7
2025-10-10 12:00:00,    3, 1032.4,  985.5
2025-10-10 13:00:00,3,1032.6,985.7
2025-10-10 14:00:00,3,1032.8,985.9
2025-10-10 15:00:00,    3, 1033.1,  986.1
2025-10-10 16:00:00,    3, 1033.1,  986.1
2025-10-10 17:00:00,    3, 1033.2,  986.2
2025-10-10 18:00:00,    3, 1033.5,  986.4
2025-10-10 19:00:00,    3, 1033.8,  986.7
2025-10-10 20:00:00,    3, 1033.9,  986.8
2025-10-10 21:00:00,    3, 1033.9,  986.8
2025-10-10 22:00:00,    3, 1034.5,  996.1
2025-10-10 23:00:00,    3, 1034.6,  996.2
2025-10-11 00:00:00,3,1034.2,995.8
2025-10-11 01:00:00,3,1034.4,995.9
2025-10-11 02:00:00,3,1033.8,986.3
2025-10-11 03:00:00,    3, 1033.7,  986.4
2025-10-11 04:00:00,    3, 1033.7,  986.4
2025-10-11 05:00:00,    3, 1034.5,  995.8
2025-10-11 06:00:00,    3, 1034.3,  986.4
2025-10-11 07:00:00,3,1034.0,986.5
2025-10-11 08:00:00,    3, 1033.6,  986.6
2025-10-11 09:00:00,    3, 1034.3,  996.0
2025-10-11 10:00:00,    3, 1032.9,  986.3
2025-10-11 11:00:00,    3, 1033.4,  995.5
2025-10-11 12:00:00,3,1032.5,994.8
2025-10-11 13:00:00,    3, 1032.0,  994.3
2025-10-11 14:00:00,    3, 1031.6,  994.0
2025-10-11 15:00:00,    3, 1030.8,  984.5
2025-10-11 16:00:00,    3, 1031.6,  993.8
2025-10-11 17:00:00,    3, 1031.5,  993.7
2025-10-11 18:00:00,    3, 1031.8,  993.9
2025-10-11 19:00:00,    3, 1031.8,  993.9
2025-10-11 20:00:00,    3, 1031.9,  993.9
2025-10-11 21:00:00,    3, 1031.9,  993.9
2025-10-11 22:00:00,    3, 1031.3,  984.5
2025-10-11 23:00:00,    3, 1030.9,  984.1
2025-10-12 00:00:00,    3, 1030.8,  984.0
2025-10-12 01:00:00,3,1031.0,992.9
2025-10-12 02:00:00,3,1029.9,983.1
2025-10-12 03:00:00,    3, 1029.4,  982.6
2025-10-12 04:00:00,    3, 1029.2,  982.4
2025-10-12 05:00:00,    3, 1029.1,  982.3
2025-10-12 06:00:00,    3, 1029.7,  991.5
2025-10-12 07:00:00,    3, 1029.9,  991.7
2025-10-12 08:00:00,    3, 1029.8,  991.7
2025-10-12 09:00:00,    3, 1029.7,  991.8
2025-10-12 10:00:00,    3, 1029.3,  991.5
2025-10-12 11:00:00,    3, 1029.1,  991.3
2025-10-12 12:00:00,    3, 1027.7,  981.4
2025-10-12 13:00:00,    3, 1027.3,  981.0
2025-10-12 14:00:00,3,1027.2,980.8
2025-10-12 15:00:00,3,1027.1,980.7
2025-10-12 16:00:00,    3, 1027.6,  989.8
2025-10-12 17:00:00,    3, 1027.7,  989.8
2025-10-12 18:00:00,3,1027.1,980.6
2025-10-12 19:00:00,3,1027.2,980.6
2025-10-12 20:00:00,    3, 1027.3,  980.7
2025-10-12 21:00:00,    3, 1028.2,  990.1
2025-10-12 22:00:00,3,1028.2,990.0
2025-10-12 23:00:00,    3, 1027.2,  980.4
2025-10-13 00:00:00,3,1027.8,989.6
2025-10-13 01:00:00,3,1026.9,979.9
2025-10-13 02:00:00,    3, 1026.3,  979.4
2025-10-13 03:00:00,3,1026.2,979.3
2025-10-13 04:00:00,    3, 1027.3,  988.8
2025-10-13 05:00:00,3,1026.1,979.1
2025-10-13 06:00:00,    3, 1026.9,  988.5
2025-10-13 07:00:00,3,1026.9,988.7
2025-10-13 08:00:00,    3, 1027.0,  988.8
2025-10-13 09:00:00,3,1026.3,979.5
2025-10-13 10:00:00,    3, 1026.3,  979.5
2025-10-13 11:00:00,    3, 1026.8,  980.1
2025-10-13 12:00:00,3,1026.5,988.5
2025-10-13 13:00:00,3,1025.3,978.8
2025-10-13 14:00:00,3,1025.1,978.7
2025-10-13 15:00:00,    3, 1025.4,  987.6
2025-10-13 16:00:00,3,1024.7,978.3
2025-10-13 17:00:00,    3, 1025.4,  987.6
2025-10-13 18:00:00,    3, 1024.9,  978.5
2025-10-13 19:00:00,    3, 1025.7,  987.8
2025-10-13 20:00:00,    3, 1025.7,  987.8
2025-10-13 21:00:00,    3, 1025.7,  987.8
2025-10-13 22:00:00,    3, 1025.5,  987.6
2025-10-13 23:00:00,    3, 1025.3,  987.3
2025-10-14 00:00:00,    3, 1025.3,  987.2
2025-10-14 01:00:00,    3, 1025.5,  987.3
2025-10-14 02:00:00,3,1024.4,977.7
2025-10-14 03:00:00,3,1024.3,977.5
2025-10-14 04:00:00,    3, 1024.6,  977.6
2025-10-14 05:00:00,    3, 1024.9,  986.6
2025-10-14 06:00:00,    3, 1025.3,  986.8
2025-10-14 07:00:00,    3, 1024.8,  977.8
2025-10-14 08:00:00,3,1025.0,978.0
2025-10-14 09:00:00,3,1024.8,978.2
2025-10-14 10:00:00,3,1025.6,987.5
2025-10-14 11:00:00,3,1025.1,987.3
2025-10-14 12:00:00,3,1024.4,986.8
2025-10-14 13:00:00,3,1023.3,977.2
2025-10-14 14:00:00,3,1023.0,977.0
2025-10-14 15:00:00,    3, 1023.0,  976.9
2025-10-14 16:00:00,    3, 1023.8,  986.1
2025-10-14 17:00:00,3,1024.1,986.3
2025-10-14 18:00:00,3,1024.2,977.5
2025-10-14 19:00:00,    3, 1024.9,  986.8
2025-10-14 20:00:00,3,1025.4,987.1
2025-10-14 21:00:00,3,1025.8,987.4
2025-10-14 22:00:00,3,1025.9,987.6
2025-10-14 23:00:00,3,1025.9,987.5
2025-10-15 00:00:00,    3, 1025.5,  978.4
2025-10-15 01:00:00,    3, 1025.5,  978.3
2025-10-15 02:00:00,3,1025.3,978.1
2025-10-15 03:00:00,    3, 1025.8,  987.4
2025-10-15 04:00:00,    3, 1025.6,  987.2
2025-10-15 05:00:00,    3, 1025.0,  977.8
2025-10-15 06:00:00,3,1025.9,987.5
2025-10-15 07:00:00,3,1026.0,987.7
2025-10-15 08:00:00,    3, 1026.2,  988.0
2025-10-15 09:00:00,3,1026.0,988.0
2025-10-15 10:00:00,    3, 1025.9,  979.2
2025-10-15 11:00:00,3,1025.6,987.8
2025-10-15 12:00:00,    3, 1025.0,  987.3
2025-10-15 13:00:00,3,1024.6,986.9
2025-10-15 14:00:00,    3, 1024.3,  986.7
2025-10-15 15:00:00,3,1023.4,977.1
2025-10-15 16:00:00,3,1023.4,977.0
2025-10-15 17:00:00,3,1024.4,986.5
2025-10-15 18:00:00,    3, 1024.7,  986.7
2025-10-15 19:00:00,    3, 1024.9,  986.8
2025-10-15 20:00:00,    3, 1024.7,  977.6
2025-10-15 21:00:00,    3, 1024.9,  977.7
2025-10-15 22:00:00,    3, 1025.3,  987.0
2025-10-15 23:00:00,    3, 1025.0,  977.5
2025-10-16 00:00:00,    3, 1025.1,  977.3
2025-10-16 01:00:00,    3, 1025.2,  986.6
2025-10-16 02:00:00,    3, 1024.9,  986.2
2025-10-16 03:00:00,    3, 1024.9,  986.2
2025-10-16 04:00:00,    3, 1024.6,  986.0
2025-10-16 05:00:00,    3, 1024.4,  985.8
2025-10-16 06:00:00,    3, 1024.1,  976.6
2025-10-16 07:00:00,    3, 1024.4,  977.0
2025-10-16 08:00:00,    3, 1024.5,  977.2
2025-10-16 09:00:00,    3, 1024.3,  977.1
2025-10-16 10:00:00,    3, 1024.7,  986.6
2025-10-16 11:00:00,    3, 1024.2,  986.3
2025-10-16 12:00:00,    3, 1023.7,  985.8
2025-10-16 13:00:00,    3, 1023.2,  985.4
2025-10-16 14:00:00,    3, 1022.0,  975.7
2025-10-16 15:00:00,    3, 1023.0,  985.1
2025-10-16 16:00:00,    3, 1023.0,  985.1
2025-10-16 17:00:00,    3, 1023.4,  985.4
2025-10-16 18:00:00,    3, 1023.5,  985.5
2025-10-16 19:00:00,3,1023.8,985.7
2025-10-16 20:00:00,    3, 1023.2,  976.5
2025-10-16 21:00:00,    3, 1023.1,  976.4
2025-10-16 22:00:00,    3, 1023.2,  976.4
2025-10-16 23:00:00,    3, 1023.1,  976.3
2025-10-17 00:00:00,3,1023.6,985.4
2025-10-17 01:00:00,3,1022.8,975.9
2025-10-17 02:00:00,3,1022.2,975.4
2025-10-17 03:00:00,    3, 1022.9,  984.6
2025-10-17 04:00:00,    3, 1023.0,  984.7
2025-10-17 05:00:00,    3, 1023.0,  984.7
2025-10-17 06:00:00,    3, 1022.5,  975.6
2025-10-17 07:00:00,    3, 1022.8,  975.9
2025-10-17 08:00:00,    3, 1022.9,  976.1
2025-10-17 09:00:00,    3, 1022.9,  976.3
2025-10-17 10:00:00,    3, 1023.0,  976.4
2025-10-17 11:00:00,3,1022.8,976.3
2025-10-17 12:00:00,3,1023.1,985.3
2025-10-17 13:00:00,    3, 1022.0,  975.7
2025-10-17 14:00:00,    3, 1022.8,  985.0
2025-10-17 15:00:00,    3, 1022.1,  975.7
2025-10-17 16:00:00,    3, 1022.9,  985.0
2025-10-17 17:00:00,    3, 1022.6,  976.1
2025-10-17 18:00:00,    3, 1023.0,  976.4
2025-10-17 19:00:00,    3, 1023.0,  976.4
2025-10-17 20:00:00,3,1023.4,976.8
2025-10-17 21:00:00,    3, 1023.7,  977.0
2025-10-17 22:00:00,    3, 1024.5,  986.3
2025-10-17 23:00:00,    3, 1024.5,  986.3
2025-10-18 00:00:00,    3, 1023.8,  977.0
2025-10-18 01:00:00,    3, 1024.6,  986.4
2025-10-18 02:00:00,3,1023.8,976.9
2025-10-18 03:00:00,    3, 1024.7,  986.4
2025-10-18 04:00:00,    3, 1024.2,  977.3
2025-10-18 05:00:00,    3, 1024.4,  977.5
2025-10-18 06:00:00,    3, 1025.5,  987.2
2025-10-18 07:00:00,    3, 1025.8,  987.5
2025-10-18 08:00:00,3,1026.2,988.0
2025-10-18 09:00:00,    3, 1025.3,  978.6
2025-10-18 10:00:00,    3, 1026.2,  988.2
2025-10-18 11:00:00,3,1025.0,978.5
2025-10-18 12:00:00,    3, 1024.4,  977.9
2025-10-18 13:00:00,    3, 1024.6,  986.7
2025-10-18 14:00:00,    3, 1024.3,  986.5
2025-10-18 15:00:00,    3, 1024.2,  986.3
2025-10-18 16:00:00,    3, 1024.1,  986.1
2025-10-18 17:00:00,    3, 1024.3,  977.2
2025-10-18 18:00:00,    3, 1024.5,  977.2
2025-10-18 19:00:00,3,1024.9,986.4
2025-10-18 20:00:00,3,1024.6,977.0
2025-10-18 21:00:00,    3, 1024.2,  976.5
2025-10-18 22:00:00,    3, 1023.9,  976.1
2025-10-18 23:00:00,3,1023.8,985.1
2025-10-19 00:00:00,3,1023.3,984.6
2025-10-19 01:00:00,3,1023.1,984.3
2025-10-19 02:00:00,    3, 1021.5,  973.8
2025-10-19 03:00:00,    3, 1021.1,  973.3
2025-10-19 04:00:00,    3, 1021.3,  982.5
2025-10-19 05:00:00,    3, 1020.9,  982.1
2025-10-19 06:00:00,3,1020.1,972.3
2025-10-19 07:00:00,3,1020.5,981.8
2025-10-19 08:00:00,    3, 1019.7,  972.2
2025-10-19 09:00:00,3,1019.5,981.1
2025-10-19 10:00:00,    3, 1018.0,  971.3
2025-10-19 11:00:00,    3, 1017.0,  970.8
2025-10-19 12:00:00,    3, 1015.5,  969.6
2025-10-19 13:00:00,    3, 1014.3,  968.6
2025-10-19 14:00:00,    3, 1014.0,  968.1
2025-10-19 15:00:00,    3, 1014.1,  976.6
2025-10-19 16:00:00,3,1013.2,967.1
2025-10-19 17:00:00,3,1012.8,966.6
2025-10-19 18:00:00,    3, 1013.2,  975.5
2025-10-19 19:00:00,    3, 1012.9,  975.2
2025-10-19 20:00:00,    3, 1012.2,  965.9
2025-10-19 21:00:00,    3, 1011.8,  965.5
2025-10-19 22:00:00,    3, 1011.4,  965.1
2025-10-19 23:00:00,3,1010.9,964.4
2025-10-20 00:00:00,3,1010.5,964.0
2025-10-20 01:00:00,    3, 1010.1,  963.6
2025-10-20 02:00:00,    3, 1009.4,  971.7
2025-10-20 03:00:00,    3, 1008.7,  971.1
2025-10-20 04:00:00,    3, 1008.1,  970.5
2025-10-20 05:00:00,    3, 1007.4,  969.8
2025-10-20 06:00:00,    3, 1006.7,  960.5
2025-10-20 07:00:00,    3, 1006.5,  960.3
2025-10-20 08:00:00,3,1006.6,969.2
2025-10-20 09:00:00,    3, 1006.3,  969.0
2025-10-20 10:00:00,3,1005.1,959.6
2025-10-20 11:00:00,    3, 1004.3,  959.0
2025-10-20 12:00:00,    3, 1004.4,  967.6
2025-10-20 13:00:00,    3, 1003.1,  958.1
2025-10-20 14:00:00,3,1003.3,966.5
2025-10-20 15:00:00,    3, 1002.9,  966.2
2025-10-20 16:00:00,    3, 1002.9,  966.1
2025-10-20 17:00:00,    3, 1002.7,  965.9
2025-10-20 18:00:00,3,1002.7,965.8
2025-10-20 19:00:00,    3, 1002.1,  956.5
2025-10-20 20:00:00,3,1002.3,956.5
2025-10-20 21:00:00,    3, 1002.1,  956.5
2025-10-20 22:00:00,    3, 1002.2,  956.3
2025-10-20 23:00:00,    3, 1001.8,  956.1
2025-10-21 00:00:00,    3, 1001.3,  964.3
2025-10-21 01:00:00,    3, 1001.4,  964.4
2025-10-21 02:00:00,    3, 1000.7,  955.1
2025-10-21 03:00:00,    3, 1000.7,  963.8
2025-10-21 04:00:00,3,1000.9,963.9
2025-10-21 05:00:00,    3, 1000.7,  955.1
2025-10-21 06:00:00,    3, 1001.0,  955.4
2025-10-21 07:00:00,    3, 1001.5,  956.0
2025-10-21 08:00:00,3,1001.5,956.1
2025-10-21 09:00:00,    3, 1001.7,  956.5
2025-10-21 10:00:00,    3, 1002.5,  965.6
2025-10-21 11:00:00,    3, 1001.8,  956.7
2025-10-21 12:00:00,    3, 1002.1,  965.4
2025-10-21 13:00:00,    3, 1001.2,  956.2
2025-10-21 14:00:00,    3, 1001.5,  964.9
2025-10-21 15:00:00,    3, 1000.7,  955.9
2025-10-21 16:00:00,    3, 1001.1,  956.1
2025-10-21 17:00:00,3,1001.7,956.3
2025-10-21 18:00:00,3,1001.9,956.4
2025-10-21 19:00:00,3,1001.8,965.0
2025-10-21 20:00:00,    3, 1001.8,  956.5
2025-10-21 21:00:00,3,1002.1,965.2
2025-10-21 22:00:00,    3, 1001.3,  955.9
2025-10-21 23:00:00,3,1001.1,955.6
2025-10-22 00:00:00,    3, 1000.8,  955.3
2025-10-22 01:00:00,    3, 1000.4,  955.0
2025-10-22 02:00:00,    3, 1000.7,  963.7
2025-10-22 03:00:00,3,999.9,954.6
2025-10-22 04:00:00,    3,  999.9,  954.6
2025-10-22 05:00:00,3,1000.5,963.5
2025-10-22 06:00:00,3,1000.5,963.5
2025-10-22 07:00:00,3,1001.2,964.2
2025-10-22 08:00:00,    3, 1001.5,  956.1
2025-10-22 09:00:00,    3, 1002.0,  956.8
2025-10-22 10:00:00,    3, 1002.3,  957.2
2025-10-22 11:00:00,    3, 1002.3,  957.2
2025-10-22 12:00:00,    3, 1002.0,  957.0
2025-10-22 13:00:00,3,1001.9,965.3
2025-10-22 14:00:00,3,1001.5,964.9
2025-10-22 15:00:00,    3, 1001.5,  964.8
2025-10-22 16:00:00,3,1000.6,955.5
2025-10-22 17:00:00,    3, 1000.3,  955.2
2025-10-22 18:00:00,    3, 1000.1,  954.9
2025-10-22 19:00:00,    3,  999.7,  954.6
2025-10-22 20:00:00,    3,  999.4,  954.4
2025-10-22 21:00:00,3,999.4,962.8
2025-10-22 22:00:00,    3,  999.0,  962.4
2025-10-22 23:00:00,    3,  998.7,  953.2
2025-10-23 00:00:00,    3,  997.3,  952.1
2025-10-23 01:00:00,3,996.7,951.4
2025-10-23 02:00:00,3,994.9,950.2
2025-10-23 03:00:00,    3,  993.9,  957.5
2025-10-23 04:00:00,    3,  993.0,  956.5
2025-10-23 05:00:00,    3,  991.2,  954.8
2025-10-23 06:00:00,    3,  990.2,  953.8
2025-10-23 07:00:00,    3,  989.2,  952.8
2025-10-23 08:00:00,3,990.9,954.3
2025-10-23 09:00:00,    3,  991.4,  954.7
2025-10-23 10:00:00,3,992.5,947.4
2025-10-23 11:00:00,3,992.3,947.2
2025-10-23 12:00:00,3,991.7,946.7
2025-10-23 13:00:00,    3,  992.6,  956.0
2025-10-23 14:00:00,    3,  992.3,  955.7
2025-10-23 15:00:00,    3,  992.7,  956.0
2025-10-23 16:00:00,3,993.5,956.7
2025-10-23 17:00:00,    3,  994.3,  949.0
2025-10-23 18:00:00,    3,  995.1,  949.6
2025-10-23 19:00:00,    3,  996.5,  950.9
2025-10-23 20:00:00,    3,  997.9,  952.2
2025-10-23 21:00:00,3,998.8,961.7
2025-10-23 22:00:00,    3,  999.6,  962.3
2025-10-23 23:00:00,3,1000.4,962.9
2025-10-24 00:00:00,    3, 1000.5,  954.3
2025-10-24 01:00:00,3,1001.7,955.3
2025-10-24 02:00:00,    3, 1002.2,  955.8
2025-10-24 03:00:00,    3, 1003.1,  965.3
2025-10-24 04:00:00,    3, 1003.7,  965.8
2025-10-24 05:00:00,    3, 1004.5,  957.8
2025-10-24 06:00:00,    3, 1005.0,  958.2
2025-10-24 07:00:00,3,1006.5,959.7
2025-10-24 08:00:00,3,1006.8,960.2
2025-10-24 09:00:00,3,1007.3,960.8
2025-10-24 10:00:00,3,1008.2,970.5
2025-10-24 11:00:00,    3, 1008.8,  971.0
2025-10-24 12:00:00,    3, 1009.2,  971.4
2025-10-24 13:00:00,    3, 1008.8,  962.6
2025-10-24 14:00:00,    3, 1008.9,  962.6
2025-10-24 15:00:00,3,1008.7,962.4
2025-10-24 16:00:00,    3, 1009.3,  971.5
2025-10-24 17:00:00,3,1009.4,962.7
2025-10-24 18:00:00,3,1009.4,971.5
2025-10-24 19:00:00,3,1009.3,971.3
2025-10-24 20:00:00,    3, 1009.2,  971.2
2025-10-24 21:00:00,    3, 1009.1,  962.4
2025-10-24 22:00:00,    3, 1008.8,  970.8
2025-10-24 23:00:00,3,1008.1,970.2
2025-10-25 00:00:00,    3, 1007.7,  969.8
2025-10-25 01:00:00,3,1006.7,960.3
2025-10-25 02:00:00,    3, 1007.3,  969.3
2025-10-25 03:00:00,3,1006.6,960.1
2025-10-25 04:00:00,3,1006.4,968.5
2025-10-25 05:00:00,3,1005.5,959.0
2025-10-25 06:00:00,    3, 1005.1,  967.3
2025-10-25 07:00:00,    3, 1005.0,  967.2
2025-10-25 08:00:00,    3, 1005.1,  967.4
2025-10-25 09:00:00,    3, 1004.6,  967.0
2025-10-25 10:00:00,    3, 1004.0,  958.1
2025-10-25 11:00:00,    3, 1003.9,  966.7
2025-10-25 12:00:00,    3, 1003.9,  966.7
2025-10-25 13:00:00,    3, 1003.2,  957.5
2025-10-25 14:00:00,    3, 1003.6,  966.5
2025-10-25 15:00:00,    3, 1004.3,  967.1
2025-10-25 16:00:00,    3, 1004.7,  967.4
2025-10-25 17:00:00,    3, 1005.0,  967.7
2025-10-25 18:00:00,    3, 1005.7,  968.2
2025-10-25 19:00:00,    3, 1005.6,  968.1
2025-10-25 20:00:00,    3, 1005.8,  968.2
2025-10-25 21:00:00,    3, 1006.3,  959.7
2025-10-25 22:00:00,3,1005.9,959.4
2025-10-25 23:00:00,3,1005.9,959.4
2025-10-26 00:00:00,3,1006.1,968.2
2025-10-26 01:00:00,3,1005.6,959.1
2025-10-26 02:00:00,    3, 1005.5,  959.1
2025-10-26 03:00:00,    3, 1005.2,  958.8
2025-10-26 04:00:00,    3, 1006.2,  968.3
2025-10-26 05:00:00,    3, 1006.3,  959.7
2025-10-26 06:00:00,    3, 1007.3,  969.1
2025-10-26 07:00:00,    3, 1008.4,  970.2
2025-10-26 08:00:00,    3, 1009.1,  962.3
2025-10-26 09:00:00,    3, 1010.1,  972.0
2025-10-26 10:00:00,    3, 1009.5,  963.0
2025-10-26 11:00:00,    3, 1009.4,  962.9
2025-10-26 12:00:00,3,1009.6,971.8
2025-10-26 13:00:00,    3, 1010.1,  972.2
2025-10-26 14:00:00,    3, 1010.6,  972.6
2025-10-26 15:00:00,3,1010.3,963.6
2025-10-26 16:00:00,3,1010.6,963.9
2025-10-26 17:00:00,    3, 1011.0,  964.1
2025-10-26 18:00:00,    3, 1011.8,  973.5
2025-10-26 19:00:00,    3, 1011.9,  973.6
2025-10-26 20:00:00,    3, 1012.0,  973.7
2025-10-26 21:00:00,    3, 1011.4,  964.3
2025-10-26 22:00:00,    3, 1011.1,  972.9
2025-10-26 23:00:00,    3, 1010.6,  972.4
2025-10-27 00:00:00,    3, 1009.9,  963.0
2025-10-27 01:00:00,    3, 1009.4,  971.2
2025-10-27 02:00:00,    3, 1008.2,  970.0
2025-10-27 03:00:00,3,1007.0,968.9
2025-10-27 04:00:00,    3, 1005.9,  959.2
2025-10-27 05:00:00,    3, 1004.9,  966.9
2025-10-27 06:00:00,    3, 1003.9,  957.3
2025-10-27 07:00:00,3,1003.8,957.2
2025-10-27 08:00:00,    3, 1003.8,  965.9
2025-10-27 09:00:00,    3, 1003.7,  957.2
2025-10-27 10:00:00,    3, 1003.5,  957.2
2025-10-27 11:00:00,    3, 1003.5,  957.3
2025-10-27 12:00:00,3,1003.4,965.8
2025-10-27 13:00:00,    3, 1004.0,  966.3
2025-10-27 14:00:00,3,1003.8,957.6
2025-10-27 15:00:00,    3, 1004.0,  966.5
2025-10-27 16:00:00,    3, 1005.7,  959.4
2025-10-27 17:00:00,3,1007.0,960.6
2025-10-27 18:00:00,    3, 1008.4,  970.7
2025-10-27 19:00:00,    3, 1010.0,  963.4
2025-10-27 20:00:00,    3, 1011.0,  964.5
2025-10-27 21:00:00,    3, 1012.0,  965.4
2025-10-27 22:00:00,    3, 1012.6,  965.9
2025-10-27 23:00:00,    3, 1013.2,  975.2
2025-10-28 00:00:00,    3, 1014.0,  975.9
2025-10-28 01:00:00,3,1014.2,967.3
2025-10-28 02:00:00,    3, 1014.5,  976.4
2025-10-28 03:00:00,    3, 1014.5,  976.4
2025-10-28 04:00:00,    3, 1014.4,  976.3
2025-10-28 05:00:00,    3, 1014.1,  976.1
2025-10-28 06:00:00,    3, 1013.9,  975.9
2025-10-28 07:00:00,    3, 1013.8,  975.8
2025-10-28 08:00:00,    3, 1013.6,  975.7
2025-10-28 09:00:00,    3, 1013.4,  975.7
2025-10-28 10:00:00,    3, 1012.9,  966.8
2025-10-28 11:00:00,3,1012.1,966.2
2025-10-28 12:00:00,    3, 1011.6,  965.7
2025-10-28 13:00:00,3,1011.3,965.5
2025-10-28 14:00:00,3,1011.4,974.2
2025-10-28 15:00:00,    3, 1011.8,  974.5
2025-10-28 16:00:00,    3, 1011.9,  966.0
2025-10-28 17:00:00,    3, 1012.5,  966.4
2025-10-28 18:00:00,    3, 1013.1,  967.0
2025-10-28 19:00:00,    3, 1013.3,  967.2
2025-10-28 20:00:00,3,1013.6,967.4
2025-10-28 21:00:00,    3, 1014.0,  967.8
2025-10-28 22:00:00,3,1014.0,967.8
2025-10-28 23:00:00,3,1014.1,967.7
2025-10-29 00:00:00,    3, 1014.3,  976.6
2025-10-29 01:00:00,    3, 1014.3,  967.4
2025-10-29 02:00:00,3,1013.5,975.8
2025-10-29 03:00:00,    3, 1012.7,  966.4
2025-10-29 04:00:00,3,1012.8,966.5
2025-10-29 05:00:00,3,1012.8,975.2
2025-10-29 06:00:00,    3, 1012.7,  966.0
2025-10-29 07:00:00,    3, 1012.6,  965.8
2025-10-29 08:00:00,    3, 1012.2,  974.5
2025-10-29 09:00:00,    3, 1011.4,  973.9
2025-10-29 10:00:00,    3, 1009.9,  964.1
2025-10-29 11:00:00,    3, 1009.7,  972.5
2025-10-29 12:00:00,    3, 1007.8,  962.5
2025-10-29 13:00:00,3,1006.9,961.7
2025-10-29 14:00:00,3,1005.8,960.6
2025-10-29 15:00:00,    3, 1005.6,  960.4
2025-10-29 16:00:00,    3, 1005.1,  959.6
2025-10-29 17:00:00,    3, 1005.1,  959.6
2025-10-29 18:00:00,    3, 1005.1,  959.4
2025-10-29 19:00:00,    3, 1004.9,  967.8
2025-10-29 20:00:00,    3, 1004.3,  958.4
2025-10-29 21:00:00,    3, 1003.9,  958.0
2025-10-29 22:00:00,3,1003.5,957.7
2025-10-29 23:00:00,    3, 1003.4,  966.2
2025-10-30 00:00:00,    3, 1003.1,  957.3
2025-10-30 01:00:00,    3, 1002.5,  956.8
2025-10-30 02:00:00,3,1002.5,965.5
2025-10-30 03:00:00,    3, 1002.4,  957.0
2025-10-30 04:00:00,    3, 1003.9,  966.8
2025-10-30 05:00:00,    3, 1006.1,  968.8
2025-10-30 06:00:00,    3, 1008.2,  970.8
2025-10-30 07:00:00,    3, 1009.6,  972.1
2025-10-30 08:00:00,3,1011.0,973.5
2025-10-30 09:00:00,    3, 1012.3,  974.7
2025-10-30 10:00:00,    3, 1013.5,  976.0
2025-10-30 11:00:00,    3, 1013.6,  967.7
2025-10-30 12:00:00,    3, 1013.4,  967.6
2025-10-30 13:00:00,    3, 1014.2,  968.4
2025-10-30 14:00:00,    3, 1013.7,  967.9
2025-10-30 15:00:00,    3, 1013.8,  967.9
2025-10-30 16:00:00,    3, 1014.5,  968.4
2025-10-30 17:00:00,    3, 1015.2,  977.4
2025-10-30 18:00:00,    3, 1015.7,  968.8
2025-10-30 19:00:00,    3, 1016.0,  969.0
2025-10-30 20:00:00,    3, 1016.4,  969.3
2025-10-30 21:00:00,    3, 1016.6,  969.3
2025-10-30 22:00:00,3,1016.4,969.2
2025-10-30 23:00:00,3,1016.3,969.0
2025-10-31 00:00:00,3,1016.5,968.9
2025-10-31 01:00:00,    3, 1016.5,  968.7
2025-10-31 02:00:00,    3, 1016.5,  977.9
2025-10-31 03:00:00,    3, 1016.5,  977.8
2025-10-31 04:00:00,    3, 1016.3,  977.6
2025-10-31 05:00:00,    3, 1016.6,  977.8
2025-10-31 06:00:00,3,1016.9,968.8
2025-10-31 07:00:00,3,1017.5,969.4
2025-10-31 08:00:00,3,1017.8,970.1
2025-10-31 09:00:00,    3, 1016.8,  978.5
2025-10-31 10:00:00,3,1015.8,969.2
2025-10-31 11:00:00,3,1015.3,969.1
2025-10-31 12:00:00,    3, 1014.5,  968.5
2025-10-31 13:00:00,    3, 1014.8,  977.4
2025-10-31 14:00:00,    3, 1014.1,  968.3
2025-10-31 15:00:00,3,1014.6,977.2
2025-10-31 16:00:00,    3, 1014.9,  977.3
2025-10-31 17:00:00,    3, 1014.8,  968.6
2025-10-31 18:00:00,3,1015.5,977.9
2025-10-31 19:00:00,    3, 1015.5,  969.2
2025-10-31 20:00:00,    3, 1015.4,  968.9
2025-10-31 21:00:00,    3, 1015.9,  969.5
2025-10-31 22:00:00,3,1015.6,969.4
2025-10-31 23:00:00,3,1016.0,978.3
2025-11-01 00:00:00,    3, 1015.8,  978.1
2025-11-01 01:00:00,    3, 1015.6,  977.8
2025-11-01 02:00:00,    3, 1015.8,  969.0
2025-11-01 03:00:00,3,1015.2,977.3
2025-11-01 04:00:00,3,1015.0,977.1
2025-11-01 05:00:00,    3, 1014.8,  968.0
2025-11-01 06:00:00,    3, 1014.3,  967.7
2025-11-01 07:00:00,    3, 1014.4,  967.9
2025-11-01 08:00:00,    3, 1014.2,  968.1
2025-11-01 09:00:00,    3, 1014.3,  976.8
2025-11-01 10:00:00,3,1013.5,976.2
2025-11-01 11:00:00,    3, 1013.3,  976.1
2025-11-01 12:00:00,3,1012.4,966.9
2025-11-01 13:00:00,3,1012.5,975.4
2025-11-01 14:00:00,3,1012.3,966.7
2025-11-01 15:00:00,    3, 1012.8,  975.7
2025-11-01 16:00:00,    3, 1012.7,  967.0
2025-11-01 17:00:00,    3, 1013.0,  967.4
2025-11-01 18:00:00,3,1013.1,976.2
2025-11-01 19:00:00,    3, 1013.2,  967.7
2025-11-01 20:00:00,    3, 1015.3,  977.8
2025-11-01 21:00:00,3,1015.4,977.8
2025-11-01 22:00:00,3,1015.3,977.7
2025-11-01 23:00:00,3,1015.2,977.6
2025-11-02 00:00:00,    3, 1014.8,  968.7
2025-11-02 01:00:00,    3, 1015.6,  977.9
2025-11-02 02:00:00,    3, 1015.4,  977.7
2025-11-02 03:00:00,    3, 1014.6,  968.4
2025-11-02 04:00:00,    3, 1014.3,  968.0
2025-11-02 05:00:00,    3, 1015.0,  977.3
2025-11-02 06:00:00,    3, 1014.4,  968.1
2025-11-02 07:00:00,    3, 1014.5,  968.2
2025-11-02 08:00:00,3,1015.0,968.6
2025-11-02 09:00:00,    3, 1014.2,  967.9
2025-11-02 10:00:00,    3, 1014.9,  977.2
2025-11-02 11:00:00,    3, 1014.7,  977.0
2025-11-02 12:00:00,    3, 1013.5,  967.4
2025-11-02 13:00:00,3,1013.8,976.3
2025-11-02 14:00:00,3,1013.7,976.2
2025-11-02 15:00:00,3,1013.2,967.1
2025-11-02 16:00:00,    3, 1013.4,  967.2
2025-11-02 17:00:00,    3, 1014.1,  967.8
2025-11-02 18:00:00,    3, 1014.8,  968.3
2025-11-02 19:00:00,    3, 1015.4,  968.8
2025-11-02 20:00:00,    3, 1016.7,  978.7
2025-11-02 21:00:00,3,1017.2,970.3
2025-11-02 22:00:00,    3, 1018.1,  971.2
2025-11-02 23:00:00,    3, 1018.3,  971.4
2025-11-03 00:00:00,    3, 1019.1,  980.8
2025-11-03 01:00:00,3,1020.0,981.6
2025-11-03 02:00:00,3,1020.4,973.0
2025-11-03 03:00:00,    3, 1021.0,  973.4
2025-11-03 04:00:00,3,1021.1,973.8
2025-11-03 05:00:00,    3, 1022.0,  983.4
2025-11-03 06:00:00,3,1022.2,974.8
2025-11-03 07:00:00,3,1022.9,975.4
2025-11-03 08:00:00,    3, 1023.2,  976.0
2025-11-03 09:00:00,    3, 1023.5,  976.5
2025-11-03 10:00:00,    3, 1023.9,  977.1
2025-11-03 11:00:00,    3, 1023.9,  977.3
2025-11-03 12:00:00,3,1023.8,985.8
2025-11-03 13:00:00,    3, 1023.4,  985.5
2025-11-03 14:00:00,    3, 1023.5,  985.6
2025-11-03 15:00:00,    3, 1023.6,  985.7
2025-11-03 16:00:00,    3, 1023.8,  985.8
2025-11-03 17:00:00,3,1024.4,986.3
2025-11-03 18:00:00,    3, 1025.5,  978.0
2025-11-03 19:00:00,3,1025.3,978.1
2025-11-03 20:00:00,3,1026.0,978.4
2025-11-03 21:00:00,3,1026.0,978.5
2025-11-03 22:00:00,3,1026.1,987.6
2025-11-03 23:00:00,    3, 1026.1,  987.6
2025-11-04 00:00:00,    3, 1026.2,  978.3
2025-11-04 01:00:00,3,1026.3,978.2
2025-11-04 02:00:00,    3, 1026.2,  977.9
2025-11-04 03:00:00,    3, 1025.6,  986.7
2025-11-04 04:00:00,    3, 1026.0,  977.7
2025-11-04 05:00:00,3,1026.0,977.6
2025-11-04 06:00:00,    3, 1026.1,  977.7
2025-11-04 07:00:00,    3, 1026.0,  977.7
2025-11-04 08:00:00,    3, 1026.1,  987.2
2025-11-04 09:00:00,3,1025.9,987.3
2025-11-04 10:00:00,3,1025.0,986.8
2025-11-04 11:00:00,    3, 1024.3,  986.3
2025-11-04 12:00:00,    3, 1023.5,  985.8
2025-11-04 13:00:00,    3, 1022.8,  985.3
2025-11-04 14:00:00,3,1022.1,976.0
2025-11-04 15:00:00,    3, 1022.1,  975.9
2025-11-04 16:00:00,    3, 1022.3,  975.8
2025-11-04 17:00:00,3,1022.5,984.6
2025-11-04 18:00:00,    3, 1022.6,  984.5
2025-11-04 19:00:00,    3, 1022.6,  984.5
2025-11-04 20:00:00,    3, 1023.2,  975.7
2025-11-04 21:00:00,    3, 1023.0,  984.5
2025-11-04 22:00:00,    3, 1023.0,  984.5
2025-11-04 23:00:00,    3, 1022.9,  984.3
2025-11-05 00:00:00,    3, 1023.2,  975.3
2025-11-05 01:00:00,    3, 1023.5,  975.3
2025-11-05 02:00:00,    3, 1023.6,  984.7
2025-11-05 03:00:00,    3, 1023.2,  984.3
2025-11-05 04:00:00,    3, 1023.9,  975.4
2025-11-05 05:00:00,    3, 1023.0,  974.6
2025-11-05 06:00:00,    3, 1023.0,  974.6
2025-11-05 07:00:00,    3, 1022.9,  983.9
2025-11-05 08:00:00,    3, 1022.9,  984.0
2025-11-05 09:00:00,    3, 1022.2,  983.6
2025-11-05 10:00:00,    3, 1021.8,  983.5
2025-11-05 11:00:00,    3, 1021.1,  983.1
2025-11-05 12:00:00,    3, 1019.2,  972.9
2025-11-05 13:00:00,    3, 1018.7,  981.2
2025-11-05 14:00:00,    3, 1017.5,  971.4
2025-11-05 15:00:00,    3, 1017.6,  980.2
2025-11-05 16:00:00,3,1017.3,971.0
2025-11-05 17:00:00,    3, 1017.7,  971.0
2025-11-05 18:00:00,    3, 1017.4,  979.6
2025-11-05 19:00:00,3,1017.4,979.2
2025-11-05 20:00:00,3,1017.2,978.9
2025-11-05 21:00:00,    3, 1017.3,  969.8
2025-11-05 22:00:00,3,1016.4,978.0
2025-11-05 23:00:00,    3, 1016.7,  969.1
2025-11-06 00:00:00,    3, 1016.1,  977.6
2025-11-06 01:00:00,    3, 1015.8,  977.2
2025-11-06 02:00:00,3,1015.4,967.4
2025-11-06 03:00:00,3,1014.9,976.1
2025-11-06 04:00:00,    3, 1014.7,  966.6
2025-11-06 05:00:00,3,1014.5,975.7
2025-11-06 06:00:00,3,1014.6,966.5
2025-11-06 07:00:00,    3, 1014.8,  966.6
2025-11-06 08:00:00,    3, 1014.6,  966.8
2025-11-06 09:00:00,3,1014.1,966.7
2025-11-06 10:00:00,3,1013.9,975.7
2025-11-06 11:00:00,3,1013.2,975.3
2025-11-06 12:00:00,3,1012.4,974.8
2025-11-06 13:00:00,    3, 1011.5,  965.5
2025-11-06 14:00:00,3,1011.0,965.2
2025-11-06 15:00:00,    3, 1011.0,  965.1
2025-11-06 16:00:00,3,1011.7,974.1
2025-11-06 17:00:00,    3, 1012.1,  965.2
2025-11-06 18:00:00,3,1012.6,974.3
2025-11-06 19:00:00,    3, 1012.3,  965.3
2025-11-06 20:00:00,    3, 1012.7,  965.3
2025-11-06 21:00:00,3,1012.8,965.3
2025-11-06 22:00:00,    3, 1012.9,  965.3
2025-11-06 23:00:00,    3, 1013.3,  974.5
2025-11-07 00:00:00,    3, 1012.9,  965.1
2025-11-07 01:00:00,    3, 1012.9,  964.9
2025-11-07 02:00:00,    3, 1013.2,  974.4
2025-11-07 03:00:00,    3, 1013.0,  964.9
2025-11-07 04:00:00,    3, 1013.2,  974.3
2025-11-07 05:00:00,    3, 1013.3,  974.3
2025-11-07 06:00:00,    3, 1013.6,  974.6
2025-11-07 07:00:00,    3, 1013.8,  974.8
2025-11-07 08:00:00,3,1013.9,965.8
2025-11-07 09:00:00,    3, 1013.9,  965.9
2025-11-07 10:00:00,3,1013.9,966.0
2025-11-07 11:00:00,3,1014.4,975.4
2025-11-07 12:00:00,    3, 1013.2,  965.5
2025-11-07 13:00:00,3,1013.7,974.7
2025-11-07 14:00:00,3,1012.7,965.1
2025-11-07 15:00:00,3,1013.7,974.8
2025-11-07 16:00:00,    3, 1013.9,  975.0
2025-11-07 17:00:00,    3, 1013.7,  965.9
2025-11-07 18:00:00,3,1014.4,975.5
2025-11-07 19:00:00,    3, 1014.6,  975.8
2025-11-07 20:00:00,    3, 1014.5,  966.7
2025-11-07 21:00:00,    3, 1014.7,  966.9
2025-11-07 22:00:00,3,1014.8,976.0
2025-11-07 23:00:00,    3, 1014.8,  975.9
2025-11-08 00:00:00,3,1014.8,975.9
2025-11-08 01:00:00,    3, 1014.4,  966.5
2025-11-08 02:00:00,3,1014.5,966.6
2025-11-08 03:00:00,    3, 1014.6,  966.6
2025-11-08 04:00:00,    3, 1014.7,  966.8
2025-11-08 05:00:00,3,1015.1,976.1
2025-11-08 06:00:00,3,1014.7,966.7
2025-11-08 07:00:00,    3, 1015.3,  976.3
2025-11-08 08:00:00,    3, 1015.3,  967.4
2025-11-08 09:00:00,    3, 1015.9,  977.0
2025-11-08 10:00:00,    3, 1016.2,  977.4
2025-11-08 11:00:00,3,1015.9,977.2
2025-11-08 12:00:00,3,1015.5,977.0
2025-11-08 13:00:00,    3, 1015.5,  977.1
2025-11-08 14:00:00,3,1014.8,967.8
2025-11-08 15:00:00,3,1015.2,968.1
2025-11-08 16:00:00,    3, 1016.4,  977.8
2025-11-08 17:00:00,3,1017.0,978.3
2025-11-08 18:00:00,    3, 1016.5,  969.3
2025-11-08 19:00:00,3,1017.0,969.7
2025-11-08 20:00:00,3,1018.0,979.3
2025-11-08 21:00:00,3,1018.1,979.4
2025-11-08 22:00:00,    3, 1017.3,  970.1
2025-11-08 23:00:00,    3, 1017.6,  970.3
2025-11-09 00:00:00,    3, 1017.3,  970.0
2025-11-09 01:00:00,    3, 1018.0,  979.4
2025-11-09 02:00:00,3,1017.4,970.1
2025-11-09 03:00:00,3,1017.3,970.0
2025-11-09 04:00:00,    3, 1017.2,  969.9
2025-11-09 05:00:00,3,1017.7,979.2
2025-11-09 06:00:00,    3, 1017.4,  970.1
2025-11-09 07:00:00,    3, 1018.2,  979.7
2025-11-09 08:00:00,    3, 1018.5,  980.1
2025-11-09 09:00:00,    3, 1018.0,  971.1
2025-11-09 10:00:00,    3, 1018.8,  980.5
2025-11-09 11:00:00,    3, 1018.6,  980.4
2025-11-09 12:00:00,    3, 1018.3,  980.2
2025-11-09 13:00:00,3,1017.4,970.9
2025-11-09 14:00:00,3,1017.5,970.9
2025-11-09 15:00:00,3,1017.6,971.0
2025-11-09 16:00:00,3,1018.1,971.3
2025-11-09 17:00:00,3,1018.2,971.4
2025-11-09 18:00:00,    3, 1019.0,  980.9
2025-11-09 19:00:00,    3, 1019.3,  981.1
2025-11-09 20:00:00,    3, 1019.4,  981.2
2025-11-09 21:00:00,    3, 1019.0,  972.2
2025-11-09 22:00:00,3,1019.3,981.1
2025-11-09 23:00:00,3,1019.1,980.9
2025-11-10 00:00:00,3,1018.8,980.6
2025-11-10 01:00:00,3,1018.1,971.2
2025-11-10 02:00:00,    3, 1018.3,  980.1
2025-11-10 03:00:00,    3, 1017.5,  970.6
2025-11-10 04:00:00,    3, 1017.3,  970.3
2025-11-10 05:00:00,    3, 1017.2,  970.2
2025-11-10 06:00:00,    3, 1017.7,  979.5
2025-11-10 07:00:00,    3, 1017.9,  979.6
2025-11-10 08:00:00,    3, 1017.5,  979.3
2025-11-10 09:00:00,    3, 1017.4,  979.2
2025-11-10 10:00:00,    3, 1017.1,  979.0
2025-11-10 11:00:00,    3, 1015.7,  969.1
2025-11-10 12:00:00,3,1015.0,968.6
2025-11-10 13:00:00,3,1014.4,968.1
2025-11-10 14:00:00,3,1013.9,967.7
2025-11-10 15:00:00,    3, 1014.1,  976.5
2025-11-10 16:00:00,    3, 1014.1,  967.5
2025-11-10 17:00:00,    3, 1015.1,  968.0
2025-11-10 18:00:00,    3, 1015.0,  968.1
2025-11-10 19:00:00,    3, 1015.3,  968.3
2025-11-10 20:00:00,3,1015.3,968.2
2025-11-10 21:00:00,    3, 1015.5,  977.2
2025-11-10 22:00:00,    3, 1015.8,  977.4
2025-11-10 23:00:00,    3, 1015.9,  977.6
2025-11-11 00:00:00,3,1016.1,977.8
2025-11-11 01:00:00,3,1016.1,977.9
2025-11-11 02:00:00,3,1016.3,969.1
2025-11-11 03:00:00,3,1016.1,969.3
2025-11-11 04:00:00,    3, 1016.4,  978.3
2025-11-11 05:00:00,    3, 1016.5,  969.4
2025-11-11 06:00:00,    3, 1016.8,  969.4
2025-11-11 07:00:00,    3, 1017.5,  969.9
2025-11-11 08:00:00,    3, 1017.8,  979.6
2025-11-11 09:00:00,    3, 1018.0,  980.0
2025-11-11 10:00:00,    3, 1018.1,  980.3
2025-11-11 11:00:00,    3, 1017.7,  980.1
2025-11-11 12:00:00,    3, 1017.1,  979.6
2025-11-11 13:00:00,    3, 1016.1,  970.2
2025-11-11 14:00:00,3,1016.6,979.1
2025-11-11 15:00:00,3,1016.9,979.3
2025-11-11 16:00:00,3,1017.0,979.3
2025-11-11 17:00:00,    3, 1016.9,  970.2
2025-11-11 18:00:00,    3, 1017.4,  970.3
2025-11-11 19:00:00,    3, 1017.1,  970.0
2025-11-11 20:00:00,    3, 1017.7,  970.3
2025-11-11 21:00:00,    3, 1018.2,  970.5
2025-11-11 22:00:00,3,1018.0,970.3
2025-11-11 23:00:00,    3, 1017.9,  979.4
2025-11-12 00:00:00,    3, 1017.9,  979.4
2025-11-12 01:00:00,    3, 1018.0,  979.4
2025-11-12 02:00:00,    3, 1017.8,  969.9
2025-11-12 03:00:00,3,1017.6,978.9
2025-11-12 04:00:00,3,1017.5,978.7
2025-11-12 05:00:00,3,1017.4,978.6
2025-11-12 06:00:00,3,1017.7,969.6
2025-11-12 07:00:00,    3, 1017.9,  979.1
2025-11-12 08:00:00,    3, 1018.3,  970.3
2025-11-12 09:00:00,    3, 1017.8,  970.3
2025-11-12 10:00:00,    3, 1017.3,  970.3
2025-11-12 11:00:00,    3, 1016.8,  978.9
2025-11-12 12:00:00,    3, 1016.2,  978.6
2025-11-12 13:00:00,    3, 1015.3,  978.0
2025-11-12 14:00:00,    3, 1015.0,  977.7
2025-11-12 15:00:00,    3, 1014.7,  968.7
2025-11-12 16:00:00,3,1015.3,977.8
2025-11-12 17:00:00,3,1015.3,977.7
2025-11-12 18:00:00,3,1015.6,977.8
2025-11-12 19:00:00,    3, 1015.9,  978.0
2025-11-12 20:00:00,    3, 1016.2,  978.3
2025-11-12 21:00:00,    3, 1016.4,  978.4
2025-11-12 22:00:00,    3, 1016.1,  978.2
2025-11-12 23:00:00,    3, 1016.5,  978.3
2025-11-13 00:00:00,3,1016.5,969.1
2025-11-13 01:00:00,    3, 1016.4,  968.9
2025-11-13 02:00:00,    3, 1016.2,  968.6
2025-11-13 03:00:00,    3, 1015.8,  968.2
2025-11-13 04:00:00,3,1015.7,977.2
2025-11-13 05:00:00,3,1015.3,976.9
2025-11-13 06:00:00,3,1015.3,976.9
2025-11-13 07:00:00,3,1016.6,968.9
2025-11-13 08:00:00,3,1017.2,978.9
2025-11-13 09:00:00,    3, 1016.8,  970.0
2025-11-13 10:00:00,    3, 1016.8,  979.2
2025-11-13 11:00:00,    3, 1016.1,  978.8
2025-11-13 12:00:00,    3, 1015.5,  978.4
2025-11-13 13:00:00,3,1013.8,969.0
2025-11-13 14:00:00,    3, 1013.2,  968.4
2025-11-13 15:00:00,    3, 1013.8,  968.6
2025-11-13 16:00:00,    3, 1014.8,  968.8
2025-11-13 17:00:00,    3, 1015.1,  969.0
2025-11-13 18:00:00,    3, 1015.0,  977.9
2025-11-13 19:00:00,3,1015.2,977.9
2025-11-13 20:00:00,3,1015.2,977.7
2025-11-13 21:00:00,3,1015.3,977.7
2025-11-13 22:00:00,    3, 1015.2,  977.6
2025-11-13 23:00:00,    3, 1014.8,  977.1
2025-11-14 00:00:00,    3, 1014.5,  976.7
2025-11-14 01:00:00,    3, 1014.0,  976.1
2025-11-14 02:00:00,    3, 1013.3,  975.4
2025-11-14 03:00:00,3,1012.5,974.6
2025-11-14 04:00:00,    3, 1012.5,  965.2
2025-11-14 05:00:00,    3, 1012.0,  964.8
2025-11-14 06:00:00,    3, 1011.7,  964.4
2025-11-14 07:00:00,3,1010.9,973.0
2025-11-14 08:00:00,3,1011.4,964.3
2025-11-14 09:00:00,3,1011.1,973.5
2025-11-14 10:00:00,3,1010.7,964.5
2025-11-14 11:00:00,3,1009.8,964.1
2025-11-14 12:00:00,    3, 1009.5,  963.9
2025-11-14 13:00:00,    3, 1009.1,  972.0
2025-11-14 14:00:00,    3, 1009.1,  972.1
2025-11-14 15:00:00,    3, 1009.2,  972.2
2025-11-14 16:00:00,    3, 1009.0,  971.9
2025-11-14 17:00:00,    3, 1008.4,  962.6
2025-11-14 18:00:00,    3, 1009.0,  963.1
2025-11-14 19:00:00,    3, 1009.5,  963.6
2025-11-14 20:00:00,    3, 1010.3,  973.0
2025-11-14 21:00:00,    3, 1010.0,  963.8
2025-11-14 22:00:00,    3, 1009.9,  972.5
2025-11-14 23:00:00,    3, 1009.2,  963.1
2025-11-15 00:00:00,    3, 1009.7,  972.4
2025-11-15 01:00:00,    3, 1010.2,  964.1
2025-11-15 02:00:00,    3, 1010.5,  964.2
2025-11-15 03:00:00,    3, 1010.4,  964.0
2025-11-15 04:00:00,    3, 1010.4,  972.8
2025-11-15 05:00:00,    3, 1010.5,  972.9
2025-11-15 06:00:00,3,1010.5,972.9
2025-11-15 07:00:00,    3, 1010.7,  973.1
2025-11-15 08:00:00,3,1009.7,963.6
2025-11-15 09:00:00,    3, 1010.4,  972.9
2025-11-15 10:00:00,3,1009.2,963.9
2025-11-15 11:00:00,    3, 1009.8,  972.8
2025-11-15 12:00:00,    3, 1009.6,  972.7
2025-11-15 13:00:00,3,1008.3,963.1
2025-11-15 14:00:00,    3, 1009.0,  972.0
2025-11-15 15:00:00,    3, 1009.1,  972.1
2025-11-15 16:00:00,3,1008.6,962.9
2025-11-15 17:00:00,3,1009.7,963.6
2025-11-15 18:00:00,3,1010.3,973.0
2025-11-15 19:00:00,    3, 1010.2,  964.2
2025-11-15 20:00:00,    3, 1010.2,  964.2
2025-11-15 21:00:00,    3, 1009.9,  964.2
2025-11-15 22:00:00,    3, 1009.9,  964.1
2025-11-15 23:00:00,    3, 1010.1,  972.8
2025-11-16 00:00:00,3,1010.0,972.6
2025-11-16 01:00:00,3,1009.9,972.5
2025-11-16 02:00:00,    3, 1009.8,  972.3
2025-11-16 03:00:00,    3, 1009.5,  972.0
2025-11-16 04:00:00,    3, 1010.0,  972.3
2025-11-16 05:00:00,3,1009.8,972.0
2025-11-16 06:00:00,    3, 1009.6,  962.7
2025-11-16 07:00:00,3,1009.5,971.4
2025-11-16 08:00:00,    3, 1009.3,  971.3
2025-11-16 09:00:00,3,1008.4,961.7
2025-11-16 10:00:00,    3, 1008.6,  970.9
2025-11-16 11:00:00,    3, 1007.0,  960.9
2025-11-16 12:00:00,    3, 1006.1,  960.2
2025-11-16 13:00:00,    3, 1005.6,  959.8
2025-11-16 14:00:00,    3, 1005.7,  959.9
2025-11-16 15:00:00,    3, 1006.2,  960.3
2025-11-16 16:00:00,    3, 1006.8,  969.4
2025-11-16 17:00:00,    3, 1006.7,  969.3
2025-11-16 18:00:00,    3, 1007.1,  969.6
2025-11-16 19:00:00,    3, 1006.7,  960.7
2025-11-16 20:00:00,    3, 1006.4,  960.4
2025-11-16 21:00:00,    3, 1007.1,  969.6
2025-11-16 22:00:00,    3, 1006.4,  960.4
2025-11-16 23:00:00,    3, 1006.0,  960.0
2025-11-17 00:00:00,3,1006.3,968.8
2025-11-17 01:00:00,    3, 1005.8,  968.3
2025-11-17 02:00:00,3,1006.0,968.4
2025-11-17 03:00:00,    3, 1005.6,  968.0
2025-11-17 04:00:00,    3, 1004.3,  958.2
2025-11-17 05:00:00,    3, 1005.7,  967.8
2025-11-17 06:00:00,3,1006.2,968.2
2025-11-17 07:00:00,3,1007.1,969.0
2025-11-17 08:00:00,    3, 1008.3,  970.0
2025-11-17 09:00:00,    3, 1010.1,  971.4
2025-11-17 10:00:00,    3, 1010.6,  972.0
2025-11-17 11:00:00,    3, 1010.6,  972.2
2025-11-17 12:00:00,3,1010.9,972.4
2025-11-17 13:00:00,    3, 1010.7,  963.6
2025-11-17 14:00:00,    3, 1013.0,  974.4
2025-11-17 15:00:00,    3, 1013.8,  966.4
2025-11-17 16:00:00,    3, 1015.2,  967.5
2025-11-17 17:00:00,    3, 1016.7,  969.0
2025-11-17 18:00:00,    3, 1018.7,  979.6
2025-11-17 19:00:00,3,1020.0,980.8
2025-11-17 20:00:00,3,1020.7,981.4
2025-11-17 21:00:00,    3, 1020.8,  972.5
2025-11-17 22:00:00,3,1021.8,982.4
2025-11-17 23:00:00,    3, 1022.4,  983.0
2025-11-18 00:00:00,    3, 1022.1,  973.7
2025-11-18 01:00:00,    3, 1022.4,  973.9
2025-11-18 02:00:00,3,1022.9,974.2
2025-11-18 03:00:00,3,1023.4,983.8
2025-11-18 04:00:00,    3, 1022.9,  974.2
2025-11-18 05:00:00,3,1023.3,974.3
2025-11-18 06:00:00,3,1023.0,974.3
2025-11-18 07:00:00,    3, 1023.6,  974.8
2025-11-18 08:00:00,3,1023.8,984.3
2025-11-18 09:00:00,3,1023.7,984.3
2025-11-18 10:00:00,    3, 1023.6,  984.4
2025-11-18 11:00:00,    3, 1022.5,  983.5
2025-11-18 12:00:00,3,1020.6,972.8
2025-11-18 13:00:00,    3, 1019.8,  972.0
2025-11-18 14:00:00,3,1019.3,980.6
2025-11-18 15:00:00,3,1018.9,971.2
2025-11-18 16:00:00,    3, 1018.9,  970.8
2025-11-18 17:00:00,    3, 1018.6,  970.5
2025-11-18 18:00:00,    3, 1018.5,  979.4
2025-11-18 19:00:00,3,1018.7,970.1
2025-11-18 20:00:00,    3, 1018.4,  979.0
2025-11-18 21:00:00,    3, 1018.2,  978.8
2025-11-18 22:00:00,3,1017.5,978.1
2025-11-18 23:00:00,    3, 1017.0,  968.5
2025-11-19 00:00:00,    3, 1016.4,  968.0
2025-11-19 01:00:00,    3, 1015.8,  967.4
2025-11-19 02:00:00,    3, 1015.7,  976.4
2025-11-19 03:00:00,3,1015.2,966.7
2025-11-19 04:00:00,    3, 1014.8,  975.4
2025-11-19 05:00:00,    3, 1014.5,  975.0
2025-11-19 06:00:00,3,1014.0,965.5
2025-11-19 07:00:00,    3, 1013.6,  965.1
2025-11-19 08:00:00,    3, 1013.1,  964.8
2025-11-19 09:00:00,3,1012.2,964.2
2025-11-19 10:00:00,    3, 1011.3,  963.7
2025-11-19 11:00:00,3,1010.0,971.4
2025-11-19 12:00:00,    3, 1008.9,  970.5
2025-11-19 13:00:00,    3, 1007.9,  969.6
2025-11-19 14:00:00,    3, 1007.4,  969.1
2025-11-19 15:00:00,3,1006.7,959.6
2025-11-19 16:00:00,    3, 1006.4,  968.0
2025-11-19 17:00:00,3,1006.3,958.9
2025-11-19 18:00:00,3,1005.9,958.5
2025-11-19 19:00:00,3,1005.5,958.1
2025-11-19 20:00:00,    3, 1005.0,  957.8
2025-11-19 21:00:00,    3, 1004.7,  957.6
2025-11-19 22:00:00,    3, 1004.4,  957.3
2025-11-19 23:00:00,    3, 1004.5,  957.3
2025-11-20 00:00:00,    3, 1004.5,  957.3
2025-11-20 01:00:00,    3, 1004.3,  957.1
2025-11-20 02:00:00,3,1004.6,966.2
2025-11-20 03:00:00,3,1004.8,966.4
2025-11-20 04:00:00,    3, 1004.6,  966.2
2025-11-20 05:00:00,3,1005.2,966.7
2025-11-20 06:00:00,3,1006.3,959.0
2025-11-20 07:00:00,    3, 1007.9,  960.4
2025-11-20 08:00:00,    3, 1009.5,  961.8
2025-11-20 09:00:00,3,1010.2,971.6
2025-11-20 10:00:00,    3, 1010.8,  972.2
2025-11-20 11:00:00,3,1011.1,972.5
2025-11-20 12:00:00,3,1010.6,963.2
2025-11-20 13:00:00,3,1011.7,972.8
2025-11-20 14:00:00,3,1011.0,963.6
2025-11-20 15:00:00,    3, 1012.5,  973.6
2025-11-20 16:00:00,    3, 1013.2,  974.2
2025-11-20 17:00:00,    3, 1013.7,  974.7
2025-11-20 18:00:00,    3, 1013.4,  965.6
2025-11-20 19:00:00,    3, 1014.1,  966.1
2025-11-20 20:00:00,3,1014.4,966.4
2025-11-20 21:00:00,    3, 1015.8,  976.4
2025-11-20 22:00:00,    3, 1015.8,  976.4
2025-11-20 23:00:00,3,1015.2,967.1
2025-11-21 00:00:00,    3, 1016.1,  976.6
2025-11-21 01:00:00,    3, 1015.5,  967.3
2025-11-21 02:00:00,3,1015.8,967.6
2025-11-21 03:00:00,3,1016.9,977.4
2025-11-21 04:00:00,    3, 1016.6,  968.2
2025-11-21 05:00:00,    3, 1018.0,  978.4
2025-11-21 06:00:00,3,1018.4,978.8
2025-11-21 07:00:00,3,1018.4,969.8
2025-11-21 08:00:00,    3, 1019.4,  970.8
2025-11-21 09:00:00,    3, 1019.6,  971.0
2025-11-21 10:00:00,    3, 1020.9,  981.3
2025-11-21 11:00:00,    3, 1020.3,  971.9
2025-11-21 12:00:00,    3, 1021.2,  981.8
2025-11-21 13:00:00,3,1020.7,972.3
2025-11-21 14:00:00,3,1021.1,972.7
2025-11-21 15:00:00,    3, 1022.1,  973.5
2025-11-21 16:00:00,3,1023.1,974.4
2025-11-21 17:00:00,    3, 1023.8,  975.0
2025-11-21 18:00:00,3,1025.4,985.6
2025-11-21 19:00:00,3,1026.2,986.3
2025-11-21 20:00:00,3,1027.1,987.0
2025-11-21 21:00:00,    3, 1027.2,  977.9
2025-11-21 22:00:00,    3, 1027.5,  978.1
2025-11-21 23:00:00,    3, 1028.3,  987.9
2025-11-22 00:00:00,    3, 1027.8,  978.3
2025-11-22 01:00:00,3,1028.7,988.2
2025-11-22 02:00:00,    3, 1028.7,  978.9
2025-11-22 03:00:00,    3, 1029.5,  988.9
2025-11-22 04:00:00,3,1029.4,979.4
2025-11-22 05:00:00,    3, 1029.9,  989.3
2025-11-22 06:00:00,    3, 1029.4,  979.7
2025-11-22 07:00:00,    3, 1030.4,  989.8
2025-11-22 08:00:00,    3, 1030.1,  980.4
2025-11-22 09:00:00,    3, 1030.7,  990.2
2025-11-22 10:00:00,    3, 1030.1,  980.5
2025-11-22 11:00:00,    3, 1029.7,  980.2
2025-11-22 12:00:00,3,1029.4,989.2
2025-11-22 13:00:00,3,1029.0,988.9
2025-11-22 14:00:00,    3, 1027.5,  978.5
2025-11-22 15:00:00,    3, 1027.1,  978.1
2025-11-22 16:00:00,    3, 1027.0,  977.8
2025-11-22 17:00:00,    3, 1027.6,  987.3
2025-11-22 18:00:00,3,1027.2,977.7
2025-11-22 19:00:00,    3, 1027.3,  986.8
2025-11-22 20:00:00,3,1026.7,986.2
2025-11-22 21:00:00,3,1025.9,976.1
2025-11-22 22:00:00,3,1025.4,975.6
2025-11-22 23:00:00,3,1025.4,984.8
2025-11-23 00:00:00,    3, 1024.9,  974.8
2025-11-23 01:00:00,    3, 1024.3,  974.2
2025-11-23 02:00:00,3,1024.0,983.2
2025-11-23 03:00:00,    3, 1023.2,  982.5
2025-11-23 04:00:00,    3, 1022.6,  981.9
2025-11-23 05:00:00,    3, 1021.8,  981.1
2025-11-23 06:00:00,    3, 1021.4,  971.2
2025-11-23 07:00:00,3,1021.2,970.9
2025-11-23 08:00:00,    3, 1020.5,  970.6
2025-11-23 09:00:00,    3, 1019.0,  969.6
2025-11-23 10:00:00,    3, 1017.6,  968.8
2025-11-23 11:00:00,    3, 1016.4,  967.8
2025-11-23 12:00:00,    3, 1015.3,  975.9
2025-11-23 13:00:00,3,1013.9,974.5
2025-11-23 14:00:00,    3, 1012.5,  973.3
2025-11-23 15:00:00,    3, 1011.9,  972.8
2025-11-23 16:00:00,3,1010.5,962.7
2025-11-23 17:00:00,    3, 1009.6,  961.8
2025-11-23 18:00:00,3,1008.6,969.7
2025-11-23 19:00:00,    3, 1007.3,  968.5
2025-11-23 20:00:00,3,1005.8,958.2
2025-11-23 21:00:00,    3, 1004.8,  957.4
2025-11-23 22:00:00,    3, 1004.3,  956.9
2025-11-23 23:00:00,    3, 1003.9,  965.3
2025-11-24 00:00:00,    3, 1002.8,  955.4
2025-11-24 01:00:00,3,1002.9,964.3
2025-11-24 02:00:00,    3, 1002.3,  955.3
2025-11-24 03:00:00,3,1002.7,964.3
2025-11-24 04:00:00,3,1001.9,955.0
2025-11-24 05:00:00,    3, 1001.4,  954.6
2025-11-24 06:00:00,3,1000.9,954.1
2025-11-24 07:00:00,    3, 1001.1,  962.9
2025-11-24 08:00:00,3,1001.4,954.3
2025-11-24 09:00:00,3,1000.9,962.7
2025-11-24 10:00:00,3,1000.4,962.3
2025-11-24 11:00:00,3,999.8,961.9
2025-11-24 12:00:00,    3,  999.6,  961.7
2025-11-24 13:00:00,    3,  998.9,  952.4
2025-11-24 14:00:00,    3,  998.4,  951.9
2025-11-24 15:00:00,    3,  998.5,  951.9
2025-11-24 16:00:00,    3,  998.9,  960.9
2025-11-24 17:00:00,    3,  999.2,  961.1
2025-11-24 18:00:00,    3,  999.6,  961.5
2025-11-24 19:00:00,    3,  999.5,  961.4
2025-11-24 20:00:00,    3,  999.4,  961.3
2025-11-24 21:00:00,3,999.2,952.3
2025-11-24 22:00:00,    3,  999.7,  961.6
2025-11-24 23:00:00,    3, 1000.1,  962.0
2025-11-25 00:00:00,    3,  999.8,  953.0
2025-11-25 01:00:00,    3,  999.8,  953.0
2025-11-25 02:00:00,    3, 1000.3,  962.0
2025-11-25 03:00:00,    3,  999.9,  952.7
2025-11-25 04:00:00,    3, 1000.5,  953.1
2025-11-25 05:00:00,3,1000.8,962.4
2025-11-25 06:00:00,    3, 1001.1,  953.7
2025-11-25 07:00:00,3,1001.4,954.1
2025-11-25 08:00:00,    3, 1001.6,  954.5
2025-11-25 09:00:00,3,1002.5,964.2
2025-11-25 10:00:00,3,1003.1,964.9
2025-11-25 11:00:00,    3,   -999,-999
2025-11-25 12:00:00,3,1002.5,955.8
2025-11-25 13:00:00,3,1003.4,956.6
2025-11-25 14:00:00,    3, 1004.0,  957.1
2025-11-25 15:00:00,    3, 1005.0,  967.4
2025-11-25 16:00:00,    3, 1005.5,  958.5
2025-11-25 17:00:00,3,1006.4,959.3
2025-11-25 18:00:00,    3, 1007.3,  960.2
2025-11-25 19:00:00,    3, 1008.1,  960.9
2025-11-25 20:00:00,    3, 1009.1,  971.2
2025-11-25 21:00:00,3,1009.5,971.6
2025-11-25 22:00:00,3,1010.0,962.6
2025-11-25 23:00:00,3,1010.7,963.3
2025-11-26 00:00:00,    3, 1011.4,  973.4
2025-11-26 01:00:00,    3, 1011.7,  973.7
2025-11-26 02:00:00,    3, 1012.0,  974.0
2025-11-26 03:00:00,3,1012.4,974.4
2025-11-26 04:00:00,3,1012.7,965.3
2025-11-26 05:00:00,    3, 1013.3,  965.8
2025-11-26 06:00:00,    3, 1014.5,  976.4
2025-11-26 07:00:00,    3, 1015.4,  977.3
2025-11-26 08:00:00,    3, 1016.3,  978.2
2025-11-26 09:00:00,    3, 1017.1,  978.9
2025-11-26 10:00:00,3,1017.6,979.5
2025-11-26 11:00:00,3,1017.6,970.0
2025-11-26 12:00:00,    3, 1018.0,  979.9
2025-11-26 13:00:00,    3, 1018.3,  970.7
2025-11-26 14:00:00,3,1019.3,981.0
2025-11-26 15:00:00,    3, 1020.2,  981.9
2025-11-26 16:00:00,3,1021.2,982.8
2025-11-26 17:00:00,    3, 1021.8,  983.3
2025-11-26 18:00:00,    3, 1022.1,  974.0
2025-11-26 19:00:00,3,1022.8,974.7
2025-11-26 20:00:00,    3, 1023.5,  984.9
2025-11-26 21:00:00,3,1024.3,985.7
2025-11-26 22:00:00,    3, 1024.7,  986.0
2025-11-26 23:00:00,3,1024.7,986.0
2025-11-27 00:00:00,3,1024.5,985.9
2025-11-27 01:00:00,3,1024.6,985.9
2025-11-27 02:00:00,3,1024.7,976.4
2025-11-27 03:00:00,    3, 1024.5,  976.2
2025-11-27 04:00:00,    3, 1024.3,  985.7
2025-11-27 05:00:00,    3, 1024.8,  986.1
2025-11-27 06:00:00,    3, 1025.2,  976.8
2025-11-27 07:00:00,    3, 1025.4,  977.1
2025-11-27 08:00:00,    3, 1026.0,  977.7
2025-11-27 09:00:00,    3, 1025.4,  977.2
2025-11-27 10:00:00,    3, 1026.5,  987.9
2025-11-27 11:00:00,3,1025.5,987.0
2025-11-27 12:00:00,3,1024.8,986.4
2025-11-27 13:00:00,    3, 1024.0,  976.1
2025-11-27 14:00:00,    3, 1024.3,  986.0
2025-11-27 15:00:00,    3, 1024.2,  985.8
2025-11-27 16:00:00,    3, 1024.5,  986.0
2025-11-27 17:00:00,3,1024.4,976.2
2025-11-27 18:00:00,    3, 1024.9,  976.5
2025-11-27 19:00:00,    3, 1025.2,  976.7
2025-11-27 20:00:00,3,1025.0,976.5
2025-11-27 21:00:00,3,1025.1,976.5
2025-11-27 22:00:00,3,1025.3,986.6
2025-11-27 23:00:00,3,1024.9,976.3
2025-11-28 00:00:00,    3, 1024.6,  976.0
2025-11-28 01:00:00,    3, 1024.4,  985.7
2025-11-28 02:00:00,    3, 1024.1,  985.4
2025-11-28 03:00:00,    3, 1023.5,  975.0
2025-11-28 04:00:00,    3, 1023.1,  974.7
2025-11-28 05:00:00,    3, 1022.8,  974.4
2025-11-28 06:00:00,    3, 1022.9,  974.5
2025-11-28 07:00:00,    3, 1022.9,  984.3
2025-11-28 08:00:00,3,1022.5,974.4
2025-11-28 09:00:00,3,1022.7,984.2
2025-11-28 10:00:00,    3, 1022.4,  984.0
2025-11-28 11:00:00,    3, 1021.6,  983.3
2025-11-28 12:00:00,    3, 1020.7,  982.6
2025-11-28 13:00:00,    3, 1019.9,  981.9
2025-11-28 14:00:00,3,1019.4,981.4
2025-11-28 15:00:00,    3, 1018.6,  971.3
2025-11-28 16:00:00,    3, 1018.6,  971.2
2025-11-28 17:00:00,    3, 1019.0,  981.0
2025-11-28 18:00:00,3,1018.3,971.0
2025-11-28 19:00:00,3,1018.2,970.9
2025-11-28 20:00:00,3,1018.0,970.6
2025-11-28 21:00:00,    3, 1018.0,  970.5
2025-11-28 22:00:00,    3, 1017.7,  979.7
2025-11-28 23:00:00,    3, 1017.4,  979.4
2025-11-29 00:00:00,    3, 1016.6,  969.3
2025-11-29 01:00:00,    3, 1016.4,  969.1
2025-11-29 02:00:00,    3, 1016.4,  969.1
2025-11-29 03:00:00,    3, 1016.0,  968.7
2025-11-29 04:00:00,    3, 1016.2,  978.3
2025-11-29 05:00:00,3,1015.9,978.0
2025-11-29 06:00:00,3,1016.1,978.2
2025-11-29 07:00:00,    3, 1015.6,  968.3
2025-11-29 08:00:00,    3, 1016.2,  978.4
2025-11-29 09:00:00,    3, 1016.1,  978.3
2025-11-29 10:00:00,    3, 1015.4,  977.8
2025-11-29 11:00:00,3,1014.0,967.3
2025-11-29 12:00:00,    3, 1013.4,  966.9
2025-11-29 13:00:00,    3, 1012.5,  966.2
2025-11-29 14:00:00,3,1012.0,965.8
2025-11-29 15:00:00,3,1012.1,965.7
2025-11-29 16:00:00,3,1012.1,965.4
2025-11-29 17:00:00,3,1011.7,965.0
2025-11-29 18:00:00,    3, 1011.8,  965.0
2025-11-29 19:00:00,    3, 1012.1,  974.6
2025-11-29 20:00:00,    3, 1011.9,  974.3
2025-11-29 21:00:00,3,1011.8,974.2
2025-11-29 22:00:00,    3, 1011.5,  964.2
2025-11-29 23:00:00,    3, 1011.5,  964.2
2025-11-30 00:00:00,    3, 1011.6,  964.1
2025-11-30 01:00:00,    3, 1011.7,  973.8
2025-11-30 02:00:00,3,1011.6,963.9
2025-11-30 03:00:00,3,1011.4,973.5
2025-11-30 04:00:00,    3, 1011.6,  973.6
2025-11-30 05:00:00,    3, 1011.7,  973.7
2025-11-30 06:00:00,    3, 1011.9,  973.9
2025-11-30 07:00:00,    3, 1012.0,  974.0
2025-11-30 08:00:00,3,1012.3,974.4
2025-11-30 09:00:00,    3, 1012.6,  965.1
2025-11-30 10:00:00,    3, 1012.8,  965.7
2025-11-30 11:00:00,3,1012.3,965.4
2025-11-30 12:00:00,3,1012.4,965.6
2025-11-30 13:00:00,3,1013.3,975.7
2025-11-30 14:00:00,3,1013.5,975.9
2025-11-30 15:00:00,    3, 1013.1,  966.4
2025-11-30 16:00:00,    3, 1015.3,  977.5
2025-11-30 17:00:00,    3, 1016.0,  978.2
2025-11-30 18:00:00,    3, 1016.3,  969.0
2025-11-30 19:00:00,    3, 1017.0,  969.6
2025-11-30 20:00:00,    3, 1017.7,  970.3
2025-11-30 21:00:00,    3, 1018.1,  970.7
2025-11-30 22:00:00,    3, 1019.1,  981.1
2025-11-30 23:00:00,3,1020.2,982.1
2025-12-01 00:00:00,3,1020.0,972.4
2025-12-01 01:00:00,    3, 1020.6,  972.7
2025-12-01 02:00:00,    3, 1021.5,  983.1
2025-12-01 03:00:00,    3, 1021.8,  983.3
2025-12-01 04:00:00,    3, 1021.7,  983.2
2025-12-01 05:00:00,3,1021.4,972.9
2025-12-01 06:00:00,    3, 1021.5,  973.0
2025-12-01 07:00:00,    3, 1022.0,  973.5
2025-12-01 08:00:00,3,1022.2,973.6
2025-12-01 09:00:00,3,1022.4,983.8
2025-12-01 10:00:00,3,1021.5,973.5
2025-12-01 11:00:00,3,1020.6,972.8
2025-12-01 12:00:00,    3, 1020.0,  972.4
2025-12-01 13:00:00,    3, 1019.9,  981.8
2025-12-01 14:00:00,    3, 1019.1,  981.1
2025-12-01 15:00:00,    3, 1018.1,  970.6
2025-12-01 16:00:00,3,1019.1,980.8
2025-12-01 17:00:00,    3, 1019.0,  980.7
2025-12-01 18:00:00,3,1018.8,970.4
2025-12-01 19:00:00,3,1018.6,980.2
2025-12-01 20:00:00,    3, 1018.6,  980.0
2025-12-01 21:00:00,3,1017.5,969.3
2025-12-01 22:00:00,3,1016.7,968.6
2025-12-01 23:00:00,3,1016.6,978.2
2025-12-02 00:00:00,3,1015.7,967.5
2025-12-02 01:00:00,    3, 1015.5,  967.2
2025-12-02 02:00:00,    3, 1015.7,  967.0
2025-12-02 03:00:00,3,1015.0,976.5
2025-12-02 04:00:00,    3, 1014.6,  966.3
2025-12-02 05:00:00,3,1015.2,976.7
2025-12-02 06:00:00,    3, 1015.8,  977.1
2025-12-02 07:00:00,    3, 1016.0,  967.4
2025-12-02 08:00:00,3,1016.5,968.0
2025-12-02 09:00:00,    3, 1016.2,  978.0
2025-12-02 10:00:00,3,1015.8,968.4
2025-12-02 11:00:00,    3, 1015.0,  977.3
2025-12-02 12:00:00,3,1014.2,967.2
2025-12-02 13:00:00,3,1013.7,976.2
2025-12-02 14:00:00,    3, 1012.9,  966.2
2025-12-02 15:00:00,3,1013.5,976.0
2025-12-02 16:00:00,    3, 1013.6,  966.4
2025-12-02 17:00:00,    3, 1014.3,  976.6
2025-12-02 18:00:00,    3, 1015.1,  967.2
2025-12-02 19:00:00,3,1015.5,967.4
2025-12-02 20:00:00,3,1015.6,967.4
2025-12-02 21:00:00,    3, 1015.6,  977.2
2025-12-02 22:00:00,3,1015.7,967.4
2025-12-02 23:00:00,    3, 1015.9,  967.3
2025-12-03 00:00:00,    3, 1015.8,  967.1
2025-12-03 01:00:00,    3, 1015.5,  976.9
2025-12-03 02:00:00,    3, 1015.3,  966.6
2025-12-03 03:00:00,    3, 1014.7,  976.1
2025-12-03 04:00:00,    3, 1014.6,  976.0
2025-12-03 05:00:00,    3, 1014.8,  966.0
2025-12-03 06:00:00,    3, 1014.8,  966.1
2025-12-03 07:00:00,    3, 1014.8,  966.2
2025-12-03 08:00:00,    3, 1015.0,  966.4
2025-12-03 09:00:00,3,1015.1,966.8
2025-12-03 10:00:00,    3, 1015.4,  976.9
2025-12-03 11:00:00,3,1014.4,966.5
2025-12-03 12:00:00,3,1013.6,966.0
2025-12-03 13:00:00,    3, 1013.8,  975.8
2025-12-03 14:00:00,    3, 1013.2,  975.4
2025-12-03 15:00:00,3,1013.2,965.7
2025-12-03 16:00:00,    3, 1014.2,  976.0
2025-12-03 17:00:00,3,1014.4,976.1
2025-12-03 18:00:00,    3, 1014.7,  966.6
2025-12-03 19:00:00,    3, 1015.0,  966.7
2025-12-03 20:00:00,3,1015.3,976.8
2025-12-03 21:00:00,3,1015.2,966.8
2025-12-03 22:00:00,    3, 1015.1,  976.5
2025-12-03 23:00:00,    3, 1015.1,  976.5
2025-12-04 00:00:00,    3, 1014.9,  976.2
2025-12-04 01:00:00,    3, 1014.5,  965.9
2025-12-04 02:00:00,    3, 1014.4,  965.8
2025-12-04 03:00:00,    3, 1013.9,  965.3
2025-12-04 04:00:00,    3, 1013.6,  974.9
2025-12-04 05:00:00,    3, 1013.4,  974.6
2025-12-04 06:00:00,    3, 1012.9,  974.1
2025-12-04 07:00:00,    3, 1012.8,  974.0
2025-12-04 08:00:00,    3, 1012.4,  964.0
2025-12-04 09:00:00,    3, 1012.0,  963.8
2025-12-04 10:00:00,    3, 1011.5,  963.5
2025-12-04 11:00:00,3,1011.1,972.9
2025-12-04 12:00:00,    3, 1009.9,  962.2
2025-12-04 13:00:00,    3, 1009.5,  961.9
2025-12-04 14:00:00,    3, 1008.7,  961.2
2025-12-04 15:00:00,3,1008.7,961.2
2025-12-04 16:00:00,    3, 1009.1,  971.0
2025-12-04 17:00:00,    3, 1008.7,  961.1
2025-12-04 18:00:00,    3, 1008.7,  961.1
2025-12-04 19:00:00,    3, 1008.6,  961.1
2025-12-04 20:00:00,    3, 1008.4,  960.9
2025-12-04 21:00:00,    3, 1008.5,  960.9
2025-12-04 22:00:00,    3, 1008.7,  970.6
2025-12-04 23:00:00,3,1008.8,970.7
2025-12-05 00:00:00,    3, 1008.4,  960.6
2025-12-05 01:00:00,3,1009.1,970.9
2025-12-05 02:00:00,3,1009.1,961.3
2025-12-05 03:00:00,    3, 1009.7,  971.5
2025-12-05 04:00:00,    3, 1009.5,  961.7
2025-12-05 05:00:00,    3, 1010.1,  962.3
2025-12-05 06:00:00,    3, 1011.1,  972.9
2025-12-05 07:00:00,    3, 1011.9,  973.6
2025-12-05 08:00:00,3,1012.5,974.2
2025-12-05 09:00:00,    3, 1012.7,  965.0
2025-12-05 10:00:00,3,1013.0,965.4
2025-12-05 11:00:00,3,1013.5,975.5
2025-12-05 12:00:00,3,1012.7,965.5
2025-12-05 13:00:00,    3, 1013.0,  965.8
2025-12-05 14:00:00,    3, 1014.1,  976.2
2025-12-05 15:00:00,    3, 1014.0,  966.8
2025-12-05 16:00:00,3,1014.5,967.2
2025-12-05 17:00:00,3,1014.8,967.4
2025-12-05 18:00:00,    3, 1015.7,  977.6
2025-12-05 19:00:00,    3, 1015.3,  967.6
2025-12-05 20:00:00,    3, 1015.6,  977.5
2025-12-05 21:00:00,    3, 1015.6,  967.3
2025-12-05 22:00:00,3,1015.2,966.9
2025-12-05 23:00:00,    3, 1014.9,  976.5
2025-12-06 00:00:00,    3, 1014.9,  966.3
2025-12-06 01:00:00,3,1014.2,975.7
2025-12-06 02:00:00,    3, 1013.4,  974.9
2025-12-06 03:00:00,    3, 1013.1,  974.5
2025-12-06 04:00:00,    3, 1012.8,  974.4
2025-12-06 05:00:00,    3, 1012.1,  973.8
2025-12-06 06:00:00,    3, 1011.8,  973.5
2025-12-06 07:00:00,    3, 1010.9,  963.4
2025-12-06 08:00:00,3,1011.1,963.7
2025-12-06 09:00:00,    3, 1010.8,  963.6
2025-12-06 10:00:00,    3, 1010.5,  963.4
2025-12-06 11:00:00,    3, 1010.2,  963.3
2025-12-06 12:00:00,    3, 1009.7,  963.1
2025-12-06 13:00:00,3,1009.2,962.7
2025-12-06 14:00:00,3,1009.4,963.0
2025-12-06 15:00:00,    3, 1009.9,  972.8
2025-12-06 16:00:00,3,1010.5,973.3
2025-12-06 17:00:00,3,1010.5,964.1
2025-12-06 18:00:00,    3, 1010.8,  964.2
2025-12-06 19:00:00,3,1011.2,964.6
2025-12-06 20:00:00,3,1011.7,965.0
2025-12-06 21:00:00,3,1011.9,965.2
2025-12-06 22:00:00,    3, 1012.3,  975.0
2025-12-06 23:00:00,    3, 1012.4,  975.1
2025-12-07 00:00:00,3,1012.6,975.2
2025-12-07 01:00:00,    3, 1012.3,  965.6
2025-12-07 02:00:00,    3, 1013.0,  975.5
2025-12-07 03:00:00,    3, 1012.8,  966.1
2025-12-07 04:00:00,    3, 1013.1,  975.7
2025-12-07 05:00:00,    3, 1013.3,  975.9
2025-12-07 06:00:00,3,1013.5,976.0
2025-12-07 07:00:00,    3, 1013.3,  975.9
2025-12-07 08:00:00,    3, 1013.0,  966.4
2025-12-07 09:00:00,    3, 1013.8,  976.5
2025-12-07 10:00:00,    3, 1014.0,  976.8
2025-12-07 11:00:00,    3, 1013.0,  966.8
2025-12-07 12:00:00,    3, 1012.7,  966.5
2025-12-07 13:00:00,    3, 1012.3,  966.2
2025-12-07 14:00:00,    3, 1012.3,  975.4
2025-12-07 15:00:00,    3, 1011.9,  965.7
2025-12-07 16:00:00,3,1011.8,965.5
2025-12-07 17:00:00,3,1011.9,965.4
2025-12-07 18:00:00,3,1011.7,965.3
2025-12-07 19:00:00,3,1011.8,965.4
2025-12-07 20:00:00,    3, 1012.1,  974.9
2025-12-07 21:00:00,    3, 1012.0,  974.9
2025-12-07 22:00:00,    3, 1012.1,  975.2
2025-12-07 23:00:00,    3, 1012.6,  975.7
2025-12-08 00:00:00,    3, 1012.6,  966.6
2025-12-08 01:00:00,    3, 1013.4,  967.4
2025-12-08 02:00:00,    3, 1014.3,  968.3
2025-12-08 03:00:00,    3, 1014.5,  968.5
2025-12-08 04:00:00,3,1015.5,978.7
2025-12-08 05:00:00,3,1016.2,979.3
2025-12-08 06:00:00,    3, 1016.8,  979.8
2025-12-08 07:00:00,3,1016.9,970.7
2025-12-08 08:00:00,    3, 1017.6,  971.3
2025-12-08 09:00:00,    3, 1017.9,  971.8
2025-12-08 10:00:00,    3, 1018.0,  972.0
2025-12-08 11:00:00,    3, 1017.7,  971.9
2025-12-08 12:00:00,    3, 1017.9,  981.3
2025-12-08 13:00:00,    3, 1017.4,  980.8
2025-12-08 14:00:00,3,1017.5,971.7
2025-12-08 15:00:00,    3, 1018.6,  981.9
2025-12-08 16:00:00,    3, 1018.8,  982.0
2025-12-08 17:00:00,    3, 1019.1,  973.0
2025-12-08 18:00:00,3,1018.9,972.6
2025-12-08 19:00:00,    3, 1019.9,  982.9
2025-12-08 20:00:00,    3, 1020.1,  983.0
2025-12-08 21:00:00,3,1020.1,983.0
2025-12-08 22:00:00,    3, 1020.5,  983.3
2025-12-08 23:00:00,    3, 1020.7,  983.4
2025-12-09 00:00:00,    3, 1020.9,  973.5
2025-12-09 01:00:00,3,1020.6,973.4
2025-12-09 02:00:00,    3, 1020.7,  973.2
2025-12-09 03:00:00,3,1019.9,972.6
2025-12-09 04:00:00,    3, 1019.9,  982.2
2025-12-09 05:00:00,    3, 1019.6,  972.0
2025-12-09 06:00:00,    3, 1020.1,  972.2
2025-12-09 07:00:00,    3, 1019.4,  981.5
2025-12-09 08:00:00,    3, 1019.1,  971.2
2025-12-09 09:00:00,    3, 1018.8,  971.6
2025-12-09 10:00:00,    3, 1018.6,  981.2
2025-12-09 11:00:00,    3, 1017.1,  970.7
2025-12-09 12:00:00,    3, 1016.1,  970.2
2025-12-09 13:00:00,    3, 1016.1,  979.4
2025-12-09 14:00:00,    3, 1015.7,  979.0
2025-12-09 15:00:00,3,1015.9,969.6
2025-12-09 16:00:00,    3, 1016.3,  979.3
2025-12-09 17:00:00,    3, 1016.6,  979.5
2025-12-09 18:00:00,    3, 1016.7,  979.6
2025-12-09 19:00:00,    3, 1017.4,  970.2
2025-12-09 20:00:00,    3, 1017.3,  979.8
2025-12-09 21:00:00,3,1017.4,979.8
2025-12-09 22:00:00,    3, 1017.7,  980.1
2025-12-09 23:00:00,    3, 1018.2,  970.9
2025-12-10 00:00:00,    3, 1018.6,  980.8
2025-12-10 01:00:00,    3, 1019.5,  971.5
2025-12-10 02:00:00,3,1019.8,972.0
2025-12-10 03:00:00,3,1020.2,972.3
2025-12-10 04:00:00,    3, 1020.0,  982.1
2025-12-10 05:00:00,3,1020.0,982.3
2025-12-10 06:00:00,    3, 1020.5,  982.7
2025-12-10 07:00:00,    3, 1021.3,  973.6
2025-12-10 08:00:00,    3, 1021.7,  973.9
2025-12-10 09:00:00,    3, 1021.6,  974.2
2025-12-10 10:00:00,3,1021.2,974.5
2025-12-10 11:00:00,3,1020.9,974.3
2025-12-10 12:00:00,3,1021.2,974.6
2025-12-10 13:00:00,3,1021.7,984.4
2025-12-10 14:00:00,    3, 1021.4,  974.9
2025-12-10 15:00:00,3,1022.2,975.6
2025-12-10 16:00:00,    3, 1023.7,  986.2
2025-12-10 17:00:00,3,1024.1,986.6
2025-12-10 18:00:00,    3, 1024.4,  986.9
2025-12-10 19:00:00,    3, 1025.1,  987.5
2025-12-10 20:00:00,    3, 1025.8,  988.1
2025-12-10 21:00:00,    3, 1026.1,  988.4
2025-12-10 22:00:00,    3, 1026.4,  988.7
2025-12-10 23:00:00,3,1026.8,989.1
2025-12-11 00:00:00,3,1026.6,988.9
2025-12-11 01:00:00,3,1026.5,988.7
2025-12-11 02:00:00,3,1026.5,988.7
2025-12-11 03:00:00,    3, 1026.2,  988.4
2025-12-11 04:00:00,    3, 1026.3,  988.5
2025-12-11 05:00:00,    3, 1025.7,  978.4
2025-12-11 06:00:00,    3, 1025.7,  978.1
2025-12-11 07:00:00,    3, 1025.9,  978.2
2025-12-11 08:00:00,3,1026.4,988.5
2025-12-11 09:00:00,    3, 1026.2,  978.6
2025-12-11 10:00:00,3,1026.2,978.6
2025-12-11 11:00:00,    3, 1025.6,  978.2
2025-12-11 12:00:00,3,1025.0,977.8
2025-12-11 13:00:00,3,1024.5,977.4
2025-12-11 14:00:00,3,1024.1,977.2
2025-12-11 15:00:00,3,1024.1,977.2
2025-12-11 16:00:00,    3, 1024.0,  976.9
2025-12-11 17:00:00,    3, 1024.4,  986.7
2025-12-11 18:00:00,    3, 1024.3,  986.6
2025-12-11 19:00:00,    3, 1024.3,  986.6
2025-12-11 20:00:00,    3, 1023.7,  976.5
2025-12-11 21:00:00,3,1023.6,976.3
2025-12-11 22:00:00,3,1023.1,975.9
2025-12-11 23:00:00,3,1022.9,975.7
2025-12-12 00:00:00,    3, 1023.3,  985.5
2025-12-12 01:00:00,3,1022.6,975.5
2025-12-12 02:00:00,3,1023.3,985.5
2025-12-12 03:00:00,3,1023.1,985.4
2025-12-12 04:00:00,3,1022.8,975.6
2025-12-12 05:00:00,    3, 1023.2,  985.4
2025-12-12 06:00:00,3,1023.0,975.8
2025-12-12 07:00:00,    3, 1023.6,  976.1
2025-12-12 08:00:00,    3, 1024.2,  986.2
2025-12-12 09:00:00,    3, 1024.2,  986.4
2025-12-12 10:00:00,    3, 1024.2,  986.6
2025-12-12 11:00:00,    3, 1023.2,  976.3
2025-12-12 12:00:00,    3, 1023.5,  986.0
2025-12-12 13:00:00,    3, 1022.6,  975.8
2025-12-12 14:00:00,    3, 1022.8,  976.0
2025-12-12 15:00:00,    3, 1023.7,  986.1
2025-12-12 16:00:00,    3, 1023.7,  976.3
2025-12-12 17:00:00,    3, 1024.4,  986.6
2025-12-12 18:00:00,    3, 1024.5,  976.8
2025-12-12 19:00:00,    3, 1025.3,  987.2
2025-12-12 20:00:00,    3, 1025.6,  987.4
2025-12-12 21:00:00,3,1026.1,978.1
2025-12-12 22:00:00,    3, 1026.2,  978.3
2025-12-12 23:00:00,3,1027.1,988.7
2025-12-13 00:00:00,    3, 1027.4,  988.9
2025-12-13 01:00:00,    3, 1027.4,  989.0
2025-12-13 02:00:00,3,1027.8,989.3
2025-12-13 03:00:00,    3, 1027.5,  979.5
2025-12-13 04:00:00,3,1028.8,990.1
2025-12-13 05:00:00,3,1028.9,990.2
2025-12-13 06:00:00,    3, 1029.0,  990.4
2025-12-13 07:00:00,    3, 1028.5,  980.3
2025-12-13 08:00:00,    3, 1029.7,  991.1
2025-12-13 09:00:00,    3, 1029.9,  991.3
2025-12-13 10:00:00,3,1029.9,981.5
2025-12-13 11:00:00,    3, 1029.8,  981.5
2025-12-13 12:00:00,3,1030.4,991.7
2025-12-13 13:00:00,3,1029.8,991.2
2025-12-13 14:00:00,3,1029.9,991.3
2025-12-13 15:00:00,    3, 1029.2,  981.2
2025-12-13 16:00:00,    3, 1030.1,  991.6
2025-12-13 17:00:00,    3, 1029.7,  981.6
2025-12-13 18:00:00,    3, 1030.4,  991.9
2025-12-13 19:00:00,    3, 1029.5,  981.5
2025-12-13 20:00:00,    3, 1029.4,  981.4
2025-12-13 21:00:00,    3, 1029.5,  981.5
2025-12-13 22:00:00,    3, 1029.4,  981.4
2025-12-13 23:00:00,    3, 1029.4,  981.4
2025-12-14 00:00:00,    3, 1029.2,  981.2
2025-12-14 01:00:00,    3, 1029.2,  990.8
2025-12-14 02:00:00,    3, 1028.5,  980.5
2025-12-14 03:00:00,    3, 1028.3,  980.3
2025-12-14 04:00:00,    3, 1028.1,  980.1
2025-12-14 05:00:00,    3, 1028.5,  990.2
2025-12-14 06:00:00,    3, 1028.0,  980.1
2025-12-14 07:00:00,    3, 1028.6,  990.3
2025-12-14 08:00:00,3,1028.8,990.5
2025-12-14 09:00:00,    3, 1028.7,  990.4
2025-12-14 10:00:00,3,1028.1,980.3
2025-12-14 11:00:00,    3, 1028.0,  989.8
2025-12-14 12:00:00,    3, 1027.5,  989.3
2025-12-14 13:00:00,    3, 1026.4,  978.6
2025-12-14 14:00:00,    3, 1025.9,  978.2
2025-12-14 15:00:00,3,1025.7,977.8
2025-12-14 16:00:00,3,1025.6,977.5
2025-12-14 17:00:00,    3, 1025.7,  977.2
2025-12-14 18:00:00,    3, 1025.3,  976.9
2025-12-14 19:00:00,    3, 1025.1,  976.9
2025-12-14 20:00:00,3,1024.9,976.7
2025-12-14 21:00:00,    3, 1025.3,  986.7
2025-12-14 22:00:00,    3, 1024.9,  986.3
2025-12-14 23:00:00,    3, 1024.7,  986.1
2025-12-15 00:00:00,    3, 1024.3,  985.6
2025-12-15 01:00:00,    3, 1024.0,  985.3
2025-12-15 02:00:00,3,1023.8,985.1
2025-12-15 03:00:00,3,1023.8,985.0
2025-12-15 04:00:00,    3, 1023.0,  974.4
2025-12-15 05:00:00,    3, 1022.5,  973.9
2025-12-15 06:00:00,3,1022.6,983.7
2025-12-15 07:00:00,    3, 1022.2,  973.5
2025-12-15 08:00:00,    3, 1022.0,  983.2
2025-12-15 09:00:00,    3, 1021.8,  983.2
2025-12-15 10:00:00,    3, 1021.6,  983.3
2025-12-15 11:00:00,    3, 1020.8,  982.8
2025-12-15 12:00:00,3,1019.2,972.2
2025-12-15 13:00:00,    3, 1018.6,  971.6
2025-12-15 14:00:00,    3, 1018.2,  971.2
2025-12-15 15:00:00,    3, 1017.9,  970.8
2025-12-15 16:00:00,    3, 1018.4,  980.6
2025-12-15 17:00:00,    3, 1018.8,  980.9
2025-12-15 18:00:00,3,1019.0,980.9
2025-12-15 19:00:00,3,1019.2,981.0
2025-12-15 20:00:00,    3, 1019.3,  981.0
2025-12-15 21:00:00,    3, 1019.0,  980.7
2025-12-15 22:00:00,    3, 1018.8,  980.4
2025-12-15 23:00:00,    3, 1018.7,  980.3
2025-12-16 00:00:00,    3, 1018.3,  969.9
2025-12-16 01:00:00,    3, 1017.5,  969.2
2025-12-16 02:00:00,    3, 1017.3,  968.9
2025-12-16 03:00:00,    3, 1017.4,  978.8
2025-12-16 04:00:00,    3, 1017.0,  978.3
2025-12-16 05:00:00,3,1016.9,978.2
2025-12-16 06:00:00,    3, 1016.0,  967.6
2025-12-16 07:00:00,3,1016.6,977.8
2025-12-16 08:00:00,3,1016.3,968.0
2025-12-16 09:00:00,3,1017.0,978.4
2025-12-16 10:00:00,    3, 1016.4,  968.2
2025-12-16 11:00:00,3,1016.1,968.0
2025-12-16 12:00:00,    3, 1015.3,  967.4
2025-12-16 13:00:00,    3, 1015.5,  967.6
2025-12-16 14:00:00,    3, 1015.4,  967.6
2025-12-16 15:00:00,    3, 1015.9,  968.0
2025-12-16 16:00:00,3,1016.2,968.2
2025-12-16 17:00:00,    3, 1017.1,  969.1
2025-12-16 18:00:00,3,1017.3,969.2
2025-12-16 19:00:00,    3, 1017.6,  969.5
2025-12-16 20:00:00,    3, 1018.1,  969.7
2025-12-16 21:00:00,3,1018.3,969.9
2025-12-16 22:00:00,    3, 1018.6,  979.9
2025-12-16 23:00:00,    3, 1018.4,  969.9
2025-12-17 00:00:00,3,1019.1,980.3
2025-12-17 01:00:00,    3, 1019.2,  980.4
2025-12-17 02:00:00,    3, 1019.2,  970.5
2025-12-17 03:00:00,    3, 1019.2,  970.7
2025-12-17 04:00:00,3,1019.6,980.9
2025-12-17 05:00:00,3,1020.3,981.4
2025-12-17 06:00:00,    3, 1020.8,  982.0
2025-12-17 07:00:00,    3, 1021.0,  972.5
2025-12-17 08:00:00,    3, 1021.5,  973.1
2025-12-17 09:00:00,    3, 1021.9,  973.6
2025-12-17 10:00:00,    3, 1022.5,  974.3
2025-12-17 11:00:00,    3, 1022.4,  984.4
2025-12-17 12:00:00,    3, 1022.1,  984.2
2025-12-17 13:00:00,    3, 1022.0,  984.1
2025-12-17 14:00:00,    3, 1021.8,  974.2
2025-12-17 15:00:00,    3, 1022.2,  984.3
2025-12-17 16:00:00,3,1022.5,974.7
2025-12-17 17:00:00,3,1022.9,974.9
2025-12-17 18:00:00,    3, 1023.2,  985.0
2025-12-17 19:00:00,3,1023.5,975.4
2025-12-17 20:00:00,3,1023.4,985.2
2025-12-17 21:00:00,    3, 1024.2,  975.8
2025-12-17 22:00:00,    3, 1024.2,  985.8
2025-12-17 23:00:00,    3, 1024.8,  976.2
2025-12-18 00:00:00,    3, 1024.5,  986.0
2025-12-18 01:00:00,    3, 1024.4,  985.8
2025-12-18 02:00:00,    3, 1025.1,  976.3
2025-12-18 03:00:00,    3, 1025.0,  976.1
2025-12-18 04:00:00,    3, 1024.8,  986.1
2025-12-18 05:00:00,3,1024.8,986.1
2025-12-18 06:00:00,    3, 1025.2,  986.5
2025-12-18 07:00:00,    3, 1025.4,  986.6
2025-12-18 08:00:00,    3, 1025.5,  986.7
2025-12-18 09:00:00,3,1024.5,986.0
2025-12-18 10:00:00,    3, 1024.3,  986.0
2025-12-18 11:00:00,    3, 1023.5,  985.6
2025-12-18 12:00:00,3,1022.6,984.9
2025-12-18 13:00:00,    3, 1021.3,  974.4
2025-12-18 14:00:00,    3, 1021.3,  983.9
2025-12-18 15:00:00,    3, 1020.9,  974.0
2025-12-18 16:00:00,    3, 1021.4,  983.9
2025-12-18 17:00:00,3,1021.2,983.6
2025-12-18 18:00:00,    3, 1021.9,  974.1
2025-12-18 19:00:00,3,1021.4,983.6
2025-12-18 20:00:00,3,1021.8,973.9
2025-12-18 21:00:00,    3, 1021.5,  983.6
2025-12-18 22:00:00,3,1021.8,983.9
2025-12-18 23:00:00,    3, 1021.8,  983.8
2025-12-19 00:00:00,    3, 1022.3,  984.2
2025-12-19 01:00:00,    3, 1022.1,  983.9
2025-12-19 02:00:00,3,1022.3,984.0
2025-12-19 03:00:00,3,1022.2,983.9
2025-12-19 04:00:00,    3, 1021.9,  983.6
2025-12-19 05:00:00,3,1022.4,974.0
2025-12-19 06:00:00,    3, 1021.9,  983.6
2025-12-19 07:00:00,    3, 1022.2,  984.0
2025-12-19 08:00:00,3,1022.6,984.4
2025-12-19 09:00:00,3,1023.3,975.0
2025-12-19 10:00:00,3,1023.4,975.3
2025-12-19 11:00:00,3,1023.2,975.4
2025-12-19 12:00:00,3,1023.0,975.3
2025-12-19 13:00:00,    3, 1022.4,  974.9
2025-12-19 14:00:00,3,1022.3,984.7
2025-12-19 15:00:00,3,1022.2,984.5
2025-12-19 16:00:00,    3, 1021.7,  984.0
2025-12-19 17:00:00,    3, 1021.9,  984.2
2025-12-19 18:00:00,    3, 1022.0,  984.3
2025-12-19 19:00:00,    3, 1022.2,  974.8
2025-12-19 20:00:00,    3, 1022.3,  974.8
2025-12-19 21:00:00,    3, 1022.1,  974.5
2025-12-19 22:00:00,    3, 1022.0,  984.2
2025-12-19 23:00:00,    3, 1021.6,  983.8
2025-12-20 00:00:00,    3, 1021.2,  973.7
2025-12-20 01:00:00,3,1021.0,983.0
2025-12-20 02:00:00,    3, 1020.9,  982.9
2025-12-20 03:00:00,    3, 1020.5,  982.4
2025-12-20 04:00:00,    3, 1020.0,  972.2
2025-12-20 05:00:00,3,1019.6,981.5
2025-12-20 06:00:00,    3, 1019.5,  981.4
2025-12-20 07:00:00,    3, 1019.2,  981.1
2025-12-20 08:00:00,    3, 1018.9,  980.8
2025-12-20 09:00:00,    3, 1018.3,  971.0
2025-12-20 10:00:00,3,1017.6,970.6
2025-12-20 11:00:00,    3, 1017.7,  980.2
2025-12-20 12:00:00,    3, 1016.0,  969.6
2025-12-20 13:00:00,3,1015.8,978.7
2025-12-20 14:00:00,3,1015.6,978.5
2025-12-20 15:00:00,    3, 1015.2,  968.7
2025-12-20 16:00:00,    3, 1015.4,  968.7
2025-12-20 17:00:00,    3, 1015.5,  968.5
2025-12-20 18:00:00,    3, 1015.5,  978.2
2025-12-20 19:00:00,    3, 1015.3,  968.4
2025-12-20 20:00:00,    3, 1015.5,  978.0
2025-12-20 21:00:00,    3, 1015.7,  978.0
2025-12-20 22:00:00,    3, 1015.9,  968.3
2025-12-20 23:00:00,    3, 1015.5,  967.9
2025-12-21 00:00:00,3,1015.3,967.7
2025-12-21 01:00:00,    3, 1015.1,  967.4
2025-12-21 02:00:00,    3, 1015.1,  967.3
2025-12-21 03:00:00,    3, 1015.0,  967.0
2025-12-21 04:00:00,3,1014.7,966.7
2025-12-21 05:00:00,    3, 1014.6,  976.4
2025-12-21 06:00:00,    3, 1014.4,  966.3
2025-12-21 07:00:00,    3, 1014.3,  975.9
2025-12-21 08:00:00,    3, 1013.7,  965.7
2025-12-21 09:00:00,    3, 1013.7,  965.9
2025-12-21 10:00:00,    3, 1013.3,  965.6
2025-12-21 11:00:00,    3, 1012.6,  974.9
2025-12-21 12:00:00,    3, 1011.1,  964.1
2025-12-21 13:00:00,    3, 1010.9,  973.4
2025-12-21 14:00:00,3,1011.0,973.4
2025-12-21 15:00:00,3,1010.9,973.1
2025-12-21 16:00:00,3,1010.8,963.0
2025-12-21 17:00:00,3,1010.5,962.6
2025-12-21 18:00:00,    3, 1010.6,  962.6
2025-12-21 19:00:00,3,1010.5,962.5
2025-12-21 20:00:00,    3, 1010.8,  972.4
2025-12-21 21:00:00,    3, 1010.4,  962.3
2025-12-21 22:00:00,    3, 1010.9,  972.5
2025-12-21 23:00:00,    3, 1011.0,  972.6
2025-12-22 00:00:00,    3, 1010.7,  962.4
2025-12-22 01:00:00,    3, 1010.7,  962.3
2025-12-22 02:00:00,    3, 1010.8,  962.4
2025-12-22 03:00:00,    3, 1010.9,  962.4
2025-12-22 04:00:00,    3, 1011.0,  962.5
2025-12-22 05:00:00,3,1011.3,962.7
2025-12-22 06:00:00,    3, 1011.5,  972.9
2025-12-22 07:00:00,    3, 1011.5,  963.2
2025-12-22 08:00:00,3,1011.6,963.4
2025-12-22 09:00:00,    3, 1012.0,  963.7
2025-12-22 10:00:00,    3, 1012.8,  974.4
2025-12-22 11:00:00,    3, 1011.9,  964.0
2025-12-22 12:00:00,    3, 1011.5,  963.7
2025-12-22 13:00:00,    3, 1011.9,  973.7
2025-12-22 14:00:00,    3, 1011.8,  973.7
2025-12-22 15:00:00,    3, 1011.9,  973.7
2025-12-22 16:00:00,    3, 1012.0,  973.8
2025-12-22 17:00:00,    3, 1011.8,  963.9
2025-12-22 18:00:00,3,1012.7,974.4
2025-12-22 19:00:00,    3, 1012.5,  964.6
2025-12-22 20:00:00,3,1012.4,964.5
2025-12-22 21:00:00,    3, 1012.6,  964.7
2025-12-22 22:00:00,    3, 1012.5,  964.6
2025-12-22 23:00:00,    3, 1012.8,  964.8
2025-12-23 00:00:00,    3, 1012.7,  964.7
2025-12-23 01:00:00,3,1012.5,964.6
2025-12-23 02:00:00,    3, 1012.7,  964.8
2025-12-23 03:00:00,3,1013.4,975.1
2025-12-23 04:00:00,3,1012.7,964.8
2025-12-23 05:00:00,    3, 1013.7,  975.3
2025-12-23 06:00:00,    3, 1014.0,  975.6
2025-12-23 07:00:00,3,1014.3,975.9
2025-12-23 08:00:00,3,1014.5,966.6
2025-12-23 09:00:00,    3, 1014.5,  966.6
2025-12-23 10:00:00,    3, 1015.6,  977.3
2025-12-23 11:00:00,    3, 1015.7,  977.4
2025-12-23 12:00:00,    3, 1015.7,  977.4
2025-12-23 13:00:00,    3, 1015.0,  967.1
2025-12-23 14:00:00,    3, 1016.1,  977.8
2025-12-23 15:00:00,    3, 1015.7,  967.8
2025-12-23 16:00:00,    3, 1016.2,  968.3
2025-12-23 17:00:00,3,1016.8,968.8
2025-12-23 18:00:00,    3, 1018.0,  979.7
2025-12-23 19:00:00,    3, 1018.5,  980.2
2025-12-23 20:00:00,    3, 1018.0,  970.1
2025-12-23 21:00:00,    3, 1018.4,  970.5
2025-12-23 22:00:00,    3, 1018.7,  970.8
2025-12-23 23:00:00,    3, 1019.6,  981.3
2025-12-24 00:00:00,    3, 1019.9,  981.6
2025-12-24 01:00:00,    3, 1020.1,  981.8
2025-12-24 02:00:00,    3, 1020.8,  982.4
2025-12-24 03:00:00,    3, 1019.9,  971.9
2025-12-24 04:00:00,3,1020.1,972.0
2025-12-24 05:00:00,3,1020.4,972.2
2025-12-24 06:00:00,    3, 1020.8,  972.5
2025-12-24 07:00:00,3,1021.1,972.8
2025-12-24 08:00:00,    3, 1022.8,  984.0
2025-12-24 09:00:00,3,1022.1,973.7
2025-12-24 10:00:00,    3, 1022.4,  973.9
2025-12-24 11:00:00,    3, 1023.0,  984.2
2025-12-24 12:00:00,    3, 1022.7,  983.9
2025-12-24 13:00:00,    3, 1022.6,  983.7
2025-12-24 14:00:00,    3, 1022.2,  983.4
2025-12-24 15:00:00,3,1021.0,972.5
2025-12-24 16:00:00,    3, 1020.6,  972.2
2025-12-24 17:00:00,    3, 1020.6,  972.2
2025-12-24 18:00:00,3,1020.8,972.3
2025-12-24 19:00:00,3,1021.1,972.5
2025-12-24 20:00:00,3,1021.3,972.8
2025-12-24 21:00:00,    3, 1022.6,  983.7
2025-12-24 22:00:00,    3, 1021.5,  973.0
2025-12-24 23:00:00,    3, 1022.9,  984.0
2025-12-25 00:00:00,    3, 1021.6,  973.1
2025-12-25 01:00:00,    3, 1022.0,  973.4
2025-12-25 02:00:00,3,1022.2,973.6
2025-12-25 03:00:00,    3, 1023.4,  984.4
2025-12-25 04:00:00,    3, 1023.4,  984.5
2025-12-25 05:00:00,    3, 1023.6,  984.6
2025-12-25 06:00:00,    3, 1023.8,  984.8
2025-12-25 07:00:00,    3, 1024.1,  985.1
2025-12-25 08:00:00,3,1023.4,974.8
2025-12-25 09:00:00,    3, 1024.9,  985.9
2025-12-25 10:00:00,3,1024.0,975.5
2025-12-25 11:00:00,    3, 1023.8,  975.3
2025-12-25 12:00:00,3,1023.2,974.9
2025-12-25 13:00:00,    3, 1023.3,  975.1
2025-12-25 14:00:00,    3, 1023.4,  975.2
2025-12-25 15:00:00,    3, 1023.8,  975.5
2025-12-25 16:00:00,3,1024.7,986.0
2025-12-25 17:00:00,    3, 1025.0,  986.2
2025-12-25 18:00:00,3,1025.8,986.8
2025-12-25 19:00:00,    3, 1025.9,  986.9
2025-12-25 20:00:00,    3, 1025.4,  976.5
2025-12-25 21:00:00,3,1025.7,976.8
2025-12-25 22:00:00,    3, 1026.5,  987.3
2025-12-25 23:00:00,    3, 1026.9,  987.6
2025-12-26 00:00:00,    3, 1026.8,  987.5
2025-12-26 01:00:00,    3, 1027.1,  987.7
2025-12-26 02:00:00,    3, 1026.9,  987.6
2025-12-26 03:00:00,    3, 1026.8,  987.6
2025-12-26 04:00:00,3,1026.7,977.2
2025-12-26 05:00:00,    3, 1027.2,  987.8
2025-12-26 06:00:00,    3, 1027.7,  988.3
2025-12-26 07:00:00,    3, 1027.6,  978.3
2025-12-26 08:00:00,3,1028.7,989.3
2025-12-26 09:00:00,    3, 1028.7,  989.4
2025-12-26 10:00:00,    3, 1028.0,  979.1
2025-12-26 11:00:00,    3, 1028.0,  979.3
2025-12-26 12:00:00,3,1028.0,979.4
2025-12-26 13:00:00,    3, 1028.6,  989.9
2025-12-26 14:00:00,3,1028.3,989.7
2025-12-26 15:00:00,3,1028.3,979.7
2025-12-26 16:00:00,3,1029.1,980.2
2025-12-26 17:00:00,3,1029.8,980.6
2025-12-26 18:00:00,    3, 1030.4,  991.2
2025-12-26 19:00:00,3,1030.8,991.5
2025-12-26 20:00:00,3,1031.0,991.7
2025-12-26 21:00:00,    3, 1030.5,  981.2
2025-12-26 22:00:00,3,1031.0,981.5
2025-12-26 23:00:00,    3, 1031.3,  991.9
2025-12-27 00:00:00,    3, 1030.8,  991.5
2025-12-27 01:00:00,    3, 1030.8,  991.4
2025-12-27 02:00:00,    3, 1029.7,  980.7
2025-12-27 03:00:00,3,1030.5,991.1
2025-12-27 04:00:00,    3, 1029.4,  980.4
2025-12-27 05:00:00,    3, 1030.5,  991.1
2025-12-27 06:00:00,    3, 1030.4,  981.0
2025-12-27 07:00:00,    3, 1031.7,  981.7
2025-12-27 08:00:00,    3, 1032.4,  992.7
2025-12-27 09:00:00,3,1032.1,992.7
2025-12-27 10:00:00,    3, 1032.0,  992.8
2025-12-27 11:00:00,    3, 1030.8,  982.2
2025-12-27 12:00:00,    3, 1030.1,  981.7
2025-12-27 13:00:00,3,1029.8,981.4
2025-12-27 14:00:00,    3, 1029.8,  981.3
2025-12-27 15:00:00,    3, 1030.0,  981.2
2025-12-27 16:00:00,    3, 1030.5,  981.4
2025-12-27 17:00:00,    3, 1030.8,  981.6
2025-12-27 18:00:00,    3, 1030.8,  991.6
2025-12-27 19:00:00,    3, 1030.6,  991.3
2025-12-27 20:00:00,    3, 1031.1,  991.8
2025-12-27 21:00:00,    3, 1031.0,  991.6
2025-12-27 22:00:00,    3, 1031.4,  981.7
2025-12-27 23:00:00,    3, 1030.9,  991.4
2025-12-28 00:00:00,3,1030.8,981.1
2025-12-28 01:00:00,3,1030.6,991.0
2025-12-28 02:00:00,    3, 1031.5,  991.9
2025-12-28 03:00:00,    3, 1031.4,  981.5
2025-12-28 04:00:00,3,1031.6,981.5
2025-12-28 05:00:00,3,1031.6,991.8
2025-12-28 06:00:00,    3, 1031.9,  992.0
2025-12-28 07:00:00,    3, 1031.1,  981.2
2025-12-28 08:00:00,    3, 1031.8,  981.9
2025-12-28 09:00:00,3,1032.4,992.7
2025-12-28 10:00:00,    3, 1032.2,  992.7
2025-12-28 11:00:00,3,1030.7,981.7
2025-12-28 12:00:00,    3, 1029.9,  981.2
2025-12-28 13:00:00,3,1030.0,991.1
2025-12-28 14:00:00,    3, 1028.7,  980.2
2025-12-28 15:00:00,    3, 1028.3,  979.8
2025-12-28 16:00:00,3,1028.8,989.9
2025-12-28 17:00:00,3,1028.6,989.6
2025-12-28 18:00:00,    3, 1027.7,  978.7
2025-12-28 19:00:00,    3, 1028.5,  989.3
2025-12-28 20:00:00,3,1028.3,989.0
2025-12-28 21:00:00,    3, 1027.6,  978.2
2025-12-28 22:00:00,3,1026.9,977.3
2025-12-28 23:00:00,3,1026.5,976.9
2025-12-29 00:00:00,3,1026.7,987.2
2025-12-29 01:00:00,    3, 1026.0,  976.3
2025-12-29 02:00:00,    3, 1026.4,  986.8
2025-12-29 03:00:00,    3, 1026.6,  986.9
2025-12-29 04:00:00,    3, 1026.6,  986.8
2025-12-29 05:00:00,    3, 1026.2,  976.1
2025-12-29 06:00:00,    3, 1025.9,  985.9
2025-12-29 07:00:00,    3, 1026.0,  986.0
2025-12-29 08:00:00,3,1026.6,986.6
2025-12-29 09:00:00,3,1026.6,986.7
2025-12-29 10:00:00,3,1026.1,986.4
2025-12-29 11:00:00,    3, 1024.6,  975.5
2025-12-29 12:00:00,    3, 1023.9,  974.9
2025-12-29 13:00:00,    3, 1023.2,  974.4
2025-12-29 14:00:00,3,1022.8,974.2
2025-12-29 15:00:00,3,1023.7,984.7
2025-12-29 16:00:00,3,1023.9,984.8
2025-12-29 17:00:00,    3, 1024.3,  985.1
2025-12-29 18:00:00,    3, 1024.5,  985.3
2025-12-29 19:00:00,3,1024.0,975.2
2025-12-29 20:00:00,3,1024.0,975.2
2025-12-29 21:00:00,3,1024.0,975.2
2025-12-29 22:00:00,3,1024.6,975.7
2025-12-29 23:00:00,    3, 1024.5,  975.6
2025-12-30 00:00:00,    3, 1024.6,  975.7
2025-12-30 01:00:00,3,1025.2,986.0
2025-12-30 02:00:00,3,1025.7,986.5
2025-12-30 03:00:00,3,1025.7,986.5
2025-12-30 04:00:00,    3, 1025.2,  976.3
2025-12-30 05:00:00,    3, 1025.0,  976.1
2025-12-30 06:00:00,3,1025.3,976.4
2025-12-30 07:00:00,    3, 1025.8,  976.9
2025-12-30 08:00:00,    3, 1026.3,  977.3
2025-12-30 09:00:00,3,1027.4,988.2
2025-12-30 10:00:00,    3, 1027.8,  988.7
2025-12-30 11:00:00,    3, 1027.5,  988.4
2025-12-30 12:00:00,    3, 1026.4,  977.8
2025-12-30 13:00:00,3,1027.0,988.1
2025-12-30 14:00:00,    3, 1027.2,  988.2
2025-12-30 15:00:00,    3, 1026.8,  978.2
2025-12-30 16:00:00,    3, 1027.4,  978.5
2025-12-30 17:00:00,3,1028.5,989.3
2025-12-30 18:00:00,    3, 1029.0,  989.6
2025-12-30 19:00:00,    3, 1029.2,  989.8
2025-12-30 20:00:00,    3, 1029.6,  990.1
2025-12-30 21:00:00,    3, 1029.9,  990.3
2025-12-30 22:00:00,    3, 1029.7,  979.9
2025-12-30 23:00:00,    3, 1029.9,  990.2
2025-12-31 00:00:00,3,1029.4,989.7
2025-12-31 01:00:00,    3, 1029.7,  979.3
2025-12-31 02:00:00,3,1029.8,989.8
2025-12-31 03:00:00,    3, 1029.5,  978.9
2025-12-31 04:00:00,    3, 1029.0,  978.6
2025-12-31 05:00:00,    3, 1028.8,  978.3
2025-12-31 06:00:00,    3, 1029.1,  978.5
2025-12-31 07:00:00,    3, 1029.3,  978.6
2025-12-31 08:00:00,3,1029.5,989.3
2025-12-31 09:00:00,    3, 1029.2,  989.1
2025-12-31 10:00:00,    3, 1028.6,  988.8
2025-12-31 11:00:00,    3, 1027.9,  988.3
2025-12-31 12:00:00,3,1026.8,987.5
2025-12-31 13:00:00,3,1025.0,976.5
2025-12-31 14:00:00,3,1025.2,986.4
2025-12-31 15:00:00,3,1025.1,986.2
2025-12-31 16:00:00,    3, 1025.1,  986.1
2025-12-31 17:00:00,    3, 1024.3,  975.7
2025-12-31 18:00:00,    3, 1024.0,  975.3
2025-12-31 19:00:00,    3, 1024.3,  985.4
2025-12-31 20:00:00,3,1024.0,985.0
2025-12-31 21:00:00,3,1023.7,974.6
2025-12-31 22:00:00,3,1023.4,984.3
2025-12-31 23:00:00,3,1022.3,973.3
2026-01-01 00:00:00,    3, 1021.9,  982.8
2026-01-01 01:00:00,    3, 1021.3,  971.7
2026-01-01 02:00:00,    3, 1020.3,  971.1
2026-01-01 03:00:00,3,1019.1,980.3
2026-01-01 04:00:00,    3, 1018.6,  979.6
2026-01-01 05:00:00,    3, 1018.0,  978.9
2026-01-01 06:00:00,3,1017.1,968.0
2026-01-01 07:00:00,    3, 1016.1,  967.1
2026-01-01 08:00:00,    3, 1015.5,  966.6
2026-01-01 09:00:00,    3, 1014.7,  966.2
2026-01-01 10:00:00,    3, 1013.5,  965.3
2026-01-01 11:00:00,    3, 1012.5,  973.9
2026-01-01 12:00:00,3,1010.1,962.5
2026-01-01 13:00:00,3,1009.1,961.6
2026-01-01 14:00:00,    3, 1009.6,  961.8
2026-01-01 15:00:00,    3, 1010.2,  971.7
2026-01-01 16:00:00,    3, 1009.2,  970.8
2026-01-01 17:00:00,    3, 1008.2,  960.1
2026-01-01 18:00:00,3,1007.8,969.6
2026-01-01 19:00:00,3,1007.8,969.6
2026-01-01 20:00:00,3,1007.1,959.3
2026-01-01 21:00:00,3,1006.6,958.8
2026-01-01 22:00:00,    3, 1005.9,  958.2
2026-01-01 23:00:00,    3, 1005.7,  967.6
2026-01-02 00:00:00,3,1005.1,957.5
2026-01-02 01:00:00,    3, 1004.8,  957.3
2026-01-02 02:00:00,    3, 1005.1,  957.6
2026-01-02 03:00:00,3,1004.7,957.2
2026-01-02 04:00:00,    3, 1004.0,  956.5
2026-01-02 05:00:00,    3, 1003.1,  955.5
2026-01-02 06:00:00,3,1003.3,965.3
2026-01-02 07:00:00,    3, 1003.1,  955.6
2026-01-02 08:00:00,3,1003.9,956.3
2026-01-02 09:00:00,    3, 1004.5,  957.0
2026-01-02 10:00:00,    3, 1004.9,  957.4
2026-01-02 11:00:00,    3, 1004.4,  957.0
2026-01-02 12:00:00,    3, 1003.6,  956.3
2026-01-02 13:00:00,    3, 1003.6,  965.8
2026-01-02 14:00:00,3,1003.6,965.7
2026-01-02 15:00:00,3,1002.8,955.5
2026-01-02 16:00:00,3,1002.9,965.0
2026-01-02 17:00:00,    3, 1002.5,  955.1
2026-01-02 18:00:00,    3, 1003.4,  965.2
2026-01-02 19:00:00,3,1003.4,955.8
2026-01-02 20:00:00,    3, 1004.3,  956.7
2026-01-02 21:00:00,    3, 1005.3,  957.4
2026-01-02 22:00:00,    3, 1006.7,  968.3
2026-01-02 23:00:00,    3, 1007.2,  968.8
2026-01-03 00:00:00,    3, 1007.1,  968.7
2026-01-03 01:00:00,    3, 1008.0,  969.5
2026-01-03 02:00:00,    3, 1008.5,  970.0
2026-01-03 03:00:00,    3, 1008.3,  969.8
2026-01-03 04:00:00,3,1008.4,969.8
2026-01-03 05:00:00,3,1007.8,959.6
2026-01-03 06:00:00,    3, 1008.1,  959.7
2026-01-03 07:00:00,    3, 1008.4,  960.0
2026-01-03 08:00:00,3,1008.9,970.2
2026-01-03 09:00:00,    3, 1008.8,  970.2
2026-01-03 10:00:00,    3, 1008.9,  960.6
2026-01-03 11:00:00,    3, 1008.3,  960.2
2026-01-03 12:00:00,    3, 1007.4,  959.4
2026-01-03 13:00:00,    3, 1006.3,  958.4
2026-01-03 14:00:00,    3, 1006.3,  958.4
2026-01-03 15:00:00,    3, 1007.6,  969.1
2026-01-03 16:00:00,    3, 1008.6,  970.0
2026-01-03 17:00:00,3,1008.6,960.4
2026-01-03 18:00:00,3,1009.5,971.0
2026-01-03 19:00:00,3,1009.4,961.1
2026-01-03 20:00:00,    3, 1010.5,  971.8
2026-01-03 21:00:00,3,1011.0,972.3
2026-01-03 22:00:00,    3, 1011.2,  962.7
2026-01-03 23:00:00,    3, 1011.7,  973.0
2026-01-04 00:00:00,3,1011.9,973.2
2026-01-04 01:00:00,3,1011.8,973.1
2026-01-04 02:00:00,    3, 1012.3,  963.7
2026-01-04 03:00:00,    3, 1012.3,  963.8
2026-01-04 04:00:00,    3, 1012.8,  974.0
2026-01-04 05:00:00,3,1012.6,964.1
2026-01-04 06:00:00,3,1012.9,964.4
2026-01-04 07:00:00,    3, 1013.4,  964.8
2026-01-04 08:00:00,3,1014.2,975.3
2026-01-04 09:00:00,3,1014.2,965.7
2026-01-04 10:00:00,3,1014.5,966.1
2026-01-04 11:00:00,3,1014.0,965.7
2026-01-04 12:00:00,    3, 1013.8,  975.3
2026-01-04 13:00:00,    3, 1012.9,  964.8
2026-01-04 14:00:00,3,1012.7,964.6
2026-01-04 15:00:00,    3, 1013.0,  964.8
2026-01-04 16:00:00,3,1013.7,975.1
2026-01-04 17:00:00,    3, 1013.5,  965.0
2026-01-04 18:00:00,    3, 1013.7,  965.0
2026-01-04 19:00:00,    3, 1014.5,  965.4
2026-01-04 20:00:00,    3, 1014.6,  975.7
2026-01-04 21:00:00,    3, 1014.6,  975.7
2026-01-04 22:00:00,3,1014.8,975.9
2026-01-04 23:00:00,    3, 1014.4,  965.7
2026-01-05 00:00:00,    3, 1014.7,  965.8
2026-01-05 01:00:00,    3, 1014.4,  965.6
2026-01-05 02:00:00,    3, 1015.0,  975.9
2026-01-05 03:00:00,    3, 1015.1,  965.4
2026-01-05 04:00:00,    3, 1015.2,  965.9
2026-01-05 05:00:00,    3, 1015.0,  965.8
2026-01-05 06:00:00,3,1015.1,965.9
2026-01-05 07:00:00,3,1016.3,966.4
2026-01-05 08:00:00,3,1016.5,976.9
2026-01-05 09:00:00,3,1016.4,977.1
2026-01-05 10:00:00,    3, 1015.8,  967.0
2026-01-05 11:00:00,    3, 1016.0,  977.1
2026-01-05 12:00:00,    3, 1015.4,  976.6
2026-01-05 13:00:00,    3, 1014.9,  976.1
2026-01-05 14:00:00,    3, 1014.1,  965.7
2026-01-05 15:00:00,    3, 1014.2,  965.8
2026-01-05 16:00:00,    3, 1015.0,  966.1
2026-01-05 17:00:00,    3, 1015.5,  966.3
2026-01-05 18:00:00,    3, 1015.5,  966.2
2026-01-05 19:00:00,    3, 1016.2,  976.9
2026-01-05 20:00:00,3,1016.2,976.8
2026-01-05 21:00:00,3,1016.3,976.8
2026-01-05 22:00:00,3,1016.3,976.9
2026-01-05 23:00:00,    3, 1016.0,  966.7
2026-01-06 00:00:00,    3, 1016.4,  976.9
2026-01-06 01:00:00,    3, 1016.5,  966.7
2026-01-06 02:00:00,    3, 1016.5,  966.8
2026-01-06 03:00:00,3,1016.7,966.9
2026-01-06 04:00:00,    3, 1016.9,  977.2
2026-01-06 05:00:00,3,1016.9,977.2
2026-01-06 06:00:00,    3, 1016.9,  967.3
2026-01-06 07:00:00,3,1017.3,967.7
2026-01-06 08:00:00,    3, 1018.2,  978.5
2026-01-06 09:00:00,3,1018.8,979.1
2026-01-06 10:00:00,3,1018.5,969.1
2026-01-06 11:00:00,    3, 1019.0,  979.5
2026-01-06 12:00:00,    3, 1018.7,  979.3
2026-01-06 13:00:00,    3, 1017.8,  968.7
2026-01-06 14:00:00,3,1018.5,979.2
2026-01-06 15:00:00,3,1018.9,979.6
2026-01-06 16:00:00,3,1018.6,969.5
2026-01-06 17:00:00,    3, 1018.7,  969.7
2026-01-06 18:00:00,    3, 1019.8,  980.5
2026-01-06 19:00:00,    3, 1020.3,  981.0
2026-01-06 20:00:00,    3, 1020.3,  981.0
2026-01-06 21:00:00,    3, 1020.3,  981.0
2026-01-06 22:00:00,    3, 1019.8,  970.6
2026-01-06 23:00:00,    3, 1019.9,  970.6
2026-01-07 00:00:00,    3, 1019.3,  970.1
2026-01-07 01:00:00,    3, 1019.1,  969.8
2026-01-07 02:00:00,    3, 1018.8,  969.5
2026-01-07 03:00:00,3,1018.6,969.1
2026-01-07 04:00:00,    3, 1019.0,  979.5
2026-01-07 05:00:00,    3, 1019.2,  979.5
2026-01-07 06:00:00,    3, 1019.4,  969.2
2026-01-07 07:00:00,    3, 1019.5,  969.2
2026-01-07 08:00:00,3,1019.2,979.3
2026-01-07 09:00:00,    3, 1018.6,  968.8
2026-01-07 10:00:00,    3, 1017.9,  978.4
2026-01-07 11:00:00,    3, 1016.3,  967.2
2026-01-07 12:00:00,    3, 1015.3,  966.5
2026-01-07 13:00:00,    3, 1014.6,  975.7
2026-01-07 14:00:00,    3, 1013.8,  975.0
2026-01-07 15:00:00,    3, 1013.3,  974.4
2026-01-07 16:00:00,    3, 1013.0,  974.0
2026-01-07 17:00:00,    3, 1012.3,  963.4
2026-01-07 18:00:00,    3, 1012.2,  963.4
2026-01-07 19:00:00,    3, 1012.8,  973.8
2026-01-07 20:00:00,    3, 1012.5,  963.7
2026-01-07 21:00:00,3,1012.7,973.6
2026-01-07 22:00:00,    3, 1012.2,  963.4
2026-01-07 23:00:00,    3, 1012.4,  963.7
2026-01-08 00:00:00,    3, 1012.1,  963.5
2026-01-08 01:00:00,    3, 1012.7,  973.7
2026-01-08 02:00:00,    3, 1012.1,  963.7
2026-01-08 03:00:00,3,1012.6,973.8
2026-01-08 04:00:00,    3, 1012.3,  973.7
2026-01-08 05:00:00,    3, 1012.2,  973.6
2026-01-08 06:00:00,    3, 1011.7,  963.4
2026-01-08 07:00:00,3,1011.3,963.2
2026-01-08 08:00:00,    3, 1012.0,  973.5
2026-01-08 09:00:00,    3, 1011.8,  973.3
2026-01-08 10:00:00,    3, 1010.7,  963.0
2026-01-08 11:00:00,    3, 1010.2,  962.5
2026-01-08 12:00:00,    3, 1009.4,  961.9
2026-01-08 13:00:00,    3, 1008.9,  961.3
2026-01-08 14:00:00,    3, 1008.6,  961.0
2026-01-08 15:00:00,3,1008.4,960.8
2026-01-08 16:00:00,    3, 1008.4,  960.6
2026-01-08 17:00:00,    3, 1008.2,  970.0
2026-01-08 18:00:00,    3, 1007.4,  969.3
2026-01-08 19:00:00,    3, 1007.1,  969.0
2026-01-08 20:00:00,    3, 1006.1,  958.5
2026-01-08 21:00:00,3,1004.8,957.5
2026-01-08 22:00:00,3,1003.7,965.8
2026-01-08 23:00:00,3,1002.1,955.0
2026-01-09 00:00:00,    3, 1000.1,  953.2
2026-01-09 01:00:00,    3,  998.6,  961.1
2026-01-09 02:00:00,3,996.9,950.6
2026-01-09 03:00:00,    3,  995.7,  949.5
2026-01-09 04:00:00,    3,  996.0,  958.9
2026-01-09 05:00:00,    3,  995.8,  958.9
2026-01-09 06:00:00,    3,  995.7,  958.8
2026-01-09 07:00:00,    3,  995.5,  958.6
2026-01-09 08:00:00,    3,  995.9,  959.0
2026-01-09 09:00:00,3,995.1,949.1
2026-01-09 10:00:00,3,994.9,958.1
2026-01-09 11:00:00,3,994.8,958.1
2026-01-09 12:00:00,    3,  994.5,  957.8
2026-01-09 13:00:00,    3,  994.4,  957.6
2026-01-09 14:00:00,    3,  994.8,  957.9
2026-01-09 15:00:00,    3,  995.1,  958.0
2026-01-09 16:00:00,    3,  995.4,  958.3
2026-01-09 17:00:00,3,995.4,949.0
2026-01-09 18:00:00,3,995.7,949.2
2026-01-09 19:00:00,3,995.7,949.2
2026-01-09 20:00:00,    3,  996.8,  959.4
2026-01-09 21:00:00,    3,  997.3,  959.8
2026-01-09 22:00:00,    3,  997.5,  960.0
2026-01-09 23:00:00,    3,  997.9,  960.4
2026-01-10 00:00:00,    3,  998.7,  961.0
2026-01-10 01:00:00,3,998.4,951.4
2026-01-10 02:00:00,    3,  999.3,  961.6
2026-01-10 03:00:00,    3,  999.3,  952.2
2026-01-10 04:00:00,    3,  999.5,  952.4
2026-01-10 05:00:00,    3, 1000.9,  963.1
2026-01-10 06:00:00,    3, 1001.3,  963.5
2026-01-10 07:00:00,3,1002.2,964.3
2026-01-10 08:00:00,3,1002.5,955.2
2026-01-10 09:00:00,3,1003.4,956.0
2026-01-10 10:00:00,    3, 1004.9,  966.9
2026-01-10 11:00:00,3,1005.0,957.6
2026-01-10 12:00:00,3,1006.2,968.2
2026-01-10 13:00:00,    3, 1007.0,  968.9
2026-01-10 14:00:00,3,1007.9,969.8
2026-01-10 15:00:00,3,1009.2,971.0
2026-01-10 16:00:00,3,1010.0,962.2
2026-01-10 17:00:00,    3, 1012.1,  973.6
2026-01-10 18:00:00,    3, 1012.8,  964.7
2026-01-10 19:00:00,    3, 1014.6,  976.0
2026-01-10 20:00:00,    3, 1016.3,  977.5
2026-01-10 21:00:00,    3, 1016.6,  968.2
2026-01-10 22:00:00,3,1018.1,969.5
2026-01-10 23:00:00,3,1019.5,970.7
2026-01-11 00:00:00,3,1021.6,982.3
2026-01-11 01:00:00,3,1021.8,972.8
2026-01-11 02:00:00,3,1023.0,973.9
2026-01-11 03:00:00,    3, 1024.7,  985.2
2026-01-11 04:00:00,3,1024.4,975.2
2026-01-11 05:00:00,    3, 1025.7,  986.2
2026-01-11 06:00:00,    3, 1026.4,  986.9
2026-01-11 07:00:00,3,1025.8,976.5
2026-01-11 08:00:00,    3, 1026.2,  977.0
2026-01-11 09:00:00,3,1026.3,977.1
2026-01-11 10:00:00,3,1026.7,977.6
2026-01-11 11:00:00,    3, 1026.6,  977.6
2026-01-11 12:00:00,3,1026.5,977.6
2026-01-11 13:00:00,    3, 1026.7,  987.6
2026-01-11 14:00:00,    3, 1026.8,  987.7
2026-01-11 15:00:00,    3, 1026.5,  987.4
2026-01-11 16:00:00,    3, 1026.4,  987.4
2026-01-11 17:00:00,    3, 1025.4,  976.7
2026-01-11 18:00:00,    3, 1025.4,  976.7
2026-01-11 19:00:00,    3, 1024.9,  976.0
2026-01-11 20:00:00,    3, 1025.1,  976.1
2026-01-11 21:00:00,3,1025.7,986.5
2026-01-11 22:00:00,3,1024.4,975.3
2026-01-11 23:00:00,3,1024.4,975.0
2026-01-12 00:00:00,    3, 1023.6,  974.2
2026-01-12 01:00:00,    3, 1022.3,  972.9
2026-01-12 02:00:00,3,1021.1,972.2
2026-01-12 03:00:00,3,1020.6,971.9
2026-01-12 04:00:00,    3, 1020.1,  971.3
2026-01-12 05:00:00,    3, 1020.5,  981.5
2026-01-12 06:00:00,    3, 1020.4,  981.4
2026-01-12 07:00:00,3,1018.6,970.1
2026-01-12 08:00:00,    3, 1018.2,  969.5
2026-01-12 09:00:00,3,1017.2,968.9
2026-01-12 10:00:00,    3, 1017.2,  978.6
2026-01-12 11:00:00,3,1016.2,978.0
2026-01-12 12:00:00,    3, 1015.2,  977.5
2026-01-12 13:00:00,3,1014.1,966.9
2026-01-12 14:00:00,    3, 1013.8,  966.8
2026-01-12 15:00:00,3,1014.5,977.0
2026-01-12 16:00:00,3,1014.7,977.2
2026-01-12 17:00:00,    3, 1014.1,  967.1
2026-01-12 18:00:00,3,1014.3,967.4
2026-01-12 19:00:00,    3, 1013.7,  966.9
2026-01-12 20:00:00,3,1013.7,966.9
2026-01-12 21:00:00,3,1013.2,966.5
2026-01-12 22:00:00,3,1014.0,976.6
2026-01-12 23:00:00,3,1013.8,976.3
2026-01-13 00:00:00,3,1013.7,966.8
2026-01-13 01:00:00,    3, 1013.8,  966.8
2026-01-13 02:00:00,    3, 1015.0,  967.5
2026-01-13 03:00:00,3,1014.5,977.2
2026-01-13 04:00:00,    3, 1015.4,  967.8
2026-01-13 05:00:00,    3, 1014.4,  967.4
2026-01-13 06:00:00,    3, 1015.1,  967.7
2026-01-13 07:00:00,    3, 1015.9,  978.2
2026-01-13 08:00:00,    3, 1016.3,  978.6
2026-01-13 09:00:00,    3, 1016.7,  979.0
2026-01-13 10:00:00,    3, 1016.5,  969.2
2026-01-13 11:00:00,    3, 1016.2,  978.6
2026-01-13 12:00:00,    3, 1014.5,  968.2
2026-01-13 13:00:00,3,1013.5,967.3
2026-01-13 14:00:00,    3, 1013.7,  976.7
2026-01-13 15:00:00,    3, 1013.4,  976.4
2026-01-13 16:00:00,3,1013.5,976.3
2026-01-13 17:00:00,3,1013.7,976.4
2026-01-13 18:00:00,3,1013.9,976.6
2026-01-13 19:00:00,    3, 1013.8,  966.9
2026-01-13 20:00:00,    3, 1014.5,  967.1
2026-01-13 21:00:00,    3, 1014.7,  977.2
2026-01-13 22:00:00,3,1014.9,977.3
2026-01-13 23:00:00,3,1015.0,967.4
2026-01-14 00:00:00,    3, 1015.0,  967.4
2026-01-14 01:00:00,    3, 1015.1,  967.4
2026-01-14 02:00:00,3,1015.3,977.5
2026-01-14 03:00:00,    3, 1015.4,  977.5
2026-01-14 04:00:00,    3, 1015.4,  977.6
2026-01-14 05:00:00,    3, 1015.1,  977.7
2026-01-14 06:00:00,3,1015.0,968.1
2026-01-14 07:00:00,3,1015.3,968.5
2026-01-14 08:00:00,3,1016.0,969.2
2026-01-14 09:00:00,3,1016.6,969.8
2026-01-14 10:00:00,3,1017.2,979.9
2026-01-14 11:00:00,3,1016.9,979.8
2026-01-14 12:00:00,    3, 1016.8,  979.7
2026-01-14 13:00:00,    3, 1015.8,  969.6
2026-01-14 14:00:00,    3, 1015.6,  969.4
2026-01-14 15:00:00,    3, 1016.6,  979.6
2026-01-14 16:00:00,3,1016.8,979.7
2026-01-14 17:00:00,    3, 1017.2,  980.1
2026-01-14 18:00:00,    3, 1016.6,  970.0
2026-01-14 19:00:00,    3, 1016.9,  969.9
2026-01-14 20:00:00,3,1017.3,970.0
2026-01-14 21:00:00,    3, 1017.2,  970.0
2026-01-14 22:00:00,3,1017.4,970.1
2026-01-14 23:00:00,    3, 1017.4,  970.1
2026-01-15 00:00:00,    3, 1017.6,  970.0
2026-01-15 01:00:00,    3, 1017.3,  969.8
2026-01-15 02:00:00,    3, 1017.6,  979.8
2026-01-15 03:00:00,    3, 1017.4,  979.6
2026-01-15 04:00:00,    3, 1016.9,  969.3
2026-01-15 05:00:00,    3, 1016.8,  969.2
2026-01-15 06:00:00,    3, 1016.8,  969.2
2026-01-15 07:00:00,    3, 1016.9,  969.5
2026-01-15 08:00:00,3,1017.7,979.8
2026-01-15 09:00:00,3,1017.4,979.6
2026-01-15 10:00:00,    3, 1016.7,  969.8
2026-01-15 11:00:00,    3, 1016.5,  979.2
2026-01-15 12:00:00,    3, 1015.3,  978.3
2026-01-15 13:00:00,    3, 1013.5,  967.5
2026-01-15 14:00:00,    3, 1013.6,  976.8
2026-01-15 15:00:00,    3, 1013.4,  976.5
2026-01-15 16:00:00,    3, 1013.7,  976.6
2026-01-15 17:00:00,3,1013.8,976.5
2026-01-15 18:00:00,3,1013.6,976.3
2026-01-15 19:00:00,3,1013.9,976.5
2026-01-15 20:00:00,    3, 1014.5,  966.9
2026-01-15 21:00:00,    3, 1014.4,  976.8
2026-01-15 22:00:00,3,1014.6,967.0
2026-01-15 23:00:00,    3, 1015.0,  967.0
2026-01-16 00:00:00,    3, 1014.8,  967.1
2026-01-16 01:00:00,    3, 1014.9,  967.2
2026-01-16 02:00:00,    3, 1015.3,  977.3
2026-01-16 03:00:00,    3, 1016.1,  967.8
2026-01-16 04:00:00,3,1016.2,968.0
2026-01-16 05:00:00,3,1015.9,977.7
2026-01-16 06:00:00,    3, 1017.1,  968.8
2026-01-16 07:00:00,    3, 1017.5,  969.1
2026-01-16 08:00:00,    3, 1017.4,  979.2
2026-01-16 09:00:00,3,1018.3,970.2
2026-01-16 10:00:00,3,1018.3,970.5
2026-01-16 11:00:00,3,1017.8,980.2
2026-01-16 12:00:00,    3, 1017.5,  980.1
2026-01-16 13:00:00,    3, 1017.1,  979.9
2026-01-16 14:00:00,    3, 1016.3,  970.0
2026-01-16 15:00:00,    3, 1016.2,  969.8
2026-01-16 16:00:00,3,1016.6,969.8
2026-01-16 17:00:00,3,1016.7,969.8
2026-01-16 18:00:00,3,1017.2,979.8
2026-01-16 19:00:00,    3, 1017.6,  970.1
2026-01-16 20:00:00,    3, 1018.0,  980.2
2026-01-16 21:00:00,3,1017.8,980.0
2026-01-16 22:00:00,    3, 1018.2,  980.2
2026-01-16 23:00:00,    3, 1018.7,  970.6
2026-01-17 00:00:00,    3, 1018.2,  970.4
2026-01-17 01:00:00,    3, 1018.4,  970.5
2026-01-17 02:00:00,3,1019.3,981.0
2026-01-17 03:00:00,3,1019.2,980.8
2026-01-17 04:00:00,    3, 1019.1,  970.9
2026-01-17 05:00:00,3,1019.4,971.0
2026-01-17 06:00:00,3,1019.7,971.3
2026-01-17 07:00:00,    3, 1020.4,  981.7
2026-01-17 08:00:00,    3, 1020.6,  972.1
2026-01-17 09:00:00,    3, 1020.8,  972.4
2026-01-17 10:00:00,    3, 1021.3,  973.0
2026-01-17 11:00:00,    3, 1021.5,  983.0
2026-01-17 12:00:00,    3, 1021.0,  982.7
2026-01-17 13:00:00,3,1020.0,972.5
2026-01-17 14:00:00,3,1021.0,982.8
2026-01-17 15:00:00,3,1020.2,972.6
2026-01-17 16:00:00,3,1021.1,973.0
2026-01-17 17:00:00,    3, 1021.6,  973.2
2026-01-17 18:00:00,    3, 1022.4,  983.6
2026-01-17 19:00:00,3,1022.3,973.7
2026-01-17 20:00:00,    3, 1022.6,  973.8
2026-01-17 21:00:00,3,1022.8,973.9
2026-01-17 22:00:00,    3, 1023.4,  984.3
2026-01-17 23:00:00,    3, 1023.6,  984.5
2026-01-18 00:00:00,    3, 1023.6,  984.5
2026-01-18 01:00:00,    3, 1022.6,  973.7
2026-01-18 02:00:00,    3, 1022.7,  973.7
2026-01-18 03:00:00,    3, 1022.5,  973.6
2026-01-18 04:00:00,    3, 1022.2,  973.3
2026-01-18 05:00:00,    3, 1021.8,  973.1
2026-01-18 06:00:00,    3, 1022.4,  983.5
2026-01-18 07:00:00,3,1022.5,983.6
2026-01-18 08:00:00,    3, 1022.7,  983.8
2026-01-18 09:00:00,3,1022.2,973.6
2026-01-18 10:00:00,    3, 1022.5,  983.8
2026-01-18 11:00:00,3,1021.7,973.4
2026-01-18 12:00:00,    3, 1021.2,  973.0
2026-01-18 13:00:00,    3, 1021.3,  982.7
2026-01-18 14:00:00,    3, 1021.0,  982.4
2026-01-18 15:00:00,    3, 1020.9,  982.4
2026-01-18 16:00:00,    3, 1021.0,  982.4
2026-01-18 17:00:00,    3, 1021.0,  982.4
2026-01-18 18:00:00,    3, 1020.6,  972.3
2026-01-18 19:00:00,    3, 1020.4,  972.1
2026-01-18 20:00:00,    3, 1020.5,  972.0
2026-01-18 21:00:00,3,1021.0,982.3
2026-01-18 22:00:00,    3, 1020.8,  972.1
2026-01-18 23:00:00,3,1021.0,982.1
2026-01-19 00:00:00,3,1020.9,982.0
2026-01-19 01:00:00,    3, 1020.7,  981.8
2026-01-19 02:00:00,    3, 1020.9,  981.9
2026-01-19 03:00:00,    3, 1020.7,  981.7
2026-01-19 04:00:00,    3, 1020.8,  981.7
2026-01-19 05:00:00,    3, 1020.7,  981.6
2026-01-19 06:00:00,    3, 1020.9,  981.8
2026-01-19 07:00:00,3,1021.2,982.1
2026-01-19 08:00:00,    3, 1021.1,  972.2
2026-01-19 09:00:00,    3, 1021.6,  972.7
2026-01-19 10:00:00,    3, 1021.6,  972.8
2026-01-19 11:00:00,    3, 1021.4,  972.7
2026-01-19 12:00:00,3,1021.0,972.4
2026-01-19 13:00:00,    3, 1020.6,  982.1
2026-01-19 14:00:00,    3, 1020.6,  982.1
2026-01-19 15:00:00,    3, 1019.6,  971.9
2026-01-19 16:00:00,    3, 1020.0,  972.1
2026-01-19 17:00:00,    3, 1021.4,  982.6
2026-01-19 18:00:00,3,1021.0,972.5
2026-01-19 19:00:00,3,1021.8,982.9
2026-01-19 20:00:00,    3, 1022.0,  983.0
2026-01-19 21:00:00,    3, 1021.9,  982.9
2026-01-19 22:00:00,3,1022.2,983.1
2026-01-19 23:00:00,    3, 1022.3,  973.1
2026-01-20 00:00:00,3,1022.0,972.9
2026-01-20 01:00:00,    3, 1022.1,  972.9
2026-01-20 02:00:00,    3, 1021.8,  972.7
2026-01-20 03:00:00,    3, 1021.6,  972.5
2026-01-20 04:00:00,    3, 1021.7,  972.4
2026-01-20 05:00:00,3,1021.3,972.0
2026-01-20 06:00:00,    3, 1021.2,  972.0
2026-01-20 07:00:00,    3, 1021.4,  982.0
2026-01-20 08:00:00,    3, 1021.5,  982.1
2026-01-20 09:00:00,    3, 1021.4,  982.2
2026-01-20 10:00:00,    3, 1020.6,  972.0
2026-01-20 11:00:00,    3, 1020.0,  971.7
2026-01-20 12:00:00,    3, 1018.9,  971.0
2026-01-20 13:00:00,    3, 1017.7,  970.2
2026-01-20 14:00:00,    3, 1017.1,  969.8
2026-01-20 15:00:00,3,1018.6,980.0
2026-01-20 16:00:00,3,1018.6,979.9
2026-01-20 17:00:00,    3, 1018.4,  979.6
2026-01-20 18:00:00,    3, 1018.0,  979.3
2026-01-20 19:00:00,    3, 1017.8,  979.0
2026-01-20 20:00:00,3,1016.6,968.2
2026-01-20 21:00:00,3,1016.6,967.8
2026-01-20 22:00:00,    3, 1016.2,  967.5
2026-01-20 23:00:00,    3, 1016.3,  977.4
2026-01-21 00:00:00,    3, 1015.5,  966.5
2026-01-21 01:00:00,    3, 1015.4,  976.2
2026-01-21 02:00:00,    3, 1014.5,  965.5
2026-01-21 03:00:00,    3, 1013.9,  975.0
2026-01-21 04:00:00,    3, 1013.3,  974.4
2026-01-21 05:00:00,3,1012.4,963.4
2026-01-21 06:00:00,    3, 1012.0,  973.1
2026-01-21 07:00:00,3,1011.8,962.7
2026-01-21 08:00:00,    3, 1011.1,  962.3
2026-01-21 09:00:00,3,1010.1,961.6
2026-01-21 10:00:00,    3, 1009.2,  961.1
2026-01-21 11:00:00,    3, 1008.5,  970.4
2026-01-21 12:00:00,    3, 1007.5,  969.6
2026-01-21 13:00:00,    3, 1006.3,  968.6
2026-01-21 14:00:00,    3, 1005.3,  967.7
2026-01-21 15:00:00,    3, 1004.5,  967.0
2026-01-21 16:00:00,3,1004.2,966.5
2026-01-21 17:00:00,    3, 1003.8,  965.9
2026-01-21 18:00:00,3,1003.2,965.3
2026-01-21 19:00:00,3,1002.2,954.6
2026-01-21 20:00:00,3,1001.4,953.8
2026-01-21 21:00:00,3,1001.6,963.4
2026-01-21 22:00:00,    3, 1000.7,  952.9
2026-01-21 23:00:00,3,1000.9,962.6
2026-01-22 00:00:00,3,1000.5,962.2
2026-01-22 01:00:00,3,1000.2,961.8
2026-01-22 02:00:00,3,1000.0,961.5
2026-01-22 03:00:00,3,999.9,961.4
2026-01-22 04:00:00,    3,  999.9,  951.6
2026-01-22 05:00:00,3,1000.2,951.6
2026-01-22 06:00:00,    3, 1000.3,  961.5
2026-01-22 07:00:00,    3,  999.9,  951.4
2026-01-22 08:00:00,    3, 1000.1,  951.7
2026-01-22 09:00:00,    3,  999.4,  951.6
2026-01-22 10:00:00,    3, 1000.1,  961.9
2026-01-22 11:00:00,    3,  999.2,  951.7
2026-01-22 12:00:00,    3,  998.7,  951.6
2026-01-22 13:00:00,    3,  999.3,  961.5
2026-01-22 14:00:00,    3,  999.4,  961.7
2026-01-22 15:00:00,    3,  999.5,  961.7
2026-01-22 16:00:00,    3,  999.1,  951.9
2026-01-22 17:00:00,3,1000.1,962.2
2026-01-22 18:00:00,3,1000.2,962.3
2026-01-22 19:00:00,3,999.8,952.2
2026-01-22 20:00:00,    3, 1000.1,  952.3
2026-01-22 21:00:00,    3, 1000.1,  952.4
2026-01-22 22:00:00,    3, 1000.0,  952.3
2026-01-22 23:00:00,3,999.9,952.2
2026-01-23 00:00:00,    3,  999.7,  951.9
2026-01-23 01:00:00,    3,  999.7,  951.8
2026-01-23 02:00:00,3,1000.3,962.0
2026-01-23 03:00:00,    3,  999.6,  951.7
2026-01-23 04:00:00,    3,  999.1,  951.3
2026-01-23 05:00:00,    3,  998.8,  951.0
2026-01-23 06:00:00,    3,  999.2,  960.9
2026-01-23 07:00:00,    3,  998.7,  950.9
2026-01-23 08:00:00,3,998.8,951.0
2026-01-23 09:00:00,    3,  999.4,  961.2
2026-01-23 10:00:00,    3,  999.1,  961.2
2026-01-23 11:00:00,3,998.0,950.9
2026-01-23 12:00:00,    3,  998.0,  960.5
2026-01-23 13:00:00,3,997.4,960.2
2026-01-23 14:00:00,3,996.8,950.2
2026-01-23 15:00:00,    3,  997.4,  960.2
2026-01-23 16:00:00,    3,  997.2,  950.3
2026-01-23 17:00:00,3,997.6,950.5
2026-01-23 18:00:00,3,998.0,950.7
2026-01-23 19:00:00,3,998.2,950.8
2026-01-23 20:00:00,    3,  998.3,  950.8
2026-01-23 21:00:00,    3,  998.6,  951.1
2026-01-23 22:00:00,    3,  999.6,  961.5
2026-01-23 23:00:00,    3,  999.5,  951.6
2026-01-24 00:00:00,3,1000.4,962.2
2026-01-24 01:00:00,    3, 1001.7,  963.3
2026-01-24 02:00:00,    3, 1002.0,  963.5
2026-01-24 03:00:00,3,1002.3,953.9
2026-01-24 04:00:00,3,1002.6,964.0
2026-01-24 05:00:00,3,1003.1,964.6
2026-01-24 06:00:00,    3, 1002.7,  954.4
2026-01-24 07:00:00,3,1002.9,954.7
2026-01-24 08:00:00,3,1003.7,965.0
2026-01-24 09:00:00,    3, 1004.2,  965.6
2026-01-24 10:00:00,    3, 1003.4,  955.6
2026-01-24 11:00:00,    3, 1004.2,  965.8
2026-01-24 12:00:00,    3, 1002.2,  954.9
2026-01-24 13:00:00,    3, 1002.8,  964.9
2026-01-24 14:00:00,    3, 1002.5,  964.7
2026-01-24 15:00:00,    3, 1002.3,  964.4
2026-01-24 16:00:00,    3, 1001.4,  954.1
2026-01-24 17:00:00,    3, 1002.7,  964.5
2026-01-24 18:00:00,    3, 1003.2,  964.9
2026-01-24 19:00:00,3,1003.9,965.5
2026-01-24 20:00:00,    3, 1003.3,  955.3
2026-01-24 21:00:00,    3, 1003.1,  955.0
2026-01-24 22:00:00,    3, 1003.4,  964.9
2026-01-24 23:00:00,    3, 1003.0,  954.9
2026-01-25 00:00:00,    3, 1002.8,  954.7
2026-01-25 01:00:00,3,1003.2,964.6
2026-01-25 02:00:00,    3, 1002.3,  954.1
2026-01-25 03:00:00,    3, 1002.0,  953.9
2026-01-25 04:00:00,3,1001.9,953.9
2026-01-25 05:00:00,3,1001.3,953.3
2026-01-25 06:00:00,    3, 1001.7,  963.1
2026-01-25 07:00:00,    3, 1001.9,  963.3
2026-01-25 08:00:00,    3, 1001.4,  962.9
2026-01-25 09:00:00,    3, 1000.2,  952.4
2026-01-25 10:00:00,    3, 1000.7,  962.4
2026-01-25 11:00:00,    3,  999.5,  951.8
2026-01-25 12:00:00,    3,  998.9,  951.3
2026-01-25 13:00:00,    3,  998.2,  950.8
2026-01-25 14:00:00,3,998.7,960.7
2026-01-25 15:00:00,3,998.9,960.8
2026-01-25 16:00:00,3,997.7,950.3
2026-01-25 17:00:00,    3,  997.1,  949.7
2026-01-25 18:00:00,    3,  997.6,  959.5
2026-01-25 19:00:00,    3,  997.6,  959.5
2026-01-25 20:00:00,    3,  997.8,  959.6
2026-01-25 21:00:00,    3,  997.6,  959.4
2026-01-25 22:00:00,    3,  997.5,  959.3
2026-01-25 23:00:00,    3,  996.6,  949.1
2026-01-26 00:00:00,3,996.6,949.1
2026-01-26 01:00:00,    3,  997.6,  959.4
2026-01-26 02:00:00,    3,  997.6,  959.5
2026-01-26 03:00:00,    3,  997.8,  959.6
2026-01-26 04:00:00,    3,  997.2,  949.8
2026-01-26 05:00:00,3,998.0,960.0
2026-01-26 06:00:00,    3,  998.5,  960.5
2026-01-26 07:00:00,    3,  998.5,  951.3
2026-01-26 08:00:00,    3,  999.6,  961.9
2026-01-26 09:00:00,3,1000.4,962.8
2026-01-26 10:00:00,3,1001.0,963.4
2026-01-26 11:00:00,3,1001.5,963.9
2026-01-26 12:00:00,3,1001.3,963.8
2026-01-26 13:00:00,    3, 1001.4,  964.0
2026-01-26 14:00:00,    3, 1001.1,  954.4
2026-01-26 15:00:00,    3, 1001.9,  955.2
2026-01-26 16:00:00,    3, 1002.9,  965.5
2026-01-26 17:00:00,    3, 1003.8,  966.2
2026-01-26 18:00:00,    3, 1004.2,  966.6
2026-01-26 19:00:00,3,1004.7,967.1
2026-01-26 20:00:00,    3, 1004.6,  957.5
2026-01-26 21:00:00,3,1005.9,968.2
2026-01-26 22:00:00,3,1006.2,968.4
2026-01-26 23:00:00,    3, 1006.2,  968.4
2026-01-27 00:00:00,    3, 1005.9,  968.0
2026-01-27 01:00:00,    3, 1005.0,  957.6
2026-01-27 02:00:00,    3, 1005.0,  957.3
2026-01-27 03:00:00,    3, 1004.2,  956.7
2026-01-27 04:00:00,3,1003.6,965.7
2026-01-27 05:00:00,    3, 1003.1,  965.2
2026-01-27 06:00:00,    3, 1002.8,  964.8
2026-01-27 07:00:00,3,1002.2,964.1
2026-01-27 08:00:00,3,1001.9,954.0
2026-01-27 09:00:00,3,1001.4,963.5
2026-01-27 10:00:00,3,1000.7,953.4
2026-01-27 11:00:00,    3,  999.7,  962.2
2026-01-27 12:00:00,    3,  998.2,  951.6
2026-01-27 13:00:00,    3,  997.0,  950.6
2026-01-27 14:00:00,3,996.5,950.1
2026-01-27 15:00:00,    3,  996.7,  950.3
2026-01-27 16:00:00,3,997.0,959.9
2026-01-27 17:00:00,3,996.7,959.5
2026-01-27 18:00:00,    3,  996.2,  949.3
2026-01-27 19:00:00,    3,  996.0,  958.6
2026-01-27 20:00:00,    3,  995.7,  948.8
2026-01-27 21:00:00,    3,  995.8,  958.4
2026-01-27 22:00:00,    3,  995.5,  958.2
2026-01-27 23:00:00,    3,  995.1,  948.2
2026-01-28 00:00:00,    3,  994.6,  947.8
2026-01-28 01:00:00,    3,  994.5,  947.7
2026-01-28 02:00:00,    3,  994.7,  957.3
2026-01-28 03:00:00,    3,  993.6,  946.8
2026-01-28 04:00:00,3,992.7,946.0
2026-01-28 05:00:00,3,992.6,946.0
2026-01-28 06:00:00,    3,  993.0,  955.6
2026-01-28 07:00:00,    3,  992.6,  945.8
2026-01-28 08:00:00,3,993.2,955.8
2026-01-28 09:00:00,3,992.5,945.9
2026-01-28 10:00:00,3,992.9,955.5
2026-01-28 11:00:00,3,992.7,955.3
2026-01-28 12:00:00,3,992.3,955.0
2026-01-28 13:00:00,    3,  991.7,  954.5
2026-01-28 14:00:00,    3,  991.7,  954.4
2026-01-28 15:00:00,    3,  991.9,  954.6
2026-01-28 16:00:00,    3,  991.4,  944.9
2026-01-28 17:00:00,    3,  992.7,  955.3
2026-01-28 18:00:00,    3,  992.5,  945.9
2026-01-28 19:00:00,    3,  993.6,  956.1
2026-01-28 20:00:00,    3,  993.3,  946.6
2026-01-28 21:00:00,3,994.3,956.8
2026-01-28 22:00:00,    3,  994.4,  956.9
2026-01-28 23:00:00,    3,  994.9,  957.3
2026-01-29 00:00:00,    3,  995.2,  957.6
2026-01-29 01:00:00,    3,  995.7,  958.1
2026-01-29 02:00:00,    3,  996.4,  958.7
2026-01-29 03:00:00,3,996.8,959.0
2026-01-29 04:00:00,3,997.1,959.3
2026-01-29 05:00:00,    3,  997.3,  959.5
2026-01-29 06:00:00,    3,  997.0,  949.9
2026-01-29 07:00:00,    3,  997.9,  950.7
2026-01-29 08:00:00,    3,  998.7,  951.4
2026-01-29 09:00:00,    3,  999.6,  961.7
2026-01-29 10:00:00,3,999.9,962.0
2026-01-29 11:00:00,3,999.5,952.3
2026-01-29 12:00:00,    3, 1000.0,  962.2
2026-01-29 13:00:00,    3,  999.9,  962.1
2026-01-29 14:00:00,    3,  999.8,  952.6
2026-01-29 15:00:00,3,1000.7,962.8
2026-01-29 16:00:00,3,1001.0,963.1
2026-01-29 17:00:00,    3, 1000.8,  953.5
2026-01-29 18:00:00,    3, 1001.2,  953.9
2026-01-29 19:00:00,    3, 1001.4,  963.6
2026-01-29 20:00:00,    3, 1001.4,  963.6
2026-01-29 21:00:00,    3, 1001.4,  963.5
2026-01-29 22:00:00,    3, 1001.1,  963.2
2026-01-29 23:00:00,    3, 1001.1,  953.5
2026-01-30 00:00:00,    3, 1001.1,  953.4
2026-01-30 01:00:00,    3, 1000.9,  953.2
2026-01-30 02:00:00,    3, 1000.9,  953.1
2026-01-30 03:00:00,    3, 1000.8,  962.7
2026-01-30 04:00:00,3,1000.7,962.5
2026-01-30 05:00:00,    3, 1000.5,  962.3
2026-01-30 06:00:00,    3, 1000.9,  962.6
2026-01-30 07:00:00,    3, 1001.0,  952.9
2026-01-30 08:00:00,    3, 1001.4,  953.3
2026-01-30 09:00:00,    3, 1000.9,  953.2
2026-01-30 10:00:00,    3, 1000.8,  953.3
2026-01-30 11:00:00,3,1000.4,953.1
2026-01-30 12:00:00,    3,  999.6,  952.8
2026-01-30 13:00:00,    3,  999.4,  952.5
2026-01-30 14:00:00,3,999.5,952.7
2026-01-30 15:00:00,    3,  999.8,  953.0
2026-01-30 16:00:00,    3,  999.8,  953.0
2026-01-30 17:00:00,    3, 1000.5,  963.1
2026-01-30 18:00:00,    3, 1000.9,  963.4
2026-01-30 19:00:00,    3, 1001.0,  963.5
2026-01-30 20:00:00,3,1001.1,963.5
2026-01-30 21:00:00,3,1001.2,963.6
2026-01-30 22:00:00,3,1001.0,953.9
2026-01-30 23:00:00,    3, 1001.0,  953.9
2026-01-31 00:00:00,3,1001.0,953.9
2026-01-31 01:00:00,3,1001.1,953.9
2026-01-31 02:00:00,    3, 1001.1,  953.9
2026-01-31 03:00:00,    3, 1001.1,  953.8
2026-01-31 04:00:00,    3, 1001.5,  954.0
2026-01-31 05:00:00,    3, 1001.9,  964.0
2026-01-31 06:00:00,    3, 1002.6,  954.8
2026-01-31 07:00:00,3,1003.3,965.2
2026-01-31 08:00:00,    3, 1003.3,  955.8
2026-01-31 09:00:00,    3, 1004.1,  966.0
2026-01-31 10:00:00,3,1004.1,956.5
2026-01-31 11:00:00,    3, 1004.6,  966.7
2026-01-31 12:00:00,    3, 1004.2,  956.9
2026-01-31 13:00:00,    3, 1004.3,  966.8
2026-01-31 14:00:00,    3, 1004.8,  967.4
2026-01-31 15:00:00,3,1005.1,958.2
2026-01-31 16:00:00,    3, 1005.7,  958.7
2026-01-31 17:00:00,    3, 1006.7,  959.4
2026-01-31 18:00:00,    3, 1008.0,  970.1
2026-01-31 19:00:00,3,1008.6,960.8
2026-01-31 20:00:00,    3, 1009.4,  971.2
2026-01-31 21:00:00,    3, 1009.8,  971.6
2026-01-31 22:00:00,    3, 1010.3,  972.1
2026-01-31 23:00:00,    3, 1010.7,  972.4
2026-02-01 00:00:00,    3, 1010.6,  972.3
2026-02-01 01:00:00,    3, 1010.3,  962.4
2026-02-01 02:00:00,3,1010.4,962.6
2026-02-01 03:00:00,    3, 1010.3,  962.5
2026-02-01 04:00:00,    3, 1010.7,  972.4
2026-02-01 05:00:00,    3, 1010.8,  972.5
2026-02-01 06:00:00,    3, 1011.2,  972.9
2026-02-01 07:00:00,3,1011.1,963.1
2026-02-01 08:00:00,    3, 1011.3,  973.0
2026-02-01 09:00:00,3,1011.1,972.9
2026-02-01 10:00:00,    3, 1010.7,  963.0
2026-02-01 11:00:00,    3, 1010.2,  962.7
2026-02-01 12:00:00,    3, 1009.5,  962.3
2026-02-01 13:00:00,    3, 1009.2,  971.5
2026-02-01 14:00:00,3,1008.4,961.4
2026-02-01 15:00:00,    3, 1008.5,  970.9
2026-02-01 16:00:00,3,1008.3,970.6
2026-02-01 17:00:00,    3, 1008.0,  970.2
2026-02-01 18:00:00,    3, 1008.0,  960.3
2026-02-01 19:00:00,3,1007.8,960.0
2026-02-01 20:00:00,3,1007.9,969.9
2026-02-01 21:00:00,3,1008.1,970.0
2026-02-01 22:00:00,3,1008.2,970.0
2026-02-01 23:00:00,3,1007.8,969.6
2026-02-02 00:00:00,3,1007.3,969.0
2026-02-02 01:00:00,    3, 1006.7,  958.5
2026-02-02 02:00:00,    3, 1006.4,  968.1
2026-02-02 03:00:00,    3, 1005.4,  967.2
2026-02-02 04:00:00,    3, 1005.2,  967.0
2026-02-02 05:00:00,    3, 1004.5,  956.7
2026-02-02 06:00:00,3,1004.7,966.5
2026-02-02 07:00:00,    3, 1003.7,  956.0
2026-02-02 08:00:00,    3, 1004.0,  965.9
2026-02-02 09:00:00,    3, 1003.4,  955.8
2026-02-02 10:00:00,    3, 1003.4,  955.9
2026-02-02 11:00:00,    3, 1003.0,  955.6
2026-02-02 12:00:00,    3, 1003.0,  965.3
2026-02-02 13:00:00,3,1002.1,955.0
2026-02-02 14:00:00,3,1001.9,964.4
2026-02-02 15:00:00,3,1001.8,964.3
2026-02-02 16:00:00,3,1001.9,964.3
2026-02-02 17:00:00,3,1001.7,954.4
2026-02-02 18:00:00,    3, 1001.7,  954.4
2026-02-02 19:00:00,3,1002.2,964.3
2026-02-02 20:00:00,3,1002.1,964.1
2026-02-02 21:00:00,3,1001.3,953.8
2026-02-02 22:00:00,3,1001.1,953.4
2026-02-02 23:00:00,    3, 1001.1,  953.5
2026-02-03 00:00:00,    3, 1001.0,  953.5
2026-02-03 01:00:00,    3, 1001.3,  963.2
2026-02-03 02:00:00,    3, 1000.6,  953.0
2026-02-03 03:00:00,    3,  999.8,  952.3
2026-02-03 04:00:00,    3,  999.9,  961.8
2026-02-03 05:00:00,    3,  999.4,  961.4
2026-02-03 06:00:00,3,999.2,961.2
2026-02-03 07:00:00,    3,  999.2,  961.2
2026-02-03 08:00:00,    3,  998.0,  960.1
2026-02-03 09:00:00,    3,  998.0,  950.6
2026-02-03 10:00:00,3,999.4,961.5
2026-02-03 11:00:00,    3, 1000.2,  962.4
2026-02-03 12:00:00,    3, 1000.4,  953.2
2026-02-03 13:00:00,3,1000.8,963.1
2026-02-03 14:00:00,    3, 1001.2,  963.6
2026-02-03 15:00:00,3,1002.1,964.5
2026-02-03 16:00:00,3,1002.8,965.1
2026-02-03 17:00:00,3,1003.2,965.4
2026-02-03 18:00:00,    3, 1003.3,  965.5
2026-02-03 19:00:00,3,1002.8,955.8
2026-02-03 20:00:00,3,1003.7,965.9
2026-02-03 21:00:00,3,1003.9,966.0
2026-02-03 22:00:00,    3, 1004.2,  956.5
2026-02-03 23:00:00,    3, 1004.2,  956.4
2026-02-04 00:00:00,    3, 1004.4,  956.5
2026-02-04 01:00:00,    3, 1004.0,  956.1
2026-02-04 02:00:00,3,1003.8,955.7
2026-02-04 03:00:00,    3, 1003.2,  965.1
2026-02-04 04:00:00,    3, 1002.6,  964.5
2026-02-04 05:00:00,    3, 1002.1,  964.0
2026-02-04 06:00:00,3,1001.6,963.4
2026-02-04 07:00:00,3,1001.1,953.2
2026-02-04 08:00:00,3,1001.5,963.3
2026-02-04 09:00:00,3,999.8,952.5
2026-02-04 10:00:00,    3,  999.7,  961.9
2026-02-04 11:00:00,    3,  997.9,  951.3
2026-02-04 12:00:00,    3,  996.5,  950.2
2026-02-04 13:00:00,    3,  995.5,  949.3
2026-02-04 14:00:00,3,994.8,948.5
2026-02-04 15:00:00,    3,  995.4,  958.3
2026-02-04 16:00:00,    3,  995.0,  957.9
2026-02-04 17:00:00,    3,  994.6,  957.4
2026-02-04 18:00:00,    3,  993.8,  947.1
2026-02-04 19:00:00,3,994.5,957.0
2026-02-04 20:00:00,3,994.3,956.8
2026-02-04 21:00:00,3,994.2,956.6
2026-02-04 22:00:00,    3,  993.7,  946.4
2026-02-04 23:00:00,    3,  994.1,  946.7
2026-02-05 00:00:00,    3,  994.1,  946.7
2026-02-05 01:00:00,    3,  994.1,  946.6
2026-02-05 02:00:00,3,994.4,946.8
2026-02-05 03:00:00,    3,  994.7,  956.8
2026-02-05 04:00:00,    3,  994.5,  956.6
2026-02-05 05:00:00,    3,  994.8,  956.8
2026-02-05 06:00:00,3,994.6,947.1
2026-02-05 07:00:00,    3,  994.8,  947.4
2026-02-05 08:00:00,    3,  994.9,  947.5
2026-02-05 09:00:00,    3,  994.7,  947.4
2026-02-05 10:00:00,    3,  994.8,  947.4
2026-02-05 11:00:00,    3,  994.8,  957.0
2026-02-05 12:00:00,3,993.8,956.4
2026-02-05 13:00:00,3,993.1,956.0
2026-02-05 14:00:00,3,992.3,955.4
2026-02-05 15:00:00,    3,  991.8,  955.0
2026-02-05 16:00:00,    3,  991.4,  954.6
2026-02-05 17:00:00,    3,  991.8,  954.8
2026-02-05 18:00:00,    3,  991.2,  954.1
2026-02-05 19:00:00,3,990.1,943.4
2026-02-05 20:00:00,    3,  989.4,  942.5
2026-02-05 21:00:00,    3,  989.4,  942.6
2026-02-05 22:00:00,    3,  989.6,  942.7
2026-02-05 23:00:00,    3,  990.4,  952.7
2026-02-06 00:00:00,3,989.6,942.5
2026-02-06 01:00:00,3,989.7,942.5
2026-02-06 02:00:00,3,990.2,952.4
2026-02-06 03:00:00,3,989.6,942.4
2026-02-06 04:00:00,    3,  990.9,  953.0
2026-02-06 05:00:00,3,990.8,943.6
2026-02-06 06:00:00,    3,  992.1,  954.2
2026-02-06 07:00:00,    3,  992.9,  955.0
2026-02-06 08:00:00,    3,  993.5,  955.7
2026-02-06 09:00:00,    3,  993.1,  946.2
2026-02-06 10:00:00,    3,  993.6,  946.8
2026-02-06 11:00:00,3,993.9,947.2
2026-02-06 12:00:00,    3,  994.9,  957.6
2026-02-06 13:00:00,3,995.0,957.8
2026-02-06 14:00:00,3,993.6,948.0
2026-02-06 15:00:00,    3,  995.8,  958.7
2026-02-06 16:00:00,    3,  994.9,  949.2
2026-02-06 17:00:00,    3,  995.8,  950.0
2026-02-06 18:00:00,3,997.4,960.2
2026-02-06 19:00:00,3,997.7,951.6
2026-02-06 20:00:00,    3,  998.2,  952.0
2026-02-06 21:00:00,    3,  999.3,  962.5
2026-02-06 22:00:00,3,1000.1,963.2
2026-02-06 23:00:00,    3, 1000.8,  963.9
2026-02-07 00:00:00,    3, 1001.0,  954.5
2026-02-07 01:00:00,    3, 1001.3,  955.0
2026-02-07 02:00:00,    3, 1001.7,  955.3
2026-02-07 03:00:00,3,1002.3,955.5
2026-02-07 04:00:00,    3, 1002.8,  965.6
2026-02-07 05:00:00,3,1003.3,966.1
2026-02-07 06:00:00,    3, 1003.3,  956.8
2026-02-07 07:00:00,3,1004.4,967.1
2026-02-07 08:00:00,    3, 1004.8,  967.5
2026-02-07 09:00:00,    3, 1005.1,  967.9
2026-02-07 10:00:00,3,1004.8,958.4
2026-02-07 11:00:00,    3, 1004.4,  958.4
2026-02-07 12:00:00,    3, 1003.8,  958.1
2026-02-07 13:00:00,    3, 1003.6,  957.8
2026-02-07 14:00:00,    3, 1003.8,  957.9
2026-02-07 15:00:00,    3, 1005.0,  968.1
2026-02-07 16:00:00,    3, 1004.6,  958.5
2026-02-07 17:00:00,3,1005.3,958.9
2026-02-07 18:00:00,3,1005.9,959.4
2026-02-07 19:00:00,    3, 1007.2,  969.9
2026-02-07 20:00:00,    3, 1007.7,  960.2
2026-02-07 21:00:00,    3, 1007.7,  960.4
2026-02-07 22:00:00,    3, 1008.1,  970.4
2026-02-07 23:00:00,    3, 1008.4,  970.5
2026-02-08 00:00:00,    3, 1008.3,  960.6
2026-02-08 01:00:00,3,1008.8,960.7
2026-02-08 02:00:00,    3, 1008.8,  960.7
2026-02-08 03:00:00,    3, 1008.4,  960.4
2026-02-08 04:00:00,    3, 1008.8,  960.6
2026-02-08 05:00:00,    3, 1009.0,  960.8
2026-02-08 06:00:00,    3, 1009.2,  970.9
2026-02-08 07:00:00,3,1009.6,961.3
2026-02-08 08:00:00,3,1009.5,961.5
2026-02-08 09:00:00,    3, 1009.6,  961.7
2026-02-08 10:00:00,    3, 1009.8,  971.7
2026-02-08 11:00:00,3,1008.6,961.5
2026-02-08 12:00:00,    3, 1007.9,  961.2
2026-02-08 13:00:00,    3, 1008.6,  971.2
2026-02-08 14:00:00,    3, 1007.4,  960.7
2026-02-08 15:00:00,    3, 1008.0,  970.6
2026-02-08 16:00:00,    3, 1007.4,  960.6
2026-02-08 17:00:00,3,1008.0,961.0
2026-02-08 18:00:00,3,1008.4,961.4
2026-02-08 19:00:00,    3, 1008.7,  961.5
2026-02-08 20:00:00,3,1009.6,971.9
2026-02-08 21:00:00,    3, 1009.2,  961.9
2026-02-08 22:00:00,    3, 1009.6,  971.8
2026-02-08 23:00:00,3,1009.7,971.9
2026-02-09 00:00:00,    3, 1009.4,  971.6
2026-02-09 01:00:00,3,1009.5,971.5
2026-02-09 02:00:00,3,1009.3,971.2
2026-02-09 03:00:00,    3, 1009.2,  971.0
2026-02-09 04:00:00,    3, 1008.5,  961.0
2026-02-09 05:00:00,    3, 1009.1,  970.9
2026-02-09 06:00:00,    3, 1009.0,  970.8
2026-02-09 07:00:00,3,1008.4,960.9
2026-02-09 08:00:00,    3, 1008.5,  961.0
2026-02-09 09:00:00,    3, 1008.4,  961.0
2026-02-09 10:00:00,    3, 1008.3,  961.0
2026-02-09 11:00:00,    3, 1009.0,  971.2
2026-02-09 12:00:00,    3, 1008.4,  970.7
2026-02-09 13:00:00,    3, 1007.8,  970.1
2026-02-09 14:00:00,3,1006.5,959.6
2026-02-09 15:00:00,    3, 1007.1,  969.5
2026-02-09 16:00:00,    3, 1007.1,  969.4
2026-02-09 17:00:00,    3, 1006.5,  959.2
2026-02-09 18:00:00,    3, 1006.3,  958.8
2026-02-09 19:00:00,    3, 1006.3,  958.7
2026-02-09 20:00:00,    3, 1006.4,  958.6
2026-02-09 21:00:00,    3, 1006.6,  958.6
2026-02-09 22:00:00,    3, 1005.9,  957.9
2026-02-09 23:00:00,3,1005.5,957.4
2026-02-10 00:00:00,    3, 1005.2,  967.0
2026-02-10 01:00:00,    3, 1004.7,  966.5
2026-02-10 02:00:00,    3, 1004.2,  966.0
2026-02-10 03:00:00,    3, 1003.3,  955.5
2026-02-10 04:00:00,    3, 1002.6,  954.8
2026-02-10 05:00:00,3,1002.2,964.2
2026-02-10 06:00:00,3,1001.9,954.1
2026-02-10 07:00:00,    3, 1001.6,  963.7
2026-02-10 08:00:00,    3, 1001.6,  963.7
2026-02-10 09:00:00,3,1001.1,953.6
2026-02-10 10:00:00,3,1000.4,953.3
2026-02-10 11:00:00,    3,  999.5,  952.8
2026-02-10 12:00:00,    3,  998.7,  952.3
2026-02-10 13:00:00,    3,  997.3,  951.5
2026-02-10 14:00:00,    3,  997.0,  960.3
2026-02-10 15:00:00,    3,  996.0,  950.2
2026-02-10 16:00:00,    3,  995.3,  949.5
2026-02-10 17:00:00,    3,  995.1,  949.0
2026-02-10 18:00:00,    3,  994.8,  948.8
2026-02-10 19:00:00,    3,  994.1,  957.4
2026-02-10 20:00:00,    3,  993.4,  947.2
2026-02-10 21:00:00,    3,  992.6,  946.4
2026-02-10 22:00:00,    3,  991.7,  954.8
2026-02-10 23:00:00,    3,  990.8,  953.9
2026-02-11 00:00:00,    3,  989.5,  952.8
2026-02-11 01:00:00,    3,  988.7,  942.9
2026-02-11 02:00:00,    3,  988.3,  942.5
2026-02-11 03:00:00,    3,  987.4,  941.8
2026-02-11 04:00:00,    3,  987.4,  941.8
2026-02-11 05:00:00,    3,  987.8,  951.3
2026-02-11 06:00:00,    3,  987.4,  942.0
2026-02-11 07:00:00,    3,  987.5,  942.1
2026-02-11 08:00:00,    3,  988.2,  951.9
2026-02-11 09:00:00,    3,  989.0,  952.7
2026-02-11 10:00:00,    3,  989.2,  943.9
2026-02-11 11:00:00,3,989.6,953.5
2026-02-11 12:00:00,3,989.3,953.3
2026-02-11 13:00:00,3,989.4,953.3
2026-02-11 14:00:00,3,989.7,953.5
2026-02-11 15:00:00,    3,  989.8,  944.5
2026-02-11 16:00:00,3,990.1,944.8
2026-02-11 17:00:00,    3,  990.3,  944.9
2026-02-11 18:00:00,    3,  990.8,  945.3
2026-02-11 19:00:00,    3,  990.8,  954.4
2026-02-11 20:00:00,    3,  990.5,  954.0
2026-02-11 21:00:00,    3,  989.6,  953.1
2026-02-11 22:00:00,    3,  988.0,  951.6
2026-02-11 23:00:00,    3,  986.0,  940.5
2026-02-12 00:00:00,3,984.8,948.4
2026-02-12 01:00:00,    3,  984.5,  948.0
2026-02-12 02:00:00,3,983.5,937.9
2026-02-12 03:00:00,    3,  982.3,  936.8
2026-02-12 04:00:00,    3,  981.4,  945.0
2026-02-12 05:00:00,    3,  980.8,  944.4
2026-02-12 06:00:00,    3,  980.2,  934.8
2026-02-12 07:00:00,    3,  980.2,  943.9
2026-02-12 08:00:00,3,979.9,934.7
2026-02-12 09:00:00,    3,  980.1,  944.0
2026-02-12 10:00:00,    3,  979.7,  934.8
2026-02-12 11:00:00,    3,  980.4,  935.3
2026-02-12 12:00:00,    3,  981.2,  936.0
2026-02-12 13:00:00,    3,  982.8,  937.5
2026-02-12 14:00:00,    3,  985.0,  948.7
2026-02-12 15:00:00,    3,  986.5,  941.1
2026-02-12 16:00:00,    3,  987.5,  951.2
2026-02-12 17:00:00,    3,  988.3,  951.9
2026-02-12 18:00:00,3,989.4,952.9
2026-02-12 19:00:00,3,989.6,943.9
2026-02-12 20:00:00,    3,  990.5,  944.7
2026-02-12 21:00:00,    3,  991.6,  954.9
2026-02-12 22:00:00,    3,  992.1,  946.1
2026-02-12 23:00:00,    3,  993.1,  956.2
2026-02-13 00:00:00,3,993.1,947.1
2026-02-13 01:00:00,    3,  993.6,  947.6
2026-02-13 02:00:00,3,994.4,948.3
2026-02-13 03:00:00,    3,  994.5,  957.7
2026-02-13 04:00:00,    3,  995.2,  958.2
2026-02-13 05:00:00,    3,  995.3,  958.3
2026-02-13 06:00:00,    3,  995.1,  958.1
2026-02-13 07:00:00,    3,  995.7,  958.5
2026-02-13 08:00:00,    3,  995.8,  958.7
2026-02-13 09:00:00,    3,  995.6,  958.6
2026-02-13 10:00:00,    3,  994.5,  948.5
2026-02-13 11:00:00,3,994.5,948.6
2026-02-13 12:00:00,3,994.2,948.3
2026-02-13 13:00:00,3,993.3,947.5
2026-02-13 14:00:00,    3,  992.7,  947.0
2026-02-13 15:00:00,    3,  992.5,  946.8
2026-02-13 16:00:00,    3,  992.5,  946.7
2026-02-13 17:00:00,    3,  992.6,  946.8
2026-02-13 18:00:00,3,993.5,956.7
2026-02-13 19:00:00,    3,  993.6,  956.7
2026-02-13 20:00:00,    3,  993.6,  956.7
2026-02-13 21:00:00,    3,  993.9,  957.0
2026-02-13 22:00:00,    3,  993.2,  947.0
2026-02-13 23:00:00,3,993.3,947.1
2026-02-14 00:00:00,3,994.4,957.3
2026-02-14 01:00:00,3,994.6,957.5
2026-02-14 02:00:00,3,994.3,948.1
2026-02-14 03:00:00,    3,  995.4,  958.3
2026-02-14 04:00:00,    3,  995.0,  948.7
2026-02-14 05:00:00,    3,  995.9,  949.5
2026-02-14 06:00:00,    3,  996.4,  950.0
2026-02-14 07:00:00,    3,  998.6,  961.3
2026-02-14 08:00:00,    3,  999.8,  962.4
2026-02-14 09:00:00,    3, 1000.9,  963.5
2026-02-14 10:00:00,    3, 1002.1,  964.6
2026-02-14 11:00:00,    3, 1002.0,  955.3
2026-02-14 12:00:00,3,1002.8,956.1
2026-02-14 13:00:00,3,1003.9,957.0
2026-02-14 14:00:00,3,1005.0,957.9
2026-02-14 15:00:00,    3, 1006.4,  959.2
2026-02-14 16:00:00,3,1008.1,960.7
2026-02-14 17:00:00,3,1009.8,962.2
2026-02-14 18:00:00,    3, 1011.5,  963.7
2026-02-14 19:00:00,3,1012.7,964.8
2026-02-14 20:00:00,    3, 1013.6,  965.6
2026-02-14 21:00:00,    3, 1015.8,  977.3
2026-02-14 22:00:00,    3, 1015.8,  967.7
2026-02-14 23:00:00,    3, 1016.9,  978.3
2026-02-15 00:00:00,    3, 1016.9,  968.7
2026-02-15 01:00:00,3,1017.5,969.3
2026-02-15 02:00:00,3,1018.0,969.7
2026-02-15 03:00:00,3,1018.0,969.6
2026-02-15 04:00:00,3,1019.1,980.4
2026-02-15 05:00:00,    3, 1019.5,  980.7
2026-02-15 06:00:00,    3, 1019.4,  980.6
2026-02-15 07:00:00,    3, 1020.0,  981.2
2026-02-15 08:00:00,    3, 1018.8,  970.4
2026-02-15 09:00:00,    3, 1018.7,  970.4
2026-02-15 10:00:00,    3, 1019.0,  980.4
2026-02-15 11:00:00,    3, 1017.4,  969.3
2026-02-15 12:00:00,3,1016.3,968.3
2026-02-15 13:00:00,    3, 1015.2,  967.4
2026-02-15 14:00:00,    3, 1013.8,  966.1
2026-02-15 15:00:00,3,1012.4,964.8
2026-02-15 16:00:00,    3, 1011.3,  973.2
2026-02-15 17:00:00,    3, 1009.4,  961.8
2026-02-15 18:00:00,3,1008.2,970.1
2026-02-15 19:00:00,3,1006.4,958.8
2026-02-15 20:00:00,    3, 1005.3,  967.1
2026-02-15 21:00:00,    3, 1003.2,  955.6
2026-02-15 22:00:00,3,1001.6,954.1
2026-02-15 23:00:00,    3, 1000.3,  953.0
2026-02-16 00:00:00,    3,  999.3,  952.3
2026-02-16 01:00:00,3,999.4,961.9
2026-02-16 02:00:00,    3,  999.1,  952.3
2026-02-16 03:00:00,    3,  998.3,  951.6
2026-02-16 04:00:00,3,998.6,951.9
2026-02-16 05:00:00,    3,  998.9,  952.2
2026-02-16 06:00:00,3,999.4,962.0
2026-02-16 07:00:00,    3, 1000.3,  962.9
2026-02-16 08:00:00,3,999.9,953.3
2026-02-16 09:00:00,3,999.7,953.4
2026-02-16 10:00:00,    3,  999.5,  953.2
2026-02-16 11:00:00,    3,  998.9,  952.8
2026-02-16 12:00:00,    3,  998.4,  961.6
2026-02-16 13:00:00,3,997.5,951.5
2026-02-16 14:00:00,3,997.3,960.3
2026-02-16 15:00:00,    3,  996.9,  959.9
2026-02-16 16:00:00,    3,  997.8,  960.5
2026-02-16 17:00:00,    3,  998.9,  961.6
2026-02-16 18:00:00,    3, 1000.5,  953.7
2026-02-16 19:00:00,    3, 1001.5,  964.0
2026-02-16 20:00:00,    3, 1001.6,  964.1
2026-02-16 21:00:00,3,1001.6,954.7
2026-02-16 22:00:00,    3, 1002.0,  954.8
2026-02-16 23:00:00,    3, 1001.5,  954.5
2026-02-17 00:00:00,    1, 1001.3,  954.3
2026-02-17 01:00:00,1,1001.9,964.3
2026-02-17 02:00:00,    1, 1002.9,  965.3
2026-02-17 03:00:00,    1, 1003.4,  965.7
2026-02-17 04:00:00,    1, 1004.4,  966.7
2026-02-17 05:00:00,    1, 1005.8,  968.0
2026-02-17 06:00:00,    1, 1006.8,  959.4
2026-02-17 07:00:00,    1, 1008.0,  960.6
2026-02-17 08:00:00,    1, 1008.5,  961.2
2026-02-17 09:00:00,1,1008.6,961.4
2026-02-17 10:00:00,    1, 1009.3,  971.7
2026-02-17 11:00:00,1,1009.5,971.9
2026-02-17 12:00:00,    1, 1009.1,  971.7
2026-02-17 13:00:00,    1, 1009.8,  962.5
2026-02-17 14:00:00,    1, 1010.0,  962.7
2026-02-17 15:00:00,1,1010.4,963.2
2026-02-17 16:00:00,1,1011.9,973.9
2026-02-17 17:00:00,1,1012.5,974.5
2026-02-17 18:00:00,1,1014.3,976.2
2026-02-17 19:00:00,1,1015.6,977.4
2026-02-17 20:00:00,    1, 1015.6,  967.8
2026-02-17 21:00:00,1,1016.6,978.4
2026-02-17 22:00:00,1,1016.8,968.9
2026-02-17 23:00:00,1,1017.0,978.7
2026-02-18 00:00:00,    1, 1017.1,  978.7
2026-02-18 01:00:00,    1, 1017.6,  979.1
2026-02-18 02:00:00,    1, 1017.0,  968.9
2026-02-18 03:00:00,    1, 1016.8,  978.3
2026-02-18 04:00:00,    1, 1016.1,  967.9
2026-02-18 05:00:00,1,1016.2,977.7
2026-02-18 06:00:00,    1, 1015.9,  977.4
2026-02-18 07:00:00,1,1016.1,977.5
2026-02-18 08:00:00,1,1015.8,977.3
2026-02-18 09:00:00,    1, 1015.6,  977.3
2026-02-18 10:00:00,    1, 1015.2,  976.9
2026-02-18 11:00:00,1,1014.4,976.2
2026-02-18 12:00:00,1,1012.6,965.1
2026-02-18 13:00:00,1,1011.3,963.9
2026-02-18 14:00:00,    1, 1011.2,  963.9
2026-02-18 15:00:00,    1, 1010.7,  963.3
2026-02-18 16:00:00,1,1009.5,971.7
2026-02-18 17:00:00,    1, 1009.1,  971.2
2026-02-18 18:00:00,1,1008.2,960.7
2026-02-18 19:00:00,1,1007.7,960.3
2026-02-18 20:00:00,1,1007.2,959.8
2026-02-18 21:00:00,    1, 1006.2,  958.9
2026-02-18 22:00:00,    1, 1005.6,  958.3
2026-02-18 23:00:00,1,1005.4,967.3
2026-02-19 00:00:00,    1, 1004.5,  966.5
2026-02-19 01:00:00,    1, 1003.3,  955.9
2026-02-19 02:00:00,1,1002.8,964.9
2026-02-19 03:00:00,1,1001.2,954.0
2026-02-19 04:00:00,    1, 1001.5,  963.7
2026-02-19 05:00:00,    1, 1001.2,  954.0
2026-02-19 06:00:00,    1, 1001.6,  963.8
2026-02-19 07:00:00,    1, 1001.3,  963.5
2026-02-19 08:00:00,    1, 1001.6,  963.8
2026-02-19 09:00:00,    1, 1001.0,  953.9
2026-02-19 10:00:00,    1, 1001.8,  964.1
2026-02-19 11:00:00,1,1001.8,954.8
2026-02-19 12:00:00,    1, 1002.5,  964.8
2026-02-19 13:00:00,    1, 1001.7,  954.8
2026-02-19 14:00:00,    1, 1001.9,  955.1
2026-02-19 15:00:00,    1, 1003.4,  965.8
2026-02-19 16:00:00,1,1002.9,956.0
2026-02-19 17:00:00,    1, 1004.7,  967.0
2026-02-19 18:00:00,    1, 1006.0,  968.2
2026-02-19 19:00:00,    1, 1007.1,  969.1
2026-02-19 20:00:00,    1, 1008.3,  970.2
2026-02-19 21:00:00,    1, 1009.5,  971.4
2026-02-19 22:00:00,1,1010.6,972.4
2026-02-19 23:00:00,1,1011.9,973.6
2026-02-20 00:00:00,    1, 1012.6,  964.7
2026-02-20 01:00:00,1,1013.6,965.7
2026-02-20 02:00:00,1,1015.4,976.9
2026-02-20 03:00:00,    1, 1016.0,  967.9
2026-02-20 04:00:00,    1, 1017.7,  979.1
2026-02-20 05:00:00,    1, 1018.2,  970.0
2026-02-20 06:00:00,    1, 1019.5,  971.3
2026-02-20 07:00:00,1,1021.0,982.3
2026-02-20 08:00:00,1,1022.1,983.4
2026-02-20 09:00:00,    1, 1022.4,  974.2
2026-02-20 10:00:00,    1, 1023.4,  984.9
2026-02-20 11:00:00,    1, 1023.0,  975.1
2026-02-20 12:00:00,    1, 1023.8,  985.4
2026-02-20 13:00:00,1,1023.0,975.3
2026-02-20 14:00:00,    1, 1022.9,  975.3
2026-02-20 15:00:00,1,1022.8,975.3
2026-02-20 16:00:00,    1, 1022.9,  975.3
2026-02-20 17:00:00,    1, 1023.5,  975.8
2026-02-20 18:00:00,    1, 1024.0,  976.2
2026-02-20 19:00:00,    1, 1024.3,  976.5
2026-02-20 20:00:00,    1, 1024.1,  976.4
2026-02-20 21:00:00,    1, 1024.4,  976.7
2026-02-20 22:00:00,    1, 1024.9,  986.6
2026-02-20 23:00:00,    1, 1024.4,  976.6
2026-02-21 00:00:00,    1, 1024.0,  985.8
2026-02-21 01:00:00,    1, 1023.5,  985.3
2026-02-21 02:00:00,1,1022.6,975.0
2026-02-21 03:00:00,    1, 1022.2,  974.6
2026-02-21 04:00:00,1,1022.6,984.6
2026-02-21 05:00:00,1,1022.3,974.7
2026-02-21 06:00:00,    1, 1022.4,  974.9
2026-02-21 07:00:00,    1, 1022.9,  975.4
2026-02-21 08:00:00,    1, 1023.9,  985.9
2026-02-21 09:00:00,    1, 1024.2,  986.2
2026-02-21 10:00:00,    1, 1024.0,  976.6
2026-02-21 11:00:00,    1, 1024.3,  976.9
2026-02-21 12:00:00,    1, 1023.9,  976.5
2026-02-21 13:00:00,    1, 1023.9,  986.0
2026-02-21 14:00:00,1,1023.8,985.9
2026-02-21 15:00:00,1,1023.9,986.1
2026-02-21 16:00:00,1,1023.7,976.6
2026-02-21 17:00:00,1,1024.3,986.6
2026-02-21 18:00:00,1,1024.4,977.3
2026-02-21 19:00:00,    1, 1025.3,  987.7
2026-02-21 20:00:00,    1, 1025.7,  988.1
2026-02-21 21:00:00,    1, 1025.9,  978.7
2026-02-21 22:00:00,    1, 1026.2,  978.9
2026-02-21 23:00:00,    1, 1026.1,  988.3
2026-02-22 00:00:00,    1, 1025.1,  977.9
2026-02-22 01:00:00,1,1025.5,987.7
2026-02-22 02:00:00,1,1024.6,977.4
2026-02-22 03:00:00,1,1023.7,976.6
2026-02-22 04:00:00,1,1023.8,986.1
2026-02-22 05:00:00,    1, 1023.6,  985.9
2026-02-22 06:00:00,    1, 1022.8,  975.7
2026-02-22 07:00:00,    1, 1022.8,  975.7
2026-02-22 08:00:00,    1, 1022.9,  975.9
2026-02-22 09:00:00,1,1023.5,986.0
2026-02-22 10:00:00,1,1023.5,986.1
2026-02-22 11:00:00,    1, 1023.4,  986.0
2026-02-22 12:00:00,    1, 1022.7,  985.4
2026-02-22 13:00:00,1,1021.5,975.0
2026-02-22 14:00:00,1,1021.0,974.5
2026-02-22 15:00:00,1,1021.3,984.1
2026-02-22 16:00:00,1,1021.2,983.9
2026-02-22 17:00:00,    1, 1020.3,  973.7
2026-02-22 18:00:00,    1, 1020.3,  973.7
2026-02-22 19:00:00,    1, 1020.2,  973.6
2026-02-22 20:00:00,1,1020.0,973.4
2026-02-22 21:00:00,1,1020.6,983.3
2026-02-22 22:00:00,    1, 1020.8,  983.4
2026-02-22 23:00:00,    1, 1019.8,  973.1
2026-02-23 00:00:00,    1, 1020.6,  983.2
2026-02-23 01:00:00,    1, 1020.7,  983.2
2026-02-23 02:00:00,    1, 1020.3,  982.8
2026-02-23 03:00:00,    1, 1019.3,  972.5
2026-02-23 04:00:00,    1, 1020.0,  982.5
2026-02-23 05:00:00,1,1019.2,972.4
2026-02-23 06:00:00,1,1019.4,972.5
2026-02-23 07:00:00,1,1019.0,972.2
2026-02-23 08:00:00,    1, 1019.7,  982.3
2026-02-23 09:00:00,    1, 1019.1,  972.4
2026-02-23 10:00:00,1,1019.8,982.5
2026-02-23 11:00:00,1,1018.7,972.3
2026-02-23 12:00:00,    1, 1018.3,  972.0
2026-02-23 13:00:00,    1, 1017.4,  971.2
2026-02-23 14:00:00,    1, 1018.6,  981.5
2026-02-23 15:00:00,    1, 1017.7,  971.4
2026-02-23 16:00:00,    1, 1018.0,  971.5
2026-02-23 17:00:00,    1, 1018.6,  981.4
2026-02-23 18:00:00,1,1017.8,971.3
2026-02-23 19:00:00,1,1017.9,971.3
2026-02-23 20:00:00,1,1018.6,981.4
2026-02-23 21:00:00,1,1018.9,981.6
2026-02-23 22:00:00,    1, 1018.6,  972.0
2026-02-23 23:00:00,1,1019.3,982.0
2026-02-24 00:00:00,    1, 1019.6,  982.2
2026-02-24 01:00:00,    1, 1019.7,  982.2
2026-02-24 02:00:00,    1, 1018.6,  971.7
2026-02-24 03:00:00,    1, 1018.8,  981.2
2026-02-24 04:00:00,1,1018.3,980.7
2026-02-24 05:00:00,    1, 1017.1,  970.4
2026-02-24 06:00:00,    1, 1017.7,  971.0
2026-02-24 07:00:00,    1, 1018.5,  971.8
2026-02-24 08:00:00,    1, 1019.1,  972.4
2026-02-24 09:00:00,    1, 1019.5,  972.9
2026-02-24 10:00:00,    1, 1019.9,  973.3
2026-02-24 11:00:00,1,1020.1,973.4
2026-02-24 12:00:00,    1, 1021.6,  984.1
2026-02-24 13:00:00,    1, 1021.3,  983.8
2026-02-24 14:00:00,    1, 1021.5,  984.1
2026-02-24 15:00:00,    1, 1020.8,  974.1
2026-02-24 16:00:00,1,1021.9,984.4
2026-02-24 17:00:00,    1, 1022.4,  984.9
2026-02-24 18:00:00,    1, 1022.7,  985.2
2026-02-24 19:00:00,1,1022.9,985.4
2026-02-24 20:00:00,1,1021.8,975.0
2026-02-24 21:00:00,1,1022.7,985.1
2026-02-24 22:00:00,    1, 1022.8,  985.1
2026-02-24 23:00:00,    1, 1022.7,  985.0
2026-02-25 00:00:00,    1, 1022.3,  975.0
2026-02-25 01:00:00,1,1022.1,974.8
2026-02-25 02:00:00,    1, 1021.7,  974.4
2026-02-25 03:00:00,1,1021.8,974.4
2026-02-25 04:00:00,1,1022.0,974.6
2026-02-25 05:00:00,    1, 1022.6,  975.0
2026-02-25 06:00:00,    1, 1023.5,  985.5
2026-02-25 07:00:00,    1, 1023.9,  985.8
2026-02-25 08:00:00,    1, 1023.1,  975.5
2026-02-25 09:00:00,    1, 1022.9,  975.5
2026-02-25 10:00:00,    1, 1024.0,  986.1
2026-02-25 11:00:00,    1, 1022.6,  975.8
2026-02-25 12:00:00,1,1023.1,985.8
2026-02-25 13:00:00,1,1021.3,975.1
2026-02-25 14:00:00,1,1020.8,974.9
2026-02-25 15:00:00,1,1021.5,984.8
2026-02-25 16:00:00,1,1020.8,975.0
2026-02-25 17:00:00,    1, 1021.7,  975.4
2026-02-25 18:00:00,    1, 1022.4,  985.4
2026-02-25 19:00:00,    1, 1022.9,  985.6
2026-02-25 20:00:00,    1, 1023.5,  976.2
2026-02-25 21:00:00,    1, 1023.5,  985.9
2026-02-25 22:00:00,    1, 1024.0,  976.6
2026-02-25 23:00:00,1,1024.2,986.3
2026-02-26 00:00:00,1,1024.4,986.4
2026-02-26 01:00:00,    1, 1024.5,  986.5
2026-02-26 02:00:00,    1, 1024.7,  986.5
2026-02-26 03:00:00,    1, 1024.8,  976.6
2026-02-26 04:00:00,    1, 1024.9,  976.8
2026-02-26 05:00:00,    1, 1025.1,  986.9
2026-02-26 06:00:00,    1, 1025.2,  987.0
2026-02-26 07:00:00,    1, 1025.6,  987.4
2026-02-26 08:00:00,    1, 1025.7,  987.6
2026-02-26 09:00:00,    1, 1025.3,  987.5
2026-02-26 10:00:00,    1, 1025.1,  987.6
2026-02-26 11:00:00,    1, 1024.9,  987.7
2026-02-26 12:00:00,1,1023.5,977.6
2026-02-26 13:00:00,1,1023.8,987.0
2026-02-26 14:00:00,    1, 1023.0,  986.4
2026-02-26 15:00:00,    1, 1022.6,  986.1
2026-02-26 16:00:00,1,1022.8,986.2
2026-02-26 17:00:00,1,1022.2,976.6
2026-02-26 18:00:00,    1, 1023.4,  986.5
2026-02-26 19:00:00,    1, 1023.7,  977.1
2026-02-26 20:00:00,1,1023.9,986.7
2026-02-26 21:00:00,1,1024.2,986.8
2026-02-26 22:00:00,1,1024.0,986.5
2026-02-26 23:00:00,    1, 1024.3,  976.9
2026-02-27 00:00:00,1,1024.0,976.4
2026-02-27 01:00:00,    1, 1023.9,  976.2
2026-02-27 02:00:00,1,1023.7,975.9
2026-02-27 03:00:00,    1, 1023.1,  985.2
2026-02-27 04:00:00,    1, 1022.8,  984.9
2026-02-27 05:00:00,    1, 1023.3,  975.2
2026-02-27 06:00:00,    1, 1022.9,  984.8
2026-02-27 07:00:00,    1, 1023.3,  975.2
2026-02-27 08:00:00,    1, 1022.8,  984.9
2026-02-27 09:00:00,    1, 1022.0,  984.5
2026-02-27 10:00:00,1,1020.6,974.6
2026-02-27 11:00:00,1,1019.6,974.1
2026-02-27 12:00:00,1,1019.3,983.0
2026-02-27 13:00:00,    1, 1018.3,  982.2
2026-02-27 14:00:00,    1, 1017.6,  981.6
2026-02-27 15:00:00,1,1016.6,971.7
2026-02-27 16:00:00,1,1016.5,971.5
2026-02-27 17:00:00,    1, 1016.9,  980.8
2026-02-27 18:00:00,    1, 1017.5,  981.1
2026-02-27 19:00:00,1,1018.0,972.2
2026-02-27 20:00:00,    1, 1018.3,  981.5
2026-02-27 21:00:00,    1, 1018.3,  981.5
2026-02-27 22:00:00,    1, 1019.2,  972.5
2026-02-27 23:00:00,    1, 1019.4,  972.4
2026-02-28 00:00:00,    1, 1019.1,  981.8
2026-02-28 01:00:00,    1, 1019.1,  981.7
2026-02-28 02:00:00,1,1019.5,971.9
2026-02-28 03:00:00,    1, 1019.7,  982.0
2026-02-28 04:00:00,    1, 1020.4,  982.5
2026-02-28 05:00:00,    1, 1021.1,  973.3
2026-02-28 06:00:00,1,1021.2,983.3
2026-02-28 07:00:00,1,1022.0,984.1
2026-02-28 08:00:00,    1, 1022.2,  984.5
2026-02-28 09:00:00,    1, 1021.9,  984.6
2026-02-28 10:00:00,    1, 1021.9,  984.8
2026-02-28 11:00:00,    1, 1021.2,  975.1
2026-02-28 12:00:00,1,1021.2,975.2
2026-02-28 13:00:00,1,1021.8,984.9
2026-02-28 14:00:00,    1, 1022.1,  985.1
2026-02-28 15:00:00,1,1022.3,985.3
2026-02-28 16:00:00,    1, 1023.0,  985.8
2026-02-28 17:00:00,1,1022.9,976.3
2026-02-28 18:00:00,    1, 1023.4,  976.7
2026-02-28 19:00:00,    1, 1023.9,  977.1
2026-02-28 20:00:00,    1, 1024.9,  987.4
2026-02-28 21:00:00,1,1025.6,987.9
2026-02-28 22:00:00,1,1025.6,987.9
2026-02-28 23:00:00,1,1026.0,988.2
2026-03-01 00:00:00,1,1026.1,988.3
2026-03-01 01:00:00,    1, 1026.0,  978.6
2026-03-01 02:00:00,1,1026.1,978.6
2026-03-01 03:00:00,    1, 1026.5,  988.6
2026-03-01 04:00:00,    1, 1026.2,  978.8
2026-03-01 05:00:00,    1, 1026.6,  988.6
2026-03-01 06:00:00,    1, 1026.4,  978.9
2026-03-01 07:00:00,    1, 1026.8,  979.2
2026-03-01 08:00:00,    1, 1027.1,  979.5
2026-03-01 09:00:00,    1, 1026.9,  979.6
2026-03-01 10:00:00,    1, 1026.6,  979.5
2026-03-01 11:00:00,    1, 1026.8,  989.3
2026-03-01 12:00:00,1,1026.3,988.8
2026-03-01 13:00:00,1,1025.3,978.5
2026-03-01 14:00:00,1,1025.3,987.8
2026-03-01 15:00:00,    1, 1024.9,  987.5
2026-03-01 16:00:00,    1, 1024.7,  987.3
2026-03-01 17:00:00,    1, 1024.8,  987.2
2026-03-01 18:00:00,    1, 1025.2,  987.5
2026-03-01 19:00:00,1,1025.3,977.9
2026-03-01 20:00:00,    1, 1025.5,  978.0
2026-03-01 21:00:00,    1, 1025.9,  978.1
2026-03-01 22:00:00,1,1025.8,977.8
2026-03-01 23:00:00,    1, 1025.6,  987.4
2026-03-02 00:00:00,    1, 1025.4,  987.1
2026-03-02 01:00:00,    1, 1025.3,  986.9
2026-03-02 02:00:00,    1, 1025.1,  986.7
2026-03-02 03:00:00,1,1025.2,986.6
2026-03-02 04:00:00,    1, 1025.3,  976.6
2026-03-02 05:00:00,    1, 1025.2,  976.5
2026-03-02 06:00:00,    1, 1025.1,  986.4
2026-03-02 07:00:00,1,1025.1,976.5
2026-03-02 08:00:00,1,1025.0,976.9
2026-03-02 09:00:00,    1, 1025.1,  987.0
2026-03-02 10:00:00,    1, 1024.3,  977.0
2026-03-02 11:00:00,    1, 1023.8,  976.9
2026-03-02 12:00:00,    1, 1023.2,  976.5
2026-03-02 13:00:00,    1, 1022.1,  975.7
2026-03-02 14:00:00,1,1021.6,975.3
2026-03-02 15:00:00,    1, 1021.9,  984.9
2026-03-02 16:00:00,    1, 1021.9,  984.8
2026-03-02 17:00:00,    1, 1021.9,  975.3
2026-03-02 18:00:00,1,1022.8,985.4
2026-03-02 19:00:00,1,1023.5,985.9
2026-03-02 20:00:00,    1, 1024.2,  976.6
2026-03-02 21:00:00,    1, 1024.3,  986.5
2026-03-02 22:00:00,    1, 1024.7,  986.7
2026-03-02 23:00:00,    1, 1024.9,  986.8
2026-03-03 00:00:00,    1, 1025.3,  987.1
2026-03-03 01:00:00,    1, 1025.8,  977.6
2026-03-03 02:00:00,1,1025.8,987.3
2026-03-03 03:00:00,    1, 1026.1,  987.5
2026-03-03 04:00:00,    1, 1026.7,  978.0
2026-03-03 05:00:00,    1, 1026.9,  978.3
2026-03-03 06:00:00,    1, 1027.5,  988.7
2026-03-03 07:00:00,    1, 1027.8,  979.1
2026-03-03 08:00:00,    1, 1027.5,  979.2
2026-03-03 09:00:00,    1, 1028.1,  989.8
2026-03-03 10:00:00,    1, 1027.3,  979.8
2026-03-03 11:00:00,    1, 1027.5,  989.8
2026-03-03 12:00:00,    1, 1026.4,  979.6
2026-03-03 13:00:00,    1, 1026.1,  979.6
2026-03-03 14:00:00,    1, 1025.5,  979.0
2026-03-03 15:00:00,    1, 1025.3,  978.7
2026-03-03 16:00:00,1,1026.0,988.7
2026-03-03 17:00:00,    1, 1026.3,  988.9
2026-03-03 18:00:00,    1, 1026.7,  989.1
2026-03-03 19:00:00,    1, 1026.8,  989.1
2026-03-03 20:00:00,    1, 1027.2,  979.7
2026-03-03 21:00:00,1,1027.5,979.8
2026-03-03 22:00:00,    1, 1027.6,  989.6
2026-03-03 23:00:00,    1, 1027.7,  979.7
2026-03-04 00:00:00,    1, 1028.1,  979.7
2026-03-04 01:00:00,1,1028.1,989.8
2026-03-04 02:00:00,1,1027.8,979.5
2026-03-04 03:00:00,1,1027.9,989.5
2026-03-04 04:00:00,1,1028.0,979.5
2026-03-04 05:00:00,1,1028.2,989.6
2026-03-04 06:00:00,1,1028.2,979.6
2026-03-04 07:00:00,    1, 1028.6,  989.9
2026-03-04 08:00:00,    1, 1028.7,  990.2
2026-03-04 09:00:00,    1, 1027.9,  980.2
2026-03-04 10:00:00,    1, 1027.4,  980.2
2026-03-04 11:00:00,    1, 1027.8,  990.2
2026-03-04 12:00:00,1,1026.1,979.6
2026-03-04 13:00:00,    1, 1026.2,  989.1
2026-03-04 14:00:00,    1, 1025.6,  988.6
2026-03-04 15:00:00,1,1025.2,988.2
2026-03-04 16:00:00,1,1024.9,987.9
2026-03-04 17:00:00,1,1025.2,988.0
2026-03-04 18:00:00,    1, 1025.5,  988.1
2026-03-04 19:00:00,    1, 1026.1,  978.7
2026-03-04 20:00:00,1,1026.2,978.9
2026-03-04 21:00:00,1,1026.7,978.9
2026-03-04 22:00:00,1,1026.7,978.7
2026-03-04 23:00:00,    1, 1026.5,  978.4
2026-03-05 00:00:00,    1, 1026.1,  978.0
2026-03-05 01:00:00,1,1026.0,987.7
2026-03-05 02:00:00,1,1025.4,977.1
2026-03-05 03:00:00,1,1025.2,976.8
2026-03-05 04:00:00,    1, 1025.4,  976.5
2026-03-05 05:00:00,1,1024.9,986.3
2026-03-05 06:00:00,1,1024.7,986.1
2026-03-05 07:00:00,    1, 1024.1,  975.9
2026-03-05 08:00:00,    1, 1024.2,  985.9
2026-03-05 09:00:00,1,1023.5,975.9
2026-03-05 10:00:00,1,1022.7,975.6
2026-03-05 11:00:00,1,1022.5,975.7
2026-03-05 12:00:00,1,1021.7,975.2
2026-03-05 13:00:00,    1, 1021.3,  984.4
2026-03-05 14:00:00,    1, 1019.6,  973.6
2026-03-05 15:00:00,    1, 1019.7,  983.0
2026-03-05 16:00:00,    1, 1018.9,  972.9
2026-03-05 17:00:00,    1, 1019.2,  972.8
2026-03-05 18:00:00,    1, 1020.2,  983.0
2026-03-05 19:00:00,    1, 1020.4,  983.0
2026-03-05 20:00:00,    1, 1020.7,  973.4
2026-03-05 21:00:00,    1, 1021.4,  973.5
2026-03-05 22:00:00,    1, 1021.1,  973.5
2026-03-05 23:00:00,    1, 1021.1,  983.3
2026-03-06 00:00:00,1,1021.5,983.5
2026-03-06 01:00:00,    1, 1021.7,  973.5
2026-03-06 02:00:00,    1, 1021.4,  973.3
2026-03-06 03:00:00,    1, 1021.3,  983.1
2026-03-06 04:00:00,    1, 1021.6,  983.3
2026-03-06 05:00:00,    1, 1021.7,  983.4
2026-03-06 06:00:00,    1, 1021.9,  973.6
2026-03-06 07:00:00,1,1022.4,984.0
2026-03-06 08:00:00,1,1022.5,984.3
2026-03-06 09:00:00,    1, 1022.5,  984.6
2026-03-06 10:00:00,    1, 1021.7,  974.8
2026-03-06 11:00:00,1,1021.3,974.8
2026-03-06 12:00:00,    1, 1021.6,  984.6
2026-03-06 13:00:00,    1, 1021.2,  984.3
2026-03-06 14:00:00,    1, 1020.7,  983.9
2026-03-06 15:00:00,1,1020.5,983.7
2026-03-06 16:00:00,    1, 1020.6,  983.8
2026-03-06 17:00:00,    1, 1020.4,  974.2
2026-03-06 18:00:00,    1, 1021.7,  984.5
2026-03-06 19:00:00,    1, 1022.1,  984.8
2026-03-06 20:00:00,1,1022.5,985.1
2026-03-06 21:00:00,    1, 1023.0,  985.5
2026-03-06 22:00:00,1,1022.9,975.6
2026-03-06 23:00:00,1,1023.5,985.7
2026-03-07 00:00:00,    1, 1023.4,  975.7
2026-03-07 01:00:00,1,1023.7,985.7
2026-03-07 02:00:00,    1, 1024.0,  985.9
2026-03-07 03:00:00,1,1024.2,986.0
2026-03-07 04:00:00,    1, 1024.4,  986.2
2026-03-07 05:00:00,    1, 1024.7,  986.4
2026-03-07 06:00:00,1,1024.7,976.5
2026-03-07 07:00:00,    1, 1025.2,  986.8
2026-03-07 08:00:00,    1, 1024.6,  976.9
2026-03-07 09:00:00,1,1024.0,976.8
2026-03-07 10:00:00,    1, 1023.8,  976.9
2026-03-07 11:00:00,1,1024.0,986.9
2026-03-07 12:00:00,    1, 1022.7,  976.7
2026-03-07 13:00:00,1,1021.8,976.1
2026-03-07 14:00:00,    1, 1021.2,  975.6
2026-03-07 15:00:00,1,1020.7,975.2
2026-03-07 16:00:00,    1, 1021.1,  975.5
2026-03-07 17:00:00,    1, 1021.7,  975.7
2026-03-07 18:00:00,    1, 1022.8,  985.8
2026-03-07 19:00:00,    1, 1023.2,  976.4
2026-03-07 20:00:00,    1, 1023.6,  976.6
2026-03-07 21:00:00,    1, 1024.0,  976.8
2026-03-07 22:00:00,    1, 1024.5,  977.0
2026-03-07 23:00:00,1,1024.6,986.8
2026-03-08 00:00:00,    1, 1024.6,  976.7
2026-03-08 01:00:00,    1, 1024.7,  986.6
2026-03-08 02:00:00,1,1024.8,976.4
2026-03-08 03:00:00,1,1024.7,986.4
2026-03-08 04:00:00,    1, 1024.6,  986.3
2026-03-08 05:00:00,1,1024.9,976.5
2026-03-08 06:00:00,1,1025.2,986.7
2026-03-08 07:00:00,    1, 1025.4,  987.0
2026-03-08 08:00:00,    1, 1025.5,  977.5
2026-03-08 09:00:00,    1, 1025.7,  987.7
2026-03-08 10:00:00,    1, 1024.5,  977.6
2026-03-08 11:00:00,    1, 1024.7,  987.5
2026-03-08 12:00:00,    1, 1023.3,  977.1
2026-03-08 13:00:00,1,1022.6,976.6
2026-03-08 14:00:00,    1, 1022.3,  976.3
2026-03-08 15:00:00,    1, 1022.8,  986.0
2026-03-08 16:00:00,    1, 1022.5,  985.7
2026-03-08 17:00:00,1,1022.7,985.8
2026-03-08 18:00:00,1,1023.3,986.1
2026-03-08 19:00:00,    1, 1023.2,  976.4
2026-03-08 20:00:00,    1, 1023.8,  976.4
2026-03-08 21:00:00,1,1024.1,976.4
2026-03-08 22:00:00,1,1023.6,976.1
2026-03-08 23:00:00,    1, 1023.5,  985.7
2026-03-09 00:00:00,    1, 1023.5,  975.7
2026-03-09 01:00:00,    1, 1023.6,  985.7
2026-03-09 02:00:00,    1, 1023.5,  985.4
2026-03-09 03:00:00,    1, 1023.0,  975.0
2026-03-09 04:00:00,    1, 1023.1,  984.9
2026-03-09 05:00:00,1,1023.2,975.0
2026-03-09 06:00:00,1,1023.3,975.1
2026-03-09 07:00:00,    1, 1023.4,  985.2
2026-03-09 08:00:00,    1, 1023.5,  985.5
2026-03-09 09:00:00,    1, 1023.3,  976.1
2026-03-09 10:00:00,    1, 1022.7,  985.4
2026-03-09 11:00:00,    1, 1022.2,  985.1
2026-03-09 12:00:00,    1, 1021.2,  984.4
2026-03-09 13:00:00,    1, 1020.5,  983.8
2026-03-09 14:00:00,    1, 1019.9,  983.2
2026-03-09 15:00:00,    1, 1019.5,  982.9
2026-03-09 16:00:00,    1, 1019.2,  982.6
2026-03-09 17:00:00,1,1018.5,972.7
2026-03-09 18:00:00,    1, 1019.5,  982.7
2026-03-09 19:00:00,1,1019.6,982.6
2026-03-09 20:00:00,    1, 1019.8,  982.6
2026-03-09 21:00:00,    1, 1019.8,  982.6
2026-03-09 22:00:00,1,1020.0,972.7
2026-03-09 23:00:00,    1, 1019.9,  982.4
2026-03-10 00:00:00,    1, 1019.7,  972.5
2026-03-10 01:00:00,    1, 1020.2,  982.5
2026-03-10 02:00:00,1,1020.3,982.5
2026-03-10 03:00:00,    1, 1020.1,  982.3
2026-03-10 04:00:00,    1, 1020.1,  982.2
2026-03-10 05:00:00,    1, 1020.0,  982.0
2026-03-10 06:00:00,1,1020.2,982.2
2026-03-10 07:00:00,    1, 1020.1,  972.4
2026-03-10 08:00:00,    1, 1020.2,  972.9
2026-03-10 09:00:00,    1, 1020.1,  982.7
2026-03-10 10:00:00,1,1019.9,982.9
2026-03-10 11:00:00,1,1019.5,982.7
2026-03-10 12:00:00,1,1018.8,982.1
2026-03-10 13:00:00,    1, 1017.2,  971.7
2026-03-10 14:00:00,    1, 1016.5,  971.1
2026-03-10 15:00:00,    1, 1016.2,  970.8
2026-03-10 16:00:00,    1, 1016.2,  970.7
2026-03-10 17:00:00,1,1016.7,970.9
2026-03-10 18:00:00,    1, 1019.2,  982.0
2026-03-10 19:00:00,1,1018.8,972.3
2026-03-10 20:00:00,    1, 1019.9,  982.5
2026-03-10 21:00:00,    1, 1020.4,  973.6
2026-03-10 22:00:00,    1, 1020.5,  983.0
2026-03-10 23:00:00,    1, 1020.3,  973.4
2026-03-11 00:00:00,1,1020.3,982.8
2026-03-11 01:00:00,    1, 1020.3,  973.2
2026-03-11 02:00:00,    1, 1019.9,  972.9
2026-03-11 03:00:00,    1, 1019.8,  982.4
2026-03-11 04:00:00,    1, 1019.6,  982.2
2026-03-11 05:00:00,1,1019.4,982.0
2026-03-11 06:00:00,    1, 1019.4,  981.9
2026-03-11 07:00:00,1,1019.5,972.5
2026-03-11 08:00:00,1,1019.3,972.6
2026-03-11 09:00:00,    1, 1019.1,  972.7
2026-03-11 10:00:00,    1, 1018.3,  972.1
2026-03-11 11:00:00,    1, 1018.1,  981.2
2026-03-11 12:00:00,1,1017.0,971.1
2026-03-11 13:00:00,1,1016.0,970.2
2026-03-11 14:00:00,1,1015.3,969.5
2026-03-11 15:00:00,1,1015.3,969.4
2026-03-11 16:00:00,    1, 1015.6,  969.4
2026-03-11 17:00:00,    1, 1016.0,  969.7
2026-03-11 18:00:00,    1, 1016.8,  979.7
2026-03-11 19:00:00,1,1017.3,970.7
2026-03-11 20:00:00,    1, 1018.0,  980.6
2026-03-11 21:00:00,1,1018.0,971.3
2026-03-11 22:00:00,    1, 1018.9,  981.4
2026-03-11 23:00:00,    1, 1019.2,  972.3
2026-03-12 00:00:00,1,1020.0,982.4
2026-03-12 01:00:00,1,1020.4,973.4
2026-03-12 02:00:00,    1, 1021.2,  983.5
2026-03-12 03:00:00,    1, 1021.7,  974.5
2026-03-12 04:00:00,    1, 1022.5,  975.2
2026-03-12 05:00:00,1,1023.5,985.5
2026-03-12 06:00:00,    1, 1024.2,  976.5
2026-03-12 07:00:00,1,1024.9,977.1
2026-03-12 08:00:00,    1, 1025.0,  987.2
2026-03-12 09:00:00,1,1024.9,977.8
2026-03-12 10:00:00,    1, 1024.8,  977.9
2026-03-12 11:00:00,1,1025.0,987.5
2026-03-12 12:00:00,1,1024.0,977.3
2026-03-12 13:00:00,1,1023.2,976.6
2026-03-12 14:00:00,1,1022.7,976.1
2026-03-12 15:00:00,1,1022.3,985.1
2026-03-12 16:00:00,1,1021.3,974.9
2026-03-12 17:00:00,1,1021.6,984.4
2026-03-12 18:00:00,1,1021.5,984.2
2026-03-12 19:00:00,    1, 1021.7,  984.2
2026-03-12 20:00:00,    1, 1021.9,  984.2
2026-03-12 21:00:00,    1, 1022.0,  974.4
2026-03-12 22:00:00,1,1021.4,983.5
2026-03-12 23:00:00,    1, 1021.2,  973.4
2026-03-13 00:00:00,    1, 1020.4,  982.3
2026-03-13 01:00:00,    1, 1019.8,  981.7
2026-03-13 02:00:00,    1, 1019.8,  971.6
2026-03-13 03:00:00,    1, 1019.0,  970.9
2026-03-13 04:00:00,    1, 1017.8,  979.6
2026-03-13 05:00:00,    1, 1017.5,  979.2
2026-03-13 06:00:00,1,1017.3,979.1
2026-03-13 07:00:00,    1, 1016.8,  978.7
2026-03-13 08:00:00,    1, 1016.4,  978.6
2026-03-13 09:00:00,    1, 1014.9,  968.3
2026-03-13 10:00:00,    1, 1013.7,  967.5
2026-03-13 11:00:00,    1, 1012.3,  975.6
2026-03-13 12:00:00,    1, 1010.7,  974.2
2026-03-13 13:00:00,    1, 1009.5,  973.1
2026-03-13 14:00:00,    1, 1008.7,  972.4
2026-03-13 15:00:00,    1, 1007.8,  962.4
2026-03-13 16:00:00,1,1006.9,970.6
2026-03-13 17:00:00,    1, 1006.4,  960.8
2026-03-13 18:00:00,    1, 1006.2,  960.1
2026-03-13 19:00:00,    1, 1005.4,  968.8
2026-03-13 20:00:00,    1, 1004.8,  968.1
2026-03-13 21:00:00,    1, 1004.2,  967.5
2026-03-13 22:00:00,    1, 1003.4,  966.7
2026-03-13 23:00:00,    1, 1002.4,  965.7
2026-03-14 00:00:00,    1, 1001.8,  965.2
2026-03-14 01:00:00,1,1000.8,964.4
2026-03-14 02:00:00,    1,  999.8,  954.0
2026-03-14 03:00:00,    1,  998.6,  953.0
2026-03-14 04:00:00,1,999.4,962.9
2026-03-14 05:00:00,1,999.8,954.0
2026-03-14 06:00:00,1,1000.6,963.6
2026-03-14 07:00:00,1,1001.1,963.9
2026-03-14 08:00:00,    1, 1001.3,  954.9
2026-03-14 09:00:00,    1, 1002.7,  965.4
2026-03-14 10:00:00,    1, 1003.1,  965.7
2026-03-14 11:00:00,1,1003.8,966.3
2026-03-14 12:00:00,1,1003.9,957.1
2026-03-14 13:00:00,1,1003.9,966.5
2026-03-14 14:00:00,    1, 1003.7,  957.1
2026-03-14 15:00:00,    1, 1004.6,  967.1
2026-03-14 16:00:00,    1, 1004.3,  957.6
2026-03-14 17:00:00,    1, 1005.3,  958.4
2026-03-14 18:00:00,    1, 1006.5,  968.9
2026-03-14 19:00:00,    1, 1006.9,  959.8
2026-03-14 20:00:00,    1, 1007.3,  960.1
2026-03-14 21:00:00,    1, 1008.0,  960.7
2026-03-14 22:00:00,1,1008.6,961.1
2026-03-14 23:00:00,    1, 1009.2,  961.7
2026-03-15 00:00:00,1,1009.9,972.0
2026-03-15 01:00:00,1,1010.3,962.9
2026-03-15 02:00:00,    1, 1011.2,  973.2
2026-03-15 03:00:00,1,1011.7,973.7
2026-03-15 04:00:00,    1, 1012.6,  974.6
2026-03-15 05:00:00,    1, 1013.4,  975.3
2026-03-15 06:00:00,    1, 1013.6,  966.1
2026-03-15 07:00:00,    1, 1014.5,  966.9
2026-03-15 08:00:00,1,1015.6,977.5
2026-03-15 09:00:00,    1, 1015.6,  968.1
2026-03-15 10:00:00,    1, 1016.2,  978.3
2026-03-15 11:00:00,    1, 1015.8,  968.5
2026-03-15 12:00:00,    1, 1015.9,  968.6
2026-03-15 13:00:00,1,1016.0,968.7
2026-03-15 14:00:00,1,1016.4,978.6
2026-03-15 15:00:00,    1, 1016.1,  968.9
2026-03-15 16:00:00,    1, 1016.4,  969.2
2026-03-15 17:00:00,1,1017.5,979.6
2026-03-15 18:00:00,    1, 1018.1,  980.2
2026-03-15 19:00:00,1,1018.3,970.9
2026-03-15 20:00:00,1,1018.2,970.8
2026-03-15 21:00:00,    1, 1018.7,  980.7
2026-03-15 22:00:00,1,1018.8,970.8
2026-03-15 23:00:00,1,1018.9,970.7
2026-03-16 00:00:00,    1, 1018.5,  980.3
2026-03-16 01:00:00,    1, 1018.6,  980.3
2026-03-16 02:00:00,    1, 1017.6,  969.6
2026-03-16 03:00:00,1,1017.7,969.5
2026-03-16 04:00:00,1,1017.7,979.3
2026-03-16 05:00:00,    1, 1017.2,  969.4
2026-03-16 06:00:00,    1, 1017.3,  969.6
2026-03-16 07:00:00,    1, 1017.9,  970.2
2026-03-16 08:00:00,    1, 1018.4,  970.8
2026-03-16 09:00:00,    1, 1018.4,  971.0
2026-03-16 10:00:00,    1, 1017.7,  970.6
2026-03-16 11:00:00,    1, 1017.6,  980.1
2026-03-16 12:00:00,    1, 1017.7,  980.2
2026-03-16 13:00:00,    1, 1018.1,  980.3
2026-03-16 14:00:00,    1, 1017.8,  970.9
2026-03-16 15:00:00,1,1019.7,981.7
2026-03-16 16:00:00,1,1019.4,972.3
2026-03-16 17:00:00,    1, 1020.3,  982.6
2026-03-16 18:00:00,1,1020.9,973.6
2026-03-16 19:00:00,    1, 1021.5,  974.2
2026-03-16 20:00:00,1,1022.8,984.7
2026-03-16 21:00:00,1,1023.1,985.0
2026-03-16 22:00:00,1,1023.3,985.2
2026-03-16 23:00:00,    1, 1023.5,  975.6
2026-03-17 00:00:00,1,1023.3,985.2
2026-03-17 01:00:00,1,1023.4,985.2
2026-03-17 02:00:00,1,1022.8,975.2
2026-03-17 03:00:00,1,1022.6,975.0
2026-03-17 04:00:00,    1, 1023.0,  975.3
2026-03-17 05:00:00,    1, 1023.0,  975.3
2026-03-17 06:00:00,    1, 1023.0,  975.3
2026-03-17 07:00:00,    1, 1023.3,  985.2
2026-03-17 08:00:00,    1, 1023.6,  985.5
2026-03-17 09:00:00,    1, 1022.8,  975.4
2026-03-17 10:00:00,    1, 1023.9,  986.0
2026-03-17 11:00:00,    1, 1023.5,  985.7
2026-03-17 12:00:00,    1, 1022.6,  975.5
2026-03-17 13:00:00,    1, 1022.6,  985.0
2026-03-17 14:00:00,    1, 1021.2,  974.5
2026-03-17 15:00:00,    1, 1021.6,  984.1
2026-03-17 16:00:00,    1, 1021.5,  983.9
2026-03-17 17:00:00,    1, 1021.6,  984.0
2026-03-17 18:00:00,    1, 1021.2,  974.1
2026-03-17 19:00:00,    1, 1021.6,  974.4
2026-03-17 20:00:00,    1, 1022.1,  974.6
2026-03-17 21:00:00,    1, 1023.1,  985.1
2026-03-17 22:00:00,1,1022.3,974.8
2026-03-17 23:00:00,    1, 1022.6,  975.0
2026-03-18 00:00:00,1,1023.7,985.5
2026-03-18 01:00:00,1,1023.4,975.3
2026-03-18 02:00:00,1,1023.2,975.0
2026-03-18 03:00:00,    1, 1023.7,  985.2
2026-03-18 04:00:00,1,1023.4,975.1
2026-03-18 05:00:00,1,1023.5,975.0
2026-03-18 06:00:00,    1, 1024.6,  985.9
2026-03-18 07:00:00,    1, 1023.8,  975.7
2026-03-18 08:00:00,    1, 1025.0,  986.6
2026-03-18 09:00:00,1,1024.7,986.7
2026-03-18 10:00:00,    1, 1024.5,  986.7
2026-03-18 11:00:00,1,1024.0,986.3
2026-03-18 12:00:00,    1, 1023.5,  986.1
2026-03-18 13:00:00,    1, 1022.8,  985.4
2026-03-18 14:00:00,1,1021.4,974.9
2026-03-18 15:00:00,    1, 1021.0,  974.6
2026-03-18 16:00:00,    1, 1022.0,  984.8
2026-03-18 17:00:00,    1, 1022.4,  985.1
2026-03-18 18:00:00,    1, 1022.8,  985.4
2026-03-18 19:00:00,    1, 1022.8,  975.7
2026-03-18 20:00:00,    1, 1022.8,  975.7
2026-03-18 21:00:00,    1, 1022.9,  975.6
2026-03-18 22:00:00,1,1023.8,986.0
2026-03-18 23:00:00,    1, 1023.3,  975.7
2026-03-19 00:00:00,    1, 1023.4,  975.8
2026-03-19 01:00:00,    1, 1023.3,  975.7
2026-03-19 02:00:00,    1, 1023.8,  985.7
2026-03-19 03:00:00,1,1023.2,975.2
2026-03-19 04:00:00,1,1023.1,975.2
2026-03-19 05:00:00,    1, 1024.0,  985.7
2026-03-19 06:00:00,    1, 1024.3,  986.0
2026-03-19 07:00:00,    1, 1024.8,  986.5
2026-03-19 08:00:00,    1, 1025.0,  987.0
2026-03-19 09:00:00,    1, 1023.7,  976.6
2026-03-19 10:00:00,    1, 1024.4,  986.8
2026-03-19 11:00:00,    1, 1023.6,  986.3
2026-03-19 12:00:00,    1, 1022.7,  985.6
2026-03-19 13:00:00,    1, 1022.0,  985.0
2026-03-19 14:00:00,    1, 1021.4,  984.4
2026-03-19 15:00:00,    1, 1020.8,  983.9
2026-03-19 16:00:00,    1, 1019.6,  973.5
2026-03-19 17:00:00,1,1020.8,983.7
2026-03-19 18:00:00,    1, 1020.8,  974.0
2026-03-19 19:00:00,    1, 1021.6,  984.1
2026-03-19 20:00:00,    1, 1021.6,  974.4
2026-03-19 21:00:00,    1, 1022.0,  984.3
2026-03-19 22:00:00,    1, 1021.6,  974.0
2026-03-19 23:00:00,1,1021.7,973.7
2026-03-20 00:00:00,    1, 1021.6,  983.5
2026-03-20 01:00:00,    1, 1021.3,  972.9
2026-03-20 02:00:00,    1, 1021.2,  982.8
2026-03-20 03:00:00,    1, 1020.7,  972.3
2026-03-20 04:00:00,    1, 1020.9,  972.5
2026-03-20 05:00:00,1,1021.1,982.5
2026-03-20 06:00:00,1,1021.4,982.8
2026-03-20 07:00:00,    1, 1021.6,  983.1
2026-03-20 08:00:00,1,1020.6,973.0
2026-03-20 09:00:00,    1, 1020.5,  973.2
2026-03-20 10:00:00,1,1020.6,983.0
2026-03-20 11:00:00,1,1018.8,972.4
2026-03-20 12:00:00,    1, 1019.2,  982.1
2026-03-20 13:00:00,    1, 1018.2,  981.3
2026-03-20 14:00:00,1,1017.7,980.8
2026-03-20 15:00:00,1,1017.0,980.2
2026-03-20 16:00:00,    1, 1016.7,  979.9
2026-03-20 17:00:00,    1, 1016.3,  970.2
2026-03-20 18:00:00,    1, 1016.9,  979.8
2026-03-20 19:00:00,    1, 1017.1,  979.9
2026-03-20 20:00:00,    1, 1017.3,  970.4
2026-03-20 21:00:00,    1, 1017.2,  979.8
2026-03-20 22:00:00,    1, 1016.8,  979.4
2026-03-20 23:00:00,    1, 1017.0,  969.9
2026-03-21 00:00:00,    1, 1016.6,  969.5
2026-03-21 01:00:00,1,1016.1,969.1
2026-03-21 02:00:00,    1, 1016.1,  978.4
2026-03-21 03:00:00,    1, 1016.1,  978.2
2026-03-21 04:00:00,1,1016.2,968.3
2026-03-21 05:00:00,1,1016.1,978.1
2026-03-21 06:00:00,1,1015.9,968.4
2026-03-21 07:00:00,1,1016.5,978.5
2026-03-21 08:00:00,1,1015.9,968.6
2026-03-21 09:00:00,1,1016.2,978.5
2026-03-21 10:00:00,    1, 1015.1,  968.6
2026-03-21 11:00:00,    1, 1014.7,  968.3
2026-03-21 12:00:00,    1, 1013.8,  967.6
2026-03-21 13:00:00,    1, 1013.9,  967.5
2026-03-21 14:00:00,    1, 1013.5,  976.5
2026-03-21 15:00:00,    1, 1013.2,  976.1
2026-03-21 16:00:00,    1, 1012.6,  966.3
2026-03-21 17:00:00,    1, 1013.7,  976.4
2026-03-21 18:00:00,    1, 1014.3,  976.9
2026-03-21 19:00:00,1,1014.5,967.5
2026-03-21 20:00:00,    1, 1014.4,  967.4
2026-03-21 21:00:00,    1, 1014.9,  977.3
2026-03-21 22:00:00,    1, 1015.0,  977.3
2026-03-21 23:00:00,1,1014.5,976.8
2026-03-22 00:00:00,    1, 1014.0,  966.7
2026-03-22 01:00:00,1,1014.0,966.5
2026-03-22 02:00:00,    1, 1013.5,  966.1
2026-03-22 03:00:00,    1, 1014.1,  976.1
2026-03-22 04:00:00,    1, 1014.2,  976.2
2026-03-22 05:00:00,1,1013.5,966.2
2026-03-22 06:00:00,    1, 1013.6,  966.3
2026-03-22 07:00:00,    1, 1013.9,  966.6
2026-03-22 08:00:00,1,1013.7,966.5
2026-03-22 09:00:00,    1, 1013.7,  966.6
2026-03-22 10:00:00,1,1013.4,966.4
2026-03-22 11:00:00,    1, 1013.1,  975.9
2026-03-22 12:00:00,    1, 1012.8,  975.8
2026-03-22 13:00:00,    1, 1012.3,  975.4
2026-03-22 14:00:00,    1, 1011.2,  965.4
2026-03-22 15:00:00,    1, 1011.5,  974.8
2026-03-22 16:00:00,    1, 1011.1,  965.2
2026-03-22 17:00:00,    1, 1011.5,  965.5
2026-03-22 18:00:00,    1, 1012.2,  975.2
2026-03-22 19:00:00,    1, 1012.6,  975.5
2026-03-22 20:00:00,1,1013.2,966.4
2026-03-22 21:00:00,    1, 1013.6,  976.2
2026-03-22 22:00:00,    1, 1014.5,  967.0
2026-03-22 23:00:00,    1, 1014.9,  967.3
2026-03-23 00:00:00,1,1014.9,977.0
2026-03-23 01:00:00,    1, 1015.3,  977.3
2026-03-23 02:00:00,    1, 1015.9,  968.0
2026-03-23 03:00:00,    1, 1016.5,  968.3
2026-03-23 04:00:00,    1, 1016.3,  978.0
2026-03-23 05:00:00,    1, 1016.9,  978.5
2026-03-23 06:00:00,    1, 1017.4,  979.1
2026-03-23 07:00:00,    1, 1018.0,  979.7
2026-03-23 08:00:00,    1, 1018.5,  970.8
2026-03-23 09:00:00,    1, 1018.8,  980.9
2026-03-23 10:00:00,1,1018.9,981.3
2026-03-23 11:00:00,1,1018.6,971.9
2026-03-23 12:00:00,1,1018.1,971.7
2026-03-23 13:00:00,1,1018.0,971.7
2026-03-23 14:00:00,    1, 1018.4,  981.4
2026-03-23 15:00:00,1,1018.7,981.6
2026-03-23 16:00:00,    1, 1018.6,  972.3
2026-03-23 17:00:00,    1, 1019.5,  982.4
2026-03-23 18:00:00,    1, 1020.1,  973.3
2026-03-23 19:00:00,    1, 1020.9,  983.5
2026-03-23 20:00:00,    1, 1021.7,  974.3
2026-03-23 21:00:00,1,1022.2,974.8
2026-03-23 22:00:00,    1, 1022.5,  984.5
2026-03-23 23:00:00,1,1022.5,984.4
2026-03-24 00:00:00,    1, 1023.4,  975.2
2026-03-24 01:00:00,    1, 1023.0,  984.7
2026-03-24 02:00:00,    1, 1023.6,  975.1
2026-03-24 03:00:00,    1, 1023.5,  975.0
2026-03-24 04:00:00,    1, 1023.6,  985.0
2026-03-24 05:00:00,    1, 1023.9,  985.2
2026-03-24 06:00:00,    1, 1023.9,  985.2
2026-03-24 07:00:00,    1, 1024.0,  985.5
2026-03-24 08:00:00,    1, 1023.9,  985.6
2026-03-24 09:00:00,    1, 1023.6,  985.7
2026-03-24 10:00:00,1,1022.8,985.4
2026-03-24 11:00:00,    1, 1021.8,  984.7
2026-03-24 12:00:00,    1, 1021.0,  974.9
2026-03-24 13:00:00,    1, 1019.6,  973.7
2026-03-24 14:00:00,    1, 1019.0,  982.3
2026-03-24 15:00:00,    1, 1018.7,  982.0
2026-03-24 16:00:00,    1, 1018.3,  981.5
2026-03-24 17:00:00,    1, 1017.1,  971.3
2026-03-24 18:00:00,    1, 1017.3,  971.0
2026-03-24 19:00:00,    1, 1017.2,  970.7
2026-03-24 20:00:00,1,1016.4,979.4
2026-03-24 21:00:00,    1, 1015.9,  978.7
2026-03-24 22:00:00,1,1015.4,968.8
2026-03-24 23:00:00,    1, 1015.0,  968.5
2026-03-25 00:00:00,    1, 1014.0,  976.8
2026-03-25 01:00:00,    1, 1012.4,  965.9
2026-03-25 02:00:00,1,1011.1,973.9
2026-03-25 03:00:00,1,1010.1,972.9
2026-03-25 04:00:00,1,1009.2,972.0
2026-03-25 05:00:00,1,1007.7,961.4
2026-03-25 06:00:00,    1, 1007.2,  970.2
2026-03-25 07:00:00,    1, 1006.2,  960.2
2026-03-25 08:00:00,    1, 1004.9,  968.3
2026-03-25 09:00:00,    1, 1004.1,  967.6
2026-03-25 10:00:00,    1, 1004.0,  958.3
2026-03-25 11:00:00,    1, 1004.3,  967.4
2026-03-25 12:00:00,1,1004.5,967.4
2026-03-25 13:00:00,    1, 1004.4,  957.9
2026-03-25 14:00:00,    1, 1005.0,  958.4
2026-03-25 15:00:00,    1, 1005.1,  958.6
2026-03-25 16:00:00,1,1005.4,968.1
2026-03-25 17:00:00,1,1007.3,969.6
2026-03-25 18:00:00,    1, 1008.5,  960.9
2026-03-25 19:00:00,    1, 1009.1,  971.1
2026-03-25 20:00:00,1,1008.8,961.5
2026-03-25 21:00:00,1,1008.7,961.4
2026-03-25 22:00:00,    1, 1009.1,  961.8
2026-03-25 23:00:00,1,1009.7,971.8
2026-03-26 00:00:00,    1, 1009.8,  971.9
2026-03-26 01:00:00,    1, 1009.5,  962.1
2026-03-26 02:00:00,    1, 1009.5,  962.0
2026-03-26 03:00:00,1,1010.3,972.3
2026-03-26 04:00:00,    1, 1010.6,  963.1
2026-03-26 05:00:00,    1, 1011.3,  963.7
2026-03-26 06:00:00,1,1012.2,964.5
2026-03-26 07:00:00,    1, 1013.1,  965.4
2026-03-26 08:00:00,    1, 1014.1,  976.0
2026-03-26 09:00:00,    1, 1014.1,  966.5
2026-03-26 10:00:00,    1, 1015.1,  976.9
2026-03-26 11:00:00,1,1015.0,977.1
2026-03-26 12:00:00,    1, 1014.7,  967.4
2026-03-26 13:00:00,    1, 1014.5,  967.5
2026-03-26 14:00:00,1,1014.8,977.1
2026-03-26 15:00:00,    1, 1014.9,  977.1
2026-03-26 16:00:00,    1, 1014.7,  967.6
2026-03-26 17:00:00,    1, 1015.5,  968.2
2026-03-26 18:00:00,    1, 1016.7,  969.1
2026-03-26 19:00:00,    1, 1017.8,  970.0
2026-03-26 20:00:00,    1, 1019.0,  970.9
2026-03-26 21:00:00,    1, 1019.8,  981.2
2026-03-26 22:00:00,1,1020.0,981.4
2026-03-26 23:00:00,1,1020.5,981.8
2026-03-27 00:00:00,1,1020.7,972.2
2026-03-27 01:00:00,    1, 1020.9,  972.4
2026-03-27 02:00:00,    1, 1021.2,  972.6
2026-03-27 03:00:00,    1, 1021.6,  973.0
2026-03-27 04:00:00,    1, 1022.3,  973.5
2026-03-27 05:00:00,1,1022.9,974.1
2026-03-27 06:00:00,1,1024.0,984.9
2026-03-27 07:00:00,    1, 1023.8,  975.3
2026-03-27 08:00:00,1,1024.3,975.8
2026-03-27 09:00:00,1,1024.7,976.3
2026-03-27 10:00:00,1,1025.1,986.6
2026-03-27 11:00:00,    1, 1024.9,  986.4
2026-03-27 12:00:00,    1, 1024.4,  986.0
2026-03-27 13:00:00,    1, 1024.0,  985.7
2026-03-27 14:00:00,    1, 1023.5,  985.3
2026-03-27 15:00:00,1,1023.1,985.0
2026-03-27 16:00:00,    1, 1022.9,  984.9
2026-03-27 17:00:00,1,1023.2,985.0
2026-03-27 18:00:00,1,1023.4,975.5
2026-03-27 19:00:00,    1, 1024.0,  985.5
2026-03-27 20:00:00,    1, 1024.3,  975.9
2026-03-27 21:00:00,    1, 1024.3,  975.9
2026-03-27 22:00:00,1,1024.4,975.6
2026-03-27 23:00:00,    1, 1024.5,  985.5
2026-03-28 00:00:00,    1, 1024.5,  975.5
2026-03-28 01:00:00,1,1024.3,975.1
2026-03-28 02:00:00,1,1023.5,984.4
2026-03-28 03:00:00,1,1023.6,974.4
2026-03-28 04:00:00,    1, 1023.1,  983.9
2026-03-28 05:00:00,    1, 1022.9,  983.7
2026-03-28 06:00:00,    1, 1022.7,  983.6
2026-03-28 07:00:00,    1, 1022.5,  983.6
2026-03-28 08:00:00,    1, 1022.1,  983.5
2026-03-28 09:00:00,1,1021.4,983.2
2026-03-28 10:00:00,1,1020.4,973.0
2026-03-28 11:00:00,1,1020.1,982.2
2026-03-28 12:00:00,1,1020.1,982.1
2026-03-28 13:00:00,    1, 1020.1,  982.0
2026-03-28 14:00:00,    1, 1020.7,  982.3
2026-03-28 15:00:00,    1, 1020.7,  982.3
2026-03-28 16:00:00,    1, 1020.7,  982.3
2026-03-28 17:00:00,    1, 1020.8,  972.8
2026-03-28 18:00:00,1,1021.4,973.3
2026-03-28 19:00:00,    1, 1022.3,  974.1
2026-03-28 20:00:00,    1, 1023.0,  984.4
2026-03-28 21:00:00,    1, 1022.8,  974.8
2026-03-28 22:00:00,    1, 1023.4,  975.4
2026-03-28 23:00:00,    1, 1024.2,  985.7
2026-03-29 00:00:00,1,1024.8,986.2
2026-03-29 01:00:00,    1, 1025.3,  986.7
2026-03-29 02:00:00,    1, 1025.0,  976.9
2026-03-29 03:00:00,    1, 1025.8,  987.2
2026-03-29 04:00:00,1,1026.0,977.8
2026-03-29 05:00:00,    1, 1027.1,  988.3
2026-03-29 06:00:00,    1, 1027.6,  979.1
2026-03-29 07:00:00,1,1028.4,989.6
2026-03-29 08:00:00,    1, 1028.8,  990.2
2026-03-29 09:00:00,    1, 1029.5,  990.9
2026-03-29 10:00:00,    1, 1029.1,  981.2
2026-03-29 11:00:00,1,1029.4,991.1
2026-03-29 12:00:00,    1, 1028.4,  980.8
2026-03-29 13:00:00,    1, 1028.3,  980.6
2026-03-29 14:00:00,    1, 1028.4,  990.3
2026-03-29 15:00:00,1,1028.0,990.0
2026-03-29 16:00:00,1,1027.5,979.9
2026-03-29 17:00:00,    1, 1028.4,  990.2
2026-03-29 18:00:00,1,1028.2,980.2
2026-03-29 19:00:00,    1, 1028.0,  989.6
2026-03-29 20:00:00,    1, 1027.8,  989.4
2026-03-29 21:00:00,    1, 1027.9,  979.5
2026-03-29 22:00:00,    1, 1027.2,  988.7
2026-03-29 23:00:00,1,1026.7,978.5
2026-03-30 00:00:00,    1, 1025.4,  977.3
2026-03-30 01:00:00,1,1023.8,985.5
2026-03-30 02:00:00,1,1022.9,974.9
2026-03-30 03:00:00,1,1021.8,974.0
2026-03-30 04:00:00,1,1020.8,982.5
2026-03-30 05:00:00,    1, 1019.9,  981.6
2026-03-30 06:00:00,    1, 1019.0,  980.7
2026-03-30 07:00:00,    1, 1018.4,  970.7
2026-03-30 08:00:00,1,1019.4,980.8
2026-03-30 09:00:00,    1, 1018.5,  971.0
2026-03-30 10:00:00,1,1018.1,970.9
2026-03-30 11:00:00,    1, 1017.6,  979.8
2026-03-30 12:00:00,1,1018.0,970.3
2026-03-30 13:00:00,    1, 1018.0,  970.4
2026-03-30 14:00:00,    1, 1017.3,  970.0
2026-03-30 15:00:00,    1, 1017.7,  979.8
2026-03-30 16:00:00,    1, 1017.5,  979.8
2026-03-30 17:00:00,    1, 1017.9,  970.5
2026-03-30 18:00:00,    1, 1018.3,  970.7
2026-03-30 19:00:00,    1, 1019.9,  981.6
2026-03-30 20:00:00,    1, 1020.9,  982.6
2026-03-30 21:00:00,    1, 1021.7,  983.3
2026-03-30 22:00:00,1,1021.8,973.8
2026-03-30 23:00:00,1,1022.4,974.4
2026-03-31 00:00:00,1,1022.9,974.8
2026-03-31 01:00:00,    1, 1023.6,  985.1
2026-03-31 02:00:00,    1, 1024.1,  985.5
2026-03-31 03:00:00,    1, 1023.9,  975.8
2026-03-31 04:00:00,    1, 1024.5,  976.3
2026-03-31 05:00:00,1,1025.7,987.0
2026-03-31 06:00:00,1,1026.0,977.7
2026-03-31 07:00:00,1,1027.1,988.4
2026-03-31 08:00:00,1,1026.9,978.7
2026-03-31 09:00:00,    1, 1027.1,  979.0
2026-03-31 10:00:00,    1, 1027.8,  989.4
2026-03-31 11:00:00,    1, 1027.8,  989.5
2026-03-31 12:00:00,    1, 1026.9,  979.2
2026-03-31 13:00:00,    1, 1027.4,  989.2
2026-03-31 14:00:00,    1, 1027.0,  979.0
2026-03-31 15:00:00,    1, 1026.9,  978.9
2026-03-31 16:00:00,    1, 1026.1,  978.5
2026-03-31 17:00:00,    1, 1026.0,  978.3
2026-03-31 18:00:00,1,1026.6,978.8
2026-03-31 19:00:00,    1, 1027.2,  979.3
2026-03-31 20:00:00,    1, 1027.9,  989.4
2026-03-31 21:00:00,1,1028.1,989.6
2026-03-31 22:00:00,    1, 1028.0,  989.5
2026-03-31 23:00:00,1,1027.6,989.1
2026-04-01 00:00:00,    1, 1026.9,  978.6
2026-04-01 01:00:00,1,1026.8,988.3
2026-04-01 02:00:00,    1, 1026.5,  988.0
2026-04-01 03:00:00,1,1025.6,977.3
2026-04-01 04:00:00,1,1025.5,977.2
2026-04-01 05:00:00,1,1025.9,987.3
2026-04-01 06:00:00,    1, 1025.6,  977.3
2026-04-01 07:00:00,    1, 1026.1,  987.5
2026-04-01 08:00:00,1,1025.8,987.4
2026-04-01 09:00:00,1,1025.4,977.4
2026-04-01 10:00:00,1,1025.6,987.4
2026-04-01 11:00:00,    1, 1024.9,  977.2
2026-04-01 12:00:00,    1, 1024.7,  986.7
2026-04-01 13:00:00,    1, 1023.9,  986.1
2026-04-01 14:00:00,    1, 1023.1,  985.4
2026-04-01 15:00:00,    1, 1022.0,  974.9
2026-04-01 16:00:00,    1, 1022.1,  984.4
2026-04-01 17:00:00,    1, 1021.4,  974.3
2026-04-01 18:00:00,1,1021.6,974.3
2026-04-01 19:00:00,    1, 1022.3,  974.6
2026-04-01 20:00:00,    1, 1022.5,  984.4
2026-04-01 21:00:00,    1, 1021.8,  973.9
2026-04-01 22:00:00,    1, 1021.3,  973.2
2026-04-01 23:00:00,1,1020.9,972.8
2026-04-02 00:00:00,    1, 1021.2,  982.7
2026-04-02 01:00:00,    1, 1019.8,  971.6
2026-04-02 02:00:00,    1, 1019.1,  970.8
2026-04-02 03:00:00,    1, 1019.0,  970.6
2026-04-02 04:00:00,1,1019.3,970.8
2026-04-02 05:00:00,    1, 1019.5,  980.7
2026-04-02 06:00:00,    1, 1019.6,  981.0
2026-04-02 07:00:00,    1, 1019.4,  980.9
2026-04-02 08:00:00,1,1018.3,970.6
2026-04-02 09:00:00,1,1017.7,970.5
2026-04-02 10:00:00,1,1017.4,970.4
2026-04-02 11:00:00,1,1017.6,980.1
2026-04-02 12:00:00,    1, 1017.0,  979.7
2026-04-02 13:00:00,    1, 1015.7,  969.3
2026-04-02 14:00:00,    1, 1015.4,  969.0
2026-04-02 15:00:00,1,1015.0,968.7
2026-04-02 16:00:00,1,1015.5,978.5
2026-04-02 17:00:00,1,1015.6,969.2
2026-04-02 18:00:00,1,1016.4,979.1
2026-04-02 19:00:00,    1, 1017.1,  979.7
2026-04-02 20:00:00,    1, 1017.8,  970.3
2026-04-02 21:00:00,1,1018.1,970.4
2026-04-02 22:00:00,1,1017.9,980.0
2026-04-02 23:00:00,1,1018.0,980.1
2026-04-03 00:00:00,    1, 1018.5,  980.5
2026-04-03 01:00:00,    1, 1018.0,  970.3
2026-04-03 02:00:00,    1, 1018.1,  970.2
2026-04-03 03:00:00,    1, 1018.5,  980.3
2026-04-03 04:00:00,    1, 1019.2,  980.9
2026-04-03 05:00:00,    1, 1019.7,  981.3
2026-04-03 06:00:00,1,1019.8,971.7
2026-04-03 07:00:00,    1, 1020.0,  981.9
2026-04-03 08:00:00,    1, 1019.7,  982.0
2026-04-03 09:00:00,1,1018.7,972.0
2026-04-03 10:00:00,1,1018.6,972.1
2026-04-03 11:00:00,    1, 1018.5,  972.1
2026-04-03 12:00:00,1,1017.9,971.6
2026-04-03 13:00:00,1,1018.2,981.2
2026-04-03 14:00:00,1,1017.7,980.8
2026-04-03 15:00:00,1,1017.0,970.9
2026-04-03 16:00:00,    1, 1017.0,  970.9
2026-04-03 17:00:00,    1, 1017.8,  980.8
2026-04-03 18:00:00,    1, 1018.1,  981.1
2026-04-03 19:00:00,    1, 1018.4,  971.9
2026-04-03 20:00:00,    1, 1019.2,  982.0
2026-04-03 21:00:00,    1, 1018.8,  972.3
2026-04-03 22:00:00,    1, 1018.9,  972.4
2026-04-03 23:00:00,    1, 1020.1,  982.8
2026-04-04 00:00:00,    1, 1019.8,  973.1
2026-04-04 01:00:00,    1, 1019.6,  972.9
2026-04-04 02:00:00,1,1019.9,973.2
2026-04-04 03:00:00,1,1020.0,973.3
2026-04-04 04:00:00,    1, 1020.6,  983.2
2026-04-04 05:00:00,    1, 1020.9,  983.5
2026-04-04 06:00:00,    1, 1021.5,  984.1
2026-04-04 07:00:00,    1, 1021.7,  975.0
2026-04-04 08:00:00,1,1022.5,985.2
2026-04-04 09:00:00,1,1022.5,985.4
2026-04-04 10:00:00,    1, 1022.4,  976.1
2026-04-04 11:00:00,    1, 1023.1,  986.0
2026-04-04 12:00:00,    1, 1023.0,  986.0
2026-04-04 13:00:00,1,1022.9,986.0
2026-04-04 14:00:00,    1, 1022.8,  985.9
2026-04-04 15:00:00,1,1022.7,985.8
2026-04-04 16:00:00,    1, 1021.9,  975.9
2026-04-04 17:00:00,    1, 1022.3,  985.4
2026-04-04 18:00:00,1,1021.6,975.5
2026-04-04 19:00:00,1,1021.7,975.4
2026-04-04 20:00:00,1,1021.8,975.3
2026-04-04 21:00:00,1,1021.4,974.8
2026-04-04 22:00:00,1,1021.7,984.4
2026-04-04 23:00:00,    1, 1021.3,  983.9
2026-04-05 00:00:00,    1, 1020.9,  973.7
2026-04-05 01:00:00,    1, 1020.1,  973.4
2026-04-05 02:00:00,    1, 1019.8,  972.7
2026-04-05 03:00:00,1,1019.4,972.6
2026-04-05 04:00:00,1,1019.6,972.0
2026-04-05 05:00:00,1,1019.1,971.8
2026-04-05 06:00:00,    1, 1018.0,  971.8
2026-04-05 07:00:00,    1, 1018.6,  981.7
2026-04-05 08:00:00,    1, 1018.3,  972.4
2026-04-05 09:00:00,    1, 1018.5,  982.0
2026-04-05 10:00:00,    1, 1018.4,  972.9
2026-04-05 11:00:00,1,1017.9,972.7
2026-04-05 12:00:00,    1, 1017.3,  972.5
2026-04-05 13:00:00,    1, 1017.9,  982.0
2026-04-05 14:00:00,1,1017.5,972.6
2026-04-05 15:00:00,1,1017.7,972.8
2026-04-05 16:00:00,    1, 1017.9,  972.9
2026-04-05 17:00:00,    1, 1020.4,  983.7
2026-04-05 18:00:00,    1, 1021.0,  984.1
2026-04-05 19:00:00,    1, 1022.0,  985.0
2026-04-05 20:00:00,1,1021.9,975.7
2026-04-05 21:00:00,    1, 1023.0,  976.5
2026-04-05 22:00:00,    1, 1023.6,  977.1
2026-04-05 23:00:00,1,1024.8,987.5
2026-04-06 00:00:00,    1, 1025.6,  988.2
2026-04-06 01:00:00,1,1026.1,988.6
2026-04-06 02:00:00,    1, 1026.0,  978.9
2026-04-06 03:00:00,    1, 1027.3,  989.5
2026-04-06 04:00:00,1,1027.8,989.7
2026-04-06 05:00:00,    1, 1027.5,  980.1
2026-04-06 06:00:00,    1, 1028.3,  990.3
2026-04-06 07:00:00,1,1028.4,990.6
2026-04-06 08:00:00,    1, 1027.7,  980.8
2026-04-06 09:00:00,    1, 1028.7,  991.2
2026-04-06 10:00:00,    1, 1027.7,  981.1
2026-04-06 11:00:00,1,1027.2,980.7
2026-04-06 12:00:00,    1, 1027.5,  990.4
2026-04-06 13:00:00,1,1026.0,979.8
2026-04-06 14:00:00,    1, 1025.3,  979.2
2026-04-06 15:00:00,1,1024.9,978.8
2026-04-06 16:00:00,    1, 1024.7,  978.5
2026-04-06 17:00:00,1,1024.5,978.2
2026-04-06 18:00:00,    1, 1024.5,  978.1
2026-04-06 19:00:00,    1, 1025.9,  988.5
2026-04-06 20:00:00,    1, 1025.7,  978.8
2026-04-06 21:00:00,1,1026.4,988.8
2026-04-06 22:00:00,1,1026.3,978.7
2026-04-06 23:00:00,    1, 1026.3,  978.7
2026-04-07 00:00:00,    1, 1026.3,  978.5
2026-04-07 01:00:00,    1, 1026.7,  988.5
2026-04-07 02:00:00,1,1026.2,978.1
2026-04-07 03:00:00,    1, 1025.9,  978.0
2026-04-07 04:00:00,    1, 1026.5,  988.1
2026-04-07 05:00:00,1,1026.2,987.8
2026-04-07 06:00:00,1,1025.8,977.9
2026-04-07 07:00:00,    1, 1025.4,  978.0
2026-04-07 08:00:00,    1, 1025.0,  978.0
2026-04-07 09:00:00,1,1024.8,978.2
2026-04-07 10:00:00,    1, 1024.1,  977.9
2026-04-07 11:00:00,    1, 1024.5,  987.7
2026-04-07 12:00:00,    1, 1024.0,  987.3
2026-04-07 13:00:00,1,1023.6,987.0
2026-04-07 14:00:00,    1, 1022.9,  986.4
2026-04-07 15:00:00,    1, 1021.6,  976.1
2026-04-07 16:00:00,1,1021.7,976.2
2026-04-07 17:00:00,1,1022.4,985.9
2026-04-07 18:00:00,    1, 1022.3,  976.3
2026-04-07 19:00:00,1,1023.6,986.6
2026-04-07 20:00:00,    1, 1024.0,  977.4
2026-04-07 21:00:00,    1, 1024.6,  987.3
2026-04-07 22:00:00,1,1024.9,987.5
2026-04-07 23:00:00,    1, 1025.1,  987.6
2026-04-08 00:00:00,    1, 1025.5,  977.9
2026-04-08 01:00:00,1,1025.7,988.0
2026-04-08 02:00:00,    1, 1025.8,  987.9
2026-04-08 03:00:00,    1, 1025.5,  977.8
2026-04-08 04:00:00,1,1026.2,988.0
2026-04-08 05:00:00,    1, 1026.2,  988.0
2026-04-08 06:00:00,    1, 1025.5,  978.1
2026-04-08 07:00:00,    1, 1026.0,  988.2
2026-04-08 08:00:00,    1, 1025.1,  978.2
2026-04-08 09:00:00,    1, 1024.7,  978.2
2026-04-08 10:00:00,    1, 1025.2,  988.2
2026-04-08 11:00:00,    1, 1024.5,  987.7
2026-04-08 12:00:00,    1, 1023.1,  977.4
2026-04-08 13:00:00,    1, 1023.5,  986.9
2026-04-08 14:00:00,    1, 1022.6,  986.2
2026-04-08 15:00:00,    1, 1022.1,  985.7
2026-04-08 16:00:00,    1, 1021.9,  985.5
2026-04-08 17:00:00,    1, 1021.2,  975.7
2026-04-08 18:00:00,1,1022.3,985.6
2026-04-08 19:00:00,    1, 1022.5,  976.2
2026-04-08 20:00:00,1,1023.2,976.6
2026-04-08 21:00:00,    1, 1023.2,  976.4
2026-04-08 22:00:00,1,1023.4,986.1
2026-04-08 23:00:00,    1, 1023.4,  976.2
2026-04-09 00:00:00,    1, 1023.5,  975.9
2026-04-09 01:00:00,    1, 1023.0,  975.4
2026-04-09 02:00:00,    1, 1022.8,  974.9
2026-04-09 03:00:00,1,1022.5,984.4
2026-04-09 04:00:00,1,1022.0,974.1
2026-04-09 05:00:00,    1, 1021.8,  973.8
2026-04-09 06:00:00,    1, 1021.6,  973.7
2026-04-09 07:00:00,    1, 1021.1,  973.8
2026-04-09 08:00:00,1,1020.8,973.9
2026-04-09 09:00:00,    1, 1021.1,  983.9
2026-04-09 10:00:00,1,1019.7,973.6
2026-04-09 11:00:00,    1, 1019.7,  983.0
2026-04-09 12:00:00,1,1017.5,972.1
2026-04-09 13:00:00,1,1016.7,971.5
2026-04-09 14:00:00,    1, 1017.3,  981.0
2026-04-09 15:00:00,    1, 1015.8,  970.7
2026-04-09 16:00:00,1,1016.4,980.2
2026-04-09 17:00:00,1,1016.3,980.0
2026-04-09 18:00:00,    1, 1016.4,  979.9
2026-04-09 19:00:00,    1, 1016.6,  979.9
2026-04-09 20:00:00,    1, 1016.6,  970.5
2026-04-09 21:00:00,    1, 1016.5,  979.6
2026-04-09 22:00:00,1,1016.8,970.0
2026-04-09 23:00:00,    1, 1016.7,  969.7
2026-04-10 00:00:00,    1, 1015.9,  978.8
2026-04-10 01:00:00,    1, 1015.5,  968.7
2026-04-10 02:00:00,1,1015.0,977.8
2026-04-10 03:00:00,    1, 1015.6,  978.4
2026-04-10 04:00:00,    1, 1015.4,  978.2
2026-04-10 05:00:00,    1, 1015.2,  977.9
2026-04-10 06:00:00,    1, 1015.1,  977.9
2026-04-10 07:00:00,    1, 1015.3,  968.9
2026-04-10 08:00:00,    1, 1016.6,  970.2
2026-04-10 09:00:00,1,1018.9,981.4
2026-04-10 10:00:00,1,1018.0,971.3
2026-04-10 11:00:00,    1, 1018.6,  981.3
2026-04-10 12:00:00,    1, 1019.0,  981.7
2026-04-10 13:00:00,    1, 1018.2,  971.8
2026-04-10 14:00:00,    1, 1017.5,  971.2
2026-04-10 15:00:00,    1, 1018.7,  981.5
2026-04-10 16:00:00,    1, 1017.2,  971.0
2026-04-10 17:00:00,    1, 1017.6,  971.1
2026-04-10 18:00:00,    1, 1017.9,  971.3
2026-04-10 19:00:00,    1, 1018.2,  980.9
2026-04-10 20:00:00,1,1017.8,971.0
2026-04-10 21:00:00,1,1017.9,971.1
2026-04-10 22:00:00,1,1018.1,980.5
2026-04-10 23:00:00,    1, 1017.9,  980.3
2026-04-11 00:00:00,    1, 1016.9,  969.8
2026-04-11 01:00:00,    1, 1016.3,  969.3
2026-04-11 02:00:00,    1, 1015.8,  968.6
2026-04-11 03:00:00,1,1016.0,978.2
2026-04-11 04:00:00,    1, 1015.8,  978.0
2026-04-11 05:00:00,1,1015.3,968.0
2026-04-11 06:00:00,    1, 1015.6,  977.9
2026-04-11 07:00:00,1,1015.2,977.7
2026-04-11 08:00:00,1,1014.6,977.5
2026-04-11 09:00:00,    1, 1013.2,  967.3
2026-04-11 10:00:00,    1, 1013.3,  976.8
2026-04-11 11:00:00,    1, 1012.6,  976.2
2026-04-11 12:00:00,1,1012.0,975.9
2026-04-11 13:00:00,    1, 1011.2,  975.1
2026-04-11 14:00:00,    1, 1009.9,  965.1
2026-04-11 15:00:00,    1, 1008.8,  964.3
2026-04-11 16:00:00,    1, 1008.8,  964.1
2026-04-11 17:00:00,    1, 1009.0,  964.2
2026-04-11 18:00:00,    1, 1010.5,  974.4
2026-04-11 19:00:00,1,1011.1,974.9
2026-04-11 20:00:00,1,1011.7,975.3
2026-04-11 21:00:00,1,1011.4,975.0
2026-04-11 22:00:00,    1, 1011.6,  965.9
2026-04-11 23:00:00,    1, 1012.6,  976.0
2026-04-12 00:00:00,    1, 1012.4,  966.7
2026-04-12 01:00:00,    1, 1013.2,  976.5
2026-04-12 02:00:00,    1, 1013.9,  977.0
2026-04-12 03:00:00,    1, 1013.6,  967.5
2026-04-12 04:00:00,    1, 1014.2,  968.0
2026-04-12 05:00:00,    1, 1015.3,  968.6
2026-04-12 06:00:00,1,1016.3,969.3
2026-04-12 07:00:00,1,1017.2,970.0
2026-04-12 08:00:00,    1, 1018.2,  980.3
2026-04-12 09:00:00,1,1018.5,980.6
2026-04-12 10:00:00,1,1018.2,980.4
2026-04-12 11:00:00,1,1018.0,980.2
2026-04-12 12:00:00,    1, 1017.7,  980.0
2026-04-12 13:00:00,    1, 1016.5,  969.5
2026-04-12 14:00:00,1,1016.9,979.3
2026-04-12 15:00:00,    1, 1015.7,  968.8
2026-04-12 16:00:00,1,1016.3,978.7
2026-04-12 17:00:00,1,1015.8,968.8
2026-04-12 18:00:00,1,1015.4,968.4
2026-04-12 19:00:00,    1, 1015.2,  968.2
2026-04-12 20:00:00,    1, 1015.8,  978.1
2026-04-12 21:00:00,    1, 1015.4,  977.7
2026-04-12 22:00:00,1,1013.9,967.0
2026-04-12 23:00:00,1,1013.1,966.2
2026-04-13 00:00:00,    1, 1013.4,  975.8
2026-04-13 01:00:00,1,1011.9,965.1
2026-04-13 02:00:00,    1, 1011.5,  964.7
2026-04-13 03:00:00,1,1011.9,974.4
2026-04-13 04:00:00,    1, 1011.5,  974.0
2026-04-13 05:00:00,    1, 1010.4,  963.7
2026-04-13 06:00:00,    1, 1011.0,  973.6
2026-04-13 07:00:00,    1, 1011.1,  973.7
2026-04-13 08:00:00,    1, 1009.9,  963.3
2026-04-13 09:00:00,1,1010.8,973.5
2026-04-13 10:00:00,    1, 1010.0,  963.5
2026-04-13 11:00:00,    1, 1009.9,  963.5
2026-04-13 12:00:00,1,1010.4,973.2
2026-04-13 13:00:00,    1, 1010.1,  963.7
2026-04-13 14:00:00,    1, 1010.7,  973.5
2026-04-13 15:00:00,    1, 1010.9,  973.7
2026-04-13 16:00:00,1,1010.7,964.3
2026-04-13 17:00:00,1,1011.4,974.2
2026-04-13 18:00:00,1,1011.9,974.7
2026-04-13 19:00:00,    1, 1012.8,  975.5
2026-04-13 20:00:00,1,1013.5,976.1
2026-04-13 21:00:00,    1, 1013.7,  976.3
2026-04-13 22:00:00,    1, 1014.2,  976.8
2026-04-13 23:00:00,1,1014.8,977.3
2026-04-14 00:00:00,    1, 1015.0,  968.2
2026-04-14 01:00:00,    1, 1015.4,  968.5
2026-04-14 02:00:00,    1, 1016.1,  978.5
2026-04-14 03:00:00,1,1016.5,978.9
2026-04-14 04:00:00,    1, 1016.6,  969.7
2026-04-14 05:00:00,    1, 1017.6,  979.9
2026-04-14 06:00:00,    1, 1018.5,  980.8
2026-04-14 07:00:00,    1, 1019.1,  981.4
2026-04-14 08:00:00,1,1018.7,971.7
2026-04-14 09:00:00,1,1019.4,972.4
2026-04-14 10:00:00,1,1020.6,983.0
2026-04-14 11:00:00,1,1020.9,983.3
2026-04-14 12:00:00,1,1021.1,983.5
2026-04-14 13:00:00,    1, 1021.3,  983.8
2026-04-14 14:00:00,    1, 1020.8,  974.0
2026-04-14 15:00:00,    1, 1021.5,  984.0
2026-04-14 16:00:00,    1, 1021.8,  984.3
2026-04-14 17:00:00,1,1022.0,984.6
2026-04-14 18:00:00,    1, 1021.9,  975.1
2026-04-14 19:00:00,    1, 1022.3,  975.4
2026-04-14 20:00:00,1,1022.7,975.7
2026-04-14 21:00:00,1,1023.2,976.1
2026-04-14 22:00:00,    1, 1023.8,  986.1
2026-04-14 23:00:00,    1, 1023.6,  985.9
2026-04-15 00:00:00,    1, 1023.6,  985.8
2026-04-15 01:00:00,1,1023.6,985.7
2026-04-15 02:00:00,1,1023.6,985.6
2026-04-15 03:00:00,1,1023.7,985.6
2026-04-15 04:00:00,    1, 1023.3,  975.3
2026-04-15 05:00:00,1,1023.8,985.5
2026-04-15 06:00:00,    1, 1023.8,  975.9
2026-04-15 07:00:00,    1, 1023.9,  976.1
2026-04-15 08:00:00,1,1023.6,976.1
2026-04-15 09:00:00,1,1023.4,976.1
2026-04-15 10:00:00,    1, 1022.7,  975.8
2026-04-15 11:00:00,    1, 1022.4,  985.2
2026-04-15 12:00:00,    1, 1021.3,  975.0
2026-04-15 13:00:00,    1, 1021.4,  984.5
2026-04-15 14:00:00,    1, 1020.3,  974.2
2026-04-15 15:00:00,    1, 1020.7,  983.8
2026-04-15 16:00:00,    1, 1020.2,  974.0
2026-04-15 17:00:00,    1, 1020.8,  983.9
2026-04-15 18:00:00,    1, 1020.2,  974.0
2026-04-15 19:00:00,    1, 1021.3,  984.3
2026-04-15 20:00:00,1,1021.6,984.5
2026-04-15 21:00:00,1,1021.3,974.8
2026-04-15 22:00:00,1,1021.3,974.8
2026-04-15 23:00:00,    1, 1021.5,  974.8
2026-04-16 00:00:00,1,1022.1,984.8
2026-04-16 01:00:00,    1, 1022.2,  984.8
2026-04-16 02:00:00,1,1022.6,985.0
2026-04-16 03:00:00,1,1022.5,984.9
2026-04-16 04:00:00,1,1022.5,975.2
2026-04-16 05:00:00,1,1023.1,985.3
2026-04-16 06:00:00,    1, 1023.4,  985.8
2026-04-16 07:00:00,    1, 1023.3,  985.9
2026-04-16 08:00:00,    1, 1023.1,  985.9
2026-04-16 09:00:00,    1, 1023.0,  986.1
2026-04-16 10:00:00,1,1022.9,986.1
2026-04-16 11:00:00,    1, 1022.7,  986.0
2026-04-16 12:00:00,    1, 1022.1,  985.6
2026-04-16 13:00:00,1,1021.9,985.4
2026-04-16 14:00:00,    1, 1020.7,  975.2
2026-04-16 15:00:00,1,1021.0,984.7
2026-04-16 16:00:00,1,1020.6,975.0
2026-04-16 17:00:00,1,1020.4,974.8
2026-04-16 18:00:00,    1, 1021.1,  984.6
2026-04-16 19:00:00,1,1021.7,985.0
2026-04-16 20:00:00,    1, 1022.1,  985.3
2026-04-16 21:00:00,    1, 1022.2,  985.2
2026-04-16 22:00:00,    1, 1022.2,  975.3
2026-04-16 23:00:00,    1, 1022.7,  985.3
2026-04-17 00:00:00,    1, 1022.7,  975.6
2026-04-17 01:00:00,    1, 1022.4,  975.2
2026-04-17 02:00:00,    1, 1022.7,  985.1
2026-04-17 03:00:00,    1, 1022.6,  975.2
2026-04-17 04:00:00,1,1022.7,975.2
2026-04-17 05:00:00,    1, 1022.9,  985.1
2026-04-17 06:00:00,    1, 1023.1,  985.4
2026-04-17 07:00:00,1,1022.8,985.4
2026-04-17 08:00:00,    1, 1022.5,  985.4
2026-04-17 09:00:00,    1, 1022.1,  985.4
2026-04-17 10:00:00,    1, 1021.5,  985.1
2026-04-17 11:00:00,    1, 1021.0,  984.7
2026-04-17 12:00:00,1,1019.5,974.4
2026-04-17 13:00:00,    1, 1019.8,  983.8
2026-04-17 14:00:00,    1, 1018.6,  973.6
2026-04-17 15:00:00,    1, 1018.8,  982.8
2026-04-17 16:00:00,    1, 1018.5,  982.6
2026-04-17 17:00:00,    1, 1018.7,  982.6
2026-04-17 18:00:00,    1, 1019.2,  982.9
2026-04-17 19:00:00,    1, 1019.6,  983.2
2026-04-17 20:00:00,1,1019.9,974.0
2026-04-17 21:00:00,    1, 1020.2,  974.0
2026-04-17 22:00:00,    1, 1020.5,  974.1
2026-04-17 23:00:00,    1, 1020.9,  974.1
2026-04-18 00:00:00,    1, 1020.7,  983.5
2026-04-18 01:00:00,    1, 1020.5,  983.2
2026-04-18 02:00:00,    1, 1020.6,  983.2
2026-04-18 03:00:00,    1, 1021.1,  973.9
2026-04-18 04:00:00,1,1020.9,983.3
2026-04-18 05:00:00,    1, 1021.3,  973.9
2026-04-18 06:00:00,1,1020.9,974.0
2026-04-18 07:00:00,    1, 1020.4,  973.9
2026-04-18 08:00:00,    1, 1020.3,  983.5
2026-04-18 09:00:00,    1, 1019.0,  973.5
2026-04-18 10:00:00,1,1018.4,973.3
2026-04-18 11:00:00,    1, 1018.7,  982.7
2026-04-18 12:00:00,    1, 1018.5,  982.5
2026-04-18 13:00:00,    1, 1017.1,  972.3
2026-04-18 14:00:00,1,1016.6,971.9
2026-04-18 15:00:00,1,1017.4,981.5
2026-04-18 16:00:00,1,1017.2,981.3
2026-04-18 17:00:00,    1, 1017.3,  981.3
2026-04-18 18:00:00,    1, 1017.0,  971.8
2026-04-18 19:00:00,    1, 1017.3,  972.0
2026-04-18 20:00:00,    1, 1018.0,  981.6
2026-04-18 21:00:00,1,1018.0,981.5
2026-04-18 22:00:00,    1, 1017.9,  981.3
2026-04-18 23:00:00,    1, 1017.2,  971.2
2026-04-19 00:00:00,    1, 1017.3,  980.6
2026-04-19 01:00:00,    1, 1016.5,  970.2
2026-04-19 02:00:00,    1, 1016.4,  969.9
2026-04-19 03:00:00,1,1016.4,979.5
2026-04-19 04:00:00,1,1015.9,969.4
2026-04-19 05:00:00,    1, 1015.6,  969.1
2026-04-19 06:00:00,1,1015.4,969.2
2026-04-19 07:00:00,    1, 1017.8,  980.7
2026-04-19 08:00:00,1,1018.1,981.1
2026-04-19 09:00:00,1,1018.9,981.7
2026-04-19 10:00:00,1,1019.5,982.3
2026-04-19 11:00:00,    1, 1019.9,  982.7
2026-04-19 12:00:00,1,1019.7,982.6
2026-04-19 13:00:00,    1, 1018.4,  972.2
2026-04-19 14:00:00,    1, 1019.1,  982.2
2026-04-19 15:00:00,    1, 1018.6,  972.6
2026-04-19 16:00:00,    1, 1019.0,  972.9
2026-04-19 17:00:00,    1, 1019.7,  982.7
2026-04-19 18:00:00,    1, 1019.7,  973.2
2026-04-19 19:00:00,    1, 1020.5,  983.1
2026-04-19 20:00:00,    1, 1020.8,  983.3
2026-04-19 21:00:00,    1, 1020.6,  973.6
2026-04-19 22:00:00,1,1020.9,973.5
2026-04-19 23:00:00,    1, 1020.8,  983.0
2026-04-20 00:00:00,    1, 1020.7,  973.2
2026-04-20 01:00:00,    1, 1020.2,  972.5
2026-04-20 02:00:00,    1, 1020.1,  972.2
2026-04-20 03:00:00,1,1020.2,982.1
2026-04-20 04:00:00,1,1019.6,971.7
2026-04-20 05:00:00,1,1019.7,981.6
2026-04-20 06:00:00,1,1020.1,982.0
2026-04-20 07:00:00,    1, 1019.1,  971.8
2026-04-20 08:00:00,    1, 1018.7,  971.9
2026-04-20 09:00:00,1,1019.5,982.1
2026-04-20 10:00:00,    1, 1018.0,  971.7
2026-04-20 11:00:00,    1, 1017.7,  971.4
2026-04-20 12:00:00,    1, 1017.0,  970.9
2026-04-20 13:00:00,    1, 1016.8,  970.6
2026-04-20 14:00:00,    1, 1017.1,  980.2
2026-04-20 15:00:00,    1, 1016.8,  980.0
2026-04-20 16:00:00,    1, 1016.8,  979.9
2026-04-20 17:00:00,    1, 1017.0,  980.0
2026-04-20 18:00:00,    1, 1016.7,  970.4
2026-04-20 19:00:00,    1, 1018.0,  980.6
2026-04-20 20:00:00,    1, 1018.1,  971.3
2026-04-20 21:00:00,    1, 1018.4,  971.5
2026-04-20 22:00:00,    1, 1018.9,  971.8
2026-04-20 23:00:00,    1, 1019.3,  972.0
2026-04-21 00:00:00,    1, 1019.7,  972.2
2026-04-21 01:00:00,    1, 1019.7,  972.1
2026-04-21 02:00:00,1,1020.5,982.3
2026-04-21 03:00:00,    1, 1020.7,  982.4
2026-04-21 04:00:00,    1, 1020.0,  972.1
2026-04-21 05:00:00,    1, 1020.0,  972.0
2026-04-21 06:00:00,    1, 1020.2,  972.5
2026-04-21 07:00:00,    1, 1020.7,  982.7
2026-04-21 08:00:00,1,1020.8,982.9
2026-04-21 09:00:00,1,1019.9,972.8
2026-04-21 10:00:00,    1, 1021.1,  983.3
2026-04-21 11:00:00,    1, 1019.8,  972.9
2026-04-21 12:00:00,    1, 1019.6,  972.9
2026-04-21 13:00:00,1,1021.0,983.3
2026-04-21 14:00:00,    1, 1020.2,  982.8
2026-04-21 15:00:00,1,1020.0,982.7
2026-04-21 16:00:00,1,1019.7,973.0
2026-04-21 17:00:00,    1, 1019.7,  973.0
2026-04-21 18:00:00,    1, 1020.8,  983.2
2026-04-21 19:00:00,    1, 1020.8,  973.7
2026-04-21 20:00:00,    1, 1021.9,  984.1
2026-04-21 21:00:00,    1, 1022.2,  984.3
2026-04-21 22:00:00,    1, 1022.2,  974.7
2026-04-21 23:00:00,    1, 1022.7,  974.9
2026-04-22 00:00:00,    1, 1022.8,  975.1
2026-04-22 01:00:00,    1, 1023.4,  985.1
2026-04-22 02:00:00,1,1023.3,985.0
2026-04-22 03:00:00,    1, 1023.1,  974.9
2026-04-22 04:00:00,    1, 1023.7,  985.3
2026-04-22 05:00:00,    1, 1023.8,  975.7
2026-04-22 06:00:00,    1, 1024.6,  986.2
2026-04-22 07:00:00,    1, 1024.5,  986.4
2026-04-22 08:00:00,    1, 1024.4,  986.7
2026-04-22 09:00:00,1,1024.2,986.8
2026-04-22 10:00:00,    1, 1024.1,  986.8
2026-04-22 11:00:00,1,1023.1,976.7
2026-04-22 12:00:00,1,1023.7,986.6
2026-04-22 13:00:00,    1, 1023.6,  986.6
2026-04-22 14:00:00,    1, 1022.4,  976.3
2026-04-22 15:00:00,1,1022.1,976.1
2026-04-22 16:00:00,    1, 1022.8,  986.0
2026-04-22 17:00:00,    1, 1022.6,  976.4
2026-04-22 18:00:00,    1, 1023.1,  976.7
2026-04-22 19:00:00,    1, 1024.3,  977.4
2026-04-22 20:00:00,    1, 1025.0,  977.9
2026-04-22 21:00:00,    1, 1025.7,  978.3
2026-04-22 22:00:00,    1, 1026.0,  988.2
2026-04-22 23:00:00,    1, 1026.8,  978.9
2026-04-23 00:00:00,    1, 1027.0,  979.0
2026-04-23 01:00:00,    1, 1027.6,  979.3
2026-04-23 02:00:00,1,1027.6,979.4
2026-04-23 03:00:00,    1, 1027.6,  979.3
2026-04-23 04:00:00,1,1027.8,979.3
2026-04-23 05:00:00,    1, 1028.1,  989.6
2026-04-23 06:00:00,1,1028.4,980.4
2026-04-23 07:00:00,    1, 1028.4,  990.4
2026-04-23 08:00:00,1,1027.9,980.8
2026-04-23 09:00:00,    1, 1027.7,  981.0
2026-04-23 10:00:00,    1, 1027.5,  990.3
2026-04-23 11:00:00,    1, 1026.4,  980.2
2026-04-23 12:00:00,    1, 1026.2,  989.3
2026-04-23 13:00:00,    1, 1025.5,  988.9
2026-04-23 14:00:00,1,1024.7,988.1
2026-04-23 15:00:00,    1, 1023.6,  978.0
2026-04-23 16:00:00,    1, 1023.1,  977.5
2026-04-23 17:00:00,    1, 1023.0,  986.5
2026-04-23 18:00:00,1,1022.8,977.0
2026-04-23 19:00:00,    1, 1023.0,  976.9
2026-04-23 20:00:00,    1, 1023.6,  977.2
2026-04-23 21:00:00,    1, 1023.7,  986.5
2026-04-23 22:00:00,    1, 1023.9,  986.5
2026-04-23 23:00:00,    1, 1023.9,  986.4
2026-04-24 00:00:00,    1, 1024.1,  976.7
2026-04-24 01:00:00,    1, 1024.3,  976.4
2026-04-24 02:00:00,    1, 1024.4,  976.4
2026-04-24 03:00:00,    1, 1023.8,  985.7
2026-04-24 04:00:00,    1, 1023.6,  985.4
2026-04-24 05:00:00,    1, 1023.7,  985.4
2026-04-24 06:00:00,    1, 1023.7,  975.9
2026-04-24 07:00:00,1,1023.3,976.0
2026-04-24 08:00:00,    1, 1022.6,  975.9
2026-04-24 09:00:00,    1, 1022.3,  985.2
2026-04-24 10:00:00,1,1021.0,975.1
2026-04-24 11:00:00,    1, 1020.7,  984.2
2026-04-24 12:00:00,    1, 1020.3,  983.8
2026-04-24 13:00:00,    1, 1019.7,  983.4
2026-04-24 14:00:00,    1, 1018.5,  973.2
2026-04-24 15:00:00,    1, 1018.9,  982.6
2026-04-24 16:00:00,    1, 1018.7,  982.4
2026-04-24 17:00:00,    1, 1018.1,  972.6
2026-04-24 18:00:00,1,1018.2,972.5
2026-04-24 19:00:00,    1, 1018.9,  972.7
2026-04-24 20:00:00,1,1019.4,972.7
2026-04-24 21:00:00,    1, 1019.2,  982.2
2026-04-24 22:00:00,    1, 1019.7,  972.7
2026-04-24 23:00:00,1,1019.6,982.2
2026-04-25 00:00:00,    1, 1019.6,  982.0
2026-04-25 01:00:00,    1, 1019.7,  972.2
2026-04-25 02:00:00,1,1019.5,981.7
2026-04-25 03:00:00,1,1019.7,981.7
2026-04-25 04:00:00,    1, 1019.7,  981.6
2026-04-25 05:00:00,1,1019.9,981.8
2026-04-25 06:00:00,    1, 1019.7,  981.8
2026-04-25 07:00:00,1,1019.0,972.0
2026-04-25 08:00:00,1,1018.2,971.8
2026-04-25 09:00:00,1,1017.7,971.8
2026-04-25 10:00:00,    1, 1017.4,  971.8
2026-04-25 11:00:00,    1, 1016.7,  971.4
2026-04-25 12:00:00,    1, 1016.2,  971.0
2026-04-25 13:00:00,1,1016.8,980.6
2026-04-25 14:00:00,    1, 1015.3,  970.4
2026-04-25 15:00:00,    1, 1016.1,  980.1
2026-04-25 16:00:00,    1, 1016.1,  980.0
2026-04-25 17:00:00,    1, 1016.2,  980.1
2026-04-25 18:00:00,    1, 1016.3,  970.9
2026-04-25 19:00:00,    1, 1017.3,  971.5
2026-04-25 20:00:00,    1, 1018.6,  981.8
2026-04-25 21:00:00,    1, 1019.0,  982.0
2026-04-25 22:00:00,1,1019.6,982.4
2026-04-25 23:00:00,    1, 1020.3,  983.0
2026-04-26 00:00:00,    1, 1020.3,  973.6
2026-04-26 01:00:00,    1, 1020.9,  973.7
2026-04-26 02:00:00,    1, 1021.7,  974.4
2026-04-26 03:00:00,1,1022.1,984.3
2026-04-26 04:00:00,1,1023.0,975.0
2026-04-26 05:00:00,1,1023.6,975.5
2026-04-26 06:00:00,    1, 1023.7,  976.1
2026-04-26 07:00:00,    1, 1023.6,  976.3
2026-04-26 08:00:00,    1, 1023.0,  976.4
2026-04-26 09:00:00,1,1023.5,986.4
2026-04-26 10:00:00,    1, 1023.1,  986.2
2026-04-26 11:00:00,    1, 1022.7,  986.0
2026-04-26 12:00:00,    1, 1021.4,  975.8
2026-04-26 13:00:00,    1, 1021.0,  975.5
2026-04-26 14:00:00,    1, 1020.4,  975.0
2026-04-26 15:00:00,    1, 1020.3,  974.9
2026-04-26 16:00:00,    1, 1020.1,  974.7
2026-04-26 17:00:00,    1, 1020.0,  974.5
2026-04-26 18:00:00,1,1020.9,984.3
2026-04-26 19:00:00,1,1021.4,984.6
2026-04-26 20:00:00,1,1022.2,985.2
2026-04-26 21:00:00,1,1022.7,985.4
2026-04-26 22:00:00,    1, 1022.8,  985.5
2026-04-26 23:00:00,    1, 1023.0,  975.6
2026-04-27 00:00:00,    1, 1023.1,  985.5
2026-04-27 01:00:00,    1, 1022.8,  975.4
2026-04-27 02:00:00,1,1022.8,975.1
2026-04-27 03:00:00,    1, 1022.8,  984.8
2026-04-27 04:00:00,1,1022.9,984.8
2026-04-27 05:00:00,    1, 1023.2,  985.1
2026-04-27 06:00:00,1,1022.7,975.3
2026-04-27 07:00:00,    1, 1022.5,  975.5
2026-04-27 08:00:00,    1, 1022.6,  985.4
2026-04-27 09:00:00,1,1021.4,975.3
2026-04-27 10:00:00,1,1020.5,974.8
2026-04-27 11:00:00,1,1019.9,974.3
2026-04-27 12:00:00,1,1019.1,973.9
2026-04-27 13:00:00,    1, 1018.7,  973.4
2026-04-27 14:00:00,    1, 1019.0,  982.8
2026-04-27 15:00:00,    1, 1018.6,  982.4
2026-04-27 16:00:00,    1, 1018.2,  982.0
2026-04-27 17:00:00,    1, 1017.3,  972.0
2026-04-27 18:00:00,    1, 1018.1,  981.6
2026-04-27 19:00:00,    1, 1017.9,  972.0
2026-04-27 20:00:00,    1, 1018.0,  972.1
2026-04-27 21:00:00,1,1018.5,981.6
2026-04-27 22:00:00,    1, 1018.3,  981.3
2026-04-27 23:00:00,    1, 1017.7,  971.3
2026-04-28 00:00:00,    1, 1018.0,  971.3
2026-04-28 01:00:00,    1, 1017.7,  980.6
2026-04-28 02:00:00,1,1017.3,970.5
2026-04-28 03:00:00,    1, 1018.0,  980.5
2026-04-28 04:00:00,    1, 1017.8,  980.2
2026-04-28 05:00:00,    1, 1017.3,  970.3
2026-04-28 06:00:00,1,1018.1,980.8
2026-04-28 07:00:00,    1, 1017.2,  970.9
2026-04-28 08:00:00,    1, 1016.6,  970.8
2026-04-28 09:00:00,    1, 1016.4,  970.9
2026-04-28 10:00:00,    1, 1015.9,  970.7
2026-04-28 11:00:00,1,1015.7,970.6
2026-04-28 12:00:00,    1, 1015.4,  970.4
2026-04-28 13:00:00,    1, 1015.8,  979.9
2026-04-28 14:00:00,    1, 1014.6,  969.8
2026-04-28 15:00:00,    1, 1015.3,  979.4
2026-04-28 16:00:00,1,1015.2,979.2
2026-04-28 17:00:00,    1, 1015.6,  979.5
2026-04-28 18:00:00,1,1016.1,979.9
2026-04-28 19:00:00,1,1016.5,970.8
2026-04-28 20:00:00,    1, 1017.8,  981.2
2026-04-28 21:00:00,    1, 1018.1,  981.4
2026-04-28 22:00:00,    1, 1018.9,  982.0
2026-04-28 23:00:00,    1, 1018.2,  972.1
2026-04-29 00:00:00,    1, 1018.3,  972.1
2026-04-29 01:00:00,1,1018.6,972.2
2026-04-29 02:00:00,    1, 1018.6,  972.1
2026-04-29 03:00:00,    1, 1019.1,  972.4
2026-04-29 04:00:00,    1, 1020.6,  983.0
2026-04-29 05:00:00,    1, 1021.3,  983.6
2026-04-29 06:00:00,    1, 1020.6,  973.9
2026-04-29 07:00:00,1,1021.8,984.4
2026-04-29 08:00:00,    1, 1021.6,  984.5
2026-04-29 09:00:00,    1, 1021.4,  984.5
2026-04-29 10:00:00,1,1020.9,984.3
2026-04-29 11:00:00,    1, 1019.7,  974.2
2026-04-29 12:00:00,    1, 1019.6,  974.2
2026-04-29 13:00:00,    1, 1019.4,  974.1
2026-04-29 14:00:00,    1, 1019.4,  974.0
2026-04-29 15:00:00,    1, 1019.5,  974.1
2026-04-29 16:00:00,    1, 1019.7,  974.2
2026-04-29 17:00:00,    1, 1020.3,  974.6
2026-04-29 18:00:00,    1, 1021.0,  975.0
2026-04-29 19:00:00,1,1022.6,985.6
2026-04-29 20:00:00,1,1023.0,976.3
2026-04-29 21:00:00,1,1023.9,986.6
2026-04-29 22:00:00,    1, 1024.8,  987.2
2026-04-29 23:00:00,    1, 1025.1,  977.8
2026-04-30 00:00:00,1,1025.4,978.1
2026-04-30 01:00:00,    1, 1026.5,  988.5
2026-04-30 02:00:00,1,1026.1,978.5
2026-04-30 03:00:00,    1, 1026.9,  988.6
2026-04-30 04:00:00,    1, 1027.1,  988.8
2026-04-30 05:00:00,    1, 1026.5,  978.6
2026-04-30 06:00:00,    1, 1027.5,  989.4
2026-04-30 07:00:00,    1, 1027.5,  989.6
2026-04-30 08:00:00,    1, 1027.3,  989.6
2026-04-30 09:00:00,1,1027.3,989.8
2026-04-30 10:00:00,1,1027.0,989.6
2026-04-30 11:00:00,    1, 1026.2,  989.2
2026-04-30 12:00:00,1,1025.8,988.8
2026-04-30 13:00:00,1,1025.0,988.2
2026-04-30 14:00:00,1,1024.7,987.9
2026-04-30 15:00:00,    1, 1024.3,  987.6
2026-04-30 16:00:00,1,1024.3,987.6
2026-04-30 17:00:00,    1, 1023.9,  977.9
2026-04-30 18:00:00,1,1024.7,987.7
2026-04-30 19:00:00,    1, 1025.5,  988.2
2026-04-30 20:00:00,1,1026.1,979.0
2026-04-30 21:00:00,1,1026.5,988.9
2026-04-30 22:00:00,1,1026.6,988.9
2026-04-30 23:00:00,1,1026.7,979.2
