DATUM,QN_8,ABSF_STD,VP_STD,TF_STD,P_STD,TT_STD,RF_STD,TD_STD
2024-10-28 00:00:00,    3,   8.7,  11.3,   8.7,  980.1,   8.7, 100.0,   8.7
2024-10-28 01:00:00,    3,   7.8,  10.1,   7.2,  980.3,   7.4,  98.0,   7.1
2024-10-28 02:00:00,    3,   7.8,  10.2,   7.2,  980.2,   7.3,  99.3,   7.2
2024-10-28 03:00:00,    3,   7.2,   9.3,   5.9,  979.9,   5.9, 100.0,   5.9
2024-10-28 04:00:00,3,7.2,9.3,5.9,979.9,5.9,100.0,5.9
2024-10-28 05:00:00,    3,   8.6,  11.2,   8.6,  988.6,   8.6, 100.0,   8.6
2024-10-28 06:00:00,    3,   8.5,  11.1,   8.5,  988.7,   8.5, 100.0,   8.5
2024-10-28 07:00:00,3,8.7,11.3,8.8,989.0,8.8,100.0,8.8
2024-10-28 08:00:00,3,9.2,12.0,10.1,989.6,10.6,94.1,9.7
2024-10-28 09:00:00,3,9.3,12.2,10.7,989.8,11.7,88.7,9.9
2024-10-28 10:00:00,    3,   9.6,  12.8,  12.2,  989.6,  14.3,  78.4,  10.6
2024-10-28 11:00:00,    3,  10.4,  14.0,  14.0,  980.6,  17.1,  71.4,  11.9
2024-10-28 12:00:00,    3,  10.4,  14.0,  14.4,  980.2,  18.3,  66.2,  11.9
2024-10-28 13:00:00,3,9.7,13.1,14.3,979.6,19.2,59.0,11.0
2024-10-28 14:00:00,    3,  10.3,  14.0,  15.1,  987.9,  20.0,  59.6,  11.9
2024-10-28 15:00:00,    3,  10.5,  14.1,  14.9,  987.8,  19.1,  63.8,  12.1
2024-10-28 16:00:00,    3,  10.3,  13.9,  14.1,  987.8,  17.6,  68.8,  11.8
2024-10-28 17:00:00,    3,  10.0,  13.2,  12.5,  979.4,  14.4,  80.5,  11.1
2024-10-28 18:00:00,3,9.5,12.5,11.2,979.8,12.5,86.4,10.3
2024-10-28 19:00:00,3,10.8,14.3,13.3,988.6,14.7,85.5,12.3
2024-10-28 20:00:00,    3,   9.1,  12.0,  10.4,  980.2,  11.4,  88.7,   9.6
2024-10-28 21:00:00,    3,   9.6,  12.5,  10.4,  980.2,  10.6,  98.0,  10.3
2024-10-28 22:00:00,    3,   9.5,  12.5,  10.4,  980.3,  10.7,  96.7,  10.2
2024-10-28 23:00:00,3,10.1,13.2,11.3,988.8,11.7,96.1,11.1
2024-10-29 00:00:00,    3,   9.9,  13.0,  11.0,  988.8,  11.3,  96.7,  10.8
2024-10-29 01:00:00,    3,   9.6,  12.6,  10.5,  988.9,  10.7,  98.0,  10.4
2024-10-29 02:00:00,3,8.1,10.4,7.6,980.2,7.6,100.0,7.6
2024-10-29 03:00:00,3,9.2,12.0,9.9,988.7,10.2,96.7,9.7
2024-10-29 04:00:00,3,9.0,11.8,9.7,988.9,10.0,96.0,9.4
2024-10-29 05:00:00,3,8.9,11.6,9.3,989.1,9.6,96.7,9.1
2024-10-29 06:00:00,    3,   8.7,  11.3,   9.1,  989.3,   9.4,  96.0,   8.8
2024-10-29 07:00:00,    3,   8.0,  10.4,   7.5,  981.1,   7.5, 100.0,   7.5
2024-10-29 08:00:00,    3,   8.5,  11.0,   8.8,  981.3,   9.2,  94.7,   8.4
2024-10-29 09:00:00,    3,   9.1,  12.0,  11.1,  990.0,  12.8,  81.4,   9.7
2024-10-29 10:00:00,    3,   9.2,  12.3,  12.0,  989.8,  14.7,  73.4,  10.0
2024-10-29 11:00:00,    3,   9.7,  13.1,  13.3,  989.5,  16.8,  68.1,  10.9
2024-10-29 12:00:00,    3,  10.1,  13.6,  14.1,  980.2,  17.8,  66.6,  11.5
2024-10-29 13:00:00,3,10.1,13.6,14.4,979.6,18.7,62.9,11.5
2024-10-29 14:00:00,3,10.4,14.0,14.4,979.5,18.1,67.5,12.0
2024-10-29 15:00:00,    3,  10.6,  14.3,  14.7,  988.0,  18.3,  68.0,  12.3
2024-10-29 16:00:00,    3,  10.7,  14.3,  14.0,  979.2,  16.6,  75.7,  12.3
2024-10-29 17:00:00,    3,  10.1,  13.5,  12.9,  979.5,  15.0,  79.0,  11.4
2024-10-29 18:00:00,    3,   9.6,  12.8,  12.1,  979.8,  14.2,  78.9,  10.6
2024-10-29 19:00:00,3,9.5,12.5,10.7,980.2,11.3,93.6,10.3
2024-10-29 20:00:00,    3,  10.1,  13.4,  12.3,  988.8,  13.8,  84.9,  11.3
2024-10-29 21:00:00,    3,  10.1,  13.3,  11.9,  989.0,  12.9,  89.4,  11.2
2024-10-29 22:00:00,3,8.8,11.5,9.5,980.4,10.1,92.9,9.0
2024-10-29 23:00:00,3,8.0,10.4,7.8,980.3,8.2,95.3,7.5
2024-10-30 00:00:00,3,8.7,11.3,8.8,980.0,8.8,100.0,8.8
2024-10-30 01:00:00,    3,   9.6,  12.5,  10.5,  988.9,  10.7,  97.4,  10.3
2024-10-30 02:00:00,    3,   7.7,  10.0,   7.1,  980.1,   7.3,  98.0,   7.0
2024-10-30 03:00:00,    3,   7.5,   9.6,   6.4,  980.3,   6.4, 100.0,   6.4
2024-10-30 04:00:00,3,9.0,11.8,9.4,989.2,9.4,100.0,9.4
2024-10-30 05:00:00,    3,   8.8,  11.5,   9.0,  989.4,   9.1,  99.3,   9.0
2024-10-30 06:00:00,    3,   8.4,  11.0,   8.4,  989.4,   8.6,  98.0,   8.3
2024-10-30 07:00:00,    3,   8.7,  11.3,   8.9,  989.8,   9.1,  98.0,   8.8
2024-10-30 08:00:00,    3,   8.4,  11.0,   8.5,  981.3,   8.7,  97.3,   8.3
2024-10-30 09:00:00,3,9.0,11.8,10.4,981.2,11.6,86.3,9.4
2024-10-30 10:00:00,3,9.4,12.4,11.3,981.3,12.8,83.6,10.1
2024-10-30 11:00:00,    3,   9.8,  13.0,  12.5,  981.4,  14.8,  76.9,  10.8
2024-10-30 12:00:00,    3,   9.2,  12.3,  12.6,  980.7,  16.0,  67.5,  10.0
2024-10-30 13:00:00,    3,   9.4,  12.5,  13.0,  980.4,  16.8,  65.5,  10.3
2024-10-30 14:00:00,3,10.0,13.4,13.6,980.1,16.8,70.0,11.3
2024-10-30 15:00:00,    3,   9.4,  12.5,  12.0,  989.1,  14.5,  75.3,  10.2
2024-10-30 16:00:00,    3,   9.4,  12.5,  11.1,  989.1,  12.3,  87.0,  10.2
2024-10-30 17:00:00,    3,   9.1,  12.0,  10.6,  980.6,  11.9,  85.8,   9.6
2024-10-30 18:00:00,3,9.1,11.9,10.1,980.8,10.9,91.0,9.5
2024-10-30 19:00:00,3,9.5,12.4,10.2,989.9,10.3,98.7,10.1
2024-10-30 20:00:00,3,9.0,11.7,9.7,981.2,10.1,94.8,9.3
2024-10-30 21:00:00,    3,   9.3,  12.1,   9.8,  990.4,   9.8, 100.0,   9.8
2024-10-30 22:00:00,    3,   9.4,  12.3,  10.1,  981.5,  10.2,  98.7,  10.0
2024-10-30 23:00:00,    3,   9.3,  12.1,   9.8,  981.4,   9.9,  99.3,   9.8
2024-10-31 00:00:00,    3,   9.3,  12.1,   9.8,  990.0,   9.9,  99.3,   9.8
2024-10-31 01:00:00,    3,   9.5,  12.4,  10.1,  990.3,  10.1, 100.0,  10.1
2024-10-31 02:00:00,    3,   9.4,  12.3,  10.0,  990.2,  10.0, 100.0,  10.0
2024-10-31 03:00:00,    3,   8.7,  11.3,   8.9,  981.2,   9.0,  98.7,   8.8
2024-10-31 04:00:00,3,8.7,11.3,8.8,981.3,8.9,99.3,8.8
2024-10-31 05:00:00,3,8.5,11.1,8.5,981.2,8.6,99.3,8.5
2024-10-31 06:00:00,    3,   8.4,  11.0,   8.5,  981.4,   8.7,  97.3,   8.3
2024-10-31 07:00:00,    3,   8.5,  11.0,   8.7,  981.9,   9.0,  96.0,   8.4
2024-10-31 08:00:00,    3,   8.6,  11.2,   8.8,  982.3,   9.0,  97.3,   8.6
2024-10-31 09:00:00,    3,   8.5,  11.0,   8.8,  982.2,   9.2,  94.7,   8.4
2024-10-31 10:00:00,3,8.6,11.2,9.1,982.2,9.8,92.2,8.6
2024-10-31 11:00:00,    3,   8.6,  11.3,   9.3,  990.8,  10.0,  91.6,   8.7
2024-10-31 12:00:00,    3,   8.7,  11.3,   9.5,  990.7,  10.4,  89.8,   8.8
2024-10-31 13:00:00,3,8.6,11.3,9.7,981.0,10.9,86.8,8.8
2024-10-31 14:00:00,3,9.0,11.9,10.4,980.7,11.5,87.5,9.5
2024-10-31 15:00:00,3,8.9,11.6,10.3,980.3,11.6,85.2,9.2
2024-10-31 16:00:00,    3,   9.0,  11.8,  10.3,  989.3,  11.4,  87.5,   9.4
2024-10-31 17:00:00,    3,   9.0,  11.8,  10.3,  980.7,  11.4,  87.5,   9.4
2024-10-31 18:00:00,    3,   8.9,  11.6,  10.2,  980.8,  11.4,  86.3,   9.2
2024-10-31 19:00:00,3,8.9,11.6,10.3,989.3,11.6,85.2,9.2
2024-10-31 20:00:00,    3,   8.9,  11.6,  10.2,  989.1,  11.5,  85.7,   9.2
2024-10-31 21:00:00,    3,   8.8,  11.6,  10.0,  989.1,  11.2,  86.9,   9.1
2024-10-31 22:00:00,    3,   8.6,  11.3,   9.4,  980.3,  10.3,  89.8,   8.7
2024-10-31 23:00:00,3,8.6,11.3,9.3,980.0,10.1,91.0,8.7
2024-11-01 00:00:00,3,8.7,11.3,9.6,988.3,10.6,88.6,8.8
2024-11-01 01:00:00,    3,   8.4,  11.0,   8.9,  979.4,   9.6,  91.6,   8.3
2024-11-01 02:00:00,    3,   8.3,  10.9,   8.7,  979.3,   9.3,  92.8,   8.2
2024-11-01 03:00:00,    3,   8.1,  10.5,   8.2,  979.2,   8.8,  92.8,   7.7
2024-11-01 04:00:00,3,8.4,11.0,9.0,987.9,9.9,89.8,8.3
2024-11-01 05:00:00,    3,   8.2,  10.7,   8.6,  987.8,   9.4,  90.9,   8.0
2024-11-01 06:00:00,    3,   8.0,  10.4,   8.2,  987.8,   8.8,  92.2,   7.6
2024-11-01 07:00:00,3,7.5,9.7,6.9,979.2,7.4,94.0,6.5
2024-11-01 08:00:00,3,7.4,9.6,7.1,979.3,7.8,90.8,6.4
2024-11-01 09:00:00,3,7.8,10.1,7.8,988.2,8.5,90.9,7.1
2024-11-01 10:00:00,3,7.5,9.8,7.8,988.1,8.9,86.0,6.7
2024-11-01 11:00:00,    3,   8.0,  10.4,   8.7,  987.9,  10.0,  85.0,   7.6
2024-11-01 12:00:00,    3,   7.9,  10.4,  10.0,  978.3,  12.9,  69.6,   7.5
2024-11-01 13:00:00,    3,   8.3,  11.0,  10.6,  977.8,  13.4,  71.2,   8.3
2024-11-01 14:00:00,    3,   7.9,  10.4,   9.4,  986.5,  11.6,  75.9,   7.5
2024-11-01 15:00:00,    3,   7.8,  10.2,   9.1,  986.5,  11.1,  77.4,   7.3
2024-11-01 16:00:00,    3,   7.9,  10.4,   8.7,  986.3,  10.1,  83.8,   7.5
2024-11-01 17:00:00,    3,   7.9,  10.3,   8.3,  977.7,   9.2,  88.5,   7.4
2024-11-01 18:00:00,3,8.4,11.0,8.8,987.5,9.5,92.2,8.3
2024-11-01 19:00:00,3,8.4,11.0,8.8,987.9,9.3,93.4,8.3
2024-11-01 20:00:00,    3,   8.2,  10.7,   8.5,  988.2,   9.1,  92.8,   8.0
2024-11-01 21:00:00,    3,   8.4,  11.0,   8.5,  979.8,   8.7,  97.3,   8.3
2024-11-01 22:00:00,    3,   8.4,  10.9,   8.4,  979.8,   8.6,  97.3,   8.2
2024-11-01 23:00:00,    3,   8.4,  11.0,   8.5,  980.1,   8.7,  97.3,   8.3
2024-11-02 00:00:00,3,8.2,10.7,8.4,980.0,9.0,92.8,7.9
2024-11-02 01:00:00,    3,   7.3,   9.5,   7.4,  989.3,   8.6,  84.8,   6.2
2024-11-02 02:00:00,    3,   7.5,   9.8,   7.5,  989.4,   8.5,  87.8,   6.6
2024-11-02 03:00:00,3,7.5,9.7,7.1,980.5,7.8,91.5,6.5
2024-11-02 04:00:00,3,7.5,9.8,7.2,980.8,7.8,92.1,6.6
2024-11-02 05:00:00,3,7.6,9.9,7.3,981.0,7.8,93.4,6.8
2024-11-02 06:00:00,    3,   7.8,  10.2,   7.4,  990.2,   7.7,  96.6,   7.2
2024-11-02 07:00:00,    3,   7.9,  10.2,   7.6,  981.6,   7.9,  96.0,   7.3
2024-11-02 08:00:00,    3,   7.8,  10.1,   7.3,  982.4,   7.5,  97.3,   7.1
2024-11-02 09:00:00,    3,   7.6,   9.8,   7.5,  991.8,   8.3,  89.6,   6.7
2024-11-02 10:00:00,    3,   7.3,   9.5,   7.5,  991.9,   8.8,  83.7,   6.2
2024-11-02 11:00:00,    3,   7.2,   9.4,   7.5,  991.7,   9.1,  80.9,   6.0
2024-11-02 12:00:00,    3,   7.3,   9.5,   7.7,  991.6,   9.3,  80.9,   6.2
2024-11-02 13:00:00,    3,   7.0,   9.2,   7.1,  982.3,   8.6,  81.9,   5.7
2024-11-02 14:00:00,3,7.0,9.2,7.2,982.0,8.7,81.4,5.7
2024-11-02 15:00:00,3,7.1,9.2,7.2,982.1,8.6,82.5,5.8
2024-11-02 16:00:00,    3,   7.4,   9.7,   7.6,  982.2,   8.7,  86.0,   6.5
2024-11-02 17:00:00,    3,   7.5,   9.8,   7.8,  982.6,   9.1,  84.3,   6.6
2024-11-02 18:00:00,    3,   7.8,  10.2,   8.1,  982.8,   9.1,  87.9,   7.2
2024-11-02 19:00:00,3,7.5,9.8,8.0,983.0,9.5,82.6,6.7
2024-11-02 20:00:00,    3,   7.9,  10.3,   8.6,  992.2,  10.0,  83.8,   7.4
2024-11-02 21:00:00,    3,   7.9,  10.4,   8.7,  992.3,  10.0,  84.4,   7.5
2024-11-02 22:00:00,    3,   7.6,  10.0,   8.1,  983.7,   9.5,  83.8,   6.9
2024-11-02 23:00:00,3,7.6,9.9,8.1,983.7,9.5,83.2,6.8
2024-11-03 00:00:00,3,7.6,10.0,8.1,983.7,9.4,84.3,6.9
2024-11-03 01:00:00,    3,   7.3,   9.6,   8.2,  992.4,  10.2,  76.7,   6.3
2024-11-03 02:00:00,    3,   7.3,   9.6,   7.7,  983.2,   9.2,  82.0,   6.3
2024-11-03 03:00:00,    3,   7.2,   9.4,   7.5,  983.0,   9.0,  81.4,   6.0
2024-11-03 04:00:00,    3,   7.2,   9.4,   7.9,  991.4,   9.7,  78.2,   6.1
2024-11-03 05:00:00,    3,   7.2,   9.4,   7.9,  991.4,   9.8,  77.7,   6.1
2024-11-03 06:00:00,    3,   7.1,   9.2,   7.8,  991.5,   9.8,  76.1,   5.8
2024-11-03 07:00:00,    3,   6.9,   9.0,   7.0,  982.9,   8.5,  80.8,   5.4
2024-11-03 08:00:00,3,6.9,9.0,7.1,983.2,8.8,79.7,5.5
2024-11-03 09:00:00,3,6.9,9.0,7.7,992.1,10.0,73.5,5.5
2024-11-03 10:00:00,    3,   7.0,   9.2,   8.0,  992.1,  10.3,  73.1,   5.7
2024-11-03 11:00:00,    3,   7.0,   9.2,   7.6,  983.2,   9.6,  76.6,   5.7
2024-11-03 12:00:00,    3,   7.2,   9.4,   7.8,  982.9,   9.6,  78.7,   6.1
2024-11-03 13:00:00,    3,   7.1,   9.2,   7.7,  982.6,   9.7,  76.6,   5.8
2024-11-03 14:00:00,3,7.2,9.4,8.4,991.0,10.8,72.7,6.1
2024-11-03 15:00:00,    3,   7.2,   9.5,   8.3,  990.8,  10.5,  74.6,   6.2
2024-11-03 16:00:00,    3,   7.4,   9.7,   8.3,  990.8,  10.2,  77.8,   6.5
2024-11-03 17:00:00,3,7.1,9.3,7.4,982.3,9.0,80.9,5.9
2024-11-03 18:00:00,3,7.1,9.3,7.3,982.4,8.7,82.5,5.9
2024-11-03 19:00:00,3,7.0,9.1,6.9,982.3,8.3,83.0,5.6
2024-11-03 20:00:00,    3,   7.0,   9.1,   7.3,  991.1,   9.0,  79.2,   5.6
2024-11-03 21:00:00,    3,   7.1,   9.2,   6.6,  982.4,   7.5,  88.3,   5.7
2024-11-03 22:00:00,    3,   7.0,   9.0,   6.5,  982.3,   7.4,  87.7,   5.5
2024-11-03 23:00:00,3,7.1,9.2,6.5,982.2,7.3,89.5,5.7
2024-11-04 00:00:00,    3,   7.1,   9.2,   6.7,  991.0,   7.8,  86.5,   5.7
2024-11-04 01:00:00,    3,   7.0,   9.1,   6.6,  990.9,   7.7,  86.5,   5.6
2024-11-04 02:00:00,    3,   7.0,   9.1,   6.5,  990.7,   7.5,  87.7,   5.6
2024-11-04 03:00:00,    3,   6.8,   8.7,   5.8,  981.5,   6.5,  90.1,   5.0
2024-11-04 04:00:00,3,6.9,9.0,6.4,990.3,7.3,87.7,5.4
2024-11-04 05:00:00,3,6.8,8.7,5.8,981.3,6.6,89.5,5.0
2024-11-04 06:00:00,    3,   6.7,   8.6,   5.7,  981.2,   6.6,  88.2,   4.8
2024-11-04 07:00:00,    3,   6.6,   8.5,   5.7,  981.3,   6.7,  87.0,   4.7
2024-11-04 08:00:00,    3,   6.7,   8.6,   5.9,  981.7,   6.9,  86.4,   4.8
2024-11-04 09:00:00,3,6.8,8.9,6.5,990.6,7.8,83.6,5.2
2024-11-04 10:00:00,    3,   6.9,   9.0,   7.1,  990.7,   8.7,  80.3,   5.5
2024-11-04 11:00:00,    3,   6.7,   8.7,   7.5,  990.3,  10.0,  71.0,   5.0
2024-11-04 12:00:00,3,6.8,8.9,8.1,980.6,10.9,68.3,5.3
2024-11-04 13:00:00,3,7.5,9.9,9.4,989.1,12.3,69.0,6.8
2024-11-04 14:00:00,3,7.3,9.7,9.4,988.6,12.7,65.9,6.5
2024-11-04 15:00:00,3,7.1,9.4,9.0,988.2,12.2,65.8,6.0
2024-11-04 16:00:00,    3,   7.2,   9.4,   8.1,  988.0,  10.2,  75.6,   6.1
2024-11-04 17:00:00,    3,   6.5,   8.4,   5.1,  979.8,   5.7,  91.3,   4.4
2024-11-04 18:00:00,    3,   6.4,   8.2,   4.4,  979.9,   4.7,  95.9,   4.1
2024-11-04 19:00:00,    3,   6.5,   8.4,   5.0,  988.5,   5.5,  93.2,   4.5
2024-11-04 20:00:00,    3,   6.6,   8.4,   4.9,  988.4,   5.2,  95.2,   4.5
2024-11-04 21:00:00,    3,   6.4,   8.2,   4.4,  988.2,   4.6,  96.5,   4.1
2024-11-04 22:00:00,    3,   5.7,   7.3,   2.5,  979.2,   2.6,  98.6,   2.4
2024-11-04 23:00:00,3,5.7,7.3,2.6,979.1,2.6,99.3,2.5
2024-11-05 00:00:00,3,6.1,7.7,3.4,987.5,3.4,99.3,3.3
2024-11-05 01:00:00,    3,   6.0,   7.7,   3.3,  987.2,   3.4,  98.6,   3.2
2024-11-05 02:00:00,    3,   5.2,   6.5,   0.9,  978.5,   0.9, 100.0,   0.9
2024-11-05 03:00:00,    3,   5.4,   6.8,   1.5,  978.4,   1.5, 100.0,   1.5
2024-11-05 04:00:00,3,5.7,7.3,2.4,978.5,2.4,100.0,2.4
2024-11-05 05:00:00,    3,   6.2,   7.9,   3.6,  987.4,   3.6, 100.0,   3.6
2024-11-05 06:00:00,    3,   6.1,   7.7,   3.3,  987.3,   3.3, 100.0,   3.3
2024-11-05 07:00:00,3,6.1,7.7,3.3,987.8,3.3,100.0,3.3
2024-11-05 08:00:00,3,6.0,7.7,3.2,979.0,3.2,100.0,3.2
2024-11-05 09:00:00,3,6.8,8.8,5.3,979.0,5.4,97.9,5.1
2024-11-05 10:00:00,    3,   6.4,   8.3,   6.1,  987.9,   7.7,  79.0,   4.3
2024-11-05 11:00:00,    3,   7.4,   9.7,   8.0,  978.7,   9.6,  80.9,   6.5
2024-11-05 12:00:00,    3,   7.4,   9.8,   8.5,  978.2,  10.6,  76.2,   6.6
2024-11-05 13:00:00,3,7.4,9.8,9.0,977.9,11.7,70.9,6.6
2024-11-05 14:00:00,    3,   6.9,   9.1,   9.4,  986.4,  13.5,  58.7,   5.6
2024-11-05 15:00:00,    3,   7.3,   9.6,   9.6,  986.4,  13.1,  63.7,   6.4
2024-11-05 16:00:00,    3,   7.4,   9.8,   9.0,  986.8,  11.6,  71.3,   6.6
2024-11-05 17:00:00,    3,   7.3,   9.6,   8.1,  978.2,  10.0,  77.7,   6.3
2024-11-05 18:00:00,3,7.1,9.2,6.7,978.5,7.7,87.7,5.8
2024-11-05 19:00:00,3,7.4,9.6,7.5,987.5,8.6,86.0,6.4
2024-11-05 20:00:00,    3,   6.8,   8.7,   5.7,  978.9,   6.3,  91.4,   5.0
2024-11-05 21:00:00,    3,   7.0,   9.0,   5.8,  979.0,   6.3,  93.9,   5.4
2024-11-05 22:00:00,    3,   6.8,   8.8,   5.5,  979.2,   5.9,  94.6,   5.1
2024-11-05 23:00:00,3,7.2,9.2,6.0,988.2,6.3,96.6,5.8
2024-11-06 00:00:00,    3,   7.3,   9.4,   6.1,  988.4,   6.3,  97.9,   6.0
2024-11-06 01:00:00,    3,   7.0,   9.0,   5.5,  988.6,   5.6,  98.6,   5.4
2024-11-06 02:00:00,    3,   6.2,   7.9,   3.7,  980.0,   3.7,  99.3,   3.6
2024-11-06 03:00:00,3,6.8,8.7,5.1,988.9,5.2,98.6,5.0
2024-11-06 04:00:00,3,6.9,8.9,5.3,989.3,5.5,97.9,5.2
2024-11-06 05:00:00,3,5.6,7.2,2.3,980.7,2.3,99.3,2.2
2024-11-06 06:00:00,    3,   7.0,   9.0,   5.8,  990.0,   6.0,  96.6,   5.5
2024-11-06 07:00:00,    3,   6.3,   8.1,   3.9,  981.8,   3.9, 100.0,   3.9
2024-11-06 08:00:00,    3,   7.1,   9.1,   5.6,  982.4,   5.6, 100.0,   5.6
2024-11-06 09:00:00,    3,   7.6,   9.8,   7.3,  991.8,   7.9,  92.1,   6.7
2024-11-06 10:00:00,    3,   8.0,  10.4,   7.9,  992.2,   8.4,  94.0,   7.5
2024-11-06 11:00:00,    3,   8.0,  10.4,   8.3,  992.2,   9.1,  90.3,   7.6
2024-11-06 12:00:00,    3,   8.5,  11.2,   9.6,  983.0,  10.9,  85.7,   8.6
2024-11-06 13:00:00,3,8.8,11.6,10.3,982.8,11.9,82.9,9.1
2024-11-06 14:00:00,3,8.6,11.3,10.1,982.8,11.7,82.4,8.8
2024-11-06 15:00:00,    3,   8.2,  10.7,   9.0,  982.8,  10.1,  86.8,   8.0
2024-11-06 16:00:00,    3,   8.1,  10.6,   8.1,  983.0,   8.5,  95.3,   7.8
2024-11-06 17:00:00,    3,   7.8,  10.2,   7.3,  983.4,   7.4,  98.6,   7.2
2024-11-06 18:00:00,    3,   7.7,  10.0,   7.0,  983.7,   7.0, 100.0,   7.0
2024-11-06 19:00:00,3,7.6,9.8,6.7,983.9,6.7,100.0,6.7
2024-11-06 20:00:00,    3,   7.3,   9.4,   6.1,  993.1,   6.2,  99.3,   6.1
2024-11-06 21:00:00,    3,   7.2,   9.3,   5.9,  993.6,   6.0,  99.3,   5.9
2024-11-06 22:00:00,3,7.2,9.3,6.0,993.4,6.2,97.9,5.9
2024-11-06 23:00:00,3,6.8,8.7,5.6,993.5,6.2,92.0,5.0
2024-11-07 00:00:00,3,6.7,8.6,5.5,993.4,6.1,91.3,4.8
2024-11-07 01:00:00,    3,   6.5,   8.4,   5.1,  993.4,   5.8,  90.7,   4.4
2024-11-07 02:00:00,    3,   6.7,   8.6,   5.1,  984.3,   5.4,  95.9,   4.8
2024-11-07 03:00:00,    3,   6.7,   8.7,   5.0,  984.2,   5.1,  98.6,   4.9
2024-11-07 04:00:00,3,6.7,8.5,4.8,984.0,4.9,98.6,4.7
2024-11-07 05:00:00,    3,   6.5,   8.4,   4.8,  992.9,   5.1,  95.2,   4.4
2024-11-07 06:00:00,    3,   6.5,   8.4,   4.8,  992.6,   5.1,  95.2,   4.4
2024-11-07 07:00:00,    3,   6.6,   8.5,   5.0,  993.0,   5.3,  95.2,   4.6
2024-11-07 08:00:00,    3,   6.7,   8.7,   5.3,  984.2,   5.6,  95.2,   4.9
2024-11-07 09:00:00,3,6.9,8.9,5.8,984.4,6.3,93.3,5.3
2024-11-07 10:00:00,3,7.2,9.3,6.5,984.5,7.1,92.0,5.9
2024-11-07 11:00:00,    3,   7.1,   9.2,   6.5,  984.3,   7.3,  89.5,   5.7
2024-11-07 12:00:00,    3,   7.3,   9.5,   6.9,  984.0,   7.7,  90.2,   6.2
2024-11-07 13:00:00,    3,   7.0,   9.1,   6.7,  983.6,   7.8,  85.9,   5.6
2024-11-07 14:00:00,3,7.0,9.1,6.9,992.4,8.2,83.6,5.6
2024-11-07 15:00:00,    3,   7.0,   9.0,   6.9,  992.3,   8.3,  82.5,   5.5
2024-11-07 16:00:00,    3,   6.9,   9.0,   6.8,  992.1,   8.2,  82.5,   5.4
2024-11-07 17:00:00,    3,   7.4,   9.6,   7.1,  983.1,   7.8,  90.8,   6.4
2024-11-07 18:00:00,3,7.3,9.5,7.0,992.2,7.9,89.0,6.2
2024-11-07 19:00:00,3,7.4,9.6,7.1,992.3,7.8,90.8,6.4
2024-11-07 20:00:00,3,7.4,9.6,6.7,992.2,7.1,94.6,6.3
2024-11-07 21:00:00,    3,   7.2,   9.4,   6.5,  992.3,   7.1,  92.7,   6.0
2024-11-07 22:00:00,    3,   7.0,   9.0,   6.1,  983.4,   6.6,  92.7,   5.5
2024-11-07 23:00:00,    3,   6.9,   8.9,   5.9,  983.3,   6.5,  92.0,   5.3
2024-11-08 00:00:00,    3,   6.8,   8.8,   6.0,  991.9,   6.9,  88.3,   5.1
2024-11-08 01:00:00,    3,   6.8,   8.9,   6.0,  991.5,   6.8,  89.5,   5.2
2024-11-08 02:00:00,    3,   6.8,   8.8,   6.0,  990.9,   6.8,  88.9,   5.1
2024-11-08 03:00:00,    3,   6.8,   8.7,   5.7,  981.4,   6.4,  90.7,   5.0
2024-11-08 04:00:00,3,6.8,8.7,5.9,990.1,6.7,88.9,5.0
2024-11-08 05:00:00,3,6.7,8.7,5.9,990.0,6.8,87.6,4.9
2024-11-08 06:00:00,    3,   6.7,   8.6,   5.8,  989.8,   6.7,  87.6,   4.8
2024-11-08 07:00:00,    3,   6.4,   8.3,   5.2,  980.8,   6.0,  88.8,   4.3
2024-11-08 08:00:00,    3,   6.3,   8.1,   4.9,  980.9,   5.9,  86.9,   3.9
2024-11-08 09:00:00,    3,   6.4,   8.3,   5.1,  980.7,   6.0,  88.2,   4.2
2024-11-08 10:00:00,3,6.2,8.0,5.3,989.7,6.6,82.2,3.8
2024-11-08 11:00:00,    3,   6.3,   8.1,   5.6,  988.9,   7.0,  81.1,   4.0
2024-11-08 12:00:00,    3,   6.3,   8.2,   5.7,  988.5,   7.2,  80.6,   4.1
2024-11-08 13:00:00,3,6.4,8.3,5.9,979.2,7.3,81.2,4.3
2024-11-08 14:00:00,3,6.5,8.5,6.1,978.8,7.5,81.8,4.6
2024-11-08 15:00:00,3,6.5,8.5,6.1,987.8,7.6,81.2,4.6
2024-11-08 16:00:00,    3,   6.6,   8.5,   6.1,  987.8,   7.5,  82.4,   4.7
2024-11-08 17:00:00,    3,   6.7,   8.7,   6.1,  979.1,   7.1,  86.5,   5.0
2024-11-08 18:00:00,    3,   6.8,   8.8,   6.1,  978.9,   7.1,  87.1,   5.1
2024-11-08 19:00:00,    3,   6.7,   8.7,   6.0,  987.9,   7.1,  85.9,   4.9
2024-11-08 20:00:00,    3,   6.8,   8.9,   6.2,  987.9,   7.1,  87.7,   5.2
2024-11-08 21:00:00,    3,   6.8,   8.9,   6.3,  988.1,   7.3,  86.5,   5.2
2024-11-08 22:00:00,    3,   7.0,   9.0,   6.5,  988.0,   7.5,  87.1,   5.5
2024-11-08 23:00:00,    3,   6.9,   9.0,   6.1,  979.4,   6.7,  91.4,   5.4
2024-11-09 00:00:00,3,6.9,8.9,6.4,988.1,7.4,86.5,5.3
2024-11-09 01:00:00,3,6.2,8.0,3.7,979.2,3.7,100.0,3.7
2024-11-09 02:00:00,    3,   5.9,   7.6,   3.0,  979.2,   3.0, 100.0,   3.0
2024-11-09 03:00:00,    3,   5.7,   7.3,   2.6,  979.3,   2.6,  99.3,   2.5
2024-11-09 04:00:00,    3,   5.4,   6.8,   1.6,  979.3,   1.6,  99.3,   1.5
2024-11-09 05:00:00,3,6.2,8.0,3.9,988.0,4.0,97.9,3.7
2024-11-09 06:00:00,    3,   6.3,   8.0,   3.9,  988.1,   3.9,  99.3,   3.8
2024-11-09 07:00:00,    3,   6.3,   8.1,   3.9,  988.2,   3.9, 100.0,   3.9
2024-11-09 08:00:00,    3,   5.7,   7.3,   2.5,  979.5,   2.5, 100.0,   2.5
2024-11-09 09:00:00,3,6.3,8.0,3.8,979.5,3.8,100.0,3.8
2024-11-09 10:00:00,3,6.5,8.4,6.0,988.6,7.5,80.6,4.4
2024-11-09 11:00:00,    3,   6.5,   8.4,   6.9,  988.3,   9.3,  71.9,   4.5
2024-11-09 12:00:00,    3,   7.0,   9.1,   7.5,  979.1,   9.5,  76.6,   5.6
2024-11-09 13:00:00,    3,   6.7,   8.8,   7.7,  978.6,  10.3,  70.1,   5.1
2024-11-09 14:00:00,    3,   7.1,   9.3,   8.8,  987.2,  11.9,  66.6,   5.9
2024-11-09 15:00:00,    3,   7.2,   9.5,   8.6,  987.2,  11.2,  71.2,   6.2
2024-11-09 16:00:00,    3,   7.2,   9.4,   7.5,  987.3,   8.9,  82.6,   6.1
2024-11-09 17:00:00,    3,   7.0,   9.1,   6.6,  978.8,   7.6,  87.1,   5.6
2024-11-09 18:00:00,3,6.8,8.8,5.7,988.1,6.3,92.0,5.1
2024-11-09 19:00:00,3,6.5,8.4,4.7,979.4,4.9,96.6,4.4
2024-11-09 20:00:00,    3,   6.6,   8.5,   4.6,  979.3,   4.6, 100.0,   4.6
2024-11-09 21:00:00,    3,   6.2,   8.0,   3.7,  979.7,   3.7, 100.0,   3.7
2024-11-09 22:00:00,    3,   6.2,   8.0,   3.7,  979.8,   3.7, 100.0,   3.7
2024-11-09 23:00:00,    3,   5.7,   7.3,   2.5,  979.7,   2.5,  99.3,   2.4
2024-11-10 00:00:00,3,6.7,8.6,4.8,988.7,4.8,100.0,4.8
2024-11-10 01:00:00,    3,   6.7,   8.5,   4.7,  988.7,   4.7, 100.0,   4.7
2024-11-10 02:00:00,    3,   6.6,   8.4,   4.5,  988.8,   4.5, 100.0,   4.5
2024-11-10 03:00:00,3,6.1,7.8,3.4,979.8,3.4,100.0,3.4
2024-11-10 04:00:00,3,6.0,7.7,3.2,980.0,3.2,100.0,3.2
2024-11-10 05:00:00,3,6.4,8.3,4.2,989.2,4.2,100.0,4.2
2024-11-10 06:00:00,    3,   6.4,   8.3,   4.2,  989.4,   4.2, 100.0,   4.2
2024-11-10 07:00:00,    3,   6.1,   7.9,   3.5,  980.7,   3.5, 100.0,   3.5
2024-11-10 08:00:00,    3,   6.1,   7.9,   3.5,  980.9,   3.5, 100.0,   3.5
2024-11-10 09:00:00,3,6.4,8.3,4.2,989.8,4.2,100.0,4.2
2024-11-10 10:00:00,    3,   6.6,   8.4,   4.5,  989.9,   4.5, 100.0,   4.5
2024-11-10 11:00:00,    3,   6.5,   8.4,   4.5,  989.8,   4.5,  99.3,   4.4
2024-11-10 12:00:00,    3,   6.6,   8.4,   4.5,  989.8,   4.5, 100.0,   4.5
2024-11-10 13:00:00,    3,   6.6,   8.4,   4.5,  980.5,   4.5, 100.0,   4.5
2024-11-10 14:00:00,3,6.5,8.4,4.5,980.4,4.6,98.6,4.4
2024-11-10 15:00:00,3,6.5,8.3,4.5,980.7,4.6,97.9,4.3
2024-11-10 16:00:00,    3,   6.3,   8.1,   4.2,  980.9,   4.4,  97.2,   4.0
2024-11-10 17:00:00,    3,   6.3,   8.0,   4.1,  981.1,   4.3,  96.5,   3.8
2024-11-10 18:00:00,    3,   6.3,   8.1,   4.1,  981.4,   4.3,  97.2,   3.9
2024-11-10 19:00:00,3,6.3,8.0,4.1,990.6,4.4,95.9,3.8
2024-11-10 20:00:00,    3,   6.3,   8.1,   4.3,  990.9,   4.6,  95.9,   4.0
2024-11-10 21:00:00,    3,   6.4,   8.2,   4.3,  991.2,   4.5,  97.2,   4.1
2024-11-10 22:00:00,3,6.3,8.0,3.8,982.3,3.8,100.0,3.8
2024-11-10 23:00:00,3,6.3,8.1,3.9,982.6,3.9,100.0,3.9
2024-11-11 00:00:00,3,6.2,7.9,3.6,982.6,3.6,100.0,3.6
2024-11-11 01:00:00,3,6.4,8.2,4.2,991.5,4.2,99.3,4.1
2024-11-11 02:00:00,    3,   6.3,   8.0,   3.9,  991.4,   3.9,  99.3,   3.8
2024-11-11 03:00:00,    3,   6.0,   7.6,   3.2,  982.2,   3.2,  99.3,   3.1
2024-11-11 04:00:00,    3,   6.0,   7.6,   3.1,  982.4,   3.1, 100.0,   3.1
2024-11-11 05:00:00,    3,   6.3,   8.0,   3.9,  991.4,   4.0,  98.6,   3.8
2024-11-11 06:00:00,    3,   6.3,   8.0,   3.9,  991.4,   4.0,  98.6,   3.8
2024-11-11 07:00:00,    3,   6.1,   7.9,   3.6,  991.7,   3.7,  98.6,   3.5
2024-11-11 08:00:00,    3,   5.9,   7.5,   2.9,  982.8,   2.9, 100.0,   2.9
2024-11-11 09:00:00,3,5.8,7.4,3.1,992.1,3.5,93.8,2.6
2024-11-11 10:00:00,3,5.8,7.4,3.5,991.7,4.2,89.3,2.6
2024-11-11 11:00:00,    3,   5.9,   7.6,   4.3,  990.9,   5.4,  85.1,   3.1
2024-11-11 12:00:00,    3,   6.2,   7.9,   4.5,  981.1,   5.2,  89.4,   3.6
2024-11-11 13:00:00,    3,   6.4,   8.3,   5.5,  980.7,   6.6,  85.2,   4.3
2024-11-11 14:00:00,3,6.2,8.1,5.6,988.9,7.1,80.0,3.9
2024-11-11 15:00:00,    3,   6.7,   8.7,   6.0,  988.7,   7.1,  85.9,   4.9
2024-11-11 16:00:00,    3,   6.9,   8.9,   5.5,  988.9,   5.7,  96.6,   5.2
2024-11-11 17:00:00,3,7.0,9.0,5.8,980.0,6.0,96.6,5.5
2024-11-11 18:00:00,3,7.0,9.0,5.5,989.0,5.6,99.3,5.5
2024-11-11 19:00:00,3,7.1,9.1,5.8,989.3,6.0,97.3,5.6
2024-11-11 20:00:00,    3,   7.1,   9.2,   5.8,  989.2,   6.0,  97.9,   5.7
2024-11-11 21:00:00,    3,   7.1,   9.1,   5.7,  980.0,   5.8,  98.6,   5.6
2024-11-11 22:00:00,    3,   7.0,   9.0,   5.7,  979.6,   5.9,  96.6,   5.4
2024-11-11 23:00:00,3,7.3,9.4,6.0,988.2,6.1,99.3,6.0
2024-11-12 00:00:00,    3,   7.1,   9.2,   5.9,  988.0,   6.1,  97.3,   5.7
2024-11-12 01:00:00,    3,   7.2,   9.2,   5.9,  988.0,   6.0,  98.6,   5.8
2024-11-12 02:00:00,    3,   7.2,   9.2,   5.8,  987.8,   5.8, 100.0,   5.8
2024-11-12 03:00:00,    3,   7.0,   9.0,   5.5,  978.5,   5.7,  97.9,   5.4
2024-11-12 04:00:00,3,7.0,9.0,5.6,978.7,5.7,98.6,5.5
2024-11-12 05:00:00,3,6.8,8.8,5.4,978.8,5.6,96.6,5.1
2024-11-12 06:00:00,    3,   6.9,   8.9,   5.4,  979.1,   5.6,  97.9,   5.3
2024-11-12 07:00:00,    3,   6.9,   8.9,   5.5,  979.5,   5.7,  97.3,   5.3
2024-11-12 08:00:00,    3,   6.6,   8.5,   5.3,  979.9,   5.9,  92.0,   4.7
2024-11-12 09:00:00,3,6.9,8.9,5.8,989.3,6.3,92.6,5.2
2024-11-12 10:00:00,    3,   6.8,   8.7,   5.8,  989.5,   6.5,  90.1,   5.0
2024-11-12 11:00:00,    3,   6.6,   8.5,   5.7,  989.3,   6.8,  85.8,   4.6
2024-11-12 12:00:00,    3,   6.5,   8.4,   5.2,  979.6,   6.0,  89.4,   4.4
2024-11-12 13:00:00,3,6.1,7.8,4.7,989.5,5.8,84.5,3.4
2024-11-12 14:00:00,3,5.9,7.6,4.0,979.9,4.9,87.5,3.0
2024-11-12 15:00:00,3,5.5,7.1,3.9,989.9,5.4,78.6,2.0
2024-11-12 16:00:00,    3,   5.3,   6.9,   3.6,  990.3,   5.2,  77.5,   1.6
2024-11-12 17:00:00,    3,   5.5,   7.1,   3.2,  980.8,   4.2,  85.5,   2.0
2024-11-12 18:00:00,    3,   5.4,   6.9,   3.0,  981.1,   4.1,  84.3,   1.7
2024-11-12 19:00:00,    3,   5.2,   6.7,   3.0,  991.2,   4.3,  80.8,   1.3
2024-11-12 20:00:00,    3,   5.1,   6.6,   2.6,  991.4,   3.8,  81.9,   1.0
2024-11-12 21:00:00,    3,   5.3,   6.8,   2.6,  991.5,   3.6,  85.5,   1.4
2024-11-12 22:00:00,    3,   5.3,   6.8,   2.3,  981.7,   2.9,  89.8,   1.4
2024-11-12 23:00:00,3,5.3,6.8,2.5,991.8,3.2,88.6,1.5
2024-11-13 00:00:00,3,5.5,7.0,2.4,982.2,2.8,93.1,1.8
2024-11-13 01:00:00,    3,   5.2,   6.7,   2.1,  981.6,   2.7,  89.8,   1.2
2024-11-13 02:00:00,    3,   5.1,   6.5,   1.8,  981.6,   2.6,  87.9,   0.8
2024-11-13 03:00:00,    3,   5.2,   6.7,   1.8,  981.9,   2.3,  92.4,   1.2
2024-11-13 04:00:00,    3,   5.1,   6.5,   1.5,  981.5,   1.9,  93.0,   0.9
2024-11-13 05:00:00,3,5.0,6.3,1.1,991.7,1.5,93.0,0.5
2024-11-13 06:00:00,    3,   5.0,   6.3,   0.9,  992.0,   1.2,  95.1,   0.5
2024-11-13 07:00:00,    3,   5.0,   6.3,   0.8,  992.0,   1.1,  95.7,   0.5
2024-11-13 08:00:00,3,5.1,6.4,1.2,992.1,1.6,93.7,0.7
2024-11-13 09:00:00,3,5.1,6.5,1.3,983.0,1.6,94.4,0.8
2024-11-13 10:00:00,3,4.8,6.2,1.9,992.8,3.2,80.0,0.1
2024-11-13 11:00:00,    3,   4.7,   6.1,   1.9,  992.7,   3.3,  78.3,  -0.1
2024-11-13 12:00:00,    3,   4.7,   6.0,   1.7,  982.5,   3.1,  78.8,  -0.2
2024-11-13 13:00:00,    3,   4.7,   6.0,   1.7,  982.0,   3.2,  77.7,  -0.3
2024-11-13 14:00:00,3,5.0,6.4,2.3,991.9,3.4,82.4,0.7
2024-11-13 15:00:00,    3,   5.1,   6.5,   2.4,  991.6,   3.5,  83.0,   0.9
2024-11-13 16:00:00,    3,   5.3,   6.7,   2.4,  991.9,   3.3,  86.7,   1.3
2024-11-13 17:00:00,    3,   5.3,   6.8,   2.3,  982.3,   2.9,  89.8,   1.4
2024-11-13 18:00:00,3,5.6,7.1,2.6,992.4,3.0,93.8,2.1
2024-11-13 19:00:00,3,5.4,6.9,2.2,982.7,2.6,93.8,1.7
2024-11-13 20:00:00,    3,   5.4,   6.9,   2.2,  982.6,   2.6,  93.1,   1.6
2024-11-13 21:00:00,    3,   5.4,   6.9,   2.2,  982.5,   2.6,  93.8,   1.7
2024-11-13 22:00:00,    3,   5.4,   6.9,   2.3,  982.5,   2.7,  93.1,   1.7
2024-11-13 23:00:00,3,5.6,7.2,2.9,991.9,3.4,92.5,2.3
2024-11-14 00:00:00,    3,   5.6,   7.2,   2.9,  991.6,   3.4,  92.5,   2.3
2024-11-14 01:00:00,    3,   5.6,   7.2,   2.7,  991.4,   3.1,  93.8,   2.2
2024-11-14 02:00:00,3,5.6,7.1,2.7,990.8,3.1,93.1,2.1
2024-11-14 03:00:00,3,5.4,6.8,1.8,980.8,2.1,95.8,1.5
2024-11-14 04:00:00,3,5.4,6.9,2.1,980.7,2.4,94.4,1.6
2024-11-14 05:00:00,3,5.3,6.8,1.9,990.2,2.3,93.7,1.4
2024-11-14 06:00:00,    3,   5.3,   6.8,   2.3,  990.2,   3.0,  89.8,   1.5
2024-11-14 07:00:00,    3,   5.1,   6.5,   1.8,  980.8,   2.4,  89.8,   0.9
2024-11-14 08:00:00,    3,   5.0,   6.4,   1.7,  980.7,   2.5,  87.2,   0.6
2024-11-14 09:00:00,    3,   5.5,   7.0,   2.8,  990.2,   3.5,  89.2,   1.9
2024-11-14 10:00:00,    3,   5.7,   7.3,   3.4,  990.2,   4.1,  89.3,   2.5
2024-11-14 11:00:00,    3,   5.7,   7.3,   3.7,  989.8,   4.6,  86.2,   2.5
2024-11-14 12:00:00,    3,   5.5,   7.1,   3.6,  980.1,   4.8,  82.6,   2.1
2024-11-14 13:00:00,3,5.8,7.5,4.3,979.7,5.5,82.7,2.8
2024-11-14 14:00:00,3,6.7,8.6,5.0,989.2,5.1,97.9,4.8
2024-11-14 15:00:00,    3,   6.9,   8.9,   5.3,  989.1,   5.3,  99.3,   5.2
2024-11-14 16:00:00,    3,   6.6,   8.5,   5.1,  979.7,   5.6,  93.3,   4.6
2024-11-14 17:00:00,    3,   6.7,   8.7,   5.4,  980.1,   5.8,  93.9,   4.9
2024-11-14 18:00:00,    3,   6.8,   8.7,   5.5,  980.2,   5.9,  93.9,   5.0
2024-11-14 19:00:00,3,7.1,9.1,5.8,989.7,6.0,97.3,5.6
2024-11-14 20:00:00,    3,   7.2,   9.3,   6.1,  989.8,   6.3,  97.3,   5.9
2024-11-14 21:00:00,    3,   7.1,   9.2,   5.9,  990.0,   6.1,  97.3,   5.7
2024-11-14 22:00:00,3,7.0,9.0,5.5,980.5,5.7,97.9,5.4
2024-11-14 23:00:00,3,7.0,9.0,5.6,980.5,5.8,97.9,5.5
2024-11-15 00:00:00,3,7.3,9.4,6.2,989.9,6.4,97.9,6.1
2024-11-15 01:00:00,    3,   7.3,   9.4,   6.2,  989.6,   6.3,  98.6,   6.1
2024-11-15 02:00:00,    3,   7.1,   9.1,   5.7,  979.9,   5.9,  97.9,   5.6
2024-11-15 03:00:00,    3,   7.1,   9.1,   5.7,  979.7,   5.9,  97.9,   5.6
2024-11-15 04:00:00,    3,   7.0,   9.0,   5.7,  989.3,   5.9,  97.3,   5.5
2024-11-15 05:00:00,    3,   7.1,   9.1,   5.7,  989.2,   5.8,  98.6,   5.6
2024-11-15 06:00:00,    3,   7.0,   9.0,   5.6,  989.3,   5.7,  98.6,   5.5
2024-11-15 07:00:00,    3,   6.9,   8.9,   5.5,  989.4,   5.7,  97.3,   5.3
2024-11-15 08:00:00,    3,   6.8,   8.7,   5.4,  980.2,   5.7,  95.2,   5.0
2024-11-15 09:00:00,3,7.0,9.0,5.9,989.7,6.2,95.3,5.5
2024-11-15 10:00:00,3,6.1,7.9,5.2,980.1,6.6,81.1,3.6
2024-11-15 11:00:00,    3,   6.3,   8.2,   5.6,  979.9,   6.9,  82.3,   4.1
2024-11-15 12:00:00,    3,   5.6,   7.2,   5.0,  979.6,   7.4,  70.0,   2.3
2024-11-15 13:00:00,    3,   5.9,   7.6,   5.2,  979.2,   7.2,  74.6,   3.0
2024-11-15 14:00:00,3,5.7,7.4,5.2,988.6,7.4,72.0,2.7
2024-11-15 15:00:00,    3,   5.6,   7.3,   5.0,  988.3,   7.2,  71.4,   2.4
2024-11-15 16:00:00,    3,   5.7,   7.3,   4.9,  988.3,   6.9,  73.5,   2.5
2024-11-15 17:00:00,    3,   5.9,   7.6,   4.9,  978.6,   6.4,  79.4,   3.1
2024-11-15 18:00:00,3,5.7,7.3,4.8,988.3,6.8,74.0,2.5
2024-11-15 19:00:00,3,5.5,7.2,4.6,988.1,6.6,73.4,2.2
2024-11-15 20:00:00,3,5.7,7.4,4.4,978.5,5.9,79.3,2.6
2024-11-15 21:00:00,    3,   5.8,   7.5,   4.7,  987.7,   6.3,  78.2,   2.8
2024-11-15 22:00:00,    3,   5.3,   6.8,   2.4,  978.0,   3.2,  87.9,   1.4
2024-11-15 23:00:00,    3,   5.2,   6.6,   1.6,  977.7,   2.0,  93.1,   1.0
2024-11-16 00:00:00,    3,   5.3,   6.8,   2.6,  986.6,   3.5,  86.7,   1.5
2024-11-16 01:00:00,    3,   5.3,   6.8,   2.1,  986.1,   2.5,  93.1,   1.5
2024-11-16 02:00:00,    3,   5.3,   6.8,   1.6,  985.6,   1.8,  97.2,   1.4
2024-11-16 03:00:00,    3,   4.5,   5.6,  -1.0,  975.4,  -0.9,  98.5,  -1.1
2024-11-16 04:00:00,3,5.0,6.3,0.8,984.4,1.1,95.7,0.5
2024-11-16 05:00:00,3,4.5,5.7,-1.0,974.8,-1.0,100.0,-1.0
2024-11-16 06:00:00,    3,   4.8,   6.1,   0.0,  984.1,   0.1,  98.6,  -0.1
2024-11-16 07:00:00,    3,   4.2,   5.2,  -2.1,  974.8,  -2.1,  99.3,  -2.2
2024-11-16 08:00:00,    3,   4.4,   5.5,  -1.0,  975.2,  -0.8,  95.7,  -1.4
2024-11-16 09:00:00,    3,   4.9,   6.2,   0.9,  975.3,   1.4,  91.0,   0.1
2024-11-16 10:00:00,3,5.2,6.7,2.9,984.2,4.1,81.9,1.3
2024-11-16 11:00:00,    3,   5.3,   6.8,   3.1,  984.0,   4.5,  80.2,   1.4
2024-11-16 12:00:00,    3,   5.6,   7.2,   4.6,  983.2,   6.6,  73.9,   2.3
2024-11-16 13:00:00,3,5.6,7.2,4.8,982.3,7.0,71.9,2.3
2024-11-16 14:00:00,3,5.6,7.3,4.9,981.6,7.0,72.4,2.4
2024-11-16 15:00:00,3,5.8,7.5,4.7,971.6,6.3,78.8,2.9
2024-11-16 16:00:00,    3,   5.9,   7.5,   3.9,  980.7,   4.8,  87.4,   2.9
2024-11-16 17:00:00,    3,   5.7,   7.3,   3.3,  971.0,   4.0,  89.3,   2.4
2024-11-16 18:00:00,    3,   5.6,   7.1,   2.7,  971.2,   3.1,  93.1,   2.1
2024-11-16 19:00:00,3,6.0,7.7,3.8,980.9,4.4,91.9,3.2
2024-11-16 20:00:00,    3,   5.8,   7.5,   3.8,  980.7,   4.7,  87.4,   2.8
2024-11-16 21:00:00,    3,   5.8,   7.5,   3.7,  980.7,   4.5,  88.7,   2.8
2024-11-16 22:00:00,    3,   5.5,   7.0,   2.8,  980.8,   3.5,  89.2,   1.9
2024-11-16 23:00:00,    3,   5.6,   7.2,   3.2,  971.2,   3.9,  89.3,   2.3
2024-11-17 00:00:00,3,5.1,6.6,2.3,970.8,3.3,84.8,1.0
2024-11-17 01:00:00,3,5.1,6.5,2.2,970.5,3.2,84.2,0.8
2024-11-17 02:00:00,    3,   4.9,   6.2,   1.5,  970.0,   2.3,  86.6,   0.3
2024-11-17 03:00:00,    3,   4.4,   5.5,  -0.4,  969.6,   0.3,  88.3,  -1.4
2024-11-17 04:00:00,    3,   4.8,   6.1,   1.1,  969.6,   2.0,  85.9,  -0.1
2024-11-17 05:00:00,3,4.8,6.1,1.6,978.3,2.8,81.1,-0.1
2024-11-17 06:00:00,    3,   4.9,   6.2,   1.8,  977.5,   2.9,  82.9,   0.3
2024-11-17 07:00:00,    3,   5.0,   6.3,   1.7,  977.8,   2.6,  86.0,   0.5
2024-11-17 08:00:00,3,5.2,6.7,2.7,977.5,3.8,83.7,1.3
2024-11-17 09:00:00,3,5.3,6.8,3.2,978.2,4.7,79.1,1.4
2024-11-17 10:00:00,3,5.3,6.8,3.7,978.1,5.6,74.3,1.4
2024-11-17 11:00:00,3,5.9,7.6,4.9,968.0,6.6,77.7,3.0
2024-11-17 12:00:00,    3,   6.1,   7.9,   5.0,  976.9,   6.4,  81.6,   3.5
2024-11-17 13:00:00,    3,   5.9,   7.7,   5.5,  967.1,   7.5,  74.1,   3.2
2024-11-17 14:00:00,    3,   6.2,   8.0,   5.7,  967.0,   7.4,  77.8,   3.8
2024-11-17 15:00:00,    3,   6.4,   8.3,   5.5,  976.3,   6.8,  83.4,   4.2
2024-11-17 16:00:00,    3,   6.5,   8.4,   5.3,  976.6,   6.1,  88.8,   4.4
2024-11-17 17:00:00,    3,   6.4,   8.3,   5.1,  976.5,   6.0,  88.2,   4.2
2024-11-17 18:00:00,    3,   6.2,   8.0,   5.1,  967.6,   6.3,  83.4,   3.7
2024-11-17 19:00:00,3,6.4,8.3,5.0,977.3,5.7,90.0,4.2
2024-11-17 20:00:00,3,5.9,7.6,4.8,968.1,6.4,78.8,3.0
2024-11-17 21:00:00,    3,   5.9,   7.6,   4.7,  977.5,   6.2,  79.9,   3.0
2024-11-17 22:00:00,    3,   5.8,   7.5,   4.5,  968.3,   5.9,  80.4,   2.8
2024-11-17 23:00:00,    3,   5.8,   7.5,   4.3,  968.4,   5.6,  82.1,   2.8
2024-11-18 00:00:00,3,5.5,7.1,4.2,977.5,6.0,76.0,2.1
2024-11-18 01:00:00,    3,   5.2,   6.7,   3.7,  976.7,   5.7,  73.2,   1.3
2024-11-18 02:00:00,    3,   5.3,   6.8,   3.7,  976.1,   5.6,  74.3,   1.4
2024-11-18 03:00:00,3,5.5,7.0,3.7,975.7,5.2,79.2,1.9
2024-11-18 04:00:00,3,5.5,7.1,3.9,975.8,5.4,78.6,2.0
2024-11-18 05:00:00,3,5.5,7.0,3.6,965.1,5.0,80.3,1.9
2024-11-18 06:00:00,    3,   5.4,   7.0,   4.5,  974.9,   6.7,  71.3,   1.9
2024-11-18 07:00:00,    3,   5.5,   7.1,   4.1,  966.3,   5.8,  77.0,   2.1
2024-11-18 08:00:00,    3,   5.5,   7.1,   4.3,  965.8,   6.3,  73.9,   2.0
2024-11-18 09:00:00,    3,   5.6,   7.3,   5.1,  974.9,   7.4,  71.0,   2.5
2024-11-18 10:00:00,    3,   5.9,   7.7,   5.7,  974.8,   8.0,  71.6,   3.2
2024-11-18 11:00:00,    3,   5.9,   7.7,   6.0,  974.8,   8.5,  69.2,   3.2
2024-11-18 12:00:00,    3,   6.1,   7.9,   6.2,  974.6,   8.7,  70.2,   3.6
2024-11-18 13:00:00,    3,   6.1,   8.0,   5.7,  965.5,   7.5,  76.8,   3.7
2024-11-18 14:00:00,3,6.1,8.0,5.7,965.7,7.5,76.8,3.7
2024-11-18 15:00:00,3,6.1,7.9,5.7,965.7,7.6,75.7,3.6
2024-11-18 16:00:00,    3,   6.2,   8.1,   5.7,  965.6,   7.3,  78.9,   3.9
2024-11-18 17:00:00,    3,   6.3,   8.1,   5.6,  965.4,   7.1,  80.6,   4.0
2024-11-18 18:00:00,    3,   6.4,   8.3,   5.7,  965.6,   7.1,  81.7,   4.2
2024-11-18 19:00:00,3,6.5,8.4,5.9,974.3,7.4,81.2,4.4
2024-11-18 20:00:00,    3,   6.6,   8.6,   6.1,  973.9,   7.4,  83.5,   4.8
2024-11-18 21:00:00,    3,   6.5,   8.5,   6.2,  973.6,   7.8,  80.1,   4.6
2024-11-18 22:00:00,    3,   6.5,   8.4,   5.8,  964.4,   7.1,  82.9,   4.4
2024-11-18 23:00:00,3,6.5,8.5,6.4,972.8,8.2,78.0,4.6
2024-11-19 00:00:00,3,6.6,8.5,6.4,972.1,8.0,79.6,4.7
2024-11-19 01:00:00,3,6.3,8.2,5.8,962.4,7.4,79.5,4.1
2024-11-19 02:00:00,    3,   6.6,   8.6,   6.6,  970.4,   8.3,  78.5,   4.8
2024-11-19 03:00:00,    3,   6.6,   8.5,   6.3,  960.6,   7.9,  80.1,   4.7
2024-11-19 04:00:00,    3,   6.6,   8.6,   6.5,  959.9,   8.1,  79.6,   4.8
2024-11-19 05:00:00,    3,   6.8,   8.9,   7.0,  968.1,   8.8,  78.1,   5.2
2024-11-19 06:00:00,    3,   6.8,   8.9,   6.9,  967.3,   8.7,  78.6,   5.2
2024-11-19 07:00:00,    3,   6.9,   9.0,   7.1,  967.1,   8.8,  79.2,   5.4
2024-11-19 08:00:00,    3,   6.9,   8.9,   6.9,  958.6,   8.5,  80.2,   5.3
2024-11-19 09:00:00,3,6.8,8.9,7.1,958.2,9.0,77.0,5.2
2024-11-19 10:00:00,3,6.8,8.9,7.4,957.5,9.5,75.0,5.3
2024-11-19 11:00:00,    3,   6.9,   9.0,   7.7,  956.1,  10.1,  73.0,   5.5
2024-11-19 12:00:00,    3,   7.1,   9.3,   8.0,  955.4,  10.2,  74.6,   5.9
2024-11-19 13:00:00,    3,   7.1,   9.4,   8.2,  954.2,  10.6,  73.1,   6.0
2024-11-19 14:00:00,    3,   7.2,   9.4,   8.2,  952.9,  10.4,  74.6,   6.1
2024-11-19 15:00:00,3,7.1,9.3,8.7,960.2,11.7,67.5,5.9
2024-11-19 16:00:00,    3,   7.1,   9.3,   8.6,  959.3,  11.6,  67.9,   5.9
2024-11-19 17:00:00,    3,   6.9,   9.1,   8.6,  958.1,  11.8,  65.7,   5.6
2024-11-19 18:00:00,3,7.2,9.5,8.7,957.1,11.5,69.8,6.2
2024-11-19 19:00:00,3,7.7,10.1,8.7,956.7,10.6,78.9,7.1
2024-11-19 20:00:00,3,7.9,10.2,7.9,947.3,8.5,92.1,7.3
2024-11-19 21:00:00,    3,   7.4,   9.6,   7.1,  955.9,   7.9,  90.2,   6.4
2024-11-19 22:00:00,    3,   6.9,   8.9,   6.2,  946.5,   7.1,  88.3,   5.3
2024-11-19 23:00:00,    3,   6.3,   8.1,   4.8,  946.7,   5.6,  89.4,   4.0
2024-11-20 00:00:00,3,5.9,7.6,3.8,956.8,4.4,90.6,3.0
2024-11-20 01:00:00,    3,   5.5,   7.1,   2.4,  958.5,   2.7,  95.1,   2.0
2024-11-20 02:00:00,    3,   5.4,   6.8,   1.9,  959.8,   2.2,  95.1,   1.5
2024-11-20 03:00:00,    3,   5.1,   6.4,   1.0,  952.6,   1.2,  96.4,   0.7
2024-11-20 04:00:00,3,5.0,6.4,1.2,954.1,1.6,93.0,0.6
2024-11-20 05:00:00,3,4.8,6.1,1.0,955.4,1.7,88.4,0.0
2024-11-20 06:00:00,    3,   4.7,   6.0,   0.6,  956.5,   1.3,  89.0,  -0.3
2024-11-20 07:00:00,    3,   4.8,   6.0,   0.4,  957.1,   0.9,  92.3,  -0.2
2024-11-20 08:00:00,    3,   4.6,   5.8,   0.7,  957.4,   1.7,  84.0,  -0.7
2024-11-20 09:00:00,3,4.7,6.0,1.6,966.8,3.0,79.4,-0.2
2024-11-20 10:00:00,    3,   4.8,   6.1,   2.1,  967.3,   3.7,  76.7,   0.0
2024-11-20 11:00:00,    3,   4.1,   5.3,   2.1,  967.1,   4.9,  60.9,  -2.0
2024-11-20 12:00:00,    3,   4.1,   5.3,   2.1,  957.8,   4.9,  60.9,  -2.0
2024-11-20 13:00:00,3,3.7,4.8,1.5,957.8,4.8,55.2,-3.4
2024-11-20 14:00:00,3,3.8,4.8,1.6,967.1,4.7,56.5,-3.2
2024-11-20 15:00:00,3,3.7,4.8,0.9,958.4,3.6,60.1,-3.4
2024-11-20 16:00:00,    3,   3.8,   4.8,   0.7,  967.7,   3.2,  62.8,  -3.2
2024-11-20 17:00:00,    3,   3.7,   4.8,  -0.2,  959.1,   1.8,  68.3,  -3.4
2024-11-20 18:00:00,    3,   3.6,   4.6,  -0.8,  959.4,   1.0,  70.2,  -3.8
2024-11-20 19:00:00,    3,   3.6,   4.5,   0.0,  968.4,   2.5,  62.1,  -4.0
2024-11-20 20:00:00,    3,   3.7,   4.7,   0.0,  968.6,   2.1,  66.4,  -3.5
2024-11-20 21:00:00,    3,   3.8,   4.8,  -0.1,  968.9,   1.9,  68.9,  -3.2
2024-11-20 22:00:00,    3,   3.7,   4.7,  -0.4,  959.6,   1.5,  68.8,  -3.6
2024-11-20 23:00:00,3,4.0,5.0,0.0,968.7,1.6,73.6,-2.6
2024-11-21 00:00:00,3,4.0,5.0,-0.6,959.5,0.7,77.9,-2.7
2024-11-21 01:00:00,    3,   4.0,   5.0,  -0.1,  968.8,   1.5,  74.1,  -2.6
2024-11-21 02:00:00,    3,   3.5,   4.4,  -0.8,  959.5,   1.3,  66.2,  -4.3
2024-11-21 03:00:00,    3,   3.5,   4.4,  -0.8,  959.9,   1.3,  65.2,  -4.5
2024-11-21 04:00:00,    3,   3.6,   4.5,  -1.0,  959.9,   0.9,  69.2,  -4.1
2024-11-21 05:00:00,3,3.9,4.9,0.0,969.0,1.8,70.4,-3.0
2024-11-21 06:00:00,    3,   3.8,   4.9,  -0.1,  968.9,   1.8,  69.9,  -3.1
2024-11-21 07:00:00,    3,   3.8,   4.8,  -0.1,  968.7,   1.8,  69.3,  -3.2
2024-11-21 08:00:00,3,3.7,4.7,-0.3,968.5,1.8,67.3,-3.6
2024-11-21 09:00:00,3,3.6,4.5,-0.4,967.9,1.7,65.8,-4.0
2024-11-21 10:00:00,3,3.4,4.3,-0.8,958.3,1.5,63.8,-4.6
2024-11-21 11:00:00,    3,   3.4,   4.4,  -0.1,  965.5,   2.5,  59.8,  -4.5
2024-11-21 12:00:00,    3,   3.4,   4.3,  -0.2,  954.4,   2.5,  58.5,  -4.8
2024-11-21 13:00:00,    3,   3.2,   4.0,  -0.5,  952.1,   2.4,  55.4,  -5.6
2024-11-21 14:00:00,    3,   3.4,   4.3,   0.0,  959.0,   2.8,  57.7,  -4.7
2024-11-21 15:00:00,    3,   3.4,   4.3,  -0.5,  957.4,   2.1,  60.2,  -4.8
2024-11-21 16:00:00,    3,   3.4,   4.3,  -0.6,  955.7,   1.7,  62.9,  -4.6
2024-11-21 17:00:00,    3,   3.5,   4.5,  -0.8,  955.1,   1.3,  66.7,  -4.2
2024-11-21 18:00:00,    3,   4.1,   5.2,  -0.5,  945.5,   0.5,  82.7,  -2.1
2024-11-21 19:00:00,3,4.5,5.6,-0.6,945.7,-0.3,94.3,-1.1
2024-11-21 20:00:00,3,4.3,5.4,-1.0,946.4,-0.5,90.9,-1.8
2024-11-21 21:00:00,    3,   4.2,   5.3,  -1.1,  946.7,  -0.6,  90.2,  -2.0
2024-11-21 22:00:00,    3,   4.3,   5.4,  -0.9,  947.2,  -0.4,  90.9,  -1.7
2024-11-21 23:00:00,    3,   4.2,   5.3,  -0.9,  948.0,  -0.2,  88.3,  -1.9
2024-11-22 00:00:00,3,3.9,4.9,-1.3,958.5,-0.3,82.6,-2.9
2024-11-22 01:00:00,    3,   3.9,   4.9,  -1.4,  960.2,  -0.4,  81.9,  -3.1
2024-11-22 02:00:00,    3,   3.7,   4.6,  -1.8,  962.0,  -0.7,  79.5,  -3.8
2024-11-22 03:00:00,    3,   3.6,   4.6,  -2.1,  954.6,  -1.1,  81.2,  -3.9
2024-11-22 04:00:00,3,3.5,4.3,-2.4,964.7,-1.2,77.6,-4.6
2024-11-22 05:00:00,3,3.3,4.2,-3.2,956.7,-2.1,79.3,-5.2
2024-11-22 06:00:00,    3,   3.3,   4.1,  -2.5,  966.4,  -1.0,  72.6,  -5.3
2024-11-22 07:00:00,    3,   3.4,   4.2,  -3.3,  959.2,  -2.4,  82.9,  -4.9
2024-11-22 08:00:00,    3,   3.4,   4.3,  -2.5,  960.1,  -1.2,  76.5,  -4.8
2024-11-22 09:00:00,    3,   3.5,   4.4,  -1.4,  969.3,   0.4,  69.6,  -4.5
2024-11-22 10:00:00,    3,   3.3,   4.2,  -0.9,  969.6,   1.4,  62.3,  -5.0
2024-11-22 11:00:00,    3,   3.6,   4.6,  -0.8,  970.3,   1.0,  70.2,  -3.8
2024-11-22 12:00:00,    3,   3.8,   4.8,  -0.7,  961.5,   0.9,  73.4,  -3.3
2024-11-22 13:00:00,3,3.7,4.8,0.3,970.9,2.6,64.5,-3.4
2024-11-22 14:00:00,3,3.9,4.9,-0.4,962.4,1.3,73.0,-3.0
2024-11-22 15:00:00,    3,   3.8,   4.9,   0.0,  972.1,   2.0,  68.9,  -3.1
2024-11-22 16:00:00,    3,   4.2,   5.3,  -0.8,  963.5,   0.0,  86.4,  -2.0
2024-11-22 17:00:00,    3,   4.2,   5.4,  -0.8,  964.5,  -0.1,  88.3,  -1.8
2024-11-22 18:00:00,    3,   4.2,   5.4,  -0.7,  965.4,   0.0,  87.6,  -1.8
2024-11-22 19:00:00,3,4.3,5.4,0.0,975.6,1.1,82.1,-1.6
2024-11-22 20:00:00,    3,   4.1,   5.3,   0.7,  976.5,   2.4,  72.6,  -2.0
2024-11-22 21:00:00,    3,   4.3,   5.4,   0.9,  977.3,   2.6,  73.7,  -1.6
2024-11-22 22:00:00,3,4.3,5.5,0.3,969.3,1.5,80.4,-1.5
2024-11-22 23:00:00,3,4.2,5.4,1.1,979.6,3.0,71.1,-1.7
2024-11-23 00:00:00,3,4.2,5.4,0.4,971.9,1.8,77.5,-1.7
2024-11-23 01:00:00,    3,   4.3,   5.5,   1.1,  982.1,   2.9,  72.7,  -1.5
2024-11-23 02:00:00,    3,   4.3,   5.4,   0.2,  973.9,   1.4,  79.8,  -1.7
2024-11-23 03:00:00,    3,   4.3,   5.4,  -0.1,  974.8,   0.9,  82.7,  -1.7
2024-11-23 04:00:00,3,4.2,5.4,0.5,984.3,2.0,76.4,-1.7
2024-11-23 05:00:00,    3,   4.2,   5.4,  -0.3,  985.0,   0.6,  83.9,  -1.8
2024-11-23 06:00:00,    3,   4.2,   5.3,  -0.3,  985.3,   0.7,  82.1,  -2.0
2024-11-23 07:00:00,    3,   4.1,   5.1,  -0.6,  985.2,   0.5,  80.8,  -2.4
2024-11-23 08:00:00,    3,   3.8,   4.9,  -0.8,  976.1,   0.6,  76.2,  -3.1
2024-11-23 09:00:00,3,3.9,5.0,-0.1,977.0,1.5,73.0,-2.8
2024-11-23 10:00:00,3,4.1,5.2,1.1,976.9,3.3,67.6,-2.1
2024-11-23 11:00:00,    3,   4.2,   5.4,   2.0,  976.2,   4.6,  64.0,  -1.6
2024-11-23 12:00:00,    3,   4.2,   5.4,   2.6,  975.5,   5.8,  58.0,  -1.8
2024-11-23 13:00:00,    3,   4.0,   5.1,   1.7,  974.7,   4.6,  59.9,  -2.5
2024-11-23 14:00:00,3,3.8,4.9,1.9,983.2,5.1,55.7,-3.0
2024-11-23 15:00:00,    3,   3.8,   4.9,   1.8,  983.1,   4.9,  56.9,  -2.9
2024-11-23 16:00:00,    3,   3.8,   4.9,   1.6,  982.6,   4.6,  57.7,  -3.0
2024-11-23 17:00:00,3,3.6,4.6,1.2,982.2,4.4,55.5,-3.7
2024-11-23 18:00:00,3,3.7,4.7,0.8,972.8,3.6,59.2,-3.6
2024-11-23 19:00:00,3,3.5,4.5,1.2,981.3,4.5,53.9,-4.0
2024-11-23 20:00:00,3,3.5,4.4,0.5,971.6,3.5,56.6,-4.3
2024-11-23 21:00:00,    3,   3.6,   4.6,   1.0,  980.9,   4.1,  55.9,  -3.9
2024-11-23 22:00:00,    3,   3.7,   4.7,   0.9,  971.7,   3.8,  58.8,  -3.5
2024-11-23 23:00:00,    3,   3.8,   4.9,   1.3,  971.8,   4.2,  58.9,  -3.1
2024-11-24 00:00:00,    3,   3.9,   5.0,   3.0,  980.3,   7.0,  50.3,  -2.6
2024-11-24 01:00:00,    3,   4.3,   5.5,   3.4,  980.5,   7.0,  55.0,  -1.4
2024-11-24 02:00:00,    3,   4.4,   5.7,   3.8,  980.3,   7.4,  55.5,  -0.9
2024-11-24 03:00:00,    3,   5.1,   6.6,   4.6,  971.4,   7.4,  64.2,   1.1
2024-11-24 04:00:00,3,5.2,6.8,5.2,980.4,8.3,62.1,1.5
2024-11-24 05:00:00,3,5.4,7.1,6.0,971.8,9.5,59.8,2.1
2024-11-24 06:00:00,    3,   5.6,   7.3,   6.5,  980.0,  10.1,  59.1,   2.5
2024-11-24 07:00:00,    3,   5.8,   7.6,   7.0,  971.5,  10.7,  58.8,   3.0
2024-11-24 08:00:00,    3,   6.0,   7.9,   7.2,  972.3,  10.7,  61.4,   3.6
2024-11-24 09:00:00,3,6.3,8.3,8.1,972.4,12.0,59.2,4.3
2024-11-24 10:00:00,    3,   6.5,   8.5,   8.6,  981.6,  12.7,  58.1,   4.7
2024-11-24 11:00:00,    3,   6.8,   9.0,   9.9,  981.5,  14.7,  54.0,   5.5
2024-11-24 12:00:00,3,7.1,9.6,11.1,981.0,16.7,50.2,6.3
2024-11-24 13:00:00,3,7.1,9.6,11.9,980.7,18.4,45.4,6.4
2024-11-24 14:00:00,3,7.6,10.2,11.3,971.8,16.2,55.1,7.2
2024-11-24 15:00:00,    3,   7.1,   9.6,  11.1,  980.1,  16.7,  50.2,   6.3
2024-11-24 16:00:00,    3,   6.3,   8.4,   8.6,  971.7,  12.9,  56.2,   4.4
2024-11-24 17:00:00,    3,   6.4,   8.4,   8.0,  971.6,  11.7,  60.8,   4.4
2024-11-24 18:00:00,3,6.2,8.1,7.6,971.4,11.1,61.5,4.0
2024-11-24 19:00:00,    3,   6.2,   8.2,   7.8,  980.4,  11.5,  60.3,   4.1
2024-11-24 20:00:00,    3,   6.2,   8.1,   7.4,  980.1,  10.8,  62.7,   4.0
2024-11-24 21:00:00,    3,   6.2,   8.1,   7.0,  980.1,   9.9,  66.2,   3.9
2024-11-24 22:00:00,    3,   5.8,   7.5,   4.9,  970.9,   6.7,  76.1,   2.8
2024-11-24 23:00:00,3,5.8,7.5,4.7,970.6,6.3,78.2,2.8
2024-11-25 00:00:00,3,5.8,7.5,4.9,969.8,6.6,77.2,2.9
2024-11-25 01:00:00,    3,   5.6,   7.2,   3.6,  969.2,   4.7,  84.4,   2.3
2024-11-25 02:00:00,    3,   5.4,   6.9,   3.2,  968.9,   4.5,  82.0,   1.7
2024-11-25 03:00:00,    3,   5.7,   7.4,   4.6,  968.7,   6.3,  77.7,   2.7
2024-11-25 04:00:00,3,5.6,7.2,4.0,968.6,5.5,79.2,2.2
2024-11-25 05:00:00,    3,   5.8,   7.6,   6.3,  976.9,   9.3,  64.6,   3.0
2024-11-25 06:00:00,    3,   5.7,   7.5,   6.2,  976.5,   9.4,  63.3,   2.8
2024-11-25 07:00:00,    3,   5.6,   7.3,   5.6,  967.5,   8.4,  65.8,   2.4
2024-11-25 08:00:00,3,5.7,7.5,6.6,967.2,10.1,60.4,2.8
2024-11-25 09:00:00,3,6.0,7.9,8.2,975.3,12.8,53.4,3.6
2024-11-25 10:00:00,3,6.8,9.1,10.2,965.7,15.4,51.9,5.6
2024-11-25 11:00:00,    3,   6.2,   8.3,  10.3,  973.9,  16.9,  43.1,   4.3
2024-11-25 12:00:00,    3,   5.6,   7.5,  10.7,  964.2,  18.9,  34.4,   2.9
2024-11-25 13:00:00,    3,   6.0,   8.1,  10.6,  964.1,  17.8,  39.6,   3.9
2024-11-25 14:00:00,    3,   5.9,   7.9,  10.3,  972.6,  17.4,  39.5,   3.5
2024-11-25 15:00:00,    3,   5.9,   7.9,   9.9,  972.8,  16.5,  42.1,   3.6
2024-11-25 16:00:00,    3,   5.7,   7.7,   9.8,  972.8,  16.6,  40.6,   3.2
2024-11-25 17:00:00,    3,   6.2,   8.2,   8.9,  964.3,  13.9,  51.5,   4.1
2024-11-25 18:00:00,3,6.1,8.0,8.8,964.5,13.9,50.4,3.8
2024-11-25 19:00:00,3,6.3,8.3,8.3,965.3,12.4,57.6,4.3
2024-11-25 20:00:00,    3,   6.6,   8.7,   8.2,  965.6,  11.7,  63.0,   4.9
2024-11-25 21:00:00,    3,   8.8,  11.6,  10.8,  966.7,  13.0,  77.1,   9.1
2024-11-25 22:00:00,    3,   9.2,  12.1,  10.8,  967.7,  12.0,  86.4,   9.8
2024-11-25 23:00:00,    3,   9.3,  12.1,  10.1,  968.3,  10.4,  96.1,   9.8
2024-11-26 00:00:00,3,9.3,12.1,10.0,968.5,10.2,97.4,9.8
2024-11-26 01:00:00,    3,   9.2,  12.0,   9.8,  978.3,  10.0,  98.0,   9.7
2024-11-26 02:00:00,    3,   9.3,  12.2,  10.1,  979.3,  10.3,  97.4,   9.9
2024-11-26 03:00:00,3,8.6,11.2,9.1,979.9,9.6,93.5,8.6
2024-11-26 04:00:00,3,8.0,10.4,8.3,980.8,9.1,89.7,7.5
2024-11-26 05:00:00,3,8.2,10.7,8.2,972.2,8.5,96.0,7.9
2024-11-26 06:00:00,    3,   8.0,  10.4,   8.0,  982.0,   8.6,  92.8,   7.5
2024-11-26 07:00:00,    3,   7.7,  10.0,   7.4,  973.5,   8.0,  92.7,   6.9
2024-11-26 08:00:00,    3,   7.4,   9.6,   7.1,  973.9,   7.9,  89.6,   6.3
2024-11-26 09:00:00,3,7.3,9.6,7.7,974.3,9.1,82.6,6.3
2024-11-26 10:00:00,    3,   7.7,  10.1,   8.5,  983.8,  10.0,  82.1,   7.1
2024-11-26 11:00:00,    3,   7.3,   9.6,   8.6,  983.7,  11.0,  73.2,   6.4
2024-11-26 12:00:00,    3,   7.3,   9.5,   8.1,  974.5,  10.1,  76.7,   6.2
2024-11-26 13:00:00,3,7.3,9.6,8.4,974.6,10.6,75.2,6.4
2024-11-26 14:00:00,3,7.5,9.8,8.5,974.8,10.5,77.3,6.7
2024-11-26 15:00:00,    3,   7.1,   9.3,   7.8,  975.2,   9.8,  76.6,   5.9
2024-11-26 16:00:00,    3,   7.1,   9.2,   7.6,  975.5,   9.4,  78.2,   5.8
2024-11-26 17:00:00,    3,   7.0,   9.0,   6.9,  975.5,   8.3,  82.5,   5.5
2024-11-26 18:00:00,3,6.9,8.9,6.8,975.9,8.3,81.3,5.3
2024-11-26 19:00:00,    3,   6.8,   8.9,   6.9,  985.3,   8.6,  79.1,   5.2
2024-11-26 20:00:00,    3,   6.8,   8.9,   6.8,  985.4,   8.3,  80.8,   5.2
2024-11-26 21:00:00,3,6.7,8.7,6.3,985.6,7.5,84.1,5.0
2024-11-26 22:00:00,3,6.6,8.6,6.2,985.4,7.6,82.4,4.8
2024-11-26 23:00:00,3,6.5,8.4,5.5,985.4,6.5,87.0,4.5
2024-11-27 00:00:00,3,6.1,7.7,3.5,976.1,3.7,97.2,3.3
2024-11-27 01:00:00,    3,   6.4,   8.3,   5.2,  985.4,   6.0,  88.8,   4.3
2024-11-27 02:00:00,    3,   5.8,   7.4,   2.8,  976.1,   2.8,  99.3,   2.7
2024-11-27 03:00:00,    3,   5.8,   7.4,   2.6,  975.9,   2.6, 100.0,   2.6
2024-11-27 04:00:00,    3,   6.0,   7.7,   3.9,  984.9,   4.4,  92.5,   3.3
2024-11-27 05:00:00,    3,   6.0,   7.6,   3.7,  985.1,   4.2,  92.5,   3.1
2024-11-27 06:00:00,    3,   6.0,   7.6,   3.7,  985.0,   4.2,  92.5,   3.1
2024-11-27 07:00:00,    3,   5.3,   6.8,   1.4,  975.7,   1.4, 100.0,   1.4
2024-11-27 08:00:00,3,5.4,6.9,1.8,975.9,1.9,97.9,1.6
2024-11-27 09:00:00,3,5.7,7.3,2.6,976.0,2.7,98.6,2.5
2024-11-27 10:00:00,    3,   6.3,   8.2,   5.5,  984.8,   6.8,  82.9,   4.1
2024-11-27 11:00:00,    3,   6.6,   8.6,   6.5,  975.4,   8.1,  79.6,   4.8
2024-11-27 12:00:00,    3,   6.7,   8.8,   7.8,  974.8,  10.6,  68.7,   5.1
2024-11-27 13:00:00,    3,   6.9,   9.0,   8.2,  974.1,  11.0,  68.8,   5.5
2024-11-27 14:00:00,3,6.8,8.9,8.0,972.9,10.8,68.7,5.3
2024-11-27 15:00:00,    3,   6.8,   8.9,   8.2,  981.4,  11.2,  66.9,   5.3
2024-11-27 16:00:00,    3,   6.9,   9.1,   8.1,  981.3,  10.7,  70.6,   5.6
2024-11-27 17:00:00,3,7.0,9.1,7.9,980.8,10.3,72.6,5.6
2024-11-27 18:00:00,3,6.0,7.9,7.4,980.2,11.2,59.0,3.5
2024-11-27 19:00:00,3,5.7,7.4,6.6,971.6,10.2,59.6,2.7
2024-11-27 20:00:00,    3,   6.8,   9.0,   8.2,  980.2,  11.0,  68.3,   5.4
2024-11-27 21:00:00,    3,   6.8,   8.9,   7.5,  970.8,   9.7,  74.0,   5.3
2024-11-27 22:00:00,    3,   7.3,   9.6,   8.4,  970.9,  10.6,  75.2,   6.4
2024-11-27 23:00:00,    3,   7.7,  10.0,   8.7,  979.5,  10.6,  78.4,   7.0
2024-11-28 00:00:00,    3,   8.0,  10.5,   8.9,  979.6,  10.3,  83.9,   7.7
2024-11-28 01:00:00,    3,   8.3,  10.9,   9.3,  979.5,  10.6,  85.1,   8.2
2024-11-28 02:00:00,    3,   8.6,  11.3,   9.4,  979.8,  10.2,  90.4,   8.7
2024-11-28 03:00:00,    3,   8.6,  11.2,   9.2,  971.0,  10.0,  91.0,   8.6
2024-11-28 04:00:00,3,7.3,9.5,6.9,972.1,7.6,90.8,6.2
2024-11-28 05:00:00,3,7.0,9.0,6.1,972.9,6.6,92.7,5.5
2024-11-28 06:00:00,    3,   6.2,   8.0,   4.8,  974.3,   5.7,  87.5,   3.8
2024-11-28 07:00:00,    3,   6.2,   8.0,   4.8,  974.9,   5.7,  86.9,   3.7
2024-11-28 08:00:00,    3,   6.3,   8.1,   4.8,  976.0,   5.7,  88.2,   3.9
2024-11-28 09:00:00,3,6.0,7.7,4.6,976.6,5.9,82.7,3.2
2024-11-28 10:00:00,    3,   5.5,   7.1,   4.7,  986.6,   6.9,  71.4,   2.1
2024-11-28 11:00:00,    3,   5.5,   7.1,   4.7,  986.8,   6.9,  71.4,   2.1
2024-11-28 12:00:00,    3,   5.3,   6.8,   4.4,  977.6,   6.8,  68.8,   1.5
2024-11-28 13:00:00,3,5.3,6.9,4.5,978.0,7.0,68.4,1.6
2024-11-28 14:00:00,3,5.2,6.8,4.3,978.8,6.7,68.8,1.4
2024-11-28 15:00:00,    3,   5.5,   7.1,   4.8,  988.6,   7.1,  70.4,   2.1
2024-11-28 16:00:00,    3,   5.4,   6.9,   4.0,  980.0,   5.9,  74.3,   1.7
2024-11-28 17:00:00,    3,   5.3,   6.9,   3.6,  980.5,   5.2,  77.5,   1.6
2024-11-28 18:00:00,    3,   5.8,   7.5,   4.4,  990.7,   5.7,  82.1,   2.9
2024-11-28 19:00:00,    3,   5.4,   7.0,   3.8,  991.4,   5.3,  78.6,   1.9
2024-11-28 20:00:00,    3,   5.3,   6.9,   3.4,  991.3,   4.8,  79.7,   1.6
2024-11-28 21:00:00,    3,   5.2,   6.6,   2.2,  982.3,   3.0,  87.3,   1.1
2024-11-28 22:00:00,3,5.4,6.9,2.7,982.8,3.5,87.3,1.6
2024-11-28 23:00:00,3,5.3,6.8,2.4,983.1,3.1,89.2,1.5
2024-11-29 00:00:00,    3,   5.0,   6.4,   2.3,  992.8,   3.4,  82.4,   0.7
2024-11-29 01:00:00,    3,   5.0,   6.3,   1.1,  983.5,   1.6,  91.7,   0.4
2024-11-29 02:00:00,    3,   4.7,   5.9,   0.0,  983.6,   0.4,  93.7,  -0.5
2024-11-29 03:00:00,    3,   4.3,   5.4,  -1.2,  983.7,  -0.9,  94.3,  -1.7
2024-11-29 04:00:00,3,4.6,5.8,-0.1,983.8,0.3,93.7,-0.6
2024-11-29 05:00:00,    3,   4.9,   6.2,   0.9,  993.6,   1.3,  93.0,   0.3
2024-11-29 06:00:00,    3,   4.9,   6.2,   0.5,  993.6,   0.8,  95.0,   0.1
2024-11-29 07:00:00,3,5.0,6.3,0.8,993.9,1.1,95.1,0.4
2024-11-29 08:00:00,3,5.0,6.4,1.2,994.2,1.6,93.0,0.6
2024-11-29 09:00:00,3,4.8,6.1,1.0,984.8,1.8,87.1,-0.1
2024-11-29 10:00:00,    3,   5.2,   6.6,   2.9,  994.4,   4.3,  79.6,   1.1
2024-11-29 11:00:00,    3,   5.2,   6.7,   2.9,  984.4,   4.3,  80.2,   1.2
2024-11-29 12:00:00,    3,   5.4,   6.9,   3.8,  984.2,   5.6,  75.9,   1.7
2024-11-29 13:00:00,3,4.9,6.4,3.6,983.7,6.0,68.2,0.6
2024-11-29 14:00:00,    3,   5.3,   6.9,   4.4,  993.2,   6.8,  69.3,   1.6
2024-11-29 15:00:00,    3,   5.0,   6.5,   3.5,  993.4,   5.6,  71.1,   0.8
2024-11-29 16:00:00,    3,   5.0,   6.4,   2.8,  993.5,   4.4,  76.8,   0.7
2024-11-29 17:00:00,    3,   4.8,   6.2,   0.9,  984.0,   1.5,  90.4,   0.1
2024-11-29 18:00:00,3,4.9,6.2,1.1,984.4,1.8,89.1,0.2
2024-11-29 19:00:00,3,4.6,5.8,0.2,984.6,0.9,89.0,-0.7
2024-11-29 20:00:00,    3,   4.6,   5.8,  -0.2,  984.5,   0.1,  95.0,  -0.6
2024-11-29 21:00:00,    3,   4.6,   5.8,  -0.5,  984.6,  -0.3,  97.1,  -0.7
2024-11-29 22:00:00,    3,   4.3,   5.4,  -0.9,  984.2,  -0.4,  91.6,  -1.6
2024-11-29 23:00:00,3,4.3,5.4,-1.0,984.1,-0.7,93.6,-1.6
2024-11-30 00:00:00,    3,   4.4,   5.6,  -0.6,  993.2,  -0.1,  91.6,  -1.3
2024-11-30 01:00:00,    3,   4.4,   5.6,  -0.6,  993.1,  -0.2,  92.3,  -1.3
2024-11-30 02:00:00,3,4.4,5.5,-1.0,993.0,-0.7,95.0,-1.4
2024-11-30 03:00:00,3,3.3,4.1,-4.3,983.0,-3.8,89.3,-5.3
2024-11-30 04:00:00,3,4.4,5.5,-1.0,992.3,-0.7,95.0,-1.4
2024-11-30 05:00:00,3,3.7,4.6,-3.3,982.7,-3.1,95.6,-3.7
2024-11-30 06:00:00,    3,   4.4,   5.5,  -1.2,  992.5,  -1.0,  96.4,  -1.5
2024-11-30 07:00:00,    3,   3.2,   4.0,  -4.7,  982.9,  -4.2,  88.6,  -5.8
2024-11-30 08:00:00,    3,   3.9,   4.9,  -2.6,  983.0,  -2.3,  94.2,  -3.1
2024-11-30 09:00:00,    3,   4.4,   5.6,  -0.1,  992.9,   0.6,  87.7,  -1.2
2024-11-30 10:00:00,    3,   4.4,   5.6,   0.9,  993.0,   2.4,  77.0,  -1.2
2024-11-30 11:00:00,    3,   4.7,   6.0,   2.5,  992.2,   4.5,  70.9,  -0.3
2024-11-30 12:00:00,    3,   4.3,   5.5,   2.7,  982.4,   5.6,  60.6,  -1.4
2024-11-30 13:00:00,3,4.3,5.6,3.1,982.0,6.3,58.6,-1.2
2024-11-30 14:00:00,3,4.6,5.9,3.6,981.5,6.7,60.0,-0.5
2024-11-30 15:00:00,    3,   4.3,   5.5,   3.1,  990.5,   6.3,  57.7,  -1.4
2024-11-30 16:00:00,    3,   4.2,   5.4,   0.8,  980.9,   2.5,  73.7,  -1.7
2024-11-30 17:00:00,    3,   4.2,   5.4,  -0.2,  981.0,   0.9,  82.1,  -1.8
2024-11-30 18:00:00,3,4.3,5.4,-0.7,981.3,-0.1,88.9,-1.7
2024-11-30 19:00:00,    3,   4.3,   5.4,   0.3,  990.9,   1.6,  79.2,  -1.6
2024-11-30 20:00:00,    3,   4.3,   5.5,  -0.1,  990.7,   0.8,  84.5,  -1.5
2024-11-30 21:00:00,3,4.3,5.4,-0.6,990.6,0.0,89.0,-1.6
2024-11-30 22:00:00,3,4.2,5.3,-1.0,990.3,-0.5,90.2,-1.9
2024-11-30 23:00:00,3,3.9,4.8,-2.7,980.6,-2.4,94.2,-3.2
2024-12-01 00:00:00,    3,   4.3,   5.4,  -1.2,  989.8,  -0.9,  93.6,  -1.8
2024-12-01 01:00:00,    3,   3.8,   4.7,  -3.2,  979.8,  -3.0,  95.6,  -3.6
2024-12-01 02:00:00,    3,   3.4,   4.2,  -4.4,  979.5,  -4.1,  94.1,  -4.9
2024-12-01 03:00:00,3,3.8,4.7,-3.3,979.3,-3.2,97.8,-3.5
2024-12-01 04:00:00,    3,   4.0,   5.0,  -2.3,  988.5,  -2.1,  94.9,  -2.8
2024-12-01 05:00:00,    3,   3.9,   4.9,  -2.5,  988.3,  -2.2,  93.5,  -3.1
2024-12-01 06:00:00,    3,   3.7,   4.6,  -2.9,  988.4,  -2.4,  90.8,  -3.7
2024-12-01 07:00:00,    3,   3.4,   4.2,  -4.1,  979.0,  -3.7,  91.4,  -4.9
2024-12-01 08:00:00,3,3.3,4.2,-4.4,979.0,-4.0,91.3,-5.2
2024-12-01 09:00:00,3,3.7,4.6,-2.6,978.9,-1.9,86.2,-3.9
2024-12-01 10:00:00,    3,   3.8,   4.8,  -1.2,  978.6,   0.1,  77.3,  -3.4
2024-12-01 11:00:00,    3,   3.8,   4.8,  -0.4,  978.3,   1.3,  71.4,  -3.3
2024-12-01 12:00:00,    3,   4.2,   5.4,   0.5,  977.7,   2.1,  75.3,  -1.8
2024-12-01 13:00:00,3,4.2,5.4,1.1,977.2,3.0,71.1,-1.7
2024-12-01 14:00:00,    3,   4.1,   5.3,   1.8,  986.4,   4.3,  63.5,  -2.0
2024-12-01 15:00:00,    3,   4.1,   5.2,   1.2,  986.3,   3.4,  66.6,  -2.2
2024-12-01 16:00:00,    3,   4.3,   5.5,   0.0,  976.7,   0.9,  83.9,  -1.5
2024-12-01 17:00:00,3,4.3,5.5,-0.4,976.7,0.3,87.7,-1.5
2024-12-01 18:00:00,3,4.3,5.5,0.2,985.9,1.3,82.1,-1.4
2024-12-01 19:00:00,3,4.3,5.4,-1.3,976.3,-1.0,94.3,-1.8
2024-12-01 20:00:00,    3,   4.2,   5.4,  -0.2,  985.2,   0.9,  82.1,  -1.8
2024-12-01 21:00:00,    3,   4.1,   5.2,  -1.5,  975.7,  -1.1,  92.2,  -2.2
2024-12-01 22:00:00,    3,   4.2,   5.3,  -1.3,  975.5,  -0.9,  92.2,  -2.0
2024-12-01 23:00:00,    3,   4.2,   5.3,  -0.1,  984.3,   1.1,  80.3,  -1.9
2024-12-02 00:00:00,    3,   4.2,   5.3,   0.1,  983.9,   1.4,  78.0,  -2.0
2024-12-02 01:00:00,    3,   4.1,   5.2,   0.1,  983.4,   1.6,  76.3,  -2.1
2024-12-02 02:00:00,    3,   4.5,   5.7,  -0.3,  974.1,   0.2,  91.6,  -1.0
2024-12-02 03:00:00,3,4.4,5.5,-0.6,973.5,0.0,90.3,-1.4
2024-12-02 04:00:00,3,4.5,5.7,-0.2,973.5,0.4,90.3,-1.0
2024-12-02 05:00:00,    3,   4.7,   5.9,  -0.1,  973.3,   0.1,  96.4,  -0.4
2024-12-02 06:00:00,    3,   4.7,   6.0,   0.4,  973.1,   0.8,  92.3,  -0.3
2024-12-02 07:00:00,    3,   4.7,   6.0,   0.6,  972.7,   1.2,  89.7,  -0.3
2024-12-02 08:00:00,    3,   5.1,   6.5,   1.8,  972.7,   2.5,  89.1,   0.9
2024-12-02 09:00:00,3,5.1,6.4,1.6,972.4,2.2,89.8,0.7
2024-12-02 10:00:00,    3,   5.3,   6.8,   3.7,  981.7,   5.5,  74.8,   1.4
2024-12-02 11:00:00,    3,   5.5,   7.1,   5.1,  981.1,   7.7,  67.6,   2.1
2024-12-02 12:00:00,3,6.0,7.9,6.6,980.4,9.5,66.1,3.5
2024-12-02 13:00:00,3,6.9,9.0,6.4,979.8,7.4,87.1,5.4
2024-12-02 14:00:00,3,6.9,8.9,5.9,970.3,6.6,90.7,5.2
2024-12-02 15:00:00,    3,   6.8,   8.8,   6.5,  978.9,   7.9,  82.4,   5.1
2024-12-02 16:00:00,    3,   6.7,   8.7,   5.8,  969.5,   6.6,  88.9,   4.9
2024-12-02 17:00:00,    3,   6.6,   8.5,   5.3,  969.3,   5.8,  92.6,   4.7
2024-12-02 18:00:00,3,6.7,8.7,5.6,969.2,6.3,90.7,4.9
2024-12-02 19:00:00,    3,   7.4,   9.6,   7.0,  978.0,   7.6,  92.1,   6.4
2024-12-02 20:00:00,    3,   8.0,  10.4,   7.6,  978.4,   7.7,  98.6,   7.5
2024-12-02 21:00:00,    3,   8.4,  10.9,   8.3,  978.4,   8.4,  98.6,   8.2
2024-12-02 22:00:00,    3,   8.1,  10.5,   7.9,  969.7,   8.1,  97.3,   7.7
2024-12-02 23:00:00,3,7.9,10.2,7.3,969.8,7.4,99.3,7.3
2024-12-03 00:00:00,3,7.4,9.6,6.3,970.0,6.4,99.3,6.3
2024-12-03 01:00:00,    3,   6.9,   8.9,   5.4,  970.0,   5.5,  98.6,   5.3
2024-12-03 02:00:00,    3,   7.1,   9.2,   5.9,  970.0,   6.2,  96.6,   5.7
2024-12-03 03:00:00,    3,   6.6,   8.5,   5.1,  970.2,   5.5,  93.9,   4.6
2024-12-03 04:00:00,3,6.1,7.8,4.3,970.4,5.1,88.7,3.4
2024-12-03 05:00:00,    3,   6.1,   7.9,   4.9,  979.9,   6.2,  82.8,   3.5
2024-12-03 06:00:00,    3,   5.8,   7.5,   4.4,  980.1,   5.7,  82.1,   2.9
2024-12-03 07:00:00,    3,   5.7,   7.3,   2.8,  971.4,   3.0,  96.5,   2.5
2024-12-03 08:00:00,3,5.7,7.3,3.1,971.9,3.7,91.2,2.4
2024-12-03 09:00:00,3,5.9,7.6,4.7,981.2,6.0,81.6,3.1
2024-12-03 10:00:00,3,5.6,7.3,4.5,972.6,6.3,76.0,2.4
2024-12-03 11:00:00,    3,   5.6,   7.3,   4.9,  981.5,   7.0,  72.4,   2.4
2024-12-03 12:00:00,    3,   5.5,   7.1,   4.7,  972.2,   6.9,  71.4,   2.1
2024-12-03 13:00:00,    3,   5.6,   7.2,   4.4,  972.8,   6.3,  75.5,   2.3
2024-12-03 14:00:00,    3,   6.1,   7.8,   4.6,  981.9,   5.6,  85.7,   3.4
2024-12-03 15:00:00,    3,   6.4,   8.2,   4.7,  982.2,   5.3,  91.9,   4.1
2024-12-03 16:00:00,    3,   6.2,   8.0,   4.5,  982.5,   5.2,  90.0,   3.7
2024-12-03 17:00:00,    3,   6.0,   7.7,   4.3,  973.7,   5.1,  88.1,   3.3
2024-12-03 18:00:00,3,6.1,7.9,4.2,974.0,4.9,90.6,3.5
2024-12-03 19:00:00,3,6.0,7.6,3.9,974.1,4.6,90.0,3.1
2024-12-03 20:00:00,    3,   6.0,   7.7,   3.8,  983.7,   4.3,  93.2,   3.3
2024-12-03 21:00:00,    3,   5.8,   7.4,   2.9,  974.7,   3.1,  97.2,   2.7
2024-12-03 22:00:00,    3,   5.8,   7.4,   2.7,  974.8,   2.8,  98.6,   2.6
2024-12-03 23:00:00,    3,   5.9,   7.5,   3.0,  974.9,   3.1,  97.9,   2.8
2024-12-04 00:00:00,3,6.1,7.7,3.4,975.0,3.5,98.6,3.3
2024-12-04 01:00:00,    3,   6.2,   7.9,   3.8,  984.5,   4.0,  97.2,   3.6
2024-12-04 02:00:00,    3,   6.2,   7.9,   3.8,  984.8,   4.0,  97.2,   3.6
2024-12-04 03:00:00,3,5.7,7.3,3.0,985.1,3.4,93.8,2.5
2024-12-04 04:00:00,3,5.6,7.1,2.6,985.0,3.0,93.8,2.1
2024-12-04 05:00:00,3,5.4,6.9,2.0,975.9,2.3,95.1,1.6
2024-12-04 06:00:00,    3,   5.6,   7.2,   2.4,  985.7,   2.5,  97.9,   2.2
2024-12-04 07:00:00,    3,   5.5,   7.0,   2.0,  977.1,   2.2,  97.2,   1.8
2024-12-04 08:00:00,    3,   5.3,   6.7,   1.8,  977.7,   2.2,  93.7,   1.3
2024-12-04 09:00:00,    3,   5.3,   6.7,   1.8,  987.8,   2.1,  94.4,   1.3
2024-12-04 10:00:00,    3,   5.3,   6.8,   2.6,  988.2,   3.5,  86.7,   1.5
2024-12-04 11:00:00,    3,   5.1,   6.5,   2.6,  988.1,   4.0,  79.6,   0.8
2024-12-04 12:00:00,    3,   5.0,   6.5,   3.1,  988.0,   4.8,  75.2,   0.8
2024-12-04 13:00:00,    3,   4.5,   5.7,   2.0,  979.2,   4.0,  70.3,  -0.9
2024-12-04 14:00:00,3,3.8,4.9,1.3,979.1,4.2,58.9,-3.1
2024-12-04 15:00:00,3,3.9,5.0,1.0,979.8,3.5,63.3,-2.8
2024-12-04 16:00:00,    3,   4.0,   5.0,   1.0,  980.2,   3.3,  65.2,  -2.6
2024-12-04 17:00:00,    3,   4.1,   5.3,   1.1,  980.6,   3.1,  69.1,  -2.0
2024-12-04 18:00:00,    3,   4.2,   5.4,   0.3,  980.8,   1.7,  77.5,  -1.8
2024-12-04 19:00:00,3,3.9,4.9,-0.6,981.1,0.8,75.7,-3.0
2024-12-04 20:00:00,    3,   4.2,   5.3,   0.3,  990.6,   1.8,  75.8,  -2.0
2024-12-04 21:00:00,    3,   4.3,   5.5,   0.4,  990.8,   1.7,  79.2,  -1.5
2024-12-04 22:00:00,    3,   4.0,   5.1,  -1.5,  981.5,  -0.9,  88.9,  -2.5
2024-12-04 23:00:00,3,3.8,4.8,-2.3,981.4,-1.7,88.1,-3.4
2024-12-05 00:00:00,3,3.9,4.9,-2.5,981.4,-2.2,94.9,-2.9
2024-12-05 01:00:00,    3,   4.3,   5.4,  -1.3,  990.7,  -1.0,  94.3,  -1.8
2024-12-05 02:00:00,    3,   3.8,   4.7,  -3.4,  981.3,  -3.3,  98.5,  -3.5
2024-12-05 03:00:00,    3,   3.8,   4.7,  -3.5,  980.7,  -3.5, 100.0,  -3.5
2024-12-05 04:00:00,    3,   4.1,   5.1,  -1.9,  989.7,  -1.6,  93.6,  -2.5
2024-12-05 05:00:00,    3,   3.9,   4.9,  -2.3,  989.4,  -2.0,  93.5,  -2.9
2024-12-05 06:00:00,    3,   3.9,   4.9,  -2.3,  989.1,  -1.9,  92.9,  -2.9
2024-12-05 07:00:00,    3,   3.5,   4.4,  -4.3,  978.9,  -4.2,  98.5,  -4.4
2024-12-05 08:00:00,3,3.6,4.4,-4.0,978.9,-3.8,96.3,-4.3
2024-12-05 09:00:00,3,3.8,4.8,-2.3,979.0,-1.8,89.5,-3.3
2024-12-05 10:00:00,    3,   4.1,   5.1,  -0.8,  978.5,   0.1,  83.2,  -2.4
2024-12-05 11:00:00,    3,   4.2,   5.4,   0.5,  977.6,   2.1,  75.3,  -1.8
2024-12-05 12:00:00,    3,   4.2,   5.4,   0.7,  975.9,   2.4,  73.7,  -1.8
2024-12-05 13:00:00,    3,   4.5,   5.8,   1.5,  975.7,   3.2,  74.9,  -0.8
2024-12-05 14:00:00,3,4.7,5.9,1.6,974.5,3.0,78.3,-0.4
2024-12-05 15:00:00,    3,   4.6,   5.9,   1.8,  982.9,   3.4,  76.1,  -0.4
2024-12-05 16:00:00,    3,   4.8,   6.1,   1.8,  982.6,   3.1,  80.0,   0.0
2024-12-05 17:00:00,3,5.0,6.4,1.9,981.9,2.9,84.8,0.6
2024-12-05 18:00:00,3,5.1,6.5,2.0,980.6,2.8,87.2,0.9
2024-12-05 19:00:00,3,5.0,6.3,1.4,970.2,2.1,89.1,0.5
2024-12-05 20:00:00,    3,   4.9,   6.3,   2.5,  978.1,   4.1,  76.7,   0.4
2024-12-05 21:00:00,    3,   5.3,   6.8,   3.3,  968.0,   4.8,  79.1,   1.5
2024-12-05 22:00:00,    3,   5.6,   7.2,   4.2,  967.3,   5.9,  77.0,   2.2
2024-12-05 23:00:00,3,5.7,7.3,3.6,965.8,4.6,86.2,2.5
2024-12-06 00:00:00,    3,   5.8,   7.5,   4.7,  973.1,   6.2,  79.3,   2.9
2024-12-06 01:00:00,    3,   6.4,   8.3,   5.9,  971.5,   7.4,  80.6,   4.3
2024-12-06 02:00:00,    3,   7.1,   9.2,   6.4,  968.7,   7.1,  91.4,   5.8
2024-12-06 03:00:00,    3,   7.7,  10.0,   7.6,  958.6,   8.3,  91.5,   7.0
2024-12-06 04:00:00,3,7.8,10.1,7.6,958.1,8.1,93.4,7.1
2024-12-06 05:00:00,3,6.6,8.6,6.8,958.9,8.8,75.9,4.8
2024-12-06 06:00:00,    3,   6.4,   8.3,   6.4,  960.9,   8.4,  75.3,   4.3
2024-12-06 07:00:00,    3,   6.0,   7.8,   5.4,  962.7,   7.3,  76.2,   3.4
2024-12-06 08:00:00,    3,   5.9,   7.7,   5.0,  964.4,   6.7,  78.3,   3.2
2024-12-06 09:00:00,3,5.7,7.4,4.6,965.6,6.3,77.7,2.7
2024-12-06 10:00:00,    3,   5.6,   7.3,   5.0,  975.6,   7.3,  71.0,   2.4
2024-12-06 11:00:00,    3,   5.4,   7.0,   4.9,  976.4,   7.5,  67.0,   1.8
2024-12-06 12:00:00,3,4.8,6.2,4.6,976.6,8.1,57.3,0.2
2024-12-06 13:00:00,3,4.4,5.8,3.7,968.6,7.2,56.7,-0.8
2024-12-06 14:00:00,3,5.1,6.7,4.6,978.1,7.4,64.7,1.2
2024-12-06 15:00:00,3,4.9,6.3,4.1,970.0,7.0,63.2,0.5
2024-12-06 16:00:00,    3,   5.1,   6.6,   4.4,  979.3,   7.2,  64.6,   1.0
2024-12-06 17:00:00,    3,   4.8,   6.2,   3.8,  971.2,   6.5,  64.4,   0.3
2024-12-06 18:00:00,    3,   4.7,   6.1,   3.6,  972.2,   6.4,  63.5,   0.0
2024-12-06 19:00:00,    3,   5.0,   6.4,   4.1,  981.6,   6.9,  64.5,   0.7
2024-12-06 20:00:00,    3,   5.1,   6.6,   4.1,  982.1,   6.5,  68.3,   1.1
2024-12-06 21:00:00,    3,   5.0,   6.5,   3.7,  982.6,   5.9,  69.7,   0.8
2024-12-06 22:00:00,    3,   4.9,   6.2,   2.7,  973.4,   4.6,  73.5,   0.3
2024-12-06 23:00:00,3,4.8,6.1,2.2,973.1,3.8,76.1,0.0
2024-12-07 00:00:00,3,4.7,6.0,1.4,972.3,2.7,80.5,-0.3
2024-12-07 01:00:00,    3,   4.7,   6.1,   1.9,  980.5,   3.4,  77.7,  -0.1
2024-12-07 02:00:00,    3,   4.5,   5.7,   0.2,  970.0,   1.0,  87.1,  -0.9
2024-12-07 03:00:00,    3,   4.5,   5.7,   0.0,  968.5,   0.6,  89.6,  -0.9
2024-12-07 04:00:00,3,4.5,5.7,0.3,966.9,1.1,85.8,-1.0
2024-12-07 05:00:00,    3,   4.7,   6.0,   1.7,  975.0,   3.0,  79.4,  -0.2
2024-12-07 06:00:00,    3,   4.7,   6.0,   2.2,  973.4,   4.0,  74.0,  -0.2
2024-12-07 07:00:00,3,4.7,6.0,2.3,972.0,4.2,72.9,-0.2
2024-12-07 08:00:00,3,4.7,6.0,2.4,970.4,4.4,71.9,-0.2
2024-12-07 09:00:00,3,5.1,6.6,2.5,959.9,3.7,82.4,1.0
2024-12-07 10:00:00,    3,   4.7,   6.0,   3.0,  967.1,   5.5,  66.6,  -0.2
2024-12-07 11:00:00,    3,   4.9,   6.3,   3.8,  957.0,   6.5,  64.9,   0.4
2024-12-07 12:00:00,    3,   5.5,   7.1,   5.2,  956.1,   7.9,  66.7,   2.1
2024-12-07 13:00:00,3,6.8,8.8,6.2,955.7,7.4,85.3,5.1
2024-12-07 14:00:00,    3,   7.0,   9.0,   6.7,  964.5,   8.0,  84.2,   5.5
2024-12-07 15:00:00,    3,   7.2,   9.4,   7.2,  965.2,   8.3,  86.0,   6.1
2024-12-07 16:00:00,    3,   7.0,   9.1,   6.7,  965.2,   7.8,  85.9,   5.6
2024-12-07 17:00:00,    3,   6.5,   8.4,   5.6,  956.2,   6.7,  85.2,   4.4
2024-12-07 18:00:00,3,6.3,8.2,5.2,956.1,6.3,85.8,4.1
2024-12-07 19:00:00,3,6.0,7.7,4.8,956.0,6.1,82.2,3.3
2024-12-07 20:00:00,    3,   6.1,   7.9,   4.6,  955.7,   5.5,  87.5,   3.6
2024-12-07 21:00:00,    3,   6.0,   7.7,   4.3,  955.7,   5.3,  86.3,   3.2
2024-12-07 22:00:00,    3,   5.8,   7.4,   3.8,  955.8,   4.7,  86.8,   2.7
2024-12-07 23:00:00,3,5.5,7.0,3.3,955.8,4.5,83.1,1.9
2024-12-08 00:00:00,    3,   5.4,   7.0,   3.5,  965.1,   4.9,  80.3,   1.8
2024-12-08 01:00:00,    3,   5.2,   6.7,   3.0,  964.8,   4.4,  79.6,   1.2
2024-12-08 02:00:00,    3,   4.7,   5.9,   1.0,  955.9,   2.1,  83.4,  -0.4
2024-12-08 03:00:00,3,4.6,5.8,0.9,956.0,1.9,83.4,-0.6
2024-12-08 04:00:00,3,4.8,6.1,1.9,965.2,3.4,78.3,0.0
2024-12-08 05:00:00,3,4.6,5.8,0.0,956.5,0.5,92.3,-0.6
2024-12-08 06:00:00,    3,   4.6,   5.9,   1.7,  965.8,   3.3,  76.6,  -0.4
2024-12-08 07:00:00,    3,   4.6,   5.8,   0.1,  957.4,   0.6,  91.6,  -0.6
2024-12-08 08:00:00,    3,   4.7,   5.9,   0.3,  958.1,   0.8,  91.0,  -0.5
2024-12-08 09:00:00,    3,   4.7,   6.0,   0.7,  968.1,   1.4,  89.0,  -0.2
2024-12-08 10:00:00,    3,   5.0,   6.4,   2.1,  968.7,   3.2,  83.0,   0.6
2024-12-08 11:00:00,    3,   5.1,   6.5,   2.5,  968.9,   3.8,  81.3,   0.9
2024-12-08 12:00:00,    3,   5.0,   6.4,   2.3,  960.0,   3.6,  81.2,   0.7
2024-12-08 13:00:00,3,5.1,6.5,2.7,960.2,4.1,79.6,0.9
2024-12-08 14:00:00,3,5.4,6.9,3.0,961.0,4.0,84.9,1.7
2024-12-08 15:00:00,    3,   5.2,   6.7,   2.8,  961.3,   4.1,  81.3,   1.2
2024-12-08 16:00:00,    3,   5.3,   6.7,   2.5,  961.7,   3.5,  85.5,   1.3
2024-12-08 17:00:00,    3,   5.4,   6.9,   2.7,  962.4,   3.6,  86.7,   1.6
2024-12-08 18:00:00,    3,   5.5,   7.1,   3.0,  963.0,   3.8,  88.0,   2.0
2024-12-08 19:00:00,3,5.8,7.4,3.1,963.6,3.5,93.8,2.6
2024-12-08 20:00:00,    3,   6.0,   7.6,   3.4,  973.6,   3.7,  95.8,   3.1
2024-12-08 21:00:00,    3,   6.1,   7.9,   3.9,  974.1,   4.2,  95.2,   3.5
2024-12-08 22:00:00,3,6.1,7.9,3.9,974.4,4.3,94.5,3.5
2024-12-08 23:00:00,3,6.0,7.7,3.9,974.7,4.5,91.2,3.2
2024-12-09 00:00:00,3,6.1,7.8,3.8,965.3,4.1,95.2,3.4
2024-12-09 01:00:00,    3,   6.1,   7.9,   4.0,  975.3,   4.4,  93.8,   3.5
2024-12-09 02:00:00,    3,   6.1,   7.8,   3.8,  966.2,   4.1,  95.2,   3.4
2024-12-09 03:00:00,    3,   5.8,   7.4,   3.5,  966.5,   4.2,  89.3,   2.6
2024-12-09 04:00:00,3,5.2,6.6,2.6,966.9,3.8,82.5,1.1
2024-12-09 05:00:00,    3,   5.2,   6.7,   2.9,  977.0,   4.2,  80.7,   1.2
2024-12-09 06:00:00,    3,   5.4,   7.0,   2.9,  977.7,   3.7,  87.3,   1.8
2024-12-09 07:00:00,    3,   5.5,   7.0,   2.5,  968.5,   3.1,  91.1,   1.8
2024-12-09 08:00:00,3,5.1,6.6,2.2,968.9,3.2,85.4,1.0
2024-12-09 09:00:00,3,5.1,6.6,2.2,969.5,3.2,85.4,1.0
2024-12-09 10:00:00,    3,   5.0,   6.3,   2.0,  970.0,   3.2,  82.4,   0.5
2024-12-09 11:00:00,    3,   5.0,   6.4,   2.1,  970.1,   3.2,  83.0,   0.6
2024-12-09 12:00:00,    3,   5.0,   6.3,   1.9,  970.2,   2.9,  84.2,   0.5
2024-12-09 13:00:00,3,4.9,6.2,1.8,970.3,2.9,82.3,0.2
2024-12-09 14:00:00,    3,   4.8,   6.2,   2.2,  980.4,   3.7,  77.2,   0.1
2024-12-09 15:00:00,    3,   4.8,   6.2,   2.2,  981.0,   3.7,  77.8,   0.2
2024-12-09 16:00:00,    3,   4.9,   6.2,   1.9,  971.9,   3.1,  81.2,   0.2
2024-12-09 17:00:00,3,4.8,6.2,1.7,972.4,2.8,82.3,0.1
2024-12-09 18:00:00,3,4.7,6.0,1.6,982.6,3.0,78.8,-0.3
2024-12-09 19:00:00,3,4.8,6.1,1.0,973.3,1.7,88.4,0.0
2024-12-09 20:00:00,    3,   4.7,   5.9,   1.2,  983.5,   2.4,  81.7,  -0.4
2024-12-09 21:00:00,    3,   5.0,   6.3,   1.2,  974.2,   1.7,  91.0,   0.4
2024-12-09 22:00:00,    3,   4.8,   6.1,   1.0,  974.3,   1.8,  87.1,  -0.1
2024-12-09 23:00:00,    3,   4.7,   6.0,   1.3,  984.3,   2.4,  82.3,  -0.3
2024-12-10 00:00:00,    3,   4.8,   6.1,   1.4,  984.3,   2.5,  82.9,  -0.1
2024-12-10 01:00:00,    3,   4.8,   6.1,   1.5,  984.2,   2.7,  81.7,  -0.1
2024-12-10 02:00:00,    3,   4.9,   6.3,   1.4,  974.5,   2.1,  88.5,   0.4
2024-12-10 03:00:00,3,4.9,6.2,1.4,974.3,2.2,87.2,0.3
2024-12-10 04:00:00,3,4.9,6.3,1.4,974.1,2.2,87.8,0.4
2024-12-10 05:00:00,    3,   5.0,   6.3,   1.8,  983.9,   2.8,  84.8,   0.5
2024-12-10 06:00:00,    3,   5.0,   6.3,   1.7,  974.6,   2.6,  86.0,   0.5
2024-12-10 07:00:00,    3,   5.1,   6.5,   1.8,  974.9,   2.5,  88.5,   0.8
2024-12-10 08:00:00,    3,   5.1,   6.5,   1.9,  975.2,   2.6,  88.5,   0.9
2024-12-10 09:00:00,3,5.1,6.5,2.0,975.5,2.9,86.0,0.8
2024-12-10 10:00:00,    3,   5.1,   6.5,   2.5,  985.5,   3.8,  81.3,   0.9
2024-12-10 11:00:00,    3,   5.0,   6.4,   2.5,  985.6,   3.8,  80.1,   0.7
2024-12-10 12:00:00,3,5.0,6.4,2.5,985.5,3.8,80.1,0.7
2024-12-10 13:00:00,3,5.2,6.7,2.6,985.5,3.6,84.2,1.2
2024-12-10 14:00:00,3,4.9,6.2,2.1,975.8,3.5,79.5,0.3
2024-12-10 15:00:00,    3,   5.1,   6.6,   2.5,  985.9,   3.6,  83.0,   1.0
2024-12-10 16:00:00,    3,   4.9,   6.3,   1.9,  976.6,   3.1,  82.4,   0.4
2024-12-10 17:00:00,    3,   5.0,   6.4,   2.0,  976.9,   3.0,  84.2,   0.6
2024-12-10 18:00:00,    3,   5.1,   6.5,   2.2,  987.0,   3.1,  85.4,   0.9
2024-12-10 19:00:00,    3,   5.1,   6.5,   2.0,  987.4,   2.9,  86.0,   0.8
2024-12-10 20:00:00,    3,   4.9,   6.2,   1.8,  987.6,   3.0,  81.8,   0.2
2024-12-10 21:00:00,    3,   4.7,   6.0,   1.7,  987.8,   3.1,  78.8,  -0.2
2024-12-10 22:00:00,    3,   4.7,   6.0,   1.4,  978.3,   2.6,  81.7,  -0.2
2024-12-10 23:00:00,3,4.8,6.1,1.4,978.4,2.5,82.9,-0.1
2024-12-11 00:00:00,3,4.8,6.1,1.5,978.5,2.6,82.3,-0.1
2024-12-11 01:00:00,    3,   4.7,   6.0,   1.4,  978.4,   2.6,  81.7,  -0.2
2024-12-11 02:00:00,    3,   4.7,   6.0,   1.4,  978.5,   2.7,  80.5,  -0.3
2024-12-11 03:00:00,    3,   4.7,   6.0,   1.4,  978.5,   2.5,  82.3,  -0.2
2024-12-11 04:00:00,3,4.8,6.1,1.3,978.6,2.3,84.1,-0.1
2024-12-11 05:00:00,    3,   4.9,   6.2,   1.6,  988.4,   2.5,  85.3,   0.3
2024-12-11 06:00:00,    3,   5.0,   6.4,   1.7,  988.5,   2.5,  87.2,   0.6
2024-12-11 07:00:00,    3,   4.9,   6.2,   1.3,  979.1,   2.0,  88.4,   0.3
2024-12-11 08:00:00,3,5.0,6.3,1.5,979.7,2.2,88.5,0.5
2024-12-11 09:00:00,3,5.0,6.4,1.7,980.2,2.5,87.9,0.7
2024-12-11 10:00:00,    3,   5.2,   6.6,   2.0,  990.4,   2.7,  89.2,   1.1
2024-12-11 11:00:00,    3,   5.0,   6.4,   2.1,  980.4,   3.2,  83.6,   0.7
2024-12-11 12:00:00,    3,   5.0,   6.4,   1.9,  980.2,   2.9,  85.4,   0.7
2024-12-11 13:00:00,    3,   4.9,   6.2,   1.3,  990.0,   2.1,  87.2,   0.2
2024-12-11 14:00:00,    3,   4.8,   6.2,   1.2,  990.1,   2.0,  87.2,   0.1
2024-12-11 15:00:00,    3,   4.7,   6.0,   1.0,  990.3,   1.8,  86.5,  -0.2
2024-12-11 16:00:00,    3,   4.8,   6.1,   0.8,  980.7,   1.4,  90.3,   0.0
2024-12-11 17:00:00,3,4.7,5.9,0.5,990.7,1.1,89.7,-0.4
2024-12-11 18:00:00,3,4.8,6.0,0.5,981.5,1.0,91.7,-0.2
2024-12-11 19:00:00,    3,   4.8,   6.0,   0.4,  991.4,   0.8,  93.0,  -0.2
2024-12-11 20:00:00,    3,   4.9,   6.2,   0.4,  982.1,   0.6,  97.1,   0.2
2024-12-11 21:00:00,    3,   4.9,   6.2,   0.5,  982.3,   0.6,  97.8,   0.3
2024-12-11 22:00:00,    3,   4.9,   6.2,   0.3,  982.3,   0.5,  97.1,   0.1
2024-12-11 23:00:00,3,5.0,6.3,0.5,982.4,0.6,98.6,0.4
2024-12-12 00:00:00,    3,   5.1,   6.4,   0.8,  991.9,   0.8,  99.3,   0.7
2024-12-12 01:00:00,    3,   5.1,   6.5,   0.9,  991.7,   1.0,  98.6,   0.8
2024-12-12 02:00:00,3,5.1,6.5,1.0,991.9,1.1,98.6,0.9
2024-12-12 03:00:00,3,5.2,6.6,1.2,991.7,1.3,97.9,1.0
2024-12-12 04:00:00,3,4.9,6.2,0.8,981.8,1.3,91.7,0.1
2024-12-12 05:00:00,    3,   5.0,   6.4,   1.1,  991.7,   1.5,  93.7,   0.6
2024-12-12 06:00:00,    3,   4.8,   6.1,   0.9,  982.1,   1.5,  89.7,   0.0
2024-12-12 07:00:00,    3,   4.7,   6.0,   0.8,  982.0,   1.6,  87.1,  -0.3
2024-12-12 08:00:00,3,4.8,6.1,0.8,982.1,1.5,89.0,-0.1
2024-12-12 09:00:00,    3,   4.8,   6.2,   1.2,  992.2,   2.0,  87.2,   0.1
2024-12-12 10:00:00,    3,   4.9,   6.2,   1.4,  992.2,   2.2,  86.6,   0.2
2024-12-12 11:00:00,    3,   5.0,   6.3,   1.5,  991.8,   2.3,  87.8,   0.5
2024-12-12 12:00:00,    3,   4.7,   6.0,   0.9,  981.8,   1.8,  85.9,  -0.3
2024-12-12 13:00:00,3,5.0,6.3,1.7,991.2,2.5,86.6,0.5
2024-12-12 14:00:00,3,4.6,5.9,0.9,981.2,1.9,84.0,-0.5
2024-12-12 15:00:00,    3,   4.5,   5.7,   0.8,  981.1,   1.9,  81.6,  -0.9
2024-12-12 16:00:00,    3,   4.6,   5.8,   0.7,  981.1,   1.7,  84.0,  -0.7
2024-12-12 17:00:00,    3,   4.6,   5.9,   0.7,  981.2,   1.6,  85.9,  -0.5
2024-12-12 18:00:00,3,4.6,5.9,0.6,981.2,1.4,87.1,-0.5
2024-12-12 19:00:00,    3,   4.4,   5.6,   0.6,  990.8,   1.8,  81.0,  -1.1
2024-12-12 20:00:00,    3,   4.4,   5.6,   0.6,  990.8,   1.7,  81.6,  -1.1
2024-12-12 21:00:00,3,4.6,5.8,0.7,990.9,1.7,84.0,-0.7
2024-12-12 22:00:00,3,4.5,5.7,0.7,990.9,1.8,82.2,-0.9
2024-12-12 23:00:00,3,4.5,5.7,0.8,991.1,1.9,81.6,-0.9
2024-12-13 00:00:00,3,4.6,5.8,0.2,981.4,0.8,90.3,-0.6
2024-12-13 01:00:00,    3,   4.5,   5.7,   0.8,  990.7,   1.9,  81.6,  -0.9
2024-12-13 02:00:00,    3,   4.4,   5.6,   0.1,  981.0,   1.0,  85.2,  -1.2
2024-12-13 03:00:00,    3,   4.2,   5.3,   0.0,  980.8,   1.2,  79.7,  -1.9
2024-12-13 04:00:00,    3,   4.3,   5.4,   0.4,  990.2,   1.7,  78.6,  -1.6
2024-12-13 05:00:00,    3,   4.3,   5.4,   0.4,  990.0,   1.7,  78.6,  -1.6
2024-12-13 06:00:00,    3,   4.3,   5.5,   0.4,  989.9,   1.7,  79.2,  -1.5
2024-12-13 07:00:00,    3,   4.2,   5.3,  -0.3,  980.6,   0.7,  82.7,  -1.9
2024-12-13 08:00:00,3,4.3,5.4,0.3,990.2,1.5,79.8,-1.6
2024-12-13 09:00:00,3,4.2,5.3,-0.2,980.7,0.8,82.1,-1.9
2024-12-13 10:00:00,    3,   4.2,   5.4,   0.4,  990.3,   1.7,  78.1,  -1.7
2024-12-13 11:00:00,    3,   4.3,   5.5,   0.3,  980.3,   1.4,  81.6,  -1.4
2024-12-13 12:00:00,    3,   4.2,   5.4,   0.2,  979.7,   1.5,  78.6,  -1.8
2024-12-13 13:00:00,3,4.3,5.5,0.5,979.0,1.8,78.7,-1.5
2024-12-13 14:00:00,    3,   4.3,   5.5,   0.8,  988.1,   2.3,  76.5,  -1.4
2024-12-13 15:00:00,    3,   4.3,   5.5,   0.8,  987.8,   2.3,  76.5,  -1.4
2024-12-13 16:00:00,3,4.3,5.5,0.7,987.6,2.1,77.0,-1.5
2024-12-13 17:00:00,3,4.2,5.3,0.2,987.3,1.6,77.5,-1.9
2024-12-13 18:00:00,3,4.2,5.3,-0.7,977.6,0.1,85.7,-2.0
2024-12-13 19:00:00,    3,   4.1,   5.2,  -0.6,  986.8,   0.4,  83.3,  -2.1
2024-12-13 20:00:00,    3,   4.0,   5.1,  -1.4,  977.0,  -0.7,  87.6,  -2.5
2024-12-13 21:00:00,    3,   3.8,   4.7,  -2.6,  977.1,  -2.1,  90.1,  -3.5
2024-12-13 22:00:00,    3,   4.0,   5.0,  -1.4,  986.4,  -0.6,  85.7,  -2.7
2024-12-13 23:00:00,    3,   3.9,   4.9,  -2.1,  985.9,  -1.6,  90.8,  -2.9
2024-12-14 00:00:00,    3,   3.9,   4.9,  -2.4,  985.6,  -2.1,  94.2,  -2.9
2024-12-14 01:00:00,    3,   4.0,   5.0,  -2.4,  985.1,  -2.2,  95.6,  -2.8
2024-12-14 02:00:00,    3,   4.1,   5.2,  -2.0,  975.4,  -1.9,  97.1,  -2.3
2024-12-14 03:00:00,3,4.1,5.1,-2.2,984.3,-2.1,97.8,-2.4
2024-12-14 04:00:00,3,4.0,5.0,-2.3,974.3,-2.0,94.9,-2.7
2024-12-14 05:00:00,    3,   4.0,   5.0,  -1.9,  973.9,  -1.4,  90.2,  -2.8
2024-12-14 06:00:00,    3,   4.0,   5.0,  -1.6,  973.6,  -0.9,  86.9,  -2.8
2024-12-14 07:00:00,    3,   4.2,   5.2,  -1.4,  973.5,  -1.0,  92.2,  -2.1
2024-12-14 08:00:00,3,4.0,5.1,-1.8,973.7,-1.4,92.2,-2.5
2024-12-14 09:00:00,    3,   4.0,   5.1,  -1.2,  982.9,  -0.4,  85.7,  -2.5
2024-12-14 10:00:00,    3,   4.2,   5.3,  -0.1,  983.2,   1.1,  79.7,  -2.0
2024-12-14 11:00:00,    3,   5.0,   6.4,   3.4,  973.5,   5.6,  70.6,   0.7
2024-12-14 12:00:00,3,4.7,6.0,1.7,982.9,3.0,79.4,-0.2
2024-12-14 13:00:00,3,5.4,7.0,3.8,973.1,5.5,77.0,1.8
2024-12-14 14:00:00,3,5.0,6.3,2.4,973.2,3.8,78.9,0.5
2024-12-14 15:00:00,    3,   4.9,   6.3,   1.4,  982.9,   2.2,  87.8,   0.4
2024-12-14 16:00:00,    3,   5.1,   6.5,   1.8,  973.9,   2.5,  88.5,   0.8
2024-12-14 17:00:00,    3,   5.0,   6.3,   1.3,  974.7,   1.8,  91.0,   0.5
2024-12-14 18:00:00,    3,   4.7,   6.0,   0.5,  984.9,   1.1,  90.3,  -0.3
2024-12-14 19:00:00,    3,   4.6,   5.8,   1.0,  984.9,   2.2,  81.1,  -0.7
2024-12-14 20:00:00,    3,   4.5,   5.7,   1.2,  985.4,   2.7,  76.5,  -1.0
2024-12-14 21:00:00,    3,   4.6,   5.8,   1.2,  976.0,   2.5,  79.3,  -0.7
2024-12-14 22:00:00,3,4.7,5.9,1.2,985.4,2.4,81.7,-0.4
2024-12-14 23:00:00,3,4.7,6.0,1.2,976.5,2.2,83.5,-0.3
2024-12-15 00:00:00,    3,   4.7,   5.9,   1.5,  977.2,   2.8,  79.4,  -0.4
2024-12-15 01:00:00,    3,   4.6,   5.8,   1.3,  977.1,   2.7,  78.8,  -0.6
2024-12-15 02:00:00,    3,   4.7,   6.0,   1.4,  977.9,   2.7,  80.5,  -0.3
2024-12-15 03:00:00,    3,   5.1,   6.5,   1.6,  978.2,   2.1,  91.7,   0.9
2024-12-15 04:00:00,3,5.0,6.4,1.6,979.1,2.3,88.5,0.6
2024-12-15 05:00:00,    3,   4.9,   6.3,   1.6,  988.9,   2.4,  86.6,   0.4
2024-12-15 06:00:00,    3,   4.5,   5.8,   0.7,  989.7,   1.7,  83.4,  -0.8
2024-12-15 07:00:00,3,4.5,5.7,0.6,990.6,1.7,82.2,-1.0
2024-12-15 08:00:00,3,4.6,5.8,1.0,991.3,2.1,82.2,-0.6
2024-12-15 09:00:00,3,4.4,5.6,1.0,982.8,2.6,75.9,-1.2
2024-12-15 10:00:00,    3,   4.5,   5.8,   1.9,  992.5,   3.8,  72.3,  -0.7
2024-12-15 11:00:00,    3,   4.6,   5.8,   2.4,  983.4,   4.5,  69.4,  -0.6
2024-12-15 12:00:00,    3,   4.5,   5.8,   2.4,  984.0,   4.7,  67.9,  -0.7
2024-12-15 13:00:00,3,4.6,5.8,2.5,984.3,4.8,67.9,-0.6
2024-12-15 14:00:00,    3,   4.9,   6.3,   3.2,  993.6,   5.2,  71.6,   0.5
2024-12-15 15:00:00,    3,   4.9,   6.2,   2.9,  994.0,   4.9,  72.0,   0.3
2024-12-15 16:00:00,    3,   4.8,   6.2,   2.3,  985.2,   3.9,  76.1,   0.1
2024-12-15 17:00:00,3,4.9,6.3,2.8,994.6,4.6,74.6,0.5
2024-12-15 18:00:00,3,4.8,6.2,2.5,985.9,4.2,74.6,0.1
2024-12-15 19:00:00,    3,   4.9,   6.3,   2.6,  985.9,   4.2,  76.2,   0.4
2024-12-15 20:00:00,    3,   4.9,   6.3,   2.7,  986.2,   4.4,  75.1,   0.4
2024-12-15 21:00:00,    3,   4.9,   6.3,   2.8,  986.6,   4.6,  74.1,   0.4
2024-12-15 22:00:00,3,5.0,6.5,3.1,986.4,4.9,74.7,0.8
2024-12-15 23:00:00,    3,   5.6,   7.2,   4.3,  996.0,   6.0,  76.5,   2.2
2024-12-16 00:00:00,    3,   5.5,   7.1,   4.2,  996.0,   6.0,  76.0,   2.1
2024-12-16 01:00:00,    3,   5.4,   6.9,   3.7,  987.2,   5.3,  77.5,   1.7
2024-12-16 02:00:00,3,5.7,7.4,4.6,996.5,6.3,77.1,2.6
2024-12-16 03:00:00,3,5.5,7.1,4.1,987.1,5.7,77.6,2.1
2024-12-16 04:00:00,3,5.6,7.2,4.3,986.7,5.9,77.6,2.3
2024-12-16 05:00:00,    3,   6.0,   7.7,   5.3,  996.0,   7.0,  77.2,   3.3
2024-12-16 06:00:00,    3,   5.8,   7.5,   4.6,  987.1,   6.1,  79.9,   2.9
2024-12-16 07:00:00,    3,   6.0,   7.7,   4.8,  986.8,   6.1,  82.2,   3.3
2024-12-16 08:00:00,    3,   6.4,   8.3,   6.1,  997.0,   7.7,  79.0,   4.3
2024-12-16 09:00:00,    3,   6.5,   8.4,   6.4,  997.4,   8.1,  78.0,   4.5
2024-12-16 10:00:00,    3,   6.7,   8.8,   7.0,  997.8,   8.9,  77.0,   5.1
2024-12-16 11:00:00,    3,   7.0,   9.2,   7.7,  988.5,   9.8,  75.6,   5.7
2024-12-16 12:00:00,3,7.3,9.6,8.5,996.9,10.8,73.7,6.3
2024-12-16 13:00:00,3,7.1,9.3,8.2,987.5,10.6,72.6,5.9
2024-12-16 14:00:00,    3,   7.1,   9.4,   8.2,  996.2,  10.6,  73.1,   6.0
2024-12-16 15:00:00,    3,   7.0,   9.2,   7.5,  986.5,   9.4,  77.6,   5.7
2024-12-16 16:00:00,    3,   7.0,   9.1,   7.2,  986.1,   8.8,  80.3,   5.6
2024-12-16 17:00:00,    3,   6.9,   9.0,   6.9,  985.6,   8.4,  81.3,   5.4
2024-12-16 18:00:00,3,6.9,9.0,6.9,985.5,8.4,81.3,5.4
2024-12-16 19:00:00,    3,   7.0,   9.0,   5.8,  995.0,   6.2,  94.6,   5.4
2024-12-16 20:00:00,    3,   6.7,   8.5,   4.9,  994.9,   5.1,  97.2,   4.7
2024-12-16 21:00:00,3,6.9,8.9,5.2,995.2,5.2,100.0,5.2
2024-12-16 22:00:00,3,6.9,8.9,5.3,994.9,5.4,98.6,5.2
2024-12-16 23:00:00,3,5.9,7.5,2.8,985.4,2.8,100.0,2.8
2024-12-17 00:00:00,    3,   6.7,   8.7,   5.1,  994.1,   5.3,  97.2,   4.9
2024-12-17 01:00:00,    3,   6.3,   8.0,   3.8,  984.7,   3.8, 100.0,   3.8
2024-12-17 02:00:00,    3,   6.5,   8.4,   4.4,  984.7,   4.4, 100.0,   4.4
2024-12-17 03:00:00,    3,   6.8,   8.8,   5.2,  994.3,   5.3,  98.6,   5.1
2024-12-17 04:00:00,    3,   6.7,   8.7,   5.1,  994.0,   5.3,  97.2,   4.9
2024-12-17 05:00:00,    3,   6.8,   8.7,   5.1,  994.0,   5.2,  98.6,   5.0
2024-12-17 06:00:00,    3,   6.9,   8.9,   5.2,  994.1,   5.2, 100.0,   5.2
2024-12-17 07:00:00,    3,   6.6,   8.5,   4.6,  984.2,   4.6, 100.0,   4.6
2024-12-17 08:00:00,3,6.6,8.5,5.0,994.1,5.3,95.9,4.7
2024-12-17 09:00:00,3,6.8,8.7,5.0,984.6,5.0,100.0,5.0
2024-12-17 10:00:00,    3,   6.9,   8.9,   5.2,  984.7,   5.2, 100.0,   5.2
2024-12-17 11:00:00,    3,   7.0,   9.0,   5.4,  983.9,   5.4, 100.0,   5.4
2024-12-17 12:00:00,    3,   7.0,   9.0,   5.5,  983.3,   5.5, 100.0,   5.5
2024-12-17 13:00:00,3,7.1,9.2,5.7,982.7,5.7,100.0,5.7
2024-12-17 14:00:00,    3,   7.0,   9.0,   5.4,  991.8,   5.4, 100.0,   5.4
2024-12-17 15:00:00,    3,   7.1,   9.1,   5.6,  991.3,   5.7,  99.3,   5.6
2024-12-17 16:00:00,    3,   6.7,   8.7,   5.3,  981.5,   5.6,  95.2,   4.9
2024-12-17 17:00:00,3,6.7,8.7,5.5,990.2,6.0,92.6,4.9
2024-12-17 18:00:00,3,6.7,8.7,4.9,980.4,4.9,100.0,4.9
2024-12-17 19:00:00,    3,   6.7,   8.5,   4.8,  989.3,   4.9,  98.6,   4.7
2024-12-17 20:00:00,    3,   6.0,   7.7,   3.2,  979.7,   3.2, 100.0,   3.2
2024-12-17 21:00:00,    3,   6.0,   7.6,   3.1,  979.2,   3.1, 100.0,   3.1
2024-12-17 22:00:00,    3,   6.5,   8.3,   4.3,  988.0,   4.3, 100.0,   4.3
2024-12-17 23:00:00,    3,   6.3,   8.0,   3.9,  987.4,   4.0,  98.6,   3.8
2024-12-18 00:00:00,    3,   6.1,   7.8,   3.6,  986.5,   3.7,  97.9,   3.4
2024-12-18 01:00:00,    3,   5.4,   6.9,   1.7,  976.9,   1.7, 100.0,   1.7
2024-12-18 02:00:00,3,5.8,7.4,3.2,986.3,3.6,93.8,2.7
2024-12-18 03:00:00,3,5.0,6.4,0.6,976.6,0.6,100.0,0.6
2024-12-18 04:00:00,    3,   4.9,   6.2,   0.1,  976.0,   0.1, 100.0,   0.1
2024-12-18 05:00:00,    3,   4.9,   6.2,   0.1,  975.7,   0.1, 100.0,   0.1
2024-12-18 06:00:00,    3,   5.0,   6.4,   0.6,  976.0,   0.6, 100.0,   0.6
2024-12-18 07:00:00,    3,   5.2,   6.6,   1.1,  976.2,   1.1, 100.0,   1.1
2024-12-18 08:00:00,3,5.1,6.5,1.0,976.1,1.1,98.6,0.9
2024-12-18 09:00:00,    3,   5.3,   6.9,   3.5,  984.7,   5.1,  78.0,   1.6
2024-12-18 10:00:00,    3,   5.6,   7.2,   4.5,  984.3,   6.3,  75.5,   2.3
2024-12-18 11:00:00,3,5.7,7.4,5.5,983.9,7.9,69.6,2.7
2024-12-18 12:00:00,3,6.0,7.9,6.1,982.7,8.5,70.7,3.5
2024-12-18 13:00:00,3,5.6,7.4,7.7,973.2,12.6,50.4,2.6
2024-12-18 14:00:00,    3,   4.9,   6.5,   7.7,  981.5,  13.8,  41.3,   0.9
2024-12-18 15:00:00,    3,   5.6,   7.3,   7.2,  972.4,  11.6,  53.5,   2.5
2024-12-18 16:00:00,    3,   6.0,   7.8,   6.1,  972.4,   8.6,  69.7,   3.4
2024-12-18 17:00:00,3,5.3,6.8,4.8,972.4,7.6,65.2,1.5
2024-12-18 18:00:00,    3,   5.4,   7.1,   6.4,  981.2,  10.3,  56.3,   2.0
2024-12-18 19:00:00,    3,   4.6,   6.1,   6.5,  980.9,  12.1,  42.9,  -0.1
2024-12-18 20:00:00,    3,   4.7,   6.2,   6.3,  980.5,  11.5,  45.3,   0.1
2024-12-18 21:00:00,    3,   5.1,   6.5,   3.4,  970.9,   5.4,  72.6,   0.9
2024-12-18 22:00:00,3,5.6,7.2,5.4,979.1,8.1,66.7,2.3
2024-12-18 23:00:00,3,5.5,7.1,3.8,969.3,5.2,80.3,2.1
2024-12-19 00:00:00,    3,   6.0,   7.7,   4.5,  968.3,   5.7,  83.9,   3.2
2024-12-19 01:00:00,    3,   6.2,   7.9,   4.2,  967.0,   4.8,  91.9,   3.6
2024-12-19 02:00:00,    3,   6.3,   8.1,   4.8,  966.1,   5.6,  88.8,   3.9
2024-12-19 03:00:00,3,6.6,8.5,5.3,964.4,5.8,92.6,4.7
2024-12-19 04:00:00,    3,   7.4,   9.7,   7.9,  971.3,   9.5,  81.5,   6.5
2024-12-19 05:00:00,    3,   7.8,  10.2,   8.8,  970.4,  10.6,  80.0,   7.3
2024-12-19 06:00:00,3,7.7,10.2,9.4,969.8,11.9,72.9,7.2
2024-12-19 07:00:00,3,7.8,10.3,9.3,969.9,11.4,76.4,7.4
2024-12-19 08:00:00,3,7.9,10.4,8.5,968.6,9.7,86.1,7.5
2024-12-19 09:00:00,3,7.6,10.0,8.5,959.6,10.3,79.4,6.9
2024-12-19 10:00:00,    3,   8.2,  10.8,   9.7,  967.4,  11.7,  78.5,   8.1
2024-12-19 11:00:00,    3,   8.3,  11.0,   9.6,  957.8,  11.1,  82.8,   8.3
2024-12-19 12:00:00,    3,   8.3,  11.0,  10.0,  956.3,  12.0,  78.0,   8.3
2024-12-19 13:00:00,    3,   7.9,  10.4,  10.0,  964.5,  12.9,  69.6,   7.5
2024-12-19 14:00:00,    3,   7.4,   9.8,   9.8,  963.4,  13.5,  63.0,   6.6
2024-12-19 15:00:00,    3,   7.1,   9.4,   9.4,  962.4,  13.2,  61.6,   6.0
2024-12-19 16:00:00,    3,   6.8,   8.9,   6.5,  955.2,   7.8,  83.6,   5.2
2024-12-19 17:00:00,3,6.7,8.7,6.1,966.1,7.2,85.9,5.0
2024-12-19 18:00:00,3,6.3,8.1,4.7,959.2,5.5,89.4,3.9
2024-12-19 19:00:00,    3,   5.7,   7.3,   3.4,  970.5,   4.2,  88.0,   2.4
2024-12-19 20:00:00,    3,   5.4,   6.9,   3.5,  963.1,   4.9,  79.7,   1.7
2024-12-19 21:00:00,    3,   5.3,   6.8,   3.1,  964.2,   4.5,  80.2,   1.4
2024-12-19 22:00:00,    3,   5.3,   6.8,   3.0,  965.4,   4.2,  81.9,   1.4
2024-12-19 23:00:00,3,5.1,6.5,2.5,966.2,3.7,81.8,0.9
2024-12-20 00:00:00,    3,   5.2,   6.7,   2.6,  976.0,   3.7,  83.6,   1.2
2024-12-20 01:00:00,    3,   5.1,   6.5,   2.0,  977.2,   3.0,  85.4,   0.8
2024-12-20 02:00:00,3,5.0,6.4,1.5,978.1,2.2,89.1,0.6
2024-12-20 03:00:00,3,4.7,5.9,1.1,978.9,2.2,82.9,-0.4
2024-12-20 04:00:00,3,4.6,5.8,0.7,970.6,1.6,84.6,-0.7
2024-12-20 05:00:00,    3,   4.8,   6.1,   1.3,  980.1,   2.3,  84.1,  -0.1
2024-12-20 06:00:00,    3,   4.7,   5.9,   0.8,  971.8,   1.6,  86.5,  -0.4
2024-12-20 07:00:00,    3,   4.8,   6.2,   1.2,  972.7,   2.0,  87.2,   0.1
2024-12-20 08:00:00,3,4.9,6.2,1.2,973.7,2.0,87.8,0.2
2024-12-20 09:00:00,    3,   4.8,   6.2,   2.1,  983.6,   3.5,  78.9,   0.2
2024-12-20 10:00:00,    3,   4.9,   6.3,   2.4,  984.0,   3.9,  77.8,   0.4
2024-12-20 11:00:00,    3,   4.8,   6.2,   2.4,  984.2,   4.1,  75.1,   0.1
2024-12-20 12:00:00,    3,   4.6,   5.9,   2.3,  974.8,   4.3,  70.9,  -0.5
2024-12-20 13:00:00,3,4.8,6.2,2.5,984.7,4.3,74.0,0.1
2024-12-20 14:00:00,3,4.5,5.8,1.9,975.6,3.8,71.8,-0.8
2024-12-20 15:00:00,    3,   4.3,   5.4,   1.2,  976.2,   3.2,  70.7,  -1.6
2024-12-20 16:00:00,    3,   4.2,   5.3,   0.5,  976.3,   2.1,  74.7,  -1.9
2024-12-20 17:00:00,    3,   4.2,   5.3,  -0.5,  976.5,   0.4,  83.9,  -2.0
2024-12-20 18:00:00,3,4.4,5.5,-0.2,976.7,0.6,86.4,-1.4
2024-12-20 19:00:00,    3,   4.3,   5.5,   0.3,  986.2,   1.5,  80.4,  -1.5
2024-12-20 20:00:00,    3,   4.3,   5.4,  -0.1,  986.4,   1.0,  82.1,  -1.7
2024-12-20 21:00:00,    3,   4.2,   5.3,  -0.3,  977.2,   0.7,  82.7,  -1.9
2024-12-20 22:00:00,3,4.2,5.3,-0.3,986.2,0.7,82.1,-2.0
2024-12-20 23:00:00,3,4.3,5.4,0.0,977.0,1.0,82.7,-1.6
2024-12-21 00:00:00,3,4.1,5.2,-0.5,976.8,0.6,80.9,-2.3
2024-12-21 01:00:00,    3,   4.2,   5.4,   0.4,  985.5,   1.9,  76.4,  -1.8
2024-12-21 02:00:00,    3,   3.9,   5.0,  -0.2,  976.2,   1.4,  73.5,  -2.8
2024-12-21 03:00:00,    3,   4.0,   5.0,  -0.2,  975.9,   1.3,  74.6,  -2.7
2024-12-21 04:00:00,    3,   4.2,   5.4,   1.0,  984.6,   2.8,  71.6,  -1.8
2024-12-21 05:00:00,    3,   4.2,   5.3,   0.4,  984.6,   1.9,  75.3,  -2.0
2024-12-21 06:00:00,    3,   4.1,   5.2,   0.0,  984.3,   1.4,  77.5,  -2.1
2024-12-21 07:00:00,    3,   4.1,   5.2,  -0.6,  975.1,   0.4,  83.3,  -2.1
2024-12-21 08:00:00,3,4.4,5.6,1.2,983.9,2.8,74.9,-1.2
2024-12-21 09:00:00,3,4.5,5.8,1.6,974.6,3.3,74.4,-0.8
2024-12-21 10:00:00,    3,   4.5,   5.8,   1.9,  974.6,   3.8,  71.8,  -0.8
2024-12-21 11:00:00,    3,   4.8,   6.2,   2.8,  973.8,   4.9,  71.0,   0.1
2024-12-21 12:00:00,    3,   5.1,   6.5,   3.6,  973.1,   5.8,  70.6,   0.9
2024-12-21 13:00:00,    3,   5.2,   6.8,   4.0,  972.7,   6.1,  71.7,   1.4
2024-12-21 14:00:00,3,5.3,6.9,4.2,972.2,6.3,71.8,1.6
2024-12-21 15:00:00,    3,   5.5,   7.1,   4.7,  980.9,   6.9,  70.9,   2.0
2024-12-21 16:00:00,    3,   5.5,   7.1,   4.6,  980.6,   6.8,  71.9,   2.1
2024-12-21 17:00:00,3,5.6,7.2,4.6,980.2,6.6,73.9,2.3
2024-12-21 18:00:00,3,5.7,7.4,4.6,979.6,6.3,77.1,2.6
2024-12-21 19:00:00,3,5.9,7.6,4.0,969.9,4.9,87.5,3.0
2024-12-21 20:00:00,    3,   6.2,   8.0,   4.5,  978.4,   5.3,  89.4,   3.7
2024-12-21 21:00:00,    3,   6.1,   7.9,   4.4,  967.9,   5.1,  89.4,   3.5
2024-12-21 22:00:00,    3,   5.8,   7.5,   4.2,  966.6,   5.5,  82.7,   2.8
2024-12-21 23:00:00,3,5.8,7.5,4.2,965.7,5.5,82.7,2.8
2024-12-22 00:00:00,    3,   5.7,   7.3,   4.6,  973.6,   6.5,  75.5,   2.5
2024-12-22 01:00:00,    3,   5.9,   7.6,   4.7,  972.6,   6.2,  79.9,   3.0
2024-12-22 02:00:00,    3,   6.0,   7.7,   4.4,  962.7,   5.4,  86.3,   3.3
2024-12-22 03:00:00,3,5.9,7.7,5.2,969.8,7.1,76.2,3.2
2024-12-22 04:00:00,3,6.1,7.9,4.8,958.9,6.0,83.9,3.5
2024-12-22 05:00:00,    3,   6.4,   8.3,   5.2,  957.2,   6.0,  88.8,   4.3
2024-12-22 06:00:00,    3,   6.4,   8.3,   5.2,  956.7,   6.0,  88.8,   4.3
2024-12-22 07:00:00,    3,   6.6,   8.5,   5.1,  956.8,   5.5,  94.6,   4.7
2024-12-22 08:00:00,3,6.1,7.9,5.1,956.0,6.4,82.2,3.6
2024-12-22 09:00:00,    3,   6.2,   8.0,   5.4,  965.5,   7.0,  79.4,   3.7
2024-12-22 10:00:00,    3,   5.7,   7.4,   5.0,  965.1,   7.2,  72.5,   2.6
2024-12-22 11:00:00,3,5.6,7.2,3.9,965.3,5.3,80.9,2.3
2024-12-22 12:00:00,3,5.4,6.9,3.6,964.8,5.1,78.6,1.7
2024-12-22 13:00:00,3,5.3,6.8,2.7,956.6,3.7,84.9,1.4
2024-12-22 14:00:00,3,4.9,6.2,1.6,957.0,2.7,83.5,0.2
2024-12-22 15:00:00,    3,   4.3,   5.5,   1.9,  966.4,   4.2,  66.8,  -1.4
2024-12-22 16:00:00,    3,   4.6,   5.8,   0.9,  958.3,   2.0,  82.8,  -0.6
2024-12-22 17:00:00,    3,   4.4,   5.6,   0.6,  958.6,   1.8,  80.4,  -1.2
2024-12-22 18:00:00,    3,   4.3,   5.5,   1.0,  967.7,   2.8,  73.2,  -1.5
2024-12-22 19:00:00,    3,   4.3,   5.5,   0.8,  968.7,   2.3,  75.9,  -1.5
2024-12-22 20:00:00,    3,   4.3,   5.5,   0.5,  969.0,   1.9,  78.1,  -1.5
2024-12-22 21:00:00,    3,   4.2,   5.4,  -0.9,  960.3,  -0.4,  90.2,  -1.8
2024-12-22 22:00:00,3,4.3,5.5,0.4,970.5,1.6,79.8,-1.5
2024-12-22 23:00:00,3,4.3,5.4,-0.7,961.7,-0.1,88.9,-1.7
2024-12-23 00:00:00,    3,   4.3,   5.5,   0.4,  971.2,   1.6,  80.4,  -1.4
2024-12-23 01:00:00,    3,   4.4,   5.6,  -0.4,  962.3,   0.1,  90.9,  -1.2
2024-12-23 02:00:00,    3,   4.4,   5.5,  -0.6,  962.3,  -0.1,  90.9,  -1.4
2024-12-23 03:00:00,    3,   4.3,   5.4,  -0.5,  961.7,   0.3,  86.4,  -1.7
2024-12-23 04:00:00,3,4.2,5.4,-0.6,961.5,0.1,87.0,-1.8
2024-12-23 05:00:00,    3,   4.3,   5.4,  -0.5,  970.7,   0.2,  87.0,  -1.7
2024-12-23 06:00:00,    3,   4.2,   5.4,  -0.6,  971.0,   0.1,  87.0,  -1.8
2024-12-23 07:00:00,3,4.3,5.4,-0.4,971.9,0.4,86.4,-1.6
2024-12-23 08:00:00,3,4.3,5.4,-0.1,973.1,0.9,82.7,-1.7
2024-12-23 09:00:00,3,4.3,5.4,-0.6,964.7,0.0,89.0,-1.6
2024-12-23 10:00:00,    3,   4.9,   6.2,   1.0,  975.0,   1.5,  91.0,   0.2
2024-12-23 11:00:00,    3,   4.8,   6.1,   0.9,  966.0,   1.5,  89.7,   0.0
2024-12-23 12:00:00,    3,   5.1,   6.4,   0.9,  966.4,   1.1,  97.1,   0.7
2024-12-23 13:00:00,    3,   5.4,   6.8,   1.9,  976.1,   2.2,  95.1,   1.5
2024-12-23 14:00:00,    3,   5.6,   7.2,   2.7,  976.6,   3.1,  93.8,   2.2
2024-12-23 15:00:00,    3,   5.6,   7.2,   3.0,  977.6,   3.6,  91.2,   2.3
2024-12-23 16:00:00,    3,   5.5,   7.1,   3.1,  978.4,   4.0,  86.7,   2.0
2024-12-23 17:00:00,    3,   5.1,   6.6,   2.1,  970.2,   3.0,  86.6,   1.0
2024-12-23 18:00:00,3,5.3,6.7,2.6,980.3,3.5,85.5,1.3
2024-12-23 19:00:00,3,5.1,6.5,2.0,972.0,3.0,85.4,0.8
2024-12-23 20:00:00,    3,   5.1,   6.5,   2.0,  972.8,   2.9,  86.0,   0.8
2024-12-23 21:00:00,    3,   4.9,   6.3,   1.9,  973.3,   3.0,  83.0,   0.4
2024-12-23 22:00:00,    3,   4.9,   6.2,   1.8,  974.0,   3.0,  81.8,   0.2
2024-12-23 23:00:00,3,4.9,6.3,1.8,974.6,2.9,83.5,0.4
2024-12-24 00:00:00,    3,   4.9,   6.3,   2.0,  984.1,   3.2,  81.8,   0.4
2024-12-24 01:00:00,    3,   4.8,   6.2,   1.6,  984.6,   2.7,  82.9,   0.1
2024-12-24 02:00:00,    3,   4.7,   6.0,   1.2,  976.2,   2.2,  84.1,  -0.2
2024-12-24 03:00:00,3,4.9,6.2,1.7,985.9,2.8,83.5,0.3
2024-12-24 04:00:00,3,4.7,6.0,1.3,976.9,2.3,83.5,-0.2
2024-12-24 05:00:00,    3,   4.9,   6.2,   1.1,  987.2,   1.8,  89.1,   0.2
2024-12-24 06:00:00,    3,   4.7,   5.9,   0.9,  978.4,   1.8,  85.3,  -0.4
2024-12-24 07:00:00,    3,   4.7,   6.0,   0.7,  978.9,   1.4,  88.4,  -0.3
2024-12-24 08:00:00,    3,   4.9,   6.2,   1.4,  988.9,   2.3,  85.9,   0.2
2024-12-24 09:00:00,    3,   5.0,   6.4,   1.9,  989.7,   2.8,  85.4,   0.6
2024-12-24 10:00:00,    3,   5.1,   6.5,   2.5,  990.3,   3.7,  81.3,   0.8
2024-12-24 11:00:00,    3,   5.0,   6.5,   3.0,  981.0,   4.7,  75.7,   0.8
2024-12-24 12:00:00,3,5.0,6.4,2.5,990.5,4.0,78.4,0.6
2024-12-24 13:00:00,3,5.2,6.7,2.6,980.9,3.7,83.6,1.2
2024-12-24 14:00:00,    3,   5.2,   6.6,   3.0,  991.1,   4.5,  78.5,   1.1
2024-12-24 15:00:00,    3,   5.3,   6.8,   2.5,  981.9,   3.3,  87.3,   1.4
2024-12-24 16:00:00,    3,   4.9,   6.3,   2.1,  982.4,   3.3,  81.2,   0.4
2024-12-24 17:00:00,    3,   4.9,   6.2,   1.1,  983.0,   1.8,  89.1,   0.2
2024-12-24 18:00:00,3,5.2,6.6,1.7,983.5,2.2,92.4,1.1
2024-12-24 19:00:00,    3,   5.2,   6.6,   2.2,  993.6,   3.1,  86.6,   1.1
2024-12-24 20:00:00,    3,   5.2,   6.6,   2.4,  993.9,   3.3,  85.4,   1.1
2024-12-24 21:00:00,3,5.2,6.6,2.2,994.2,3.0,87.3,1.1
2024-12-24 22:00:00,3,5.1,6.5,2.0,994.6,2.8,87.2,0.9
2024-12-24 23:00:00,3,4.9,6.2,0.5,985.4,0.7,95.7,0.1
2024-12-25 00:00:00,    3,   4.9,   6.2,   1.1,  995.2,   1.8,  89.1,   0.2
2024-12-25 01:00:00,    3,   4.6,   5.8,  -0.7,  986.1,  -0.7,  99.3,  -0.8
2024-12-25 02:00:00,    3,   4.6,   5.8,  -0.7,  986.1,  -0.7, 100.0,  -0.7
2024-12-25 03:00:00,3,4.4,5.6,-1.2,986.3,-1.2,99.3,-1.3
2024-12-25 04:00:00,    3,   4.7,   5.9,   0.1,  995.7,   0.5,  93.0,  -0.5
2024-12-25 05:00:00,    3,   4.6,   5.8,   0.0,  996.2,   0.4,  93.0,  -0.6
2024-12-25 06:00:00,    3,   4.6,   5.8,  -0.1,  996.4,   0.3,  93.0,  -0.7
2024-12-25 07:00:00,    3,   4.5,   5.6,  -1.2,  987.5,  -1.2, 100.0,  -1.2
2024-12-25 08:00:00,3,4.5,5.7,-0.1,997.2,0.4,90.3,-1.0
2024-12-25 09:00:00,3,4.6,5.8,-0.6,987.8,-0.5,97.8,-0.8
2024-12-25 10:00:00,    3,   4.7,   6.0,   0.0,  988.3,   0.2,  96.4,  -0.3
2024-12-25 11:00:00,    3,   4.9,   6.2,   1.3,  988.4,   2.1,  87.2,   0.2
2024-12-25 12:00:00,    3,   4.6,   5.9,   1.6,  988.0,   3.1,  77.7,  -0.4
2024-12-25 13:00:00,3,4.7,6.0,2.3,988.0,4.2,72.4,-0.3
2024-12-25 14:00:00,    3,   4.6,   5.9,   2.8,  997.2,   5.2,  67.0,  -0.4
2024-12-25 15:00:00,    3,   4.4,   5.6,   2.2,  997.4,   4.6,  65.9,  -1.2
2024-12-25 16:00:00,3,4.5,5.7,1.8,997.8,3.6,72.3,-0.9
2024-12-25 17:00:00,3,4.7,6.0,1.9,997.9,3.5,76.1,-0.3
2024-12-25 18:00:00,3,4.6,5.8,0.6,988.1,1.5,85.9,-0.6
2024-12-25 19:00:00,3,4.5,5.7,-0.1,988.1,0.4,90.3,-1.0
2024-12-25 20:00:00,    3,   4.6,   5.8,   0.2,  997.8,   0.9,  88.4,  -0.8
2024-12-25 21:00:00,    3,   4.0,   5.1,  -1.4,  988.2,  -0.8,  88.2,  -2.5
2024-12-25 22:00:00,    3,   4.0,   5.0,  -1.6,  988.2,  -0.9,  86.9,  -2.8
2024-12-25 23:00:00,    3,   4.2,   5.3,  -0.9,  998.0,  -0.2,  87.6,  -2.0
2024-12-26 00:00:00,    3,   4.2,   5.3,  -1.1,  997.7,  -0.5,  89.6,  -2.0
2024-12-26 01:00:00,    3,   4.1,   5.2,  -1.4,  997.7,  -0.9,  90.9,  -2.2
2024-12-26 02:00:00,    3,   3.6,   4.5,  -3.1,  988.1,  -2.6,  90.1,  -4.0
2024-12-26 03:00:00,3,4.1,5.1,-1.7,997.7,-1.2,91.5,-2.4
2024-12-26 04:00:00,3,3.8,4.7,-3.1,987.8,-2.8,94.9,-3.5
2024-12-26 05:00:00,    3,   4.1,   5.1,  -1.9,  997.3,  -1.6,  93.6,  -2.5
2024-12-26 06:00:00,    3,   3.7,   4.7,  -2.8,  987.5,  -2.4,  91.4,  -3.6
2024-12-26 07:00:00,    3,   3.8,   4.8,  -2.7,  987.8,  -2.3,  92.1,  -3.4
2024-12-26 08:00:00,3,3.6,4.5,-3.3,988.0,-2.9,91.4,-4.1
2024-12-26 09:00:00,    3,   3.9,   4.9,  -1.4,  998.2,  -0.6,  84.4,  -2.9
2024-12-26 10:00:00,    3,   4.0,   5.0,  -0.4,  998.2,   1.0,  76.8,  -2.6
2024-12-26 11:00:00,3,4.0,5.0,0.3,997.7,2.1,71.0,-2.6
2024-12-26 12:00:00,3,3.9,5.0,0.8,997.2,3.1,65.1,-2.8
2024-12-26 13:00:00,3,4.0,5.1,1.8,986.7,4.6,59.9,-2.5
2024-12-26 14:00:00,    3,   4.2,   5.4,   2.4,  996.5,   5.2,  60.9,  -1.7
2024-12-26 15:00:00,    3,   4.2,   5.4,   1.9,  986.4,   4.4,  64.0,  -1.8
2024-12-26 16:00:00,    3,   4.0,   5.2,   0.9,  986.4,   2.9,  68.5,  -2.3
2024-12-26 17:00:00,3,3.7,4.8,0.1,986.5,2.2,66.4,-3.4
2024-12-26 18:00:00,    3,   4.0,   5.0,   0.2,  996.6,   2.0,  71.5,  -2.6
2024-12-26 19:00:00,    3,   3.9,   5.0,  -0.6,  996.8,   0.7,  77.4,  -2.8
2024-12-26 20:00:00,    3,   3.9,   4.9,  -1.0,  996.5,   0.1,  79.6,  -3.0
2024-12-26 21:00:00,    3,   3.7,   4.6,  -2.2,  986.7,  -1.4,  84.3,  -3.7
2024-12-26 22:00:00,3,3.8,4.8,-1.3,996.3,-0.2,79.6,-3.3
2024-12-26 23:00:00,3,3.3,4.1,-3.4,986.1,-2.4,79.8,-5.4
2024-12-27 00:00:00,    3,   3.3,   4.2,  -3.1,  985.8,  -2.1,  79.9,  -5.1
2024-12-27 01:00:00,    3,   3.0,   3.7,  -5.1,  985.5,  -4.6,  85.2,  -6.7
2024-12-27 02:00:00,    3,   3.6,   4.5,  -3.2,  985.6,  -2.6,  88.7,  -4.2
2024-12-27 03:00:00,3,3.3,4.1,-3.4,985.4,-2.4,80.4,-5.3
2024-12-27 04:00:00,    3,   3.6,   4.5,  -2.7,  995.0,  -2.0,  85.5,  -4.1
2024-12-27 05:00:00,    3,   3.6,   4.5,  -2.8,  994.9,  -2.2,  87.4,  -4.0
2024-12-27 06:00:00,    3,   3.3,   4.2,  -4.5,  985.4,  -4.1,  92.0,  -5.2
2024-12-27 07:00:00,3,3.5,4.4,-3.8,995.6,-3.5,92.8,-4.5
2024-12-27 08:00:00,3,3.2,4.0,-4.8,986.0,-4.3,89.3,-5.8
2024-12-27 09:00:00,3,3.5,4.3,-3.4,986.1,-2.8,87.4,-4.6
2024-12-27 10:00:00,    3,   3.6,   4.6,  -1.7,  995.6,  -0.4,  77.2,  -3.9
2024-12-27 11:00:00,    3,   3.6,   4.6,  -1.0,  985.5,   0.7,  71.2,  -3.9
2024-12-27 12:00:00,    3,   3.6,   4.6,  -0.6,  985.1,   1.3,  68.2,  -3.9
2024-12-27 13:00:00,    3,   3.5,   4.5,   0.1,  994.2,   2.6,  61.2,  -4.1
2024-12-27 14:00:00,    3,   3.8,   4.8,   0.5,  994.0,   2.9,  63.6,  -3.3
2024-12-27 15:00:00,    3,   3.8,   4.9,   0.4,  993.9,   2.5,  66.5,  -3.1
2024-12-27 16:00:00,    3,   4.2,   5.3,  -0.4,  984.5,   0.6,  82.7,  -2.0
2024-12-27 17:00:00,3,3.9,4.9,-0.3,994.3,1.3,73.5,-2.9
2024-12-27 18:00:00,3,4.0,5.0,-1.9,984.9,-1.4,91.5,-2.6
2024-12-27 19:00:00,    3,   3.9,   4.9,  -2.4,  985.0,  -2.1,  93.5,  -3.0
2024-12-27 20:00:00,    3,   3.8,   4.8,  -2.9,  984.9,  -2.6,  94.9,  -3.3
2024-12-27 21:00:00,    3,   3.9,   4.9,  -2.8,  984.8,  -2.7,  97.8,  -3.0
2024-12-27 22:00:00,    3,   3.7,   4.6,  -3.5,  984.6,  -3.2,  94.9,  -3.9
2024-12-27 23:00:00,3,3.7,4.6,-3.6,984.2,-3.4,96.3,-3.9
2024-12-28 00:00:00,    3,   3.7,   4.6,  -2.7,  993.3,  -2.1,  88.8,  -3.7
2024-12-28 01:00:00,    3,   3.7,   4.6,  -2.9,  993.3,  -2.4,  90.1,  -3.8
2024-12-28 02:00:00,3,3.7,4.6,-2.9,993.2,-2.4,90.1,-3.8
2024-12-28 03:00:00,3,3.6,4.5,-3.1,993.1,-2.6,90.1,-4.0
2024-12-28 04:00:00,3,3.3,4.2,-4.9,983.2,-4.8,97.0,-5.2
2024-12-28 05:00:00,    3,   3.6,   4.4,  -3.6,  992.7,  -3.3,  92.8,  -4.3
2024-12-28 06:00:00,    3,   3.1,   3.9,  -5.4,  983.0,  -5.4,  94.8,  -6.1
2024-12-28 07:00:00,    3,   3.3,   4.1,  -5.0,  983.2,  -4.9,  96.3,  -5.4
2024-12-28 08:00:00,3,3.3,4.1,-5.1,983.5,-5.2,97.7,-5.5
2024-12-28 09:00:00,    3,   3.6,   4.4,  -2.9,  993.2,  -2.2,  85.5,  -4.3
2024-12-28 10:00:00,    3,   3.6,   4.5,  -2.0,  993.0,  -0.9,  79.5,  -4.0
2024-12-28 11:00:00,    3,   3.9,   4.9,  -1.3,  982.8,  -0.4,  83.2,  -2.9
2024-12-28 12:00:00,3,3.7,4.8,0.1,991.9,2.2,66.4,-3.4
2024-12-28 13:00:00,3,3.8,4.8,0.4,991.5,2.7,64.5,-3.3
2024-12-28 14:00:00,    3,   4.0,   5.1,   0.7,  981.6,   2.8,  68.5,  -2.4
2024-12-28 15:00:00,    3,   4.1,   5.2,   1.0,  981.8,   3.0,  69.1,  -2.1
2024-12-28 16:00:00,    3,   4.1,   5.2,  -0.1,  981.6,   1.2,  78.6,  -2.1
2024-12-28 17:00:00,3,4.0,5.0,-1.1,981.8,-0.2,83.8,-2.6
2024-12-28 18:00:00,    3,   4.1,   5.2,  -0.4,  991.5,   0.6,  82.1,  -2.1
2024-12-28 19:00:00,    3,   4.2,   5.3,  -0.9,  991.5,  -0.2,  87.6,  -2.0
2024-12-28 20:00:00,    3,   3.9,   4.9,  -2.4,  981.8,  -2.1,  94.2,  -2.9
2024-12-28 21:00:00,3,4.0,5.0,-1.7,991.4,-1.2,90.2,-2.6
2024-12-28 22:00:00,3,3.9,4.9,-2.1,991.5,-1.7,91.5,-2.9
2024-12-28 23:00:00,3,3.9,4.8,-3.1,981.6,-3.0,98.5,-3.2
2024-12-29 00:00:00,    3,   3.9,   4.8,  -2.7,  991.3,  -2.4,  94.2,  -3.2
2024-12-29 01:00:00,    3,   3.5,   4.4,  -4.1,  981.2,  -3.9,  96.3,  -4.4
2024-12-29 02:00:00,    3,   3.5,   4.4,  -4.3,  981.4,  -4.2,  98.5,  -4.4
2024-12-29 03:00:00,    3,   3.7,   4.6,  -3.6,  991.1,  -3.6,  99.3,  -3.7
2024-12-29 04:00:00,    3,   3.6,   4.4,  -4.1,  990.9,  -4.0,  97.8,  -4.3
2024-12-29 05:00:00,    3,   3.4,   4.2,  -4.6,  990.9,  -4.5,  97.0,  -4.9
2024-12-29 06:00:00,    3,   3.4,   4.2,  -5.0,  981.2,  -4.9,  98.5,  -5.1
2024-12-29 07:00:00,3,3.2,4.0,-5.0,991.3,-5.0,94.8,-5.7
2024-12-29 08:00:00,3,3.4,4.2,-4.5,991.6,-4.3,95.6,-4.9
2024-12-29 09:00:00,    3,   3.4,   4.2,  -4.2,  992.2,  -3.8,  90.7,  -5.1
2024-12-29 10:00:00,    3,   3.7,   4.6,  -2.6,  982.8,  -1.9,  86.2,  -3.9
2024-12-29 11:00:00,    3,   4.0,   5.1,  -0.8,  982.3,   0.3,  81.4,  -2.5
2024-12-29 12:00:00,    3,   4.2,   5.3,   0.0,  981.8,   1.3,  78.6,  -2.0
2024-12-29 13:00:00,3,4.2,5.3,-1.0,981.8,-0.4,89.6,-1.9
2024-12-29 14:00:00,    3,   4.2,   5.3,  -1.8,  991.9,  -1.7,  98.5,  -1.9
2024-12-29 15:00:00,    3,   4.3,   5.4,  -1.7,  992.6,  -1.7, 100.0,  -1.7
2024-12-29 16:00:00,3,4.3,5.4,-1.7,992.8,-1.7,100.0,-1.7
2024-12-29 17:00:00,3,4.4,5.6,-1.3,993.0,-1.3,100.0,-1.3
2024-12-29 18:00:00,3,4.5,5.6,-1.1,993.2,-1.1,99.3,-1.2
2024-12-29 19:00:00,    3,   4.5,   5.6,  -1.2,  993.6,  -1.2, 100.0,  -1.2
2024-12-29 20:00:00,    3,   4.4,   5.5,  -1.5,  983.9,  -1.5, 100.0,  -1.5
2024-12-29 21:00:00,    3,   4.4,   5.5,  -1.4,  984.0,  -1.4, 100.0,  -1.4
2024-12-29 22:00:00,    3,   4.3,   5.4,  -1.4,  994.1,  -1.3,  97.8,  -1.6
2024-12-29 23:00:00,    3,   4.3,   5.4,  -1.5,  994.0,  -1.4,  97.8,  -1.7
2024-12-30 00:00:00,    3,   4.3,   5.4,  -1.5,  994.0,  -1.4,  98.5,  -1.6
2024-12-30 01:00:00,    3,   4.2,   5.3,  -1.6,  993.7,  -1.5,  97.1,  -1.9
2024-12-30 02:00:00,    3,   4.0,   5.0,  -2.1,  984.0,  -1.7,  92.2,  -2.8
2024-12-30 03:00:00,3,4.2,5.3,-1.6,994.1,-1.4,95.7,-2.0
2024-12-30 04:00:00,3,4.2,5.3,-1.6,993.7,-1.4,95.7,-2.0
2024-12-30 05:00:00,    3,   4.1,   5.1,  -1.9,  983.9,  -1.7,  95.0,  -2.4
2024-12-30 06:00:00,    3,   4.2,   5.3,  -1.8,  984.1,  -1.7,  97.8,  -2.0
2024-12-30 07:00:00,    3,   4.1,   5.1,  -2.1,  984.3,  -1.9,  96.4,  -2.4
2024-12-30 08:00:00,3,4.1,5.1,-2.1,984.7,-1.9,95.7,-2.5
2024-12-30 09:00:00,    3,   4.1,   5.2,  -1.6,  994.5,  -1.2,  92.9,  -2.2
2024-12-30 10:00:00,    3,   4.1,   5.2,  -1.6,  994.8,  -1.3,  93.6,  -2.2
2024-12-30 11:00:00,    3,   4.1,   5.1,  -2.1,  984.5,  -1.9,  96.4,  -2.4
2024-12-30 12:00:00,3,4.2,5.2,-1.5,993.5,-1.1,92.9,-2.1
2024-12-30 13:00:00,3,4.2,5.3,-1.4,993.2,-1.0,92.9,-2.0
2024-12-30 14:00:00,    3,   4.2,   5.3,  -1.4,  992.8,  -1.1,  93.6,  -2.0
2024-12-30 15:00:00,    3,   4.1,   5.2,  -1.9,  983.0,  -1.8,  97.1,  -2.2
2024-12-30 16:00:00,    3,   4.1,   5.1,  -2.1,  983.0,  -2.0,  97.1,  -2.4
2024-12-30 17:00:00,    3,   4.0,   5.0,  -2.0,  992.7,  -1.6,  92.9,  -2.6
2024-12-30 18:00:00,    3,   4.1,   5.2,  -1.9,  992.8,  -1.6,  95.0,  -2.3
2024-12-30 19:00:00,    3,   4.1,   5.2,  -1.9,  992.9,  -1.6,  95.0,  -2.3
2024-12-30 20:00:00,    3,   4.0,   5.0,  -2.6,  983.3,  -2.6, 100.0,  -2.6
2024-12-30 21:00:00,3,4.1,5.2,-1.8,993.2,-1.6,95.7,-2.2
2024-12-30 22:00:00,3,4.1,5.2,-1.9,993.1,-1.8,97.1,-2.2
2024-12-30 23:00:00,    3,   3.9,   4.9,  -3.0,  983.5,  -3.0, 100.0,  -3.0
2024-12-31 00:00:00,    3,   3.9,   4.8,  -3.2,  983.0,  -3.2, 100.0,  -3.2
2024-12-31 01:00:00,    3,   3.9,   4.9,  -3.1,  982.8,  -3.1, 100.0,  -3.1
2024-12-31 02:00:00,    3,   3.8,   4.7,  -3.5,  982.9,  -3.5,  99.3,  -3.6
2024-12-31 03:00:00,3,3.8,4.7,-3.5,982.6,-3.5,100.0,-3.5
2024-12-31 04:00:00,    3,   3.8,   4.8,  -3.2,  992.3,  -3.1,  98.5,  -3.3
2024-12-31 05:00:00,    3,   3.8,   4.7,  -3.3,  992.3,  -3.2,  97.8,  -3.5
2024-12-31 06:00:00,3,3.7,4.6,-3.6,992.0,-3.5,97.0,-3.9
2024-12-31 07:00:00,3,3.6,4.5,-3.9,992.1,-3.8,97.8,-4.1
2024-12-31 08:00:00,3,3.4,4.3,-4.4,992.2,-4.2,95.6,-4.8
2024-12-31 09:00:00,    3,   3.4,   4.2,  -4.3,  992.3,  -4.0,  93.4,  -4.9
2024-12-31 10:00:00,    3,   3.5,   4.4,  -3.9,  982.5,  -3.6,  94.2,  -4.4
2024-12-31 11:00:00,    3,   3.9,   4.9,  -2.3,  981.8,  -1.9,  91.5,  -3.1
2024-12-31 12:00:00,3,3.5,4.4,-1.7,991.1,-0.2,73.3,-4.4
2024-12-31 13:00:00,    3,   3.5,   4.5,  -0.7,  990.3,   1.4,  66.2,  -4.2
2024-12-31 14:00:00,    3,   3.7,   4.7,   0.0,  989.8,   2.1,  66.4,  -3.5
2024-12-31 15:00:00,    3,   3.9,   4.9,  -1.0,  989.7,   0.2,  79.6,  -2.9
2024-12-31 16:00:00,    3,   4.3,   5.4,  -0.3,  980.1,   0.6,  84.5,  -1.7
2024-12-31 17:00:00,3,3.8,4.8,-2.7,990.1,-2.3,92.8,-3.3
2024-12-31 18:00:00,3,3.7,4.6,-3.6,990.5,-3.6,99.3,-3.7
2024-12-31 19:00:00,    3,   4.0,   5.0,  -2.5,  980.6,  -2.4,  97.8,  -2.7
2024-12-31 20:00:00,    3,   3.7,   4.6,  -3.4,  980.6,  -3.2,  95.6,  -3.8
2024-12-31 21:00:00,    3,   3.3,   4.1,  -5.0,  980.5,  -4.9,  95.5,  -5.5
2024-12-31 22:00:00,3,3.4,4.2,-5.0,980.4,-5.0,98.5,-5.2
2024-12-31 23:00:00,    3,   4.2,   5.2,  -2.2,  990.8,  -2.2, 100.0,  -2.2
2025-01-01 00:00:00,    3,   4.1,   5.1,  -2.4,  990.3,  -2.4, 100.0,  -2.4
2025-01-01 01:00:00,3,3.5,4.4,-4.5,980.3,-4.5,100.0,-4.5
2025-01-01 02:00:00,3,3.8,4.7,-3.5,989.3,-3.4,98.5,-3.6
2025-01-01 03:00:00,3,3.7,4.5,-3.9,988.9,-3.8,98.5,-4.0
2025-01-01 04:00:00,3,3.2,4.0,-5.4,979.3,-5.6,99.2,-5.7
2025-01-01 05:00:00,    3,   3.5,   4.4,  -4.2,  987.4,  -4.0,  96.3,  -4.5
2025-01-01 06:00:00,    3,   3.0,   3.7,  -6.2,  977.6,  -6.4,  97.7,  -6.7
2025-01-01 07:00:00,    3,   3.1,   3.8,  -6.0,  977.6,  -6.2,  99.2,  -6.3
2025-01-01 08:00:00,    3,   3.4,   4.3,  -3.8,  986.5,  -3.2,  88.7,  -4.8
2025-01-01 09:00:00,    3,   3.5,   4.4,  -2.8,  986.2,  -2.0,  83.6,  -4.4
2025-01-01 10:00:00,    3,   3.6,   4.5,  -1.6,  986.0,  -0.2,  74.9,  -4.1
2025-01-01 11:00:00,    3,   4.2,   5.3,  -1.5,  976.0,  -1.2,  95.0,  -1.9
2025-01-01 12:00:00,3,4.0,5.1,2.0,984.1,5.0,58.7,-2.4
2025-01-01 13:00:00,3,4.0,5.2,3.5,983.2,7.5,50.1,-2.2
2025-01-01 14:00:00,    3,   3.9,   5.1,   4.1,  981.9,   8.9,  44.5,  -2.5
2025-01-01 15:00:00,    3,   3.3,   4.4,   4.5,  972.3,  10.7,  34.0,  -4.5
2025-01-01 16:00:00,    3,   3.3,   4.3,   3.7,  972.4,   9.3,  36.8,  -4.7
2025-01-01 17:00:00,3,3.0,4.0,4.1,981.0,10.6,31.0,-5.8
2025-01-01 18:00:00,    3,   3.0,   4.0,   4.2,  980.6,  10.8,  30.6,  -5.8
2025-01-01 19:00:00,    3,   3.1,   4.1,   3.7,  980.5,   9.6,  34.2,  -5.4
2025-01-01 20:00:00,3,3.3,4.3,3.9,980.0,9.7,35.5,-4.8
2025-01-01 21:00:00,3,3.4,4.4,4.1,979.5,9.9,36.1,-4.4
2025-01-01 22:00:00,3,3.4,4.4,4.3,979.0,10.3,35.4,-4.3
2025-01-01 23:00:00,    3,   3.5,   4.5,   4.0,  978.5,   9.6,  37.7,  -4.1
2025-01-02 00:00:00,    3,   3.5,   4.6,   4.0,  968.6,   9.5,  38.8,  -3.8
2025-01-02 01:00:00,    3,   3.7,   4.9,   4.1,  967.9,   9.3,  41.4,  -3.1
2025-01-02 02:00:00,3,3.8,5.0,4.7,976.7,10.3,39.6,-2.8
2025-01-02 03:00:00,    3,   3.7,   4.9,   4.6,  976.1,  10.2,  39.3,  -3.0
2025-01-02 04:00:00,    3,   3.7,   4.9,   4.4,  975.5,   9.9,  39.8,  -3.1
2025-01-02 05:00:00,    3,   3.8,   4.9,   4.3,  975.2,   9.6,  41.2,  -2.9
2025-01-02 06:00:00,    3,   3.8,   4.9,   3.8,  965.7,   8.7,  43.5,  -3.0
2025-01-02 07:00:00,3,3.8,5.0,4.2,974.6,9.3,42.7,-2.7
2025-01-02 08:00:00,3,4.0,5.2,4.5,974.5,9.5,43.4,-2.3
2025-01-02 09:00:00,    3,   4.4,   5.7,   4.4,  966.0,   8.6,  51.1,  -0.9
2025-01-02 10:00:00,    3,   4.8,   6.3,   5.1,  965.6,   8.9,  55.1,   0.4
2025-01-02 11:00:00,    3,   5.7,   7.3,   4.8,  965.6,   6.8,  74.0,   2.5
2025-01-02 12:00:00,3,6.1,7.9,4.6,965.3,5.5,87.5,3.6
2025-01-02 13:00:00,    3,   6.0,   7.7,   4.1,  974.5,   4.9,  88.7,   3.2
2025-01-02 14:00:00,    3,   5.8,   7.4,   3.3,  974.6,   3.8,  92.5,   2.7
2025-01-02 15:00:00,    3,   5.4,   6.9,   2.2,  965.6,   2.7,  92.4,   1.6
2025-01-02 16:00:00,3,4.9,6.2,0.5,975.5,0.7,97.1,0.3
2025-01-02 17:00:00,3,4.9,6.2,0.2,976.4,0.3,98.6,0.1
2025-01-02 18:00:00,3,4.9,6.2,0.3,967.4,0.3,99.3,0.2
2025-01-02 19:00:00,    3,   4.9,   6.2,   0.3,  978.0,   0.4,  97.8,   0.1
2025-01-02 20:00:00,    3,   4.8,   6.1,   0.3,  969.0,   0.5,  96.4,   0.0
2025-01-02 21:00:00,    3,   4.7,   6.0,   0.2,  969.8,   0.5,  94.3,  -0.3
2025-01-02 22:00:00,    3,   4.8,   6.1,   0.2,  980.0,   0.4,  97.1,   0.0
2025-01-02 23:00:00,    3,   4.8,   6.1,   0.3,  980.9,   0.6,  95.0,  -0.1
2025-01-03 00:00:00,    3,   4.9,   6.2,   0.5,  981.3,   0.7,  95.7,   0.1
2025-01-03 01:00:00,    3,   4.7,   6.0,   0.1,  972.0,   0.4,  95.0,  -0.3
2025-01-03 02:00:00,3,4.7,5.9,0.4,981.8,1.0,90.3,-0.4
2025-01-03 03:00:00,3,4.7,5.9,0.3,981.8,0.9,90.3,-0.5
2025-01-03 04:00:00,    3,   4.5,   5.7,   0.0,  972.3,   0.7,  88.3,  -1.0
2025-01-03 05:00:00,    3,   4.2,   5.2,  -1.4,  972.2,  -0.9,  91.5,  -2.1
2025-01-03 06:00:00,    3,   4.2,   5.3,  -0.8,  972.4,  -0.1,  87.6,  -1.9
2025-01-03 07:00:00,    3,   4.1,   5.2,  -1.1,  972.8,  -0.4,  87.6,  -2.2
2025-01-03 08:00:00,3,4.1,5.2,-1.2,973.1,-0.6,88.2,-2.3
2025-01-03 09:00:00,    3,   4.2,   5.3,  -0.3,  982.8,   0.7,  82.7,  -1.9
2025-01-03 10:00:00,    3,   4.3,   5.4,  -0.1,  983.3,   0.9,  82.7,  -1.7
2025-01-03 11:00:00,3,4.0,5.1,-0.3,983.1,1.0,78.0,-2.4
2025-01-03 12:00:00,3,4.0,5.1,-0.3,982.8,1.1,77.4,-2.4
2025-01-03 13:00:00,3,3.7,4.6,-0.5,982.5,1.4,68.8,-3.7
2025-01-03 14:00:00,    3,   3.5,   4.4,  -0.8,  982.2,   1.3,  65.2,  -4.5
2025-01-03 15:00:00,    3,   3.5,   4.4,  -1.2,  973.2,   0.6,  69.6,  -4.3
2025-01-03 16:00:00,    3,   3.6,   4.5,  -2.1,  973.8,  -1.0,  79.4,  -4.1
2025-01-03 17:00:00,3,3.6,4.5,-1.8,983.9,-0.5,76.0,-4.2
2025-01-03 18:00:00,    3,   3.6,   4.5,  -2.2,  984.3,  -1.1,  80.0,  -4.1
2025-01-03 19:00:00,    3,   3.6,   4.5,  -2.5,  985.0,  -1.6,  82.4,  -4.2
2025-01-03 20:00:00,    3,   3.2,   4.0,  -4.7,  975.6,  -4.1,  87.9,  -5.8
2025-01-03 21:00:00,3,3.5,4.3,-2.8,985.2,-1.8,81.1,-4.6
2025-01-03 22:00:00,3,3.3,4.1,-3.2,985.2,-2.1,78.7,-5.3
2025-01-03 23:00:00,    3,   3.3,   4.1,  -4.2,  976.1,  -3.6,  86.6,  -5.5
2025-01-04 00:00:00,    3,   3.3,   4.1,  -3.8,  976.0,  -2.9,  82.2,  -5.5
2025-01-04 01:00:00,    3,   3.2,   3.9,  -4.5,  975.9,  -3.9,  86.0,  -5.9
2025-01-04 02:00:00,3,3.0,3.8,-5.0,975.9,-4.3,84.6,-6.5
2025-01-04 03:00:00,    3,   3.2,   3.9,  -4.1,  985.5,  -3.2,  81.6,  -5.9
2025-01-04 04:00:00,    3,   3.2,   3.9,  -4.5,  985.4,  -3.9,  86.0,  -5.9
2025-01-04 05:00:00,3,2.6,3.2,-7.1,975.5,-6.9,88.3,-8.5
2025-01-04 06:00:00,3,3.1,3.8,-4.6,984.7,-3.8,82.7,-6.3
2025-01-04 07:00:00,3,3.1,3.9,-4.6,984.4,-3.9,85.3,-6.0
2025-01-04 08:00:00,3,3.0,3.7,-5.6,974.5,-5.4,91.2,-6.6
2025-01-04 09:00:00,    3,   3.2,   4.0,  -3.9,  983.9,  -3.1,  82.8,  -5.6
2025-01-04 10:00:00,    3,   3.2,   4.0,  -3.2,  974.2,  -1.8,  74.1,  -5.8
2025-01-04 11:00:00,    3,   3.2,   4.0,  -3.0,  973.3,  -1.7,  74.7,  -5.6
2025-01-04 12:00:00,    3,   3.3,   4.2,  -2.0,  981.8,  -0.4,  70.5,  -5.1
2025-01-04 13:00:00,    3,   3.3,   4.2,  -1.7,  981.2,   0.2,  67.5,  -5.1
2025-01-04 14:00:00,    3,   3.5,   4.4,  -1.4,  980.4,   0.4,  69.6,  -4.5
2025-01-04 15:00:00,    3,   3.8,   4.8,  -1.5,  970.2,  -0.5,  81.9,  -3.2
2025-01-04 16:00:00,3,3.7,4.7,-1.5,979.3,-0.4,79.5,-3.5
2025-01-04 17:00:00,3,3.8,4.8,-1.6,979.1,-0.6,82.5,-3.2
2025-01-04 18:00:00,    3,   3.8,   4.8,  -1.7,  978.4,  -0.8,  83.1,  -3.3
2025-01-04 19:00:00,    3,   3.6,   4.5,  -2.3,  968.4,  -1.2,  80.0,  -4.2
2025-01-04 20:00:00,    3,   3.7,   4.6,  -2.1,  967.7,  -1.1,  81.8,  -3.8
2025-01-04 21:00:00,    3,   3.7,   4.7,  -2.0,  967.0,  -1.1,  83.1,  -3.6
2025-01-04 22:00:00,3,3.9,4.9,-1.9,966.5,-1.2,87.5,-3.0
2025-01-04 23:00:00,    3,   3.7,   4.6,  -1.9,  975.2,  -0.9,  81.3,  -3.7
2025-01-05 00:00:00,    3,   4.0,   5.0,  -1.7,  974.2,  -1.1,  89.5,  -2.6
2025-01-05 01:00:00,3,4.3,5.4,-1.5,973.1,-1.4,98.5,-1.6
2025-01-05 02:00:00,3,4.4,5.5,-1.3,971.4,-1.3,99.3,-1.4
2025-01-05 03:00:00,3,4.6,5.8,-0.8,970.1,-0.8,100.0,-0.8
2025-01-05 04:00:00,    3,   4.7,   5.9,  -0.5,  969.0,  -0.5, 100.0,  -0.5
2025-01-05 05:00:00,    3,   4.7,   5.9,  -0.3,  958.6,  -0.3,  99.3,  -0.4
2025-01-05 06:00:00,    3,   4.9,   6.2,   0.4,  958.2,   0.4,  99.3,   0.3
2025-01-05 07:00:00,    3,   5.2,   6.6,   1.2,  966.6,   1.3,  98.6,   1.1
2025-01-05 08:00:00,    3,   5.9,   7.6,   3.3,  966.2,   3.6,  95.8,   3.0
2025-01-05 09:00:00,    3,   6.4,   8.3,   4.5,  966.0,   4.8,  95.9,   4.2
2025-01-05 10:00:00,    3,   7.0,   9.0,   6.2,  966.2,   7.0,  90.1,   5.5
2025-01-05 11:00:00,    3,   7.5,   9.8,   7.7,  957.1,   8.9,  85.5,   6.6
2025-01-05 12:00:00,3,8.0,10.5,9.1,965.4,10.7,81.7,7.7
2025-01-05 13:00:00,3,8.3,10.9,9.9,964.8,12.0,77.5,8.2
2025-01-05 14:00:00,    3,   8.0,  10.5,   9.2,  955.7,  10.9,  80.6,   7.7
2025-01-05 15:00:00,    3,   8.1,  10.7,   9.1,  955.5,  10.6,  83.3,   7.9
2025-01-05 16:00:00,    3,   7.8,  10.2,   8.8,  955.3,  10.4,  81.1,   7.3
2025-01-05 17:00:00,3,7.5,9.9,8.5,954.6,10.5,77.8,6.8
2025-01-05 18:00:00,    3,   7.6,  10.0,   9.0,  963.4,  11.3,  74.8,   7.0
2025-01-05 19:00:00,    3,   7.2,   9.5,   8.9,  962.9,  11.8,  68.5,   6.2
2025-01-05 20:00:00,    3,   6.9,   9.1,   7.9,  953.8,  10.4,  72.1,   5.6
2025-01-05 21:00:00,3,6.6,8.7,8.2,962.3,11.7,63.0,4.9
2025-01-05 22:00:00,3,6.6,8.6,7.6,962.3,10.5,67.7,4.8
2025-01-05 23:00:00,    3,   6.6,   8.6,   6.7,  962.2,   8.6,  77.0,   4.8
2025-01-06 00:00:00,    3,   6.0,   7.6,   3.7,  953.0,   4.2,  92.5,   3.1
2025-01-06 01:00:00,    3,   5.5,   7.1,   3.3,  952.6,   4.3,  85.5,   2.1
2025-01-06 02:00:00,    3,   6.0,   7.8,   5.2,  961.2,   6.9,  78.3,   3.4
2025-01-06 03:00:00,    3,   5.8,   7.5,   5.5,  960.7,   8.0,  69.6,   2.8
2025-01-06 04:00:00,    3,   5.7,   7.3,   4.4,  960.7,   6.0,  78.2,   2.5
2025-01-06 05:00:00,    3,   5.4,   6.9,   2.5,  951.3,   3.2,  89.2,   1.6
2025-01-06 06:00:00,3,5.6,7.3,4.7,960.1,6.8,73.4,2.4
2025-01-06 07:00:00,3,5.5,7.1,4.6,960.0,6.7,72.4,2.1
2025-01-06 08:00:00,    3,   5.5,   7.1,   4.3,  959.8,   6.2,  74.4,   2.0
2025-01-06 09:00:00,    3,   5.4,   6.9,   2.6,  950.8,   3.4,  87.9,   1.6
2025-01-06 10:00:00,    3,   6.1,   7.9,   5.6,  950.5,   7.6,  75.7,   3.6
2025-01-06 11:00:00,    3,   5.9,   7.7,   6.7,  950.1,  10.1,  62.1,   3.2
2025-01-06 12:00:00,3,5.9,7.8,8.8,958.2,14.3,47.8,3.4
2025-01-06 13:00:00,    3,   5.7,   7.5,   8.9,  957.5,  14.9,  44.4,   2.9
2025-01-06 14:00:00,    3,   5.8,   7.7,   9.0,  957.5,  15.0,  45.0,   3.2
2025-01-06 15:00:00,3,6.1,8.0,8.4,949.1,13.2,52.8,3.8
2025-01-06 16:00:00,3,6.6,8.7,8.4,949.8,12.2,60.9,4.9
2025-01-06 17:00:00,3,7.0,9.2,8.8,959.7,12.0,65.7,5.8
2025-01-06 18:00:00,    3,   8.1,  10.6,   8.7,  961.5,   9.8,  87.3,   7.8
2025-01-06 19:00:00,    3,   7.6,   9.9,   7.6,  953.3,   8.5,  89.0,   6.8
2025-01-06 20:00:00,    3,   6.9,   8.9,   6.6,  954.2,   8.0,  83.0,   5.3
2025-01-06 21:00:00,3,6.8,8.8,6.2,964.0,7.2,86.5,5.1
2025-01-06 22:00:00,    3,   6.6,   8.5,   5.8,  964.8,   6.9,  85.2,   4.6
2025-01-06 23:00:00,    3,   6.4,   8.3,   5.5,  965.5,   6.8,  83.4,   4.2
2025-01-07 00:00:00,    3,   6.4,   8.3,   5.4,  965.8,   6.4,  86.4,   4.3
2025-01-07 01:00:00,    3,   6.2,   8.0,   4.8,  956.9,   5.9,  85.7,   3.7
2025-01-07 02:00:00,3,5.8,7.5,5.0,966.3,6.8,76.1,2.9
2025-01-07 03:00:00,3,5.3,6.9,4.2,966.1,6.4,71.3,1.6
2025-01-07 04:00:00,    3,   5.2,   6.7,   3.5,  957.3,   5.4,  74.2,   1.2
2025-01-07 05:00:00,    3,   5.1,   6.6,   3.2,  957.2,   4.9,  75.8,   1.0
2025-01-07 06:00:00,    3,   4.9,   6.3,   2.8,  957.3,   4.7,  73.6,   0.4
2025-01-07 07:00:00,3,4.9,6.3,3.2,966.5,5.4,70.6,0.5
2025-01-07 08:00:00,    3,   5.5,   7.0,   3.6,  967.6,   5.0,  80.3,   1.9
2025-01-07 09:00:00,    3,   5.3,   6.9,   3.4,  967.6,   4.9,  79.1,   1.6
2025-01-07 10:00:00,3,5.4,7.0,2.8,959.1,3.7,87.3,1.8
2025-01-07 11:00:00,3,5.0,6.5,3.6,967.7,5.8,70.1,0.8
2025-01-07 12:00:00,3,5.2,6.8,3.8,968.0,5.7,73.8,1.4
2025-01-07 13:00:00,3,4.1,5.3,3.1,968.2,6.8,53.7,-1.9
2025-01-07 14:00:00,    3,   4.4,   5.6,   3.4,  968.6,   6.8,  57.0,  -1.1
2025-01-07 15:00:00,    3,   4.6,   5.9,   2.6,  960.2,   4.9,  68.4,  -0.4
2025-01-07 16:00:00,    3,   4.7,   6.1,   2.3,  960.1,   4.2,  73.5,  -0.1
2025-01-07 17:00:00,    3,   4.5,   5.8,   2.3,  969.4,   4.5,  68.9,  -0.7
2025-01-07 18:00:00,    3,   4.6,   5.9,   2.2,  969.6,   4.2,  71.4,  -0.5
2025-01-07 19:00:00,    3,   4.6,   5.9,   2.1,  970.0,   3.9,  72.9,  -0.5
2025-01-07 20:00:00,    3,   4.6,   5.8,   1.0,  961.3,   2.2,  81.1,  -0.7
2025-01-07 21:00:00,3,4.7,6.0,1.9,970.0,3.6,75.5,-0.3
2025-01-07 22:00:00,3,4.7,6.0,1.7,969.5,3.1,78.8,-0.2
2025-01-07 23:00:00,    3,   4.8,   6.1,   2.1,  969.1,   3.7,  76.7,   0.0
2025-01-08 00:00:00,    3,   5.3,   6.8,   2.4,  959.6,   3.1,  89.2,   1.5
2025-01-08 01:00:00,    3,   5.4,   6.9,   2.2,  959.2,   2.6,  93.1,   1.6
2025-01-08 02:00:00,3,5.4,6.9,2.0,959.0,2.3,95.8,1.7
2025-01-08 03:00:00,    3,   5.5,   7.1,   2.2,  968.3,   2.4,  97.2,   2.0
2025-01-08 04:00:00,    3,   5.5,   7.1,   2.2,  968.4,   2.3,  97.9,   2.0
2025-01-08 05:00:00,3,5.4,6.8,1.8,959.7,2.0,96.5,1.5
2025-01-08 06:00:00,3,5.2,6.6,1.4,960.1,1.7,95.8,1.1
2025-01-08 07:00:00,3,5.4,6.8,1.9,969.7,2.2,95.1,1.5
2025-01-08 08:00:00,    3,   5.4,   6.8,   1.9,  970.2,   2.2,  95.1,   1.5
2025-01-08 09:00:00,    3,   5.3,   6.8,   1.6,  961.2,   1.8,  97.2,   1.4
2025-01-08 10:00:00,    3,   5.2,   6.6,   1.7,  961.2,   2.2,  92.4,   1.1
2025-01-08 11:00:00,    3,   5.5,   7.0,   2.4,  970.1,   2.8,  93.8,   1.9
2025-01-08 12:00:00,    3,   5.4,   6.9,   1.9,  969.5,   2.2,  95.8,   1.6
2025-01-08 13:00:00,    3,   5.2,   6.6,   1.3,  968.8,   1.5,  97.2,   1.1
2025-01-08 14:00:00,    3,   4.9,   6.2,   0.4,  968.3,   0.5,  98.6,   0.3
2025-01-08 15:00:00,    3,   5.0,   6.4,   0.6,  958.5,   0.6, 100.0,   0.6
2025-01-08 16:00:00,3,5.3,6.7,1.4,967.0,1.5,98.6,1.3
2025-01-08 17:00:00,3,5.4,6.8,1.6,966.2,1.7,98.6,1.5
2025-01-08 18:00:00,    3,   5.4,   6.8,   1.6,  956.1,   1.6,  99.3,   1.5
2025-01-08 19:00:00,    3,   5.3,   6.7,   1.3,  956.1,   1.4,  98.6,   1.2
2025-01-08 20:00:00,    3,   5.4,   6.8,   1.6,  955.7,   1.6,  99.3,   1.5
2025-01-08 21:00:00,3,5.3,6.7,1.4,955.4,1.5,97.9,1.2
2025-01-08 22:00:00,    3,   5.9,   7.5,   3.2,  963.6,   3.4,  96.5,   2.9
2025-01-08 23:00:00,    3,   6.1,   7.7,   3.6,  963.8,   3.9,  95.8,   3.3
2025-01-09 00:00:00,    3,   7.4,   9.7,   7.5,  955.3,   8.6,  86.6,   6.5
2025-01-09 01:00:00,3,7.4,9.6,6.8,964.3,7.3,93.3,6.3
2025-01-09 02:00:00,3,7.3,9.5,7.7,964.4,9.3,80.9,6.2
2025-01-09 03:00:00,3,7.1,9.2,7.0,964.6,8.3,84.2,5.8
2025-01-09 04:00:00,    3,   7.1,   9.2,   6.8,  964.2,   8.0,  85.4,   5.7
2025-01-09 05:00:00,    3,   6.6,   8.6,   6.4,  954.5,   7.9,  80.7,   4.8
2025-01-09 06:00:00,    3,   6.5,   8.5,   6.1,  954.3,   7.5,  81.8,   4.6
2025-01-09 07:00:00,    3,   6.7,   8.7,   6.2,  962.7,   7.5,  83.5,   4.9
2025-01-09 08:00:00,    3,   6.6,   8.6,   6.4,  962.4,   8.0,  80.2,   4.8
2025-01-09 09:00:00,    3,   6.9,   9.0,   7.2,  962.0,   9.1,  77.6,   5.4
2025-01-09 10:00:00,    3,   6.8,   9.0,   8.1,  952.8,  11.1,  67.8,   5.4
2025-01-09 11:00:00,3,7.4,9.8,9.4,960.8,12.7,66.3,6.6
2025-01-09 12:00:00,3,7.2,9.6,9.4,960.0,12.9,64.1,6.3
2025-01-09 13:00:00,    3,   7.2,   9.5,   8.8,  950.7,  11.7,  68.9,   6.2
2025-01-09 14:00:00,    3,   7.4,   9.7,   8.7,  950.7,  11.2,  72.7,   6.5
2025-01-09 15:00:00,    3,   7.6,   9.9,   8.5,  950.8,  10.4,  78.3,   6.8
2025-01-09 16:00:00,    3,   6.5,   8.4,   5.9,  953.3,   7.3,  81.8,   4.4
2025-01-09 17:00:00,3,4.8,6.2,1.1,958.3,1.8,88.4,0.1
2025-01-09 18:00:00,    3,   4.4,   5.6,   0.6,  970.8,   1.8,  80.4,  -1.2
2025-01-09 19:00:00,    3,   4.4,   5.6,   0.6,  972.8,   1.9,  79.3,  -1.3
2025-01-09 20:00:00,3,4.2,5.3,0.3,965.6,1.7,76.9,-1.9
2025-01-09 21:00:00,3,4.0,5.1,-0.3,967.7,1.0,78.0,-2.4
2025-01-09 22:00:00,3,4.1,5.2,0.1,978.1,1.7,74.7,-2.3
2025-01-09 23:00:00,    3,   4.1,   5.2,   0.2,  979.4,   1.7,  75.8,  -2.1
2025-01-10 00:00:00,    3,   4.1,   5.2,  -0.1,  971.1,   1.2,  78.0,  -2.2
2025-01-10 01:00:00,    3,   4.2,   5.4,  -0.2,  971.1,   0.9,  82.1,  -1.8
2025-01-10 02:00:00,3,4.1,5.2,-0.3,971.4,0.9,79.7,-2.2
2025-01-10 03:00:00,    3,   3.8,   4.9,  -0.1,  980.0,   1.7,  70.4,  -3.1
2025-01-10 04:00:00,    3,   3.9,   4.9,  -0.5,  980.0,   1.0,  75.1,  -2.9
2025-01-10 05:00:00,    3,   3.9,   4.9,  -1.1,  970.7,   0.1,  79.6,  -3.0
2025-01-10 06:00:00,3,3.9,4.9,-1.6,971.5,-0.8,85.0,-3.0
2025-01-10 07:00:00,3,3.9,5.0,-0.9,981.3,0.3,79.6,-2.8
2025-01-10 08:00:00,    3,   3.9,   4.9,  -1.1,  972.4,   0.0,  80.8,  -2.9
2025-01-10 09:00:00,    3,   3.9,   5.0,  -0.4,  972.6,   1.0,  75.7,  -2.8
2025-01-10 10:00:00,    3,   4.0,   5.1,   0.1,  972.5,   1.8,  73.1,  -2.5
2025-01-10 11:00:00,3,4.0,5.0,0.6,972.4,2.7,68.0,-2.6
2025-01-10 12:00:00,    3,   3.7,   4.7,   0.7,  981.3,   3.4,  60.0,  -3.6
2025-01-10 13:00:00,    3,   3.5,   4.5,   0.7,  981.1,   3.8,  55.8,  -4.2
2025-01-10 14:00:00,    3,   3.6,   4.6,   0.4,  971.6,   3.0,  60.4,  -3.9
2025-01-10 15:00:00,3,3.5,4.5,0.2,981.1,2.9,59.5,-4.2
2025-01-10 16:00:00,3,3.9,5.0,0.0,981.2,1.8,71.4,-2.8
2025-01-10 17:00:00,3,4.0,5.1,-0.1,981.2,1.4,75.8,-2.4
2025-01-10 18:00:00,    3,   4.0,   5.0,  -0.4,  981.5,   1.1,  75.7,  -2.7
2025-01-10 19:00:00,    3,   3.8,   4.8,  -1.2,  972.2,   0.0,  79.0,  -3.2
2025-01-10 20:00:00,    3,   3.8,   4.8,  -2.1,  972.3,  -1.3,  85.6,  -3.4
2025-01-10 21:00:00,    3,   3.9,   5.0,  -1.4,  982.0,  -0.5,  84.4,  -2.8
2025-01-10 22:00:00,    3,   4.0,   5.0,  -1.4,  982.1,  -0.6,  85.7,  -2.7
2025-01-10 23:00:00,    3,   4.0,   5.1,  -1.7,  982.2,  -1.2,  90.9,  -2.5
2025-01-11 00:00:00,    3,   3.6,   4.5,  -3.4,  972.8,  -3.0,  92.8,  -4.0
2025-01-11 01:00:00,3,4.1,5.1,-1.5,982.6,-0.9,89.5,-2.4
2025-01-11 02:00:00,3,4.1,5.1,-1.4,983.0,-0.8,88.9,-2.4
2025-01-11 03:00:00,    3,   4.0,   5.1,  -1.6,  983.2,  -1.1,  90.2,  -2.5
2025-01-11 04:00:00,    3,   3.2,   3.9,  -4.3,  974.0,  -3.5,  83.4,  -5.9
2025-01-11 05:00:00,    3,   3.5,   4.3,  -3.5,  974.5,  -2.9,  87.4,  -4.7
2025-01-11 06:00:00,    3,   3.5,   4.4,  -3.3,  974.9,  -2.6,  86.7,  -4.5
2025-01-11 07:00:00,3,3.8,4.8,-1.8,984.9,-1.0,85.0,-3.2
2025-01-11 08:00:00,    3,   3.9,   4.9,  -1.6,  985.7,  -0.8,  85.0,  -3.0
2025-01-11 09:00:00,    3,   4.0,   5.0,  -1.1,  985.9,  -0.2,  83.2,  -2.7
2025-01-11 10:00:00,3,4.0,5.0,-1.1,976.8,-0.1,82.6,-2.7
2025-01-11 11:00:00,3,3.9,4.9,-1.2,977.0,-0.2,82.0,-2.9
2025-01-11 12:00:00,3,3.9,4.9,-1.2,986.8,-0.1,80.2,-3.1
2025-01-11 13:00:00,    3,   3.9,   4.9,  -1.1,  986.9,   0.0,  80.8,  -2.9
2025-01-11 14:00:00,    3,   3.7,   4.7,  -1.4,  977.8,  -0.2,  77.8,  -3.6
2025-01-11 15:00:00,    3,   3.8,   4.8,  -1.4,  978.5,  -0.2,  79.0,  -3.4
2025-01-11 16:00:00,    3,   3.6,   4.6,  -1.8,  988.7,  -0.6,  78.3,  -3.9
2025-01-11 17:00:00,    3,   3.7,   4.7,  -1.8,  989.6,  -0.7,  80.7,  -3.6
2025-01-11 18:00:00,    3,   3.7,   4.6,  -1.6,  990.3,  -0.4,  78.3,  -3.7
2025-01-11 19:00:00,    3,   3.6,   4.6,  -2.0,  990.7,  -1.0,  80.6,  -3.9
2025-01-11 20:00:00,    3,   3.4,   4.2,  -3.3,  981.5,  -2.5,  83.5,  -4.9
2025-01-11 21:00:00,3,3.6,4.6,-2.4,991.4,-1.5,83.7,-3.9
2025-01-11 22:00:00,3,3.7,4.6,-2.6,991.8,-1.9,86.2,-3.9
2025-01-11 23:00:00,    3,   3.6,   4.5,  -2.9,  982.5,  -2.2,  86.8,  -4.1
2025-01-12 00:00:00,    3,   3.6,   4.5,  -2.7,  982.8,  -1.9,  84.2,  -4.2
2025-01-12 01:00:00,    3,   3.5,   4.4,  -2.6,  983.0,  -1.7,  82.4,  -4.3
2025-01-12 02:00:00,3,3.6,4.5,-2.2,983.4,-1.1,80.0,-4.1
2025-01-12 03:00:00,    3,   3.8,   4.8,  -1.6,  993.6,  -0.6,  81.9,  -3.3
2025-01-12 04:00:00,    3,   3.8,   4.8,  -1.4,  993.9,  -0.4,  81.3,  -3.2
2025-01-12 05:00:00,    3,   3.8,   4.7,  -1.9,  984.7,  -1.0,  83.1,  -3.5
2025-01-12 06:00:00,3,3.9,4.9,-1.6,985.3,-0.7,83.8,-3.1
2025-01-12 07:00:00,3,4.0,5.0,-1.3,996.1,-0.6,86.3,-2.6
2025-01-12 08:00:00,    3,   4.0,   5.1,  -1.4,  997.1,  -0.7,  87.6,  -2.5
2025-01-12 09:00:00,    3,   4.0,   5.0,  -1.3,  987.9,  -0.5,  85.0,  -2.7
2025-01-12 10:00:00,    3,   3.8,   4.8,  -1.4,  988.5,  -0.3,  80.1,  -3.3
2025-01-12 11:00:00,    3,   3.0,   3.8,  -1.5,  998.0,   1.1,  57.3,  -6.4
2025-01-12 12:00:00,    3,   3.0,   3.8,  -1.3,  997.8,   1.4,  55.6,  -6.5
2025-01-12 13:00:00,    3,   3.1,   3.9,  -1.0,  997.5,   1.7,  57.0,  -5.9
2025-01-12 14:00:00,    3,   3.1,   4.0,  -1.6,  988.2,   0.7,  61.7,  -5.8
2025-01-12 15:00:00,3,3.4,4.3,-1.0,998.3,1.0,66.1,-4.6
2025-01-12 16:00:00,3,3.5,4.4,-1.4,998.3,0.2,71.2,-4.4
2025-01-12 17:00:00,    3,   3.4,   4.3,  -1.7,  999.0,  -0.1,  71.1,  -4.7
2025-01-12 18:00:00,3,3.4,4.3,-1.7,989.5,-0.1,71.1,-4.7
2025-01-12 19:00:00,3,3.5,4.4,-1.8,999.8,-0.4,74.9,-4.3
2025-01-12 20:00:00,3,3.5,4.3,-2.2,1000.7,-0.9,75.9,-4.6
2025-01-12 21:00:00,    3,   3.5,   4.4,  -2.1, 1001.4,  -0.8,  76.0,  -4.5
2025-01-12 22:00:00,    3,   3.4,   4.3,  -2.5,  991.4,  -1.4,  78.2,  -4.7
2025-01-12 23:00:00,3,3.5,4.4,-2.6,991.3,-1.6,81.2,-4.4
2025-01-13 00:00:00,    3,   3.4,   4.3,  -3.1, 1001.2,  -2.3,  83.6,  -4.7
2025-01-13 01:00:00,    3,   3.5,   4.4,  -3.5, 1001.1,  -3.0,  89.4,  -4.5
2025-01-13 02:00:00,    3,   3.1,   3.8,  -4.9,  991.5,  -4.3,  86.6,  -6.2
2025-01-13 03:00:00,3,3.4,4.2,-4.7,1001.2,-4.5,96.3,-5.0
2025-01-13 04:00:00,3,3.1,3.8,-5.5,1001.4,-5.5,94.1,-6.3
2025-01-13 05:00:00,3,3.2,4.0,-5.2,1002.1,-5.3,97.0,-5.7
2025-01-13 06:00:00,    3,   3.1,   3.8,  -5.8,  991.4,  -5.9,  97.0,  -6.3
2025-01-13 07:00:00,    3,   3.0,   3.7,  -6.0, 1001.4,  -6.0,  94.8,  -6.7
2025-01-13 08:00:00,    3,   3.0,   3.7,  -5.9,  991.6,  -5.8,  93.3,  -6.7
2025-01-13 09:00:00,3,3.1,3.9,-4.7,992.2,-4.1,85.9,-6.1
2025-01-13 10:00:00,    3,   3.1,   3.8,  -3.9,  992.4,  -2.7,  76.2,  -6.3
2025-01-13 11:00:00,3,3.0,3.8,-3.4,1002.5,-2.0,71.8,-6.4
2025-01-13 12:00:00,3,2.9,3.7,-3.7,1002.5,-2.3,71.2,-6.8
2025-01-13 13:00:00,    3,   3.0,   3.7,  -3.9,  991.6,  -2.5,  72.8,  -6.7
2025-01-13 14:00:00,    3,   2.8,   3.6,  -3.5,  991.4,  -1.8,  66.5,  -7.2
2025-01-13 15:00:00,3,2.8,3.5,-3.0,1001.1,-1.0,62.2,-7.3
2025-01-13 16:00:00,    3,   2.9,   3.6,  -3.2, 1001.2,  -1.4,  65.6,  -7.0
2025-01-13 17:00:00,3,2.9,3.6,-4.2,991.2,-2.9,73.9,-6.9
2025-01-13 18:00:00,3,3.1,3.8,-4.2,990.8,-3.2,79.7,-6.2
2025-01-13 19:00:00,    3,   3.0,   3.7,  -4.8,  990.3,  -3.9,  81.5,  -6.6
2025-01-13 20:00:00,    3,   2.9,   3.6,  -4.4,  999.6,  -3.2,  75.5,  -6.9
2025-01-13 21:00:00,    3,   2.8,   3.4,  -5.8,  989.4,  -5.3,  83.2,  -7.7
2025-01-13 22:00:00,    3,   2.9,   3.6,  -5.1,  989.5,  -4.5,  83.3,  -6.9
2025-01-13 23:00:00,3,3.0,3.8,-4.4,999.9,-3.4,79.7,-6.4
2025-01-14 00:00:00,3,3.0,3.8,-4.4,999.4,-3.5,80.3,-6.4
2025-01-14 01:00:00,    3,   3.1,   3.8,  -4.5,  998.7,  -3.6,  81.5,  -6.3
2025-01-14 02:00:00,    3,   2.9,   3.6,  -5.3,  988.4,  -4.8,  85.2,  -6.9
2025-01-14 03:00:00,    3,   3.1,   3.8,  -4.7,  988.3,  -4.0,  84.0,  -6.3
2025-01-14 04:00:00,3,2.9,3.6,-5.5,988.0,-5.1,86.5,-7.0
2025-01-14 05:00:00,    3,   3.0,   3.7,  -5.0,  997.8,  -4.3,  84.0,  -6.6
2025-01-14 06:00:00,    3,   2.9,   3.6,  -5.3,  997.2,  -4.8,  85.2,  -6.9
2025-01-14 07:00:00,3,3.0,3.7,-5.4,997.5,-5.2,89.9,-6.6
2025-01-14 08:00:00,    3,   2.9,   3.6,  -5.6,  987.6,  -5.2,  86.5,  -7.1
2025-01-14 09:00:00,3,3.0,3.7,-4.7,987.8,-3.7,79.6,-6.7
2025-01-14 10:00:00,3,3.2,4.1,-3.3,997.2,-2.2,78.1,-5.5
2025-01-14 11:00:00,    3,   3.4,   4.2,  -2.4,  986.9,  -1.0,  74.2,  -5.0
2025-01-14 12:00:00,3,3.2,4.0,-1.7,996.2,0.3,64.5,-5.6
2025-01-14 13:00:00,    3,   3.4,   4.2,  -1.1,  985.4,   1.1,  64.2,  -4.9
2025-01-14 14:00:00,    3,   3.3,   4.2,  -0.4,  985.4,   2.4,  57.1,  -5.2
2025-01-14 15:00:00,    3,   2.9,   3.7,  -0.9,  985.0,   2.2,  51.7,  -6.7
2025-01-14 16:00:00,    3,   3.1,   3.9,  -1.2,  985.3,   1.4,  58.2,  -5.9
2025-01-14 17:00:00,3,3.3,4.2,-1.7,994.9,0.1,68.5,-5.0
2025-01-14 18:00:00,3,3.3,4.1,-1.9,995.1,0.0,67.4,-5.3
2025-01-14 19:00:00,3,3.3,4.2,-2.3,994.6,-0.8,72.0,-5.2
2025-01-14 20:00:00,3,3.3,4.2,-3.2,995.1,-2.2,79.9,-5.2
2025-01-14 21:00:00,    3,   3.3,   4.2,  -3.3,  995.1,  -2.3,  80.5,  -5.2
2025-01-14 22:00:00,    3,   3.4,   4.3,  -3.1,  994.3,  -2.2,  82.9,  -4.7
2025-01-14 23:00:00,    3,   3.3,   4.2,  -3.3,  984.1,  -2.4,  81.7,  -5.1
2025-01-15 00:00:00,    3,   3.5,   4.4,  -2.4,  993.9,  -1.4,  80.6,  -4.3
2025-01-15 01:00:00,3,3.8,4.8,-1.8,983.6,-1.0,85.0,-3.2
2025-01-15 02:00:00,    3,   3.8,   4.8,  -1.9,  993.1,  -1.0,  83.7,  -3.4
2025-01-15 03:00:00,3,3.8,4.8,-1.7,992.9,-0.8,83.7,-3.2
2025-01-15 04:00:00,    3,   3.9,   4.9,  -1.6,  993.0,  -0.8,  84.4,  -3.1
2025-01-15 05:00:00,    3,   4.3,   5.4,  -1.4,  993.2,  -1.3,  97.1,  -1.7
2025-01-15 06:00:00,    3,   4.5,   5.6,  -1.1,  993.4,  -1.1,  99.3,  -1.2
2025-01-15 07:00:00,3,4.4,5.5,-1.2,983.8,-1.1,97.8,-1.4
2025-01-15 08:00:00,3,4.5,5.7,-0.8,983.5,-0.7,97.8,-1.0
2025-01-15 09:00:00,    3,   4.6,   5.8,  -0.4,  984.5,  -0.2,  97.1,  -0.6
2025-01-15 10:00:00,    3,   4.8,   6.0,   0.0,  984.8,   0.1,  97.8,  -0.2
2025-01-15 11:00:00,    3,   4.9,   6.2,   0.3,  984.7,   0.3, 100.0,   0.3
2025-01-15 12:00:00,3,5.0,6.4,0.7,994.1,0.7,99.3,0.6
2025-01-15 13:00:00,    3,   5.1,   6.4,   0.9,  993.8,   1.1,  97.1,   0.7
2025-01-15 14:00:00,    3,   5.1,   6.5,   1.1,  993.5,   1.3,  96.4,   0.8
2025-01-15 15:00:00,3,5.1,6.5,1.1,993.7,1.3,96.4,0.8
2025-01-15 16:00:00,    3,   5.1,   6.4,   0.7,  984.3,   0.7, 100.0,   0.7
2025-01-15 17:00:00,3,5.1,6.5,0.8,985.0,0.8,100.0,0.8
2025-01-15 18:00:00,    3,   5.1,   6.4,   0.7,  985.1,   0.7, 100.0,   0.7
2025-01-15 19:00:00,    3,   5.0,   6.4,   0.6,  995.1,   0.6, 100.0,   0.6
2025-01-15 20:00:00,    3,   5.0,   6.3,   0.4,  985.7,   0.4, 100.0,   0.4
2025-01-15 21:00:00,    3,   5.1,   6.4,   0.7,  995.7,   0.7, 100.0,   0.7
2025-01-15 22:00:00,3,5.1,6.4,0.7,995.8,0.7,100.0,0.7
2025-01-15 23:00:00,3,5.0,6.4,0.6,995.8,0.6,100.0,0.6
2025-01-16 00:00:00,    3,   5.0,   6.3,   0.4,  985.7,   0.4, 100.0,   0.4
2025-01-16 01:00:00,    3,   5.0,   6.3,   0.5,  995.5,   0.5, 100.0,   0.5
2025-01-16 02:00:00,    3,   4.9,   6.2,   0.3,  986.0,   0.3, 100.0,   0.3
2025-01-16 03:00:00,    3,   4.9,   6.2,   0.2,  986.1,   0.2, 100.0,   0.2
2025-01-16 04:00:00,    3,   4.9,   6.2,   0.3,  985.8,   0.4,  97.8,   0.1
2025-01-16 05:00:00,    3,   4.9,   6.2,   0.4,  986.0,   0.6,  97.1,   0.2
2025-01-16 06:00:00,3,4.8,6.1,0.5,986.2,0.9,93.7,0.0
2025-01-16 07:00:00,    3,   5.0,   6.3,   0.6,  996.4,   0.6,  99.3,   0.5
2025-01-16 08:00:00,3,4.9,6.2,0.5,996.9,0.6,97.8,0.3
2025-01-16 09:00:00,3,4.9,6.2,0.5,997.4,0.7,95.7,0.1
2025-01-16 10:00:00,    3,   5.0,   6.4,   1.8,  988.0,   2.6,  87.2,   0.7
2025-01-16 11:00:00,    3,   4.9,   6.2,   1.6,  987.9,   2.5,  85.3,   0.3
2025-01-16 12:00:00,3,5.0,6.4,2.1,987.5,3.2,83.6,0.7
2025-01-16 13:00:00,    3,   4.7,   6.0,   1.6,  987.2,   2.9,  79.4,  -0.3
2025-01-16 14:00:00,3,4.7,6.0,1.4,987.6,2.7,80.5,-0.3
2025-01-16 15:00:00,3,4.7,5.9,1.2,987.7,2.3,82.3,-0.4
2025-01-16 16:00:00,3,4.7,5.9,0.8,987.4,1.7,85.9,-0.4
2025-01-16 17:00:00,    3,   4.6,   5.8,   1.1,  997.3,   2.3,  80.5,  -0.7
2025-01-16 18:00:00,3,4.5,5.8,1.1,997.9,2.4,79.3,-0.8
2025-01-16 19:00:00,    3,   4.2,   5.4,  -0.9,  988.3,  -0.3,  89.6,  -1.8
2025-01-16 20:00:00,3,4.6,5.8,0.2,997.8,0.9,88.4,-0.8
2025-01-16 21:00:00,    3,   4.1,   5.2,  -1.5,  987.9,  -1.0,  91.5,  -2.2
2025-01-16 22:00:00,3,4.0,5.0,-1.8,988.1,-1.3,90.8,-2.6
2025-01-16 23:00:00,3,4.1,5.2,-2.0,988.1,-1.8,96.4,-2.3
2025-01-17 00:00:00,    3,   4.3,   5.4,  -1.4,  997.7,  -1.2,  96.4,  -1.7
2025-01-17 01:00:00,    3,   4.4,   5.5,  -1.2,  997.5,  -1.1,  97.1,  -1.5
2025-01-17 02:00:00,3,4.3,5.4,-1.4,997.3,-1.3,97.1,-1.7
2025-01-17 03:00:00,    3,   4.2,   5.2,  -1.9,  987.6,  -1.8,  97.8,  -2.1
2025-01-17 04:00:00,3,4.4,5.6,-0.6,997.4,-0.1,91.6,-1.3
2025-01-17 05:00:00,3,4.4,5.5,-1.1,997.4,-0.8,95.0,-1.5
2025-01-17 06:00:00,3,4.4,5.6,-0.7,997.7,-0.4,93.6,-1.3
2025-01-17 07:00:00,3,4.4,5.6,-0.8,988.5,-0.5,95.0,-1.2
2025-01-17 08:00:00,    3,   4.5,   5.7,  -0.2,  998.3,   0.3,  91.0,  -1.0
2025-01-17 09:00:00,    3,   4.6,   5.8,  -0.3,  988.9,   0.0,  94.3,  -0.8
2025-01-17 10:00:00,    3,   4.6,   5.8,  -0.1,  989.3,   0.3,  92.3,  -0.8
2025-01-17 11:00:00,    3,   4.4,   5.6,   0.1,  998.5,   1.0,  85.2,  -1.2
2025-01-17 12:00:00,    3,   4.4,   5.6,   0.3,  997.8,   1.2,  84.0,  -1.2
2025-01-17 13:00:00,    3,   4.5,   5.7,   0.5,  997.1,   1.4,  84.6,  -0.9
2025-01-17 14:00:00,    3,   4.5,   5.7,   0.6,  996.9,   1.6,  83.4,  -0.9
2025-01-17 15:00:00,    3,   4.5,   5.7,   0.1,  987.0,   0.8,  88.4,  -0.9
2025-01-17 16:00:00,3,4.5,5.7,0.5,996.4,1.5,84.0,-0.9
2025-01-17 17:00:00,3,4.5,5.8,0.5,996.8,1.3,85.8,-0.8
2025-01-17 18:00:00,    3,   4.5,   5.7,   0.4,  996.7,   1.2,  85.8,  -0.9
2025-01-17 19:00:00,    3,   4.5,   5.7,  -0.1,  986.8,   0.4,  90.3,  -1.0
2025-01-17 20:00:00,    3,   4.3,   5.4,  -0.3,  986.4,   0.6,  84.5,  -1.7
2025-01-17 21:00:00,    3,   4.5,   5.6,  -0.2,  986.2,   0.4,  89.6,  -1.1
2025-01-17 22:00:00,3,4.3,5.5,0.1,995.7,1.1,82.7,-1.5
2025-01-17 23:00:00,    3,   4.2,   5.4,  -0.1,  995.4,   1.0,  81.5,  -1.8
2025-01-18 00:00:00,    3,   4.3,   5.4,  -0.1,  994.6,   0.9,  82.7,  -1.7
2025-01-18 01:00:00,3,4.2,5.3,-0.2,994.4,0.9,81.5,-1.9
2025-01-18 02:00:00,3,4.2,5.3,-0.3,993.9,0.8,81.5,-2.0
2025-01-18 03:00:00,3,4.2,5.3,-0.3,993.5,0.8,81.5,-2.0
2025-01-18 04:00:00,    3,   4.2,   5.3,  -0.3,  993.2,   0.7,  82.1,  -2.0
2025-01-18 05:00:00,    3,   4.3,   5.4,  -0.5,  983.3,   0.2,  87.0,  -1.7
2025-01-18 06:00:00,    3,   4.1,   5.2,  -0.7,  983.1,   0.2,  84.5,  -2.1
2025-01-18 07:00:00,    3,   4.0,   5.1,  -0.5,  992.7,   0.6,  80.3,  -2.4
2025-01-18 08:00:00,3,4.1,5.2,-0.4,992.7,0.7,80.3,-2.3
2025-01-18 09:00:00,3,4.0,5.0,-0.5,992.6,0.8,77.9,-2.6
2025-01-18 10:00:00,3,4.0,5.0,-1.0,983.3,0.0,82.0,-2.7
2025-01-18 11:00:00,3,4.0,5.0,-0.3,992.6,1.1,76.3,-2.6
2025-01-18 12:00:00,    3,   4.0,   5.1,  -0.5,  982.4,   0.7,  79.7,  -2.4
2025-01-18 13:00:00,    3,   4.0,   5.1,   0.0,  991.6,   1.5,  74.7,  -2.5
2025-01-18 14:00:00,    3,   4.0,   5.1,   0.4,  990.6,   2.2,  71.5,  -2.4
2025-01-18 15:00:00,    3,   4.0,   5.1,  -0.3,  980.6,   1.0,  78.0,  -2.4
2025-01-18 16:00:00,    3,   4.1,   5.2,  -0.9,  980.6,  -0.1,  85.1,  -2.3
2025-01-18 17:00:00,    3,   4.0,   5.0,  -1.5,  980.6,  -0.8,  87.6,  -2.6
2025-01-18 18:00:00,    3,   4.0,   5.0,  -1.8,  980.5,  -1.3,  90.2,  -2.7
2025-01-18 19:00:00,    3,   3.7,   4.6,  -2.9,  980.1,  -2.4,  90.1,  -3.8
2025-01-18 20:00:00,3,3.8,4.8,-2.3,989.5,-1.8,90.1,-3.2
2025-01-18 21:00:00,3,3.6,4.5,-3.6,979.5,-3.4,95.6,-4.0
2025-01-18 22:00:00,    3,   3.8,   4.7,  -2.8,  988.6,  -2.4,  92.1,  -3.5
2025-01-18 23:00:00,    3,   3.7,   4.6,  -3.2,  988.0,  -2.8,  92.8,  -3.8
2025-01-19 00:00:00,    3,   3.5,   4.3,  -4.5,  978.0,  -4.4,  97.8,  -4.7
2025-01-19 01:00:00,    3,   3.5,   4.3,  -4.4,  977.4,  -4.2,  96.3,  -4.7
2025-01-19 02:00:00,    3,   3.6,   4.5,  -3.2,  986.4,  -2.8,  91.4,  -4.0
2025-01-19 03:00:00,    3,   3.0,   3.7,  -5.8,  976.0,  -5.8,  94.1,  -6.6
2025-01-19 04:00:00,    3,   2.9,   3.6,  -6.2,  975.6,  -6.1,  92.6,  -7.1
2025-01-19 05:00:00,3,3.5,4.4,-4.1,984.9,-3.9,96.3,-4.4
2025-01-19 06:00:00,    3,   3.1,   3.9,  -5.5,  975.1,  -5.5,  95.5,  -6.1
2025-01-19 07:00:00,    3,   3.1,   3.9,  -5.4,  974.7,  -5.4,  94.8,  -6.1
2025-01-19 08:00:00,    3,   3.2,   3.9,  -5.2,  974.8,  -5.1,  94.1,  -5.9
2025-01-19 09:00:00,    3,   3.6,   4.5,  -3.4,  984.1,  -3.0,  91.4,  -4.2
2025-01-19 10:00:00,    3,   3.4,   4.3,  -2.8,  974.4,  -1.7,  79.9,  -4.7
2025-01-19 11:00:00,    3,   3.7,   4.7,  -1.5,  973.7,  -0.3,  79.0,  -3.5
2025-01-19 12:00:00,3,3.7,4.7,-0.3,982.5,1.7,68.3,-3.5
2025-01-19 13:00:00,    3,   3.9,   4.9,   0.4,  982.0,   2.5,  67.4,  -2.9
2025-01-19 14:00:00,    3,   3.9,   5.0,   0.9,  981.7,   3.3,  64.2,  -2.8
2025-01-19 15:00:00,3,4.0,5.2,1.3,981.7,3.7,64.8,-2.3
2025-01-19 16:00:00,3,4.0,5.1,0.2,972.0,1.9,72.5,-2.5
2025-01-19 17:00:00,3,4.1,5.2,-0.4,981.8,0.7,80.3,-2.3
2025-01-19 18:00:00,    3,   4.1,   5.1,  -0.7,  972.4,   0.3,  82.0,  -2.4
2025-01-19 19:00:00,3,4.0,5.0,-1.4,972.3,-0.6,85.7,-2.7
2025-01-19 20:00:00,3,4.1,5.1,-1.8,972.6,-1.5,93.6,-2.4
2025-01-19 21:00:00,    3,   4.1,   5.1,  -1.5,  972.3,  -1.0,  90.2,  -2.4
2025-01-19 22:00:00,3,3.7,4.6,-3.7,981.8,-3.7,100.0,-3.7
2025-01-19 23:00:00,    3,   3.6,   4.5,  -3.9,  981.9,  -3.8,  97.8,  -4.1
2025-01-20 00:00:00,3,3.6,4.5,-3.4,972.0,-3.1,92.8,-4.1
2025-01-20 01:00:00,3,3.8,4.7,-3.5,971.9,-3.5,99.3,-3.6
2025-01-20 02:00:00,    3,   3.7,   4.6,  -3.9,  972.0,  -3.9, 100.0,  -3.9
2025-01-20 03:00:00,3,3.5,4.4,-4.5,971.8,-4.5,100.0,-4.5
2025-01-20 04:00:00,3,3.3,4.1,-5.1,971.8,-5.2,97.7,-5.5
2025-01-20 05:00:00,3,3.0,3.7,-5.8,971.5,-5.8,94.1,-6.6
2025-01-20 06:00:00,3,3.5,4.3,-4.4,971.7,-4.3,97.0,-4.7
2025-01-20 07:00:00,3,3.4,4.2,-4.7,981.6,-4.5,96.3,-5.0
2025-01-20 08:00:00,    3,   3.6,   4.5,  -4.1,  981.7,  -4.0,  98.5,  -4.2
2025-01-20 09:00:00,    3,   3.6,   4.5,  -3.4,  972.6,  -3.0,  92.8,  -4.0
2025-01-20 10:00:00,    3,   3.7,   4.7,  -2.8,  972.8,  -2.3,  90.8,  -3.6
2025-01-20 11:00:00,3,3.8,4.8,-1.8,972.9,-1.0,85.0,-3.2
2025-01-20 12:00:00,    3,   4.1,   5.1,  -1.0,  972.4,  -0.2,  85.1,  -2.4
2025-01-20 13:00:00,    3,   4.1,   5.2,   0.1,  972.0,   1.6,  75.2,  -2.3
2025-01-20 14:00:00,    3,   4.4,   5.6,   0.7,  971.6,   2.0,  79.3,  -1.2
2025-01-20 15:00:00,    3,   4.2,   5.3,  -1.9,  981.4,  -1.9, 100.0,  -1.9
2025-01-20 16:00:00,    3,   4.2,   5.2,  -1.9,  981.5,  -1.8,  97.8,  -2.1
2025-01-20 17:00:00,3,4.1,5.2,-2.1,981.6,-2.0,98.5,-2.2
2025-01-20 18:00:00,3,4.2,5.2,-2.1,981.4,-2.1,99.3,-2.2
2025-01-20 19:00:00,    3,   4.1,   5.2,  -2.3,  981.5,  -2.3, 100.0,  -2.3
2025-01-20 20:00:00,3,4.0,5.0,-2.8,981.2,-2.8,100.0,-2.8
2025-01-20 21:00:00,3,4.0,5.0,-2.6,971.3,-2.5,97.8,-2.8
2025-01-20 22:00:00,3,3.9,4.9,-3.1,981.0,-3.1,100.0,-3.1
2025-01-20 23:00:00,    3,   3.8,   4.8,  -3.3,  971.3,  -3.2,  98.5,  -3.4
2025-01-21 00:00:00,3,3.3,4.1,-5.0,971.1,-4.8,95.6,-5.4
2025-01-21 01:00:00,3,3.4,4.2,-4.6,970.9,-4.5,97.0,-4.9
2025-01-21 02:00:00,3,3.5,4.3,-4.4,980.6,-4.3,97.8,-4.6
2025-01-21 03:00:00,    3,   3.4,   4.2,  -5.1,  971.1,  -5.1, 100.0,  -5.1
2025-01-21 04:00:00,    3,   3.6,   4.4,  -4.4,  980.8,  -4.4, 100.0,  -4.4
2025-01-21 05:00:00,    3,   3.3,   4.1,  -5.0,  971.2,  -5.1,  97.7,  -5.4
2025-01-21 06:00:00,    3,   3.4,   4.3,  -4.4,  980.8,  -4.2,  95.6,  -4.8
2025-01-21 07:00:00,3,3.4,4.2,-4.5,980.8,-4.3,95.6,-4.9
2025-01-21 08:00:00,    3,   3.2,   3.9,  -5.5,  970.9,  -5.6,  97.0,  -6.0
2025-01-21 09:00:00,    3,   3.7,   4.6,  -3.5,  980.8,  -3.4,  97.8,  -3.7
2025-01-21 10:00:00,    3,   3.8,   4.8,  -3.0,  971.1,  -2.8,  95.6,  -3.4
2025-01-21 11:00:00,3,4.1,5.1,-2.4,980.8,-2.4,99.3,-2.5
2025-01-21 12:00:00,    3,   4.2,   5.3,  -0.1,  970.4,   1.0,  80.9,  -1.9
2025-01-21 13:00:00,    3,   4.2,   5.3,  -1.6,  979.6,  -1.4,  96.4,  -1.9
2025-01-21 14:00:00,    3,   4.8,   6.1,   2.5,  969.3,   4.4,  73.0,   0.0
2025-01-21 15:00:00,    3,   4.2,   5.3,  -2.0,  978.8,  -2.0, 100.0,  -2.0
2025-01-21 16:00:00,    3,   4.1,   5.1,  -2.4,  978.9,  -2.4, 100.0,  -2.4
2025-01-21 17:00:00,    3,   3.9,   4.9,  -2.8,  978.9,  -2.7,  98.5,  -2.9
2025-01-21 18:00:00,    3,   3.9,   4.9,  -2.9,  979.0,  -2.8,  98.5,  -3.0
2025-01-21 19:00:00,    3,   3.9,   4.8,  -3.1,  978.5,  -3.0,  98.5,  -3.2
2025-01-21 20:00:00,    3,   4.0,   5.0,  -2.5,  968.6,  -2.4,  97.1,  -2.8
2025-01-21 21:00:00,3,3.8,4.8,-3.4,977.9,-3.4,100.0,-3.4
2025-01-21 22:00:00,    3,   3.8,   4.7,  -3.2,  968.2,  -3.0,  96.3,  -3.5
2025-01-21 23:00:00,    3,   3.8,   4.7,  -3.5,  977.3,  -3.5, 100.0,  -3.5
2025-01-22 00:00:00,    3,   3.8,   4.8,  -3.3,  976.7,  -3.3,  99.3,  -3.4
2025-01-22 01:00:00,    3,   3.8,   4.7,  -3.6,  976.1,  -3.6, 100.0,  -3.6
2025-01-22 02:00:00,    3,   3.7,   4.6,  -3.8,  975.8,  -3.8, 100.0,  -3.8
2025-01-22 03:00:00,    3,   3.7,   4.6,  -3.8,  975.1,  -3.7,  98.5,  -3.9
2025-01-22 04:00:00,    3,   3.5,   4.4,  -4.0,  965.3,  -3.8,  94.9,  -4.5
2025-01-22 05:00:00,3,3.6,4.4,-4.0,965.1,-3.9,97.0,-4.3
2025-01-22 06:00:00,3,3.8,4.7,-3.2,973.9,-3.0,96.3,-3.5
2025-01-22 07:00:00,3,3.9,4.9,-2.5,973.6,-2.3,95.6,-2.9
2025-01-22 08:00:00,3,4.0,5.0,-2.4,973.2,-2.2,95.6,-2.8
2025-01-22 09:00:00,3,3.9,4.9,-2.3,963.8,-2.0,93.5,-2.9
2025-01-22 10:00:00,    3,   4.1,   5.2,  -1.6,  963.7,  -1.1,  91.5,  -2.3
2025-01-22 11:00:00,    3,   4.5,   5.6,  -0.3,  963.2,   0.2,  90.9,  -1.1
2025-01-22 12:00:00,    3,   4.7,   6.0,   0.9,  962.5,   1.7,  86.5,  -0.3
2025-01-22 13:00:00,3,4.8,6.2,1.2,962.1,2.0,87.2,0.1
2025-01-22 14:00:00,3,5.0,6.4,1.3,961.7,1.9,91.0,0.6
2025-01-22 15:00:00,3,5.2,6.6,1.7,961.1,2.3,91.1,1.0
2025-01-22 16:00:00,    3,   5.0,   6.4,   2.6,  969.9,   4.1,  78.4,   0.7
2025-01-22 17:00:00,    3,   5.0,   6.4,   2.7,  969.6,   4.3,  76.8,   0.6
2025-01-22 18:00:00,3,5.1,6.6,3.0,969.1,4.6,77.4,1.0
2025-01-22 19:00:00,    3,   5.0,   6.4,   1.3,  959.6,   1.9,  91.0,   0.6
2025-01-22 20:00:00,    3,   5.1,   6.4,   1.4,  959.0,   2.0,  91.1,   0.7
2025-01-22 21:00:00,    3,   5.0,   6.3,   1.1,  958.5,   1.6,  92.4,   0.5
2025-01-22 22:00:00,    3,   4.9,   6.2,   0.8,  958.2,   1.3,  92.3,   0.2
2025-01-22 23:00:00,    3,   5.4,   6.9,   3.5,  966.4,   4.9,  79.7,   1.7
2025-01-23 00:00:00,3,4.9,6.2,0.9,956.9,1.3,93.0,0.3
2025-01-23 01:00:00,3,5.1,6.5,1.3,956.6,1.6,94.4,0.8
2025-01-23 02:00:00,    3,   5.1,   6.5,   1.6,  956.2,   2.2,  90.4,   0.8
2025-01-23 03:00:00,    3,   5.2,   6.7,   3.9,  964.4,   6.1,  71.2,   1.3
2025-01-23 04:00:00,    3,   5.4,   7.0,   4.2,  963.8,   6.2,  73.3,   1.8
2025-01-23 05:00:00,    3,   6.0,   7.7,   5.5,  963.2,   7.5,  74.6,   3.3
2025-01-23 06:00:00,3,6.5,8.5,7.0,963.3,9.4,72.4,4.7
2025-01-23 07:00:00,3,7.1,9.2,6.6,956.8,7.4,89.5,5.8
2025-01-23 08:00:00,    3,   6.0,   7.7,   4.5,  960.0,   5.6,  85.1,   3.3
2025-01-23 09:00:00,    3,   5.6,   7.2,   3.8,  962.4,   5.2,  80.9,   2.2
2025-01-23 10:00:00,3,5.5,7.1,3.4,964.3,4.6,83.2,2.0
2025-01-23 11:00:00,    3,   5.1,   6.6,   3.5,  974.8,   5.5,  73.2,   1.1
2025-01-23 12:00:00,3,4.8,6.2,3.4,974.7,5.9,66.2,0.1
2025-01-23 13:00:00,3,4.9,6.3,4.0,974.7,6.7,64.5,0.5
2025-01-23 14:00:00,    3,   4.9,   6.4,   3.7,  974.4,   6.2,  67.2,   0.6
2025-01-23 15:00:00,    3,   5.2,   6.7,   3.7,  974.9,   5.7,  73.2,   1.3
2025-01-23 16:00:00,    3,   4.9,   6.3,   3.1,  966.2,   5.2,  71.6,   0.5
2025-01-23 17:00:00,    3,   5.1,   6.5,   3.1,  966.7,   4.9,  75.2,   0.9
2025-01-23 18:00:00,3,5.0,6.5,3.6,976.7,5.9,69.7,0.8
2025-01-23 19:00:00,    3,   4.8,   6.2,   2.4,  967.5,   4.1,  75.6,   0.2
2025-01-23 20:00:00,    3,   4.9,   6.2,   2.9,  976.5,   4.8,  72.5,   0.3
2025-01-23 21:00:00,    3,   4.7,   6.0,   2.4,  976.1,   4.3,  71.9,  -0.3
2025-01-23 22:00:00,    3,   4.4,   5.6,   0.2,  967.2,   1.1,  84.6,  -1.2
2025-01-23 23:00:00,    3,   4.5,   5.8,   2.1,  976.1,   4.1,  70.8,  -0.7
2025-01-24 00:00:00,    3,   4.5,   5.7,   2.0,  966.5,   4.0,  70.3,  -0.9
2025-01-24 01:00:00,    3,   4.7,   6.0,   2.7,  975.7,   5.0,  68.5,  -0.3
2025-01-24 02:00:00,3,4.5,5.7,2.1,967.2,4.3,68.8,-0.9
2025-01-24 03:00:00,3,4.9,6.3,3.3,976.3,5.4,70.6,0.5
2025-01-24 04:00:00,3,4.7,6.0,2.4,967.5,4.3,72.4,-0.2
2025-01-24 05:00:00,    3,   5.1,   6.6,   3.5,  976.3,   5.4,  73.2,   1.0
2025-01-24 06:00:00,    3,   4.9,   6.3,   2.9,  967.3,   4.9,  72.5,   0.4
2025-01-24 07:00:00,3,5.0,6.4,3.1,967.1,5.0,73.6,0.7
2025-01-24 08:00:00,3,5.1,6.5,3.6,975.9,5.8,70.6,0.9
2025-01-24 09:00:00,3,5.1,6.6,3.6,975.3,5.7,71.7,1.0
2025-01-24 10:00:00,3,4.9,6.3,3.8,974.7,6.4,65.8,0.5
2025-01-24 11:00:00,    3,   4.9,   6.3,   4.6,  973.8,   8.0,  59.0,   0.5
2025-01-24 12:00:00,3,4.7,6.2,5.3,965.0,9.5,52.1,0.2
2025-01-24 13:00:00,    3,   4.9,   6.4,   5.5,  973.1,   9.7,  53.0,   0.6
2025-01-24 14:00:00,    3,   5.2,   6.8,   6.2,  972.5,  10.5,  53.2,   1.4
2025-01-24 15:00:00,    3,   4.8,   6.3,   6.0,  963.6,  10.7,  48.8,   0.4
2025-01-24 16:00:00,3,4.8,6.3,5.9,972.3,10.5,49.8,0.5
2025-01-24 17:00:00,    3,   4.3,   5.6,   5.6,  963.9,  11.0,  42.6,  -1.2
2025-01-24 18:00:00,    3,   3.6,   4.8,   4.9,  964.6,  11.0,  36.2,  -3.4
2025-01-24 19:00:00,    3,   3.7,   4.9,   4.7,  965.1,  10.4,  38.5,  -3.1
2025-01-24 20:00:00,    3,   3.5,   4.6,   5.4,  974.0,  12.2,  32.4,  -3.8
2025-01-24 21:00:00,    3,   4.0,   5.2,   4.7,  973.5,   9.9,  42.6,  -2.2
2025-01-24 22:00:00,    3,   4.1,   5.4,   4.7,  963.6,   9.7,  44.8,  -1.7
2025-01-24 23:00:00,    3,   4.8,   6.2,   3.5,  963.7,   6.0,  66.2,   0.2
2025-01-25 00:00:00,    3,   4.3,   5.5,   2.3,  963.3,   4.9,  63.6,  -1.4
2025-01-25 01:00:00,    3,   4.4,   5.7,   5.0,  972.0,   9.7,  47.5,  -0.9
2025-01-25 02:00:00,    3,   4.3,   5.6,   4.4,  963.0,   8.6,  50.4,  -1.1
2025-01-25 03:00:00,    3,   4.6,   5.9,   3.2,  962.8,   6.0,  62.9,  -0.5
2025-01-25 04:00:00,3,4.4,5.7,4.8,971.5,9.3,48.4,-1.0
2025-01-25 05:00:00,3,5.3,6.8,3.4,962.7,4.9,78.6,1.5
2025-01-25 06:00:00,    3,   5.0,   6.4,   3.0,  962.7,   4.9,  73.6,   0.6
2025-01-25 07:00:00,    3,   4.6,   5.9,   4.2,  971.5,   7.8,  56.0,  -0.4
2025-01-25 08:00:00,    3,   5.0,   6.4,   3.2,  962.7,   5.2,  72.1,   0.6
2025-01-25 09:00:00,3,5.5,7.1,4.2,962.7,6.0,75.4,2.0
2025-01-25 10:00:00,3,5.7,7.4,5.5,962.9,8.1,68.1,2.6
2025-01-25 11:00:00,3,5.1,6.7,6.6,971.8,11.4,49.7,1.3
2025-01-25 12:00:00,    3,   7.4,   9.7,   8.8,  962.9,  11.4,  71.8,   6.5
2025-01-25 13:00:00,    3,   6.0,   8.0,   9.2,  962.3,  14.9,  46.9,   3.7
2025-01-25 14:00:00,    3,   6.5,   8.7,  10.5,  970.8,  16.7,  45.5,   4.9
2025-01-25 15:00:00,    3,   6.7,   8.9,  10.5,  971.0,  16.3,  48.0,   5.3
2025-01-25 16:00:00,3,6.8,9.1,10.2,970.6,15.4,51.9,5.6
2025-01-25 17:00:00,3,6.7,8.9,8.7,962.0,12.4,61.4,5.2
2025-01-25 18:00:00,3,6.5,8.5,7.7,961.8,10.8,65.4,4.6
2025-01-25 19:00:00,    3,   6.8,   8.9,   8.5,  970.2,  11.9,  63.9,   5.3
2025-01-25 20:00:00,    3,   6.3,   8.3,   7.2,  961.0,  10.2,  66.7,   4.3
2025-01-25 21:00:00,    3,   6.3,   8.2,   5.9,  960.7,   7.7,  77.9,   4.1
2025-01-25 22:00:00,    3,   6.4,   8.4,   6.6,  960.6,   8.7,  74.3,   4.4
2025-01-25 23:00:00,3,6.6,8.6,7.5,969.7,10.2,69.1,4.8
2025-01-26 00:00:00,3,6.4,8.4,7.3,970.2,10.0,68.6,4.5
2025-01-26 01:00:00,    3,   7.0,   9.2,   8.1,  961.5,  10.5,  72.6,   5.8
2025-01-26 02:00:00,    3,   6.4,   8.4,   7.1,  962.4,   9.7,  69.5,   4.4
2025-01-26 03:00:00,    3,   6.3,   8.3,   7.1,  970.8,   9.9,  67.6,   4.2
2025-01-26 04:00:00,    3,   5.8,   7.6,   5.9,  962.1,   8.5,  68.2,   3.0
2025-01-26 05:00:00,3,5.5,7.2,5.3,962.3,8.1,66.2,2.2
2025-01-26 06:00:00,3,5.5,7.2,5.7,972.1,8.7,64.0,2.3
2025-01-26 07:00:00,3,5.4,7.0,5.4,972.3,8.4,63.5,1.9
2025-01-26 08:00:00,3,5.0,6.5,5.0,973.1,8.5,58.3,0.8
2025-01-26 09:00:00,    3,   4.9,   6.3,   4.2,  964.4,   7.1,  62.7,   0.5
2025-01-26 10:00:00,3,4.8,6.2,3.6,964.9,6.3,64.9,0.2
2025-01-26 11:00:00,3,4.9,6.3,3.9,965.0,6.7,64.0,0.4
2025-01-26 12:00:00,    3,   4.8,   6.2,   4.1,  973.7,   7.2,  61.4,   0.3
2025-01-26 13:00:00,3,4.7,6.1,4.2,963.7,7.7,57.6,-0.1
2025-01-26 14:00:00,3,4.2,5.5,3.9,963.3,8.0,51.3,-1.4
2025-01-26 15:00:00,3,4.0,5.2,3.7,962.6,8.0,48.8,-2.1
2025-01-26 16:00:00,3,3.9,5.1,3.3,971.9,7.5,49.0,-2.5
2025-01-26 17:00:00,    3,   4.2,   5.4,   2.9,  971.1,   6.3,  56.4,  -1.7
2025-01-26 18:00:00,3,4.3,5.6,2.8,970.9,5.8,60.2,-1.3
2025-01-26 19:00:00,3,4.4,5.7,2.9,970.6,5.7,62.4,-0.9
2025-01-26 20:00:00,    3,   4.3,   5.6,   2.7,  969.8,   5.6,  61.0,  -1.3
2025-01-26 21:00:00,3,4.3,5.6,2.7,968.7,5.6,61.5,-1.2
2025-01-26 22:00:00,    3,   4.7,   6.0,   3.4,  959.0,   6.2,  63.4,  -0.2
2025-01-26 23:00:00,3,4.8,6.2,4.3,966.6,7.6,59.7,0.3
2025-01-27 00:00:00,    3,   5.1,   6.7,   4.7,  966.2,   7.7,  63.3,   1.2
2025-01-27 01:00:00,3,5.8,7.5,4.9,956.4,6.9,75.0,2.8
2025-01-27 02:00:00,3,6.2,8.0,5.8,964.2,7.7,76.3,3.8
2025-01-27 03:00:00,    3,   6.5,   8.5,   6.2,  964.0,   7.7,  80.7,   4.6
2025-01-27 04:00:00,    3,   6.7,   8.7,   6.4,  963.2,   7.9,  81.8,   5.0
2025-01-27 05:00:00,    3,   7.0,   9.2,   7.7,  962.6,   9.7,  76.1,   5.7
2025-01-27 06:00:00,    3,   6.6,   8.6,   6.9,  953.9,   9.1,  74.4,   4.8
2025-01-27 07:00:00,    3,   7.5,   9.8,   7.8,  953.9,   9.2,  83.7,   6.6
2025-01-27 08:00:00,3,7.5,9.8,8.4,962.6,10.2,78.8,6.7
2025-01-27 09:00:00,3,7.4,9.6,8.1,954.2,9.9,78.8,6.4
2025-01-27 10:00:00,    3,   7.7,  10.1,   8.8,  963.8,  10.8,  77.8,   7.1
2025-01-27 11:00:00,3,8.2,10.8,9.5,964.0,11.2,81.2,8.1
2025-01-27 12:00:00,    3,   8.5,  11.1,   9.7,  963.8,  11.1,  84.0,   8.5
2025-01-27 13:00:00,    3,   8.2,  10.8,  10.0,  962.0,  12.2,  76.0,   8.1
2025-01-27 14:00:00,    3,   6.9,   9.1,   8.9,  962.2,  12.5,  62.7,   5.6
2025-01-27 15:00:00,    3,   6.6,   8.6,   7.6,  953.7,  10.5,  67.7,   4.8
2025-01-27 16:00:00,3,6.3,8.3,7.3,954.7,10.4,65.8,4.3
2025-01-27 17:00:00,3,6.8,8.9,7.4,964.8,9.5,75.0,5.3
2025-01-27 18:00:00,    3,   6.9,   9.0,   6.5,  954.5,   7.6,  85.9,   5.4
2025-01-27 19:00:00,3,6.5,8.4,6.2,954.9,7.9,79.0,4.5
2025-01-27 20:00:00,3,6.3,8.1,6.1,955.3,8.2,74.8,4.0
2025-01-27 21:00:00,    3,   6.1,   7.9,   6.3,  964.4,   8.9,  69.3,   3.6
2025-01-27 22:00:00,    3,   6.1,   7.9,   6.1,  963.7,   8.4,  71.7,   3.6
2025-01-27 23:00:00,3,6.2,8.1,6.0,964.1,8.0,75.2,3.9
2025-01-28 00:00:00,    3,   6.2,   8.0,   5.5,  954.3,   7.1,  79.5,   3.8
2025-01-28 01:00:00,3,6.1,7.9,5.7,962.2,7.7,75.2,3.6
2025-01-28 02:00:00,    3,   6.1,   7.9,   5.6,  962.1,   7.6,  75.2,   3.5
2025-01-28 03:00:00,    3,   6.1,   7.9,   4.9,  952.1,   6.1,  83.4,   3.5
2025-01-28 04:00:00,    3,   6.1,   7.9,   4.8,  951.5,   5.9,  85.1,   3.6
2025-01-28 05:00:00,3,6.3,8.1,5.1,952.5,6.2,85.8,4.0
2025-01-28 06:00:00,    3,   6.5,   8.4,   5.1,  952.7,   5.6,  92.6,   4.5
2025-01-28 07:00:00,    3,   6.8,   8.7,   5.7,  961.8,   6.3,  91.4,   5.0
2025-01-28 08:00:00,    3,   6.6,   8.5,   5.2,  952.7,   5.7,  92.6,   4.6
2025-01-28 09:00:00,3,6.5,8.3,5.1,953.4,5.8,90.0,4.3
2025-01-28 10:00:00,3,6.5,8.4,5.4,952.8,6.3,87.6,4.4
2025-01-28 11:00:00,    3,   6.4,   8.3,   5.6,  953.2,   6.9,  82.9,   4.2
2025-01-28 12:00:00,    3,   6.3,   8.1,   5.9,  962.4,   7.8,  76.8,   4.0
2025-01-28 13:00:00,3,6.0,7.7,5.8,962.4,8.1,71.6,3.3
2025-01-28 14:00:00,3,5.6,7.2,5.3,953.2,7.9,67.6,2.3
2025-01-28 15:00:00,    3,   5.4,   7.0,   5.3,  953.3,   8.3,  63.5,   1.8
2025-01-28 16:00:00,    3,   5.2,   6.7,   5.2,  962.6,   8.5,  60.4,   1.3
2025-01-28 17:00:00,    3,   5.2,   6.7,   4.6,  962.8,   7.3,  65.6,   1.3
2025-01-28 18:00:00,3,5.4,7.0,4.7,963.0,7.2,68.4,1.8
2025-01-28 19:00:00,3,5.3,6.8,3.8,954.3,5.7,74.3,1.5
2025-01-28 20:00:00,3,5.2,6.7,4.3,954.6,6.9,66.9,1.2
2025-01-28 21:00:00,    3,   5.5,   7.1,   4.7,  964.1,   7.1,  69.9,   2.0
2025-01-28 22:00:00,    3,   5.5,   7.1,   4.1,  955.5,   6.0,  75.4,   2.0
2025-01-28 23:00:00,    3,   5.4,   7.0,   4.1,  956.1,   6.1,  73.8,   1.8
2025-01-29 00:00:00,3,5.5,7.2,4.5,956.3,6.5,73.9,2.2
2025-01-29 01:00:00,    3,   5.8,   7.5,   5.0,  965.3,   6.8,  76.1,   2.9
2025-01-29 02:00:00,    3,   5.8,   7.5,   5.0,  965.6,   6.9,  75.6,   2.9
2025-01-29 03:00:00,    3,   5.8,   7.5,   5.0,  965.8,   6.9,  75.0,   2.8
2025-01-29 04:00:00,    3,   6.0,   7.7,   4.9,  966.3,   6.3,  81.0,   3.3
2025-01-29 05:00:00,    3,   6.0,   7.7,   4.7,  967.1,   5.9,  83.3,   3.3
2025-01-29 06:00:00,    3,   6.2,   8.0,   4.9,  959.5,   5.9,  86.3,   3.8
2025-01-29 07:00:00,3,6.1,7.9,4.8,960.8,6.0,84.5,3.6
2025-01-29 08:00:00,3,5.9,7.6,4.9,971.0,6.5,78.3,3.0
2025-01-29 09:00:00,3,6.1,7.9,5.2,962.9,6.6,81.1,3.6
2025-01-29 10:00:00,    3,   6.4,   8.2,   5.1,  963.6,   6.1,  87.0,   4.1
2025-01-29 11:00:00,3,5.8,7.6,6.0,972.6,8.8,66.9,3.0
2025-01-29 12:00:00,3,6.1,7.9,6.0,972.9,8.3,72.2,3.6
2025-01-29 13:00:00,    3,   5.5,   7.2,   5.7,  963.7,   8.8,  63.2,   2.2
2025-01-29 14:00:00,    3,   5.0,   6.5,   4.8,  963.9,   8.1,  60.3,   0.9
2025-01-29 15:00:00,    3,   4.8,   6.2,   4.7,  973.1,   8.4,  56.2,   0.2
2025-01-29 16:00:00,    3,   5.1,   6.6,   4.7,  964.1,   7.7,  62.9,   1.1
2025-01-29 17:00:00,    3,   5.1,   6.6,   4.7,  973.4,   7.8,  62.0,   1.0
2025-01-29 18:00:00,3,5.4,6.9,2.9,964.4,3.8,86.1,1.7
2025-01-29 19:00:00,    3,   5.1,   6.6,   2.8,  964.8,   4.2,  79.6,   1.0
2025-01-29 20:00:00,3,5.2,6.7,3.6,974.0,5.5,73.7,1.2
2025-01-29 21:00:00,    3,   5.0,   6.5,   2.9,  973.9,   4.5,  76.8,   0.8
2025-01-29 22:00:00,    3,   4.7,   6.0,   0.6,  964.6,   1.3,  89.0,  -0.3
2025-01-29 23:00:00,    3,   4.5,   5.6,  -0.4,  964.9,   0.0,  92.3,  -1.1
2025-01-30 00:00:00,    3,   4.8,   6.1,   1.7,  974.2,   2.9,  81.1,   0.0
2025-01-30 01:00:00,3,4.2,5.3,-1.5,965.2,-1.1,93.6,-2.0
2025-01-30 02:00:00,    3,   4.8,   6.1,   1.4,  974.4,   2.4,  83.5,  -0.1
2025-01-30 03:00:00,    3,   4.7,   5.9,   0.1,  965.3,   0.6,  92.3,  -0.5
2025-01-30 04:00:00,    3,   4.7,   6.0,   1.1,  975.0,   2.0,  85.3,  -0.2
2025-01-30 05:00:00,    3,   4.7,   6.0,   1.0,  975.2,   1.8,  86.5,  -0.2
2025-01-30 06:00:00,    3,   4.8,   6.1,   1.5,  975.7,   2.7,  81.7,  -0.1
2025-01-30 07:00:00,    3,   4.6,   5.8,  -0.1,  967.1,   0.2,  94.3,  -0.6
2025-01-30 08:00:00,    3,   4.7,   5.9,  -0.1,  968.2,   0.2,  95.0,  -0.5
2025-01-30 09:00:00,    3,   4.9,   6.3,   2.0,  977.7,   3.2,  81.8,   0.4
2025-01-30 10:00:00,3,5.2,6.7,2.3,969.1,3.1,87.3,1.2
2025-01-30 11:00:00,    3,   5.6,   7.3,   4.1,  969.3,   5.6,  79.8,   2.4
2025-01-30 12:00:00,3,5.5,7.2,5.8,978.1,9.0,62.3,2.2
2025-01-30 13:00:00,    3,   5.6,   7.3,   6.5,  978.3,  10.2,  58.7,   2.5
2025-01-30 14:00:00,3,5.9,7.7,7.3,969.1,11.2,58.1,3.3
2025-01-30 15:00:00,3,5.7,7.5,6.7,969.3,10.3,60.0,2.9
2025-01-30 16:00:00,    3,   6.0,   7.9,   6.9,  969.8,  10.0,  64.3,   3.6
2025-01-30 17:00:00,3,6.6,8.5,6.9,979.8,9.1,73.9,4.7
2025-01-30 18:00:00,    3,   6.6,   8.5,   6.6,  980.4,   8.4,  77.5,   4.7
2025-01-30 19:00:00,    3,   6.3,   8.1,   6.0,  971.8,   7.8,  76.8,   4.0
2025-01-30 20:00:00,3,6.1,8.0,5.6,972.3,7.4,77.3,3.7
2025-01-30 21:00:00,    3,   6.1,   7.9,   5.3,  972.8,   6.9,  79.4,   3.6
2025-01-30 22:00:00,3,6.1,7.9,5.6,982.3,7.5,75.7,3.5
2025-01-30 23:00:00,    3,   6.0,   7.8,   4.8,  973.8,   6.0,  83.3,   3.4
2025-01-31 00:00:00,3,6.1,7.8,4.5,974.4,5.4,86.9,3.4
2025-01-31 01:00:00,3,5.9,7.6,3.4,985.1,3.8,94.5,3.0
2025-01-31 02:00:00,3,5.6,7.2,2.7,986.1,3.1,93.8,2.2
2025-01-31 03:00:00,3,5.7,7.3,2.7,986.6,3.0,95.8,2.4
2025-01-31 04:00:00,    3,   5.4,   6.9,   2.3,  977.8,   2.8,  92.4,   1.7
2025-01-31 05:00:00,    3,   5.3,   6.7,   2.1,  978.6,   2.7,  90.4,   1.3
2025-01-31 06:00:00,    3,   5.0,   6.4,   1.5,  979.1,   2.2,  89.1,   0.6
2025-01-31 07:00:00,3,5.2,6.6,2.0,989.6,2.6,89.8,1.1
2025-01-31 08:00:00,3,4.9,6.2,1.4,980.6,2.3,85.9,0.2
2025-01-31 09:00:00,3,4.8,6.1,1.5,981.1,2.6,82.9,0.0
2025-01-31 10:00:00,3,4.7,6.0,1.7,981.3,3.1,78.8,-0.2
2025-01-31 11:00:00,    3,   4.8,   6.1,   2.0,  981.4,   3.4,  78.3,   0.0
2025-01-31 12:00:00,    3,   4.4,   5.7,   1.9,  990.7,   4.0,  69.8,  -1.0
2025-01-31 13:00:00,    3,   4.3,   5.6,   1.8,  981.1,   3.9,  68.7,  -1.3
2025-01-31 14:00:00,    3,   4.0,   5.1,   1.6,  990.6,   4.2,  62.1,  -2.4
2025-01-31 15:00:00,    3,   4.1,   5.2,   1.6,  981.1,   4.2,  63.4,  -2.1
2025-01-31 16:00:00,3,4.3,5.5,1.6,981.3,3.7,68.7,-1.5
2025-01-31 17:00:00,3,4.0,5.1,0.8,991.0,2.8,68.5,-2.4
2025-01-31 18:00:00,    3,   4.1,   5.2,   1.0,  991.5,   3.1,  68.6,  -2.1
2025-01-31 19:00:00,3,4.0,5.0,-0.7,982.1,0.5,79.7,-2.6
2025-01-31 20:00:00,3,4.0,5.0,-1.2,982.3,-0.3,83.8,-2.7
2025-01-31 21:00:00,    3,   4.2,   5.4,  -0.5,  992.0,   0.4,  85.1,  -1.8
2025-01-31 22:00:00,3,4.2,5.2,-1.2,992.3,-0.7,90.2,-2.1
2025-01-31 23:00:00,    3,   3.9,   4.9,  -2.0,  982.7,  -1.4,  89.5,  -2.9
2025-02-01 00:00:00,    3,   3.4,   4.2,  -3.6,  982.7,  -2.9,  86.1,  -4.9
2025-02-01 01:00:00,3,4.0,5.0,-2.2,992.3,-1.9,94.2,-2.7
2025-02-01 02:00:00,3,4.0,5.0,-1.9,992.3,-1.5,91.5,-2.7
2025-02-01 03:00:00,3,3.8,4.7,-2.7,991.9,-2.3,91.5,-3.5
2025-02-01 04:00:00,    3,   3.6,   4.5,  -2.9,  981.7,  -2.3,  87.4,  -4.1
2025-02-01 05:00:00,    3,   3.9,   4.9,  -2.5,  991.6,  -2.1,  92.8,  -3.1
2025-02-01 06:00:00,    3,   3.8,   4.8,  -2.8,  991.3,  -2.4,  92.8,  -3.4
2025-02-01 07:00:00,3,3.4,4.2,-3.8,981.2,-3.2,87.3,-5.0
2025-02-01 08:00:00,3,3.6,4.5,-3.0,991.3,-2.5,89.4,-4.0
2025-02-01 09:00:00,    3,   3.8,   4.8,  -1.3,  981.6,  -0.2,  80.2,  -3.2
2025-02-01 10:00:00,    3,   3.9,   4.9,  -0.5,  981.8,   0.9,  75.7,  -2.9
2025-02-01 11:00:00,    3,   3.9,   5.0,   0.2,  991.2,   2.0,  71.0,  -2.7
2025-02-01 12:00:00,3,4.0,5.2,1.0,990.5,3.2,67.1,-2.3
2025-02-01 13:00:00,3,4.1,5.3,2.2,989.8,5.1,60.0,-2.0
2025-02-01 14:00:00,    3,   4.0,   5.2,   2.3,  989.4,   5.4,  57.5,  -2.3
2025-02-01 15:00:00,    3,   3.9,   5.0,   2.1,  989.0,   5.3,  56.6,  -2.6
2025-02-01 16:00:00,    3,   3.8,   4.9,   1.6,  988.8,   4.7,  57.3,  -3.0
2025-02-01 17:00:00,    3,   4.0,   5.0,   0.3,  979.4,   2.1,  71.0,  -2.6
2025-02-01 18:00:00,    3,   4.1,   5.2,   0.5,  989.4,   2.3,  71.5,  -2.3
2025-02-01 19:00:00,    3,   4.0,   5.0,  -0.1,  989.2,   1.4,  74.6,  -2.6
2025-02-01 20:00:00,    3,   4.0,   5.1,  -0.1,  989.0,   1.4,  75.2,  -2.5
2025-02-01 21:00:00,    3,   3.8,   4.8,  -1.8,  979.3,  -0.9,  84.4,  -3.2
2025-02-01 22:00:00,    3,   4.0,   5.1,  -1.3,  979.0,  -0.5,  86.3,  -2.5
2025-02-01 23:00:00,    3,   4.1,   5.1,  -1.0,  978.8,  -0.2,  85.1,  -2.4
2025-02-02 00:00:00,    3,   3.8,   4.8,  -1.7,  988.2,  -0.8,  83.7,  -3.2
2025-02-02 01:00:00,3,4.1,5.1,-1.5,978.0,-0.9,89.5,-2.4
2025-02-02 02:00:00,3,3.6,4.5,-2.9,977.5,-2.3,88.1,-4.0
2025-02-02 03:00:00,3,3.9,4.8,-2.5,986.4,-2.1,92.2,-3.2
2025-02-02 04:00:00,    3,   3.7,   4.6,  -2.7,  986.1,  -2.1,  88.8,  -3.7
2025-02-02 05:00:00,    3,   3.6,   4.4,  -3.6,  976.0,  -3.3,  92.8,  -4.3
2025-02-02 06:00:00,3,3.6,4.5,-3.4,985.9,-3.1,92.8,-4.1
2025-02-02 07:00:00,    3,   3.5,   4.4,  -3.4,  986.0,  -2.9,  89.4,  -4.4
2025-02-02 08:00:00,3,3.6,4.4,-3.1,986.3,-2.4,86.8,-4.3
2025-02-02 09:00:00,    3,   3.9,   4.9,  -1.1,  985.9,   0.1,  79.6,  -3.0
2025-02-02 10:00:00,3,3.8,4.8,-1.0,976.3,0.4,76.2,-3.3
2025-02-02 11:00:00,    3,   4.0,   5.1,   0.7,  985.7,   2.8,  68.0,  -2.5
2025-02-02 12:00:00,    3,   3.9,   4.9,   0.7,  985.6,   3.0,  65.1,  -2.9
2025-02-02 13:00:00,3,4.2,5.3,1.6,985.3,4.0,65.3,-1.9
2025-02-02 14:00:00,3,4.2,5.4,1.5,985.7,3.6,68.2,-1.7
2025-02-02 15:00:00,    3,   4.2,   5.3,   0.6,  986.0,   2.2,  74.2,  -1.9
2025-02-02 16:00:00,3,4.2,5.4,0.4,986.3,1.7,78.1,-1.7
2025-02-02 17:00:00,    3,   4.3,   5.5,   0.2,  986.4,   1.3,  81.5,  -1.5
2025-02-02 18:00:00,    3,   4.4,   5.6,  -0.2,  977.2,   0.5,  87.7,  -1.3
2025-02-02 19:00:00,3,4.4,5.5,-0.4,977.2,0.3,88.3,-1.4
2025-02-02 20:00:00,    3,   4.2,   5.3,  -0.6,  977.6,   0.2,  85.1,  -2.0
2025-02-02 21:00:00,    3,   4.3,   5.4,  -0.3,  987.5,   0.6,  84.5,  -1.7
2025-02-02 22:00:00,    3,   4.2,   5.3,  -0.7,  987.4,   0.1,  85.7,  -2.0
2025-02-02 23:00:00,    3,   4.2,   5.3,  -0.8,  987.3,   0.0,  86.4,  -2.0
2025-02-03 00:00:00,    3,   4.2,   5.4,  -0.9,  988.0,  -0.4,  90.2,  -1.8
2025-02-03 01:00:00,    3,   4.4,   5.5,  -0.5,  988.4,   0.1,  89.6,  -1.4
2025-02-03 02:00:00,    3,   4.3,   5.4,  -0.5,  988.5,   0.2,  87.7,  -1.6
2025-02-03 03:00:00,    3,   4.3,   5.5,  -0.8,  979.1,  -0.3,  91.6,  -1.5
2025-02-03 04:00:00,    3,   4.2,   5.3,  -0.6,  988.3,   0.2,  85.7,  -1.9
2025-02-03 05:00:00,    3,   4.2,   5.3,  -0.7,  988.7,   0.1,  85.7,  -2.0
2025-02-03 06:00:00,    3,   4.1,   5.2,  -1.5,  979.1,  -1.1,  92.2,  -2.2
2025-02-03 07:00:00,    3,   3.9,   4.9,  -2.1,  979.7,  -1.7,  91.5,  -2.9
2025-02-03 08:00:00,    3,   3.9,   4.9,  -2.1,  980.3,  -1.6,  90.1,  -3.0
2025-02-03 09:00:00,    3,   3.9,   4.9,  -2.1,  980.4,  -1.6,  90.8,  -2.9
2025-02-03 10:00:00,    3,   3.8,   4.8,  -2.1,  980.0,  -1.4,  87.5,  -3.2
2025-02-03 11:00:00,3,4.0,5.0,-1.7,980.8,-1.1,88.2,-2.8
2025-02-03 12:00:00,    3,   3.9,   5.0,  -1.2,  989.9,  -0.2,  82.6,  -2.8
2025-02-03 13:00:00,    3,   4.0,   5.0,  -0.8,  989.8,   0.4,  79.6,  -2.7
2025-02-03 14:00:00,    3,   3.9,   5.0,  -1.1,  980.2,   0.0,  81.4,  -2.8
2025-02-03 15:00:00,3,3.9,5.0,-0.2,979.9,1.4,74.1,-2.7
2025-02-03 16:00:00,3,3.9,5.0,-0.2,979.7,1.4,73.5,-2.8
2025-02-03 17:00:00,    3,   3.9,   4.9,  -1.4,  979.6,  -0.5,  83.8,  -2.9
2025-02-03 18:00:00,    3,   3.9,   4.9,  -1.8,  990.0,  -1.1,  86.2,  -3.1
2025-02-03 19:00:00,    3,   3.9,   4.9,  -2.1,  990.2,  -1.5,  89.5,  -3.0
2025-02-03 20:00:00,    3,   3.8,   4.8,  -2.2,  990.5,  -1.6,  88.8,  -3.2
2025-02-03 21:00:00,    3,   4.0,   5.0,  -1.9,  981.1,  -1.5,  92.2,  -2.6
2025-02-03 22:00:00,3,4.0,5.0,-1.7,990.6,-1.1,88.2,-2.8
2025-02-03 23:00:00,3,4.0,5.0,-1.5,990.7,-0.9,88.2,-2.6
2025-02-04 00:00:00,3,4.1,5.2,-1.7,981.1,-1.4,94.3,-2.2
2025-02-04 01:00:00,3,4.1,5.1,-1.9,981.2,-1.6,94.3,-2.4
2025-02-04 02:00:00,    3,   4.0,   5.0,  -2.2,  981.3,  -1.9,  94.2,  -2.7
2025-02-04 03:00:00,    3,   4.0,   5.0,  -1.7,  990.8,  -1.2,  90.2,  -2.6
2025-02-04 04:00:00,    3,   3.9,   4.9,  -2.0,  991.1,  -1.4,  89.5,  -2.9
2025-02-04 05:00:00,3,3.9,4.8,-2.8,981.5,-2.6,95.6,-3.2
2025-02-04 06:00:00,    3,   3.9,   4.9,  -2.3,  991.1,  -1.8,  90.8,  -3.1
2025-02-04 07:00:00,    3,   3.8,   4.8,  -2.6,  991.6,  -2.1,  90.8,  -3.4
2025-02-04 08:00:00,3,3.6,4.5,-3.5,982.2,-3.2,94.2,-4.0
2025-02-04 09:00:00,3,3.6,4.5,-3.1,982.5,-2.6,89.4,-4.1
2025-02-04 10:00:00,    3,   3.7,   4.6,  -2.6,  992.3,  -1.9,  86.8,  -3.8
2025-02-04 11:00:00,    3,   3.5,   4.5,  -1.5,  982.4,   0.0,  73.3,  -4.2
2025-02-04 12:00:00,    3,   3.5,   4.5,  -1.0,  981.8,   0.8,  69.2,  -4.2
2025-02-04 13:00:00,3,3.7,4.7,-0.4,991.3,1.4,69.8,-3.5
2025-02-04 14:00:00,3,3.8,4.8,-0.2,991.2,1.6,70.4,-3.2
2025-02-04 15:00:00,3,3.7,4.8,-0.1,991.0,2.0,67.3,-3.4
2025-02-04 16:00:00,    3,   3.8,   4.8,  -0.5,  991.3,   1.2,  72.4,  -3.2
2025-02-04 17:00:00,    3,   3.9,   4.9,  -1.4,  991.6,  -0.4,  81.9,  -3.1
2025-02-04 18:00:00,3,3.8,4.8,-1.8,992.0,-1.0,85.0,-3.2
2025-02-04 19:00:00,3,3.7,4.7,-2.1,982.9,-1.2,83.7,-3.6
2025-02-04 20:00:00,    3,   3.7,   4.6,  -2.7,  993.0,  -2.2,  89.4,  -3.7
2025-02-04 21:00:00,    3,   3.5,   4.4,  -3.6,  984.0,  -3.1,  90.0,  -4.5
2025-02-04 22:00:00,    3,   3.6,   4.4,  -3.8,  984.3,  -3.5,  94.2,  -4.3
2025-02-04 23:00:00,    3,   3.2,   4.0,  -4.8,  984.8,  -4.3,  89.9,  -5.7
2025-02-05 00:00:00,    3,   3.6,   4.5,  -3.9,  985.1,  -3.8,  97.0,  -4.2
2025-02-05 01:00:00,    3,   3.8,   4.8,  -2.9,  995.1,  -2.6,  94.2,  -3.4
2025-02-05 02:00:00,    3,   3.5,   4.3,  -4.6,  985.7,  -4.6,  99.2,  -4.7
2025-02-05 03:00:00,    3,   3.5,   4.4,  -3.9,  995.9,  -3.7,  94.9,  -4.4
2025-02-05 04:00:00,    3,   3.4,   4.2,  -4.3,  996.4,  -4.0,  93.4,  -4.9
2025-02-05 05:00:00,    3,   3.0,   3.8,  -5.6,  987.3,  -5.5,  92.6,  -6.5
2025-02-05 06:00:00,    3,   3.2,   3.9,  -5.3,  987.7,  -5.4,  96.3,  -5.9
2025-02-05 07:00:00,    3,   3.5,   4.3,  -4.0,  997.8,  -3.7,  92.8,  -4.7
2025-02-05 08:00:00,    3,   3.3,   4.2,  -4.5,  988.5,  -4.2,  92.7,  -5.2
2025-02-05 09:00:00,    3,   3.7,   4.6,  -2.5,  989.0,  -1.9,  87.5,  -3.7
2025-02-05 10:00:00,    3,   3.9,   4.9,  -0.4,  999.4,   1.2,  73.5,  -3.0
2025-02-05 11:00:00,    3,   4.0,   5.0,   0.4,  999.7,   2.3,  70.0,  -2.6
2025-02-05 12:00:00,    3,   4.1,   5.2,   1.7,  989.7,   4.2,  63.4,  -2.1
2025-02-05 13:00:00,    3,   4.2,   5.4,   1.9,  999.3,   4.3,  65.4,  -1.6
2025-02-05 14:00:00,    3,   4.0,   5.2,   1.9,  999.2,   4.7,  60.8,  -2.2
2025-02-05 15:00:00,3,3.9,5.0,2.0,989.4,5.1,57.0,-2.7
2025-02-05 16:00:00,    3,   4.5,   5.7,   1.9,  999.6,   3.9,  70.8,  -0.9
2025-02-05 17:00:00,    3,   4.7,   6.0,   1.3, 1000.1,   2.3,  83.5,  -0.2
2025-02-05 18:00:00,    3,   4.6,   5.9,   1.3,  990.8,   2.5,  80.5,  -0.5
2025-02-05 19:00:00,    3,   4.6,   5.9,   1.3,  991.0,   2.5,  80.5,  -0.5
2025-02-05 20:00:00,3,4.6,5.9,0.6,1001.2,1.3,87.7,-0.5
2025-02-05 21:00:00,    3,   4.7,   6.0,   1.1,  991.4,   2.0,  84.7,  -0.3
2025-02-05 22:00:00,3,4.7,5.9,0.6,1001.0,1.2,89.0,-0.4
2025-02-05 23:00:00,3,5.0,6.4,1.1,991.1,1.5,93.7,0.6
2025-02-06 00:00:00,3,5.2,6.6,1.1,990.7,1.1,99.3,1.0
2025-02-06 01:00:00,3,5.3,6.7,1.3,990.2,1.3,100.0,1.3
2025-02-06 02:00:00,3,5.3,6.7,1.3,999.9,1.3,100.0,1.3
2025-02-06 03:00:00,    3,   5.2,   6.6,   1.1,  989.5,   1.1, 100.0,   1.1
2025-02-06 04:00:00,3,5.1,6.5,0.9,999.5,0.9,99.3,0.8
2025-02-06 05:00:00,    3,   5.1,   6.5,   0.8,  989.6,   0.8, 100.0,   0.8
2025-02-06 06:00:00,    3,   5.0,   6.3,   0.6,  989.2,   0.6,  99.3,   0.5
2025-02-06 07:00:00,    3,   5.0,   6.3,   0.7,  999.5,   0.9,  96.4,   0.4
2025-02-06 08:00:00,    3,   4.9,   6.2,   0.4,  999.8,   0.5,  97.8,   0.2
2025-02-06 09:00:00,    3,   5.0,   6.3,   0.6,  999.6,   0.8,  97.1,   0.4
2025-02-06 10:00:00,3,5.0,6.3,0.6,989.4,0.7,98.6,0.5
2025-02-06 11:00:00,3,4.9,6.2,0.8,999.1,1.2,93.0,0.2
2025-02-06 12:00:00,    3,   4.7,   6.0,   0.9,  998.3,   1.6,  87.8,  -0.2
2025-02-06 13:00:00,    3,   5.1,   6.4,   1.3,  987.7,   1.8,  92.4,   0.7
2025-02-06 14:00:00,3,4.8,6.1,1.2,997.2,2.1,85.9,0.0
2025-02-06 15:00:00,    3,   4.9,   6.2,   1.1,  986.8,   1.8,  89.1,   0.2
2025-02-06 16:00:00,3,4.8,6.1,1.0,996.4,1.7,87.8,-0.1
2025-02-06 17:00:00,    3,   4.6,   5.8,   0.6,  986.2,   1.4,  86.5,  -0.6
2025-02-06 18:00:00,    3,   4.6,   5.8,   0.7,  995.6,   1.6,  85.2,  -0.6
2025-02-06 19:00:00,    3,   4.4,   5.6,   0.5,  995.2,   1.6,  82.2,  -1.1
2025-02-06 20:00:00,    3,   4.2,   5.4,   0.0,  984.5,   1.2,  80.3,  -1.8
2025-02-06 21:00:00,3,4.2,5.4,0.2,994.3,1.5,78.6,-1.8
2025-02-06 22:00:00,3,4.3,5.4,0.2,993.7,1.4,79.8,-1.7
2025-02-06 23:00:00,    3,   3.9,   4.9,  -0.3,  983.0,   1.4,  72.4,  -3.0
2025-02-07 00:00:00,    3,   4.0,   5.0,  -0.3,  982.1,   1.1,  76.3,  -2.6
2025-02-07 01:00:00,3,4.0,5.1,0.3,991.0,2.0,72.6,-2.4
2025-02-07 02:00:00,    3,   4.0,   5.1,   0.3,  990.5,   2.1,  72.0,  -2.4
2025-02-07 03:00:00,    3,   4.0,   5.1,   0.1,  979.9,   1.7,  74.1,  -2.4
2025-02-07 04:00:00,    3,   4.1,   5.2,   0.4,  989.3,   2.1,  73.7,  -2.1
2025-02-07 05:00:00,    3,   4.1,   5.2,   0.0,  979.0,   1.4,  76.9,  -2.2
2025-02-07 06:00:00,    3,   3.9,   5.0,   0.5,  988.0,   2.5,  68.5,  -2.7
2025-02-07 07:00:00,3,4.0,5.1,0.5,988.4,2.3,71.0,-2.4
2025-02-07 08:00:00,    3,   4.1,   5.2,   0.6,  988.2,   2.5,  70.5,  -2.3
2025-02-07 09:00:00,    3,   4.1,   5.3,   0.5,  978.5,   2.2,  73.7,  -2.0
2025-02-07 10:00:00,    3,   4.2,   5.3,   1.0,  977.9,   2.9,  70.6,  -1.9
2025-02-07 11:00:00,    3,   4.3,   5.4,   1.4,  977.4,   3.4,  69.7,  -1.6
2025-02-07 12:00:00,3,4.3,5.5,2.0,986.5,4.3,66.3,-1.4
2025-02-07 13:00:00,    3,   4.2,   5.4,   2.2,  986.2,   4.9,  62.7,  -1.6
2025-02-07 14:00:00,    3,   4.3,   5.5,   1.9,  985.6,   4.3,  65.9,  -1.5
2025-02-07 15:00:00,3,4.3,5.5,1.5,975.6,3.6,69.2,-1.5
2025-02-07 16:00:00,3,4.2,5.4,1.6,984.8,3.8,67.7,-1.6
2025-02-07 17:00:00,3,4.3,5.5,1.0,984.4,2.7,73.8,-1.5
2025-02-07 18:00:00,    3,   4.3,   5.5,   0.6,  984.0,   2.0,  77.5,  -1.5
2025-02-07 19:00:00,    3,   4.3,   5.5,   0.0,  973.9,   0.9,  83.9,  -1.5
2025-02-07 20:00:00,    3,   4.0,   5.1,  -1.1,  973.8,  -0.3,  85.1,  -2.5
2025-02-07 21:00:00,3,4.2,5.3,-0.9,974.0,-0.2,87.6,-2.0
2025-02-07 22:00:00,    3,   4.1,   5.2,  -0.7,  983.9,   0.1,  85.1,  -2.1
2025-02-07 23:00:00,    3,   4.2,   5.2,  -0.9,  984.0,  -0.2,  87.0,  -2.1
2025-02-08 00:00:00,    3,   4.1,   5.2,  -1.2,  984.2,  -0.6,  88.9,  -2.2
2025-02-08 01:00:00,    3,   3.4,   4.2,  -4.2,  974.7,  -3.8,  90.7,  -5.1
2025-02-08 02:00:00,3,3.9,4.9,-2.2,984.6,-1.8,91.5,-3.0
2025-02-08 03:00:00,3,4.0,5.0,-2.0,984.5,-1.6,92.9,-2.6
2025-02-08 04:00:00,    3,   3.7,   4.6,  -3.5,  974.9,  -3.4,  97.0,  -3.8
2025-02-08 05:00:00,    3,   3.5,   4.4,  -4.2,  974.6,  -4.0,  96.3,  -4.5
2025-02-08 06:00:00,    3,   3.4,   4.3,  -4.3,  974.6,  -4.1,  94.9,  -4.8
2025-02-08 07:00:00,3,3.1,3.8,-5.2,974.7,-5.1,92.0,-6.2
2025-02-08 08:00:00,    3,   3.9,   4.9,  -2.3,  984.4,  -1.8,  90.8,  -3.1
2025-02-08 09:00:00,    3,   4.0,   5.0,  -0.8,  984.4,   0.3,  80.2,  -2.7
2025-02-08 10:00:00,3,4.2,5.3,0.2,974.8,1.7,76.4,-2.0
2025-02-08 11:00:00,3,4.2,5.3,1.5,974.7,3.9,65.8,-1.9
2025-02-08 12:00:00,3,4.3,5.6,2.5,983.8,5.2,62.7,-1.3
2025-02-08 13:00:00,3,4.5,5.9,4.0,983.5,7.4,57.1,-0.5
2025-02-08 14:00:00,    3,   4.6,   6.0,   4.7,  983.1,   8.6,  53.4,  -0.3
2025-02-08 15:00:00,    3,   4.6,   6.0,   5.0,  973.6,   9.2,  51.3,  -0.3
2025-02-08 16:00:00,    3,   4.8,   6.2,   4.2,  973.6,   7.4,  60.1,   0.2
2025-02-08 17:00:00,    3,   4.5,   5.8,   3.6,  983.8,   6.7,  59.5,  -0.6
2025-02-08 18:00:00,    3,   4.5,   5.8,   2.9,  983.9,   5.6,  63.3,  -0.8
2025-02-08 19:00:00,    3,   4.5,   5.8,   2.3,  984.3,   4.5,  68.4,  -0.8
2025-02-08 20:00:00,    3,   4.1,   5.2,   0.2,  974.8,   1.8,  74.1,  -2.3
2025-02-08 21:00:00,3,4.5,5.7,1.5,984.8,3.1,74.9,-0.9
2025-02-08 22:00:00,3,4.5,5.7,1.0,985.0,2.4,78.2,-1.0
2025-02-08 23:00:00,    3,   4.3,   5.5,   0.3,  985.4,   1.5,  81.0,  -1.4
2025-02-09 00:00:00,    3,   3.8,   4.8,  -1.9,  975.9,  -1.0,  84.4,  -3.3
2025-02-09 01:00:00,    3,   4.1,   5.2,  -1.3,  976.5,  -0.7,  89.6,  -2.2
2025-02-09 02:00:00,    3,   3.9,   4.9,  -2.1,  976.7,  -1.6,  90.8,  -2.9
2025-02-09 03:00:00,3,4.2,5.3,-0.6,986.7,0.2,85.7,-1.9
2025-02-09 04:00:00,    3,   4.2,   5.3,  -0.8,  987.0,  -0.1,  87.0,  -2.0
2025-02-09 05:00:00,    3,   4.3,   5.4,  -0.6,  987.6,   0.1,  88.3,  -1.6
2025-02-09 06:00:00,3,4.2,5.3,-1.0,978.3,-0.5,90.2,-1.9
2025-02-09 07:00:00,3,4.3,5.5,-0.7,978.9,-0.2,90.9,-1.5
2025-02-09 08:00:00,3,4.4,5.6,-0.2,988.9,0.4,89.0,-1.2
2025-02-09 09:00:00,    3,   4.5,   5.7,   0.6,  989.1,   1.6,  83.4,  -0.9
2025-02-09 10:00:00,    3,   4.8,   6.1,   1.5,  979.7,   2.6,  82.3,  -0.1
2025-02-09 11:00:00,    3,   4.9,   6.2,   1.9,  980.0,   3.1,  81.2,   0.2
2025-02-09 12:00:00,3,4.8,6.2,2.6,979.8,4.4,74.0,0.2
2025-02-09 13:00:00,    3,   4.8,   6.2,   3.0,  988.9,   5.1,  70.0,   0.1
2025-02-09 14:00:00,    3,   4.9,   6.2,   3.2,  988.8,   5.4,  69.5,   0.3
2025-02-09 15:00:00,    3,   5.1,   6.5,   3.5,  988.9,   5.5,  72.1,   0.9
2025-02-09 16:00:00,    3,   5.0,   6.4,   3.2,  979.5,   5.2,  72.1,   0.6
2025-02-09 17:00:00,3,5.2,6.7,3.1,989.3,4.5,79.6,1.3
2025-02-09 18:00:00,3,5.3,6.8,3.0,989.4,4.1,83.1,1.5
2025-02-09 19:00:00,    3,   5.0,   6.4,   2.2,  979.5,   3.4,  82.4,   0.7
2025-02-09 20:00:00,    3,   4.2,   5.4,  -0.6,  979.5,   0.1,  87.0,  -1.8
2025-02-09 21:00:00,    3,   4.9,   6.2,   0.7,  979.4,   1.1,  93.0,   0.1
2025-02-09 22:00:00,3,4.6,5.8,-0.4,978.7,-0.3,97.8,-0.6
2025-02-09 23:00:00,    3,   4.9,   6.2,   0.6,  988.3,   0.9,  95.0,   0.2
2025-02-10 00:00:00,    3,   4.8,   6.0,   0.2,  988.1,   0.5,  95.0,  -0.2
2025-02-10 01:00:00,    3,   3.8,   4.8,  -2.7,  978.2,  -2.3,  92.8,  -3.3
2025-02-10 02:00:00,3,4.0,5.0,-2.2,977.8,-1.9,94.9,-2.6
2025-02-10 03:00:00,3,4.6,5.8,-0.5,987.0,-0.3,97.1,-0.7
2025-02-10 04:00:00,3,4.5,5.6,-1.1,986.9,-1.0,98.5,-1.2
2025-02-10 05:00:00,    3,   4.5,   5.6,  -0.9,  986.8,  -0.7,  97.1,  -1.1
2025-02-10 06:00:00,    3,   4.2,   5.2,  -1.9,  977.4,  -1.8,  97.8,  -2.1
2025-02-10 07:00:00,    3,   4.2,   5.3,  -1.7,  977.3,  -1.6,  97.1,  -2.0
2025-02-10 08:00:00,    3,   4.6,   5.8,  -0.1,  986.3,   0.2,  94.3,  -0.6
2025-02-10 09:00:00,    3,   4.7,   5.9,   0.6,  986.5,   1.3,  88.4,  -0.4
2025-02-10 10:00:00,    3,   5.1,   6.5,   2.0,  985.8,   2.9,  86.6,   0.9
2025-02-10 11:00:00,    3,   5.1,   6.5,   2.6,  976.1,   3.9,  80.7,   0.9
2025-02-10 12:00:00,3,5.1,6.6,4.1,985.1,6.6,67.3,1.0
2025-02-10 13:00:00,3,5.4,7.0,4.7,984.5,7.1,68.9,1.8
2025-02-10 14:00:00,    3,   5.2,   6.8,   4.6,  974.4,   7.3,  66.0,   1.4
2025-02-10 15:00:00,    3,   5.4,   7.0,   4.8,  974.0,   7.3,  68.5,   1.9
2025-02-10 16:00:00,    3,   5.6,   7.3,   4.9,  974.2,   7.0,  72.4,   2.4
2025-02-10 17:00:00,    3,   6.1,   7.9,   4.7,  974.4,   5.7,  85.7,   3.5
2025-02-10 18:00:00,3,6.4,8.2,4.5,974.3,4.9,94.5,4.1
2025-02-10 19:00:00,    3,   6.6,   8.4,   4.8,  983.4,   5.1,  95.9,   4.5
2025-02-10 20:00:00,    3,   6.5,   8.3,   4.6,  983.1,   4.8,  96.6,   4.3
2025-02-10 21:00:00,3,6.1,7.9,3.7,973.1,3.9,97.2,3.5
2025-02-10 22:00:00,3,6.2,8.0,4.1,982.7,4.4,95.2,3.7
2025-02-10 23:00:00,3,6.1,7.8,3.8,982.5,4.2,94.5,3.4
2025-02-11 00:00:00,    3,   6.0,   7.7,   3.8,  982.9,   4.4,  91.9,   3.2
2025-02-11 01:00:00,    3,   6.1,   7.7,   3.3,  973.4,   3.3, 100.0,   3.3
2025-02-11 02:00:00,    3,   6.0,   7.6,   3.3,  973.2,   3.4,  97.9,   3.1
2025-02-11 03:00:00,3,6.0,7.6,3.5,982.3,3.8,95.2,3.1
2025-02-11 04:00:00,    3,   6.2,   8.0,   4.1,  982.3,   4.5,  94.5,   3.7
2025-02-11 05:00:00,    3,   6.3,   8.1,   4.4,  982.3,   4.9,  93.2,   3.9
2025-02-11 06:00:00,    3,   6.2,   8.0,   3.8,  973.1,   3.9,  98.6,   3.7
2025-02-11 07:00:00,3,6.3,8.1,4.2,982.9,4.5,95.9,3.9
2025-02-11 08:00:00,3,6.3,8.1,4.3,983.2,4.6,95.2,3.9
2025-02-11 09:00:00,    3,   6.1,   7.9,   3.6,  974.1,   3.6,  99.3,   3.5
2025-02-11 10:00:00,    3,   6.3,   8.0,   3.9,  974.1,   4.0,  98.6,   3.8
2025-02-11 11:00:00,    3,   6.7,   8.6,   4.9,  973.9,   4.9,  99.3,   4.8
2025-02-11 12:00:00,3,7.1,9.2,6.1,982.5,6.5,94.6,5.7
2025-02-11 13:00:00,    3,   7.2,   9.4,   6.2,  982.3,   6.5,  96.6,   6.0
2025-02-11 14:00:00,    3,   7.4,   9.6,   6.5,  982.0,   6.8,  96.6,   6.3
2025-02-11 15:00:00,3,7.4,9.6,6.4,972.5,6.6,97.9,6.3
2025-02-11 16:00:00,3,7.3,9.4,6.0,972.3,6.1,99.3,6.0
2025-02-11 17:00:00,3,7.4,9.6,6.4,981.7,6.5,99.3,6.4
2025-02-11 18:00:00,3,7.2,9.3,5.9,981.7,6.0,99.3,5.9
2025-02-11 19:00:00,    3,   7.1,   9.2,   5.7,  981.8,   5.7, 100.0,   5.7
2025-02-11 20:00:00,    3,   6.6,   8.4,   4.5,  972.4,   4.5, 100.0,   4.5
2025-02-11 21:00:00,    3,   6.5,   8.3,   4.3,  972.3,   4.3, 100.0,   4.3
2025-02-11 22:00:00,    3,   6.8,   8.8,   5.1,  981.3,   5.1, 100.0,   5.1
2025-02-11 23:00:00,    3,   6.7,   8.7,   4.9,  981.1,   4.9, 100.0,   4.9
2025-02-12 00:00:00,    3,   6.7,   8.7,   4.9,  980.7,   4.9, 100.0,   4.9
2025-02-12 01:00:00,    3,   6.4,   8.1,   4.0,  971.1,   4.0, 100.0,   4.0
2025-02-12 02:00:00,3,6.7,8.7,4.9,979.8,4.9,100.0,4.9
2025-02-12 03:00:00,3,6.9,8.9,5.3,979.5,5.3,100.0,5.3
2025-02-12 04:00:00,    3,   7.0,   9.0,   5.5,  979.2,   5.6,  98.6,   5.4
2025-02-12 05:00:00,    3,   6.4,   8.3,   4.2,  969.9,   4.2, 100.0,   4.2
2025-02-12 06:00:00,    3,   6.6,   8.4,   4.5,  969.7,   4.5, 100.0,   4.5
2025-02-12 07:00:00,    3,   6.6,   8.5,   4.6,  969.8,   4.6, 100.0,   4.6
2025-02-12 08:00:00,3,7.4,9.6,6.4,978.9,6.5,99.3,6.4
2025-02-12 09:00:00,    3,   7.7,  10.0,   7.0,  978.9,   7.1,  99.3,   7.0
2025-02-12 10:00:00,    3,   7.9,  10.2,   7.5,  978.9,   7.7,  97.3,   7.3
2025-02-12 11:00:00,3,7.9,10.2,8.1,969.7,9.0,89.1,7.3
2025-02-12 12:00:00,3,8.3,10.7,8.3,978.6,8.6,96.0,8.0
2025-02-12 13:00:00,3,8.7,11.3,9.1,978.3,9.5,95.4,8.8
2025-02-12 14:00:00,    3,   8.7,  11.4,   9.2,  977.9,   9.5,  96.0,   8.9
2025-02-12 15:00:00,    3,   8.2,  10.7,   8.7,  968.7,   9.5,  90.3,   8.0
2025-02-12 16:00:00,    3,   8.3,  10.8,   8.6,  968.6,   9.2,  92.8,   8.1
2025-02-12 17:00:00,    3,   8.5,  11.0,   8.4,  977.9,   8.4, 100.0,   8.4
2025-02-12 18:00:00,    3,   8.4,  11.0,   8.3,  978.1,   8.3, 100.0,   8.3
2025-02-12 19:00:00,    3,   8.3,  10.8,   8.1,  978.2,   8.2,  99.3,   8.1
2025-02-12 20:00:00,    3,   8.1,  10.5,   7.7,  978.1,   7.8,  99.3,   7.7
2025-02-12 21:00:00,    3,   7.6,   9.8,   6.9,  968.8,   7.2,  96.6,   6.7
2025-02-12 22:00:00,3,7.9,10.2,7.3,978.0,7.3,100.0,7.3
2025-02-12 23:00:00,3,7.3,9.5,6.3,978.2,6.4,98.6,6.2
2025-02-13 00:00:00,    3,   7.6,   9.8,   6.8,  968.6,   7.0,  98.0,   6.7
2025-02-13 01:00:00,    3,   7.2,   9.2,   5.9,  968.7,   6.0,  98.6,   5.8
2025-02-13 02:00:00,    3,   6.8,   8.7,   5.2,  968.6,   5.4,  97.2,   5.0
2025-02-13 03:00:00,3,6.7,8.5,4.9,968.3,5.0,97.9,4.7
2025-02-13 04:00:00,    3,   6.0,   7.7,   3.3,  978.3,   3.4,  98.6,   3.2
2025-02-13 05:00:00,    3,   5.7,   7.3,   2.6,  978.4,   2.7,  97.9,   2.4
2025-02-13 06:00:00,    3,   5.4,   6.9,   2.0,  968.7,   2.3,  95.1,   1.6
2025-02-13 07:00:00,3,5.1,6.5,1.2,978.0,1.4,96.5,0.9
2025-02-13 08:00:00,3,4.8,6.1,0.1,978.7,0.2,98.6,0.0
2025-02-13 09:00:00,    3,   4.9,   6.2,   0.2,  978.7,   0.2, 100.0,   0.2
2025-02-13 10:00:00,    3,   4.8,   6.1,   0.2,  969.6,   0.4,  97.1,   0.0
2025-02-13 11:00:00,    3,   4.8,   6.1,   0.5,  970.0,   0.8,  94.4,   0.0
2025-02-13 12:00:00,    3,   5.0,   6.4,   1.0,  979.4,   1.3,  95.1,   0.6
2025-02-13 13:00:00,    3,   5.1,   6.4,   1.6,  979.2,   2.2,  89.8,   0.7
2025-02-13 14:00:00,    3,   5.1,   6.5,   1.6,  979.4,   2.2,  90.4,   0.8
2025-02-13 15:00:00,    3,   4.8,   6.1,   1.5,  970.0,   2.6,  82.3,  -0.1
2025-02-13 16:00:00,3,5.0,6.3,1.7,979.8,2.6,86.0,0.5
2025-02-13 17:00:00,3,5.0,6.4,1.7,979.7,2.5,87.2,0.6
2025-02-13 18:00:00,    3,   4.9,   6.3,   1.8,  979.9,   2.8,  84.1,   0.4
2025-02-13 19:00:00,    3,   5.0,   6.3,   1.2,  970.8,   1.7,  91.0,   0.4
2025-02-13 20:00:00,    3,   4.9,   6.2,   1.1,  970.7,   1.7,  90.4,   0.3
2025-02-13 21:00:00,    3,   5.0,   6.3,   0.9,  970.8,   1.2,  94.4,   0.4
2025-02-13 22:00:00,3,4.8,6.1,0.0,980.9,0.0,99.3,-0.1
2025-02-13 23:00:00,    3,   4.7,   6.0,  -0.2,  981.1,  -0.2,  99.3,  -0.3
2025-02-14 00:00:00,    3,   4.6,   5.8,  -0.6,  981.3,  -0.5,  97.8,  -0.8
2025-02-14 01:00:00,3,4.3,5.4,-1.3,971.8,-1.0,95.0,-1.7
2025-02-14 02:00:00,3,4.2,5.3,-1.5,972.2,-1.2,94.3,-2.0
2025-02-14 03:00:00,3,4.1,5.2,-1.7,982.4,-1.4,94.3,-2.2
2025-02-14 04:00:00,    3,   4.1,   5.2,  -1.8,  983.1,  -1.6,  95.7,  -2.2
2025-02-14 05:00:00,    3,   3.8,   4.8,  -2.2,  973.9,  -1.6,  88.2,  -3.3
2025-02-14 06:00:00,    3,   3.8,   4.8,  -2.3,  974.4,  -1.8,  90.1,  -3.2
2025-02-14 07:00:00,3,3.8,4.8,-2.4,975.0,-1.9,89.5,-3.4
2025-02-14 08:00:00,    3,   4.0,   5.0,  -2.1,  985.3,  -1.7,  92.2,  -2.8
2025-02-14 09:00:00,    3,   3.9,   4.9,  -2.1,  985.8,  -1.6,  90.1,  -3.0
2025-02-14 10:00:00,    3,   3.8,   4.8,  -2.2,  986.3,  -1.5,  86.9,  -3.4
2025-02-14 11:00:00,    3,   3.5,   4.4,  -2.4,  977.0,  -1.3,  78.8,  -4.5
2025-02-14 12:00:00,3,4.0,5.0,-1.7,986.8,-1.2,90.2,-2.6
2025-02-14 13:00:00,3,4.2,5.3,-1.3,986.9,-0.9,92.2,-2.0
2025-02-14 14:00:00,    3,   3.8,   4.8,  -2.0,  977.3,  -1.2,  85.0,  -3.4
2025-02-14 15:00:00,    3,   4.0,   5.0,  -1.7,  977.6,  -1.0,  87.6,  -2.8
2025-02-14 16:00:00,    3,   3.9,   4.9,  -1.7,  977.5,  -1.0,  86.3,  -3.0
2025-02-14 17:00:00,3,4.0,5.0,-1.6,977.8,-0.9,87.6,-2.7
2025-02-14 18:00:00,    3,   4.4,   5.6,  -1.1,  987.9,  -0.9,  97.1,  -1.3
2025-02-14 19:00:00,    3,   4.4,   5.6,  -1.1,  988.2,  -0.9,  97.1,  -1.3
2025-02-14 20:00:00,3,4.2,5.2,-1.4,978.6,-0.9,91.5,-2.1
2025-02-14 21:00:00,3,4.2,5.2,-1.4,978.7,-0.9,91.5,-2.1
2025-02-14 22:00:00,3,4.4,5.5,-1.1,988.4,-0.8,95.0,-1.5
2025-02-14 23:00:00,3,4.3,5.4,-1.1,988.3,-0.8,94.3,-1.6
2025-02-15 00:00:00,    3,   4.2,   5.3,  -1.3,  988.3,  -0.9,  92.2,  -2.0
2025-02-15 01:00:00,    3,   3.9,   4.9,  -1.7,  978.1,  -1.0,  86.9,  -2.9
2025-02-15 02:00:00,    3,   3.8,   4.8,  -1.9,  977.4,  -1.0,  84.4,  -3.3
2025-02-15 03:00:00,    3,   3.9,   4.9,  -1.8,  986.7,  -1.0,  85.6,  -3.1
2025-02-15 04:00:00,    3,   3.8,   4.8,  -1.8,  986.2,  -1.0,  84.4,  -3.3
2025-02-15 05:00:00,    3,   3.8,   4.8,  -1.9,  985.9,  -1.1,  85.6,  -3.2
2025-02-15 06:00:00,    3,   3.3,   4.1,  -2.5,  975.8,  -1.0,  72.0,  -5.4
2025-02-15 07:00:00,3,3.6,4.5,-2.3,985.3,-1.3,81.2,-4.1
2025-02-15 08:00:00,3,3.8,4.7,-1.9,985.4,-0.9,82.5,-3.5
2025-02-15 09:00:00,    3,   3.8,   4.8,  -1.8,  985.3,  -0.8,  82.5,  -3.4
2025-02-15 10:00:00,    3,   3.4,   4.3,  -2.0,  975.3,  -0.5,  73.2,  -4.7
2025-02-15 11:00:00,    3,   3.3,   4.2,  -2.0,  975.3,  -0.3,  70.0,  -5.1
2025-02-15 12:00:00,3,3.3,4.2,-1.9,974.5,-0.2,69.5,-5.1
2025-02-15 13:00:00,    3,   3.6,   4.5,  -1.4,  983.9,   0.1,  73.3,  -4.1
2025-02-15 14:00:00,    3,   3.6,   4.6,  -1.3,  982.8,   0.2,  73.9,  -3.9
2025-02-15 15:00:00,3,3.5,4.5,-1.1,972.9,0.7,69.7,-4.2
2025-02-15 16:00:00,3,3.7,4.7,-1.2,972.4,0.2,75.6,-3.6
2025-02-15 17:00:00,3,3.8,4.8,-1.6,981.6,-0.5,80.7,-3.4
2025-02-15 18:00:00,    3,   3.9,   4.9,  -1.5,  981.9,  -0.7,  85.0,  -2.9
2025-02-15 19:00:00,    3,   3.7,   4.7,  -2.1,  971.9,  -1.2,  83.7,  -3.6
2025-02-15 20:00:00,    3,   3.7,   4.6,  -2.1,  971.8,  -1.2,  83.1,  -3.7
2025-02-15 21:00:00,3,3.8,4.7,-2.0,971.8,-1.2,84.3,-3.5
2025-02-15 22:00:00,    3,   3.8,   4.8,  -1.9,  981.0,  -1.0,  84.4,  -3.3
2025-02-15 23:00:00,    3,   3.7,   4.6,  -2.0,  980.5,  -1.0,  81.9,  -3.7
2025-02-16 00:00:00,    3,   3.7,   4.7,  -2.0,  980.5,  -1.0,  82.5,  -3.6
2025-02-16 01:00:00,    3,   3.7,   4.7,  -2.1,  970.5,  -1.3,  84.3,  -3.6
2025-02-16 02:00:00,3,3.6,4.6,-2.2,970.3,-1.3,82.4,-3.9
2025-02-16 03:00:00,3,3.8,4.8,-2.0,979.4,-1.1,84.3,-3.4
2025-02-16 04:00:00,    3,   3.8,   4.8,  -2.1,  969.9,  -1.3,  85.6,  -3.4
2025-02-16 05:00:00,    3,   3.9,   4.9,  -1.8,  969.5,  -1.1,  86.9,  -3.0
2025-02-16 06:00:00,    3,   3.8,   4.8,  -2.0,  969.5,  -1.2,  85.0,  -3.4
2025-02-16 07:00:00,3,3.7,4.6,-1.9,970.2,-0.9,81.3,-3.7
2025-02-16 08:00:00,    3,   3.9,   4.9,  -1.9,  980.0,  -1.2,  87.5,  -3.0
2025-02-16 09:00:00,    3,   4.2,   5.2,  -1.4,  979.9,  -0.9,  91.5,  -2.1
2025-02-16 10:00:00,    3,   3.8,   4.8,  -1.3,  970.2,  -0.2,  80.2,  -3.2
2025-02-16 11:00:00,3,4.0,5.1,-0.5,980.2,0.7,79.1,-2.5
2025-02-16 12:00:00,3,4.0,5.1,-0.2,970.2,1.3,75.7,-2.5
2025-02-16 13:00:00,3,3.8,4.8,-0.5,969.8,1.2,71.9,-3.3
2025-02-16 14:00:00,    3,   3.9,   4.9,  -0.8,  979.9,   0.4,  78.5,  -2.9
2025-02-16 15:00:00,    3,   4.0,   5.0,  -0.5,  970.5,   0.8,  77.4,  -2.7
2025-02-16 16:00:00,    3,   3.8,   4.8,  -1.3,  970.9,  -0.1,  79.6,  -3.2
2025-02-16 17:00:00,    3,   3.9,   4.9,  -1.3,  981.4,  -0.3,  82.6,  -2.9
2025-02-16 18:00:00,    3,   3.9,   4.9,  -1.4,  981.8,  -0.3,  81.3,  -3.1
2025-02-16 19:00:00,    3,   3.7,   4.6,  -1.6,  982.2,  -0.4,  78.3,  -3.7
2025-02-16 20:00:00,    3,   3.6,   4.6,  -2.0,  972.7,  -0.9,  80.1,  -3.9
2025-02-16 21:00:00,3,3.6,4.5,-2.1,972.9,-1.0,79.4,-4.1
2025-02-16 22:00:00,3,3.5,4.4,-2.3,973.0,-1.1,78.8,-4.3
2025-02-16 23:00:00,    3,   3.5,   4.4,  -2.3,  972.8,  -1.2,  78.8,  -4.4
2025-02-17 00:00:00,    3,   3.4,   4.3,  -2.5,  972.7,  -1.3,  77.6,  -4.7
2025-02-17 01:00:00,    3,   3.4,   4.3,  -2.7,  972.9,  -1.5,  78.2,  -4.8
2025-02-17 02:00:00,    3,   3.4,   4.3,  -2.7,  972.9,  -1.6,  79.4,  -4.7
2025-02-17 03:00:00,3,3.4,4.2,-2.9,973.0,-1.8,79.3,-4.9
2025-02-17 04:00:00,    3,   3.2,   4.1,  -3.3,  982.9,  -2.2,  78.1,  -5.5
2025-02-17 05:00:00,    3,   3.2,   4.0,  -4.1,  983.2,  -3.3,  83.4,  -5.7
2025-02-17 06:00:00,3,3.3,4.1,-3.8,973.4,-3.0,84.1,-5.3
2025-02-17 07:00:00,3,3.2,3.9,-4.2,973.6,-3.3,82.2,-5.9
2025-02-17 08:00:00,3,3.1,3.8,-3.8,983.6,-2.5,75.1,-6.3
2025-02-17 09:00:00,    3,   3.1,   3.8,  -2.9,  983.7,  -1.2,  68.7,  -6.2
2025-02-17 10:00:00,    3,   3.2,   4.0,  -2.1,  973.7,  -0.3,  67.4,  -5.6
2025-02-17 11:00:00,    3,   3.2,   4.0,  -1.7,  973.6,   0.5,  63.6,  -5.6
2025-02-17 12:00:00,3,3.2,4.1,-1.1,973.3,1.4,60.0,-5.5
2025-02-17 13:00:00,    3,   3.1,   3.9,  -0.8,  982.9,   2.0,  55.3,  -6.0
2025-02-17 14:00:00,    3,   3.3,   4.2,  -0.2,  982.9,   2.6,  56.8,  -5.1
2025-02-17 15:00:00,    3,   3.4,   4.4,  -0.4,  973.0,   2.0,  62.0,  -4.5
2025-02-17 16:00:00,3,3.3,4.2,-0.8,982.7,1.5,61.9,-5.0
2025-02-17 17:00:00,3,3.3,4.2,-1.6,983.1,0.2,68.0,-5.0
2025-02-17 18:00:00,    3,   3.4,   4.2,  -1.6,  973.9,   0.2,  68.5,  -4.9
2025-02-17 19:00:00,    3,   3.1,   3.9,  -3.6,  974.2,  -2.3,  75.1,  -6.1
2025-02-17 20:00:00,    3,   3.2,   4.0,  -3.6,  974.4,  -2.4,  77.4,  -5.8
2025-02-17 21:00:00,3,3.1,3.9,-3.5,984.4,-2.2,75.1,-6.0
2025-02-17 22:00:00,    3,   3.1,   3.9,  -3.5,  984.4,  -2.3,  75.7,  -6.0
2025-02-17 23:00:00,    3,   3.2,   3.9,  -4.0,  984.4,  -3.0,  80.4,  -5.9
2025-02-18 00:00:00,    3,   3.0,   3.7,  -5.3,  975.3,  -5.0,  88.5,  -6.6
2025-02-18 01:00:00,3,3.1,3.8,-5.1,975.3,-4.8,89.2,-6.3
2025-02-18 02:00:00,3,2.9,3.6,-5.6,975.2,-5.2,87.1,-7.0
2025-02-18 03:00:00,3,2.8,3.5,-5.2,984.8,-4.4,80.1,-7.3
2025-02-18 04:00:00,    3,   2.9,   3.6,  -5.3,  985.7,  -4.7,  82.6,  -7.2
2025-02-18 05:00:00,    3,   2.8,   3.4,  -6.5,  976.0,  -6.2,  88.4,  -7.8
2025-02-18 06:00:00,    3,   2.6,   3.2,  -7.1,  975.9,  -6.9,  87.7,  -8.6
2025-02-18 07:00:00,    3,   2.8,   3.5,  -6.1,  986.0,  -5.7,  86.4,  -7.6
2025-02-18 08:00:00,    3,   2.8,   3.5,  -5.0,  986.4,  -4.2,  79.0,  -7.3
2025-02-18 09:00:00,    3,   3.1,   3.9,  -3.4,  986.4,  -2.0,  73.5,  -6.1
2025-02-18 10:00:00,    3,   3.3,   4.2,  -2.5,  976.4,  -1.0,  73.1,  -5.2
2025-02-18 11:00:00,3,3.1,3.9,-2.2,976.3,-0.2,64.4,-6.1
2025-02-18 12:00:00,3,3.0,3.8,-1.1,985.9,1.8,54.4,-6.4
2025-02-18 13:00:00,    3,   3.0,   3.9,  -0.6,  985.8,   2.5,  53.0,  -6.1
2025-02-18 14:00:00,    3,   3.3,   4.2,  -0.7,  976.0,   1.8,  60.6,  -5.0
2025-02-18 15:00:00,    3,   3.3,   4.2,  -0.8,  976.1,   1.6,  61.9,  -4.9
2025-02-18 16:00:00,    3,   3.3,   4.2,  -1.1,  976.1,   1.1,  63.2,  -5.1
2025-02-18 17:00:00,3,3.3,4.1,-1.9,976.3,-0.1,67.9,-5.3
2025-02-18 18:00:00,    3,   2.9,   3.7,  -2.2,  986.7,   0.1,  59.7,  -6.8
2025-02-18 19:00:00,    3,   3.0,   3.8,  -2.7,  986.7,  -0.9,  66.7,  -6.3
2025-02-18 20:00:00,3,3.1,3.8,-3.9,976.7,-2.7,76.2,-6.3
2025-02-18 21:00:00,3,2.8,3.5,-5.0,976.8,-3.9,76.6,-7.4
2025-02-18 22:00:00,3,2.8,3.6,-3.6,986.6,-1.8,66.5,-7.2
2025-02-18 23:00:00,    3,   2.8,   3.5,  -3.5,  986.1,  -1.6,  64.6,  -7.4
2025-02-19 00:00:00,    3,   2.6,   3.2,  -5.8,  976.5,  -4.9,  75.2,  -8.6
2025-02-19 01:00:00,    3,   2.4,   3.0,  -6.9,  976.4,  -6.1,  76.8,  -9.5
2025-02-19 02:00:00,    3,   2.5,   3.2,  -4.7,  985.8,  -3.0,  64.7,  -8.7
2025-02-19 03:00:00,    3,   2.6,   3.2,  -4.9,  985.6,  -3.3,  66.7,  -8.6
2025-02-19 04:00:00,    3,   2.6,   3.2,  -5.2,  985.8,  -4.0,  70.9,  -8.5
2025-02-19 05:00:00,    3,   2.6,   3.2,  -5.5,  985.9,  -4.4,  73.0,  -8.5
2025-02-19 06:00:00,    3,   2.5,   3.1,  -7.1,  976.0,  -6.7,  84.3,  -8.9
2025-02-19 07:00:00,3,2.6,3.2,-6.4,976.5,-5.8,81.2,-8.5
2025-02-19 08:00:00,3,2.7,3.3,-5.5,976.8,-4.5,75.3,-8.2
2025-02-19 09:00:00,    3,   2.8,   3.5,  -4.1,  977.0,  -2.6,  69.5,  -7.4
2025-02-19 10:00:00,    3,   2.9,   3.7,  -3.3,  977.0,  -1.6,  67.6,  -6.8
2025-02-19 11:00:00,    3,   2.9,   3.6,  -3.0,  977.2,  -1.0,  63.7,  -7.0
2025-02-19 12:00:00,3,3.0,3.8,-1.2,986.4,1.5,56.5,-6.2
2025-02-19 13:00:00,    3,   3.2,   4.0,  -0.4,  986.2,   2.5,  55.0,  -5.6
2025-02-19 14:00:00,    3,   3.2,   4.1,   0.1,  985.9,   3.2,  53.2,  -5.4
2025-02-19 15:00:00,    3,   3.4,   4.3,   0.2,  976.5,   3.1,  56.5,  -4.7
2025-02-19 16:00:00,3,3.7,4.7,0.4,976.4,2.9,62.2,-3.6
2025-02-19 17:00:00,3,3.5,4.5,-0.2,986.2,2.1,63.4,-4.1
2025-02-19 18:00:00,    3,   3.5,   4.5,  -0.8,  986.5,   1.1,  67.7,  -4.2
2025-02-19 19:00:00,    3,   3.9,   5.0,  -1.2,  976.9,  -0.2,  82.6,  -2.8
2025-02-19 20:00:00,    3,   3.7,   4.6,  -1.6,  977.2,  -0.4,  78.3,  -3.7
2025-02-19 21:00:00,    3,   3.6,   4.6,  -0.9,  986.7,   0.9,  70.7,  -3.8
2025-02-19 22:00:00,    3,   3.6,   4.6,  -0.9,  986.8,   0.8,  71.3,  -3.8
2025-02-19 23:00:00,    3,   3.7,   4.7,  -1.3,  986.8,   0.1,  76.1,  -3.6
2025-02-20 00:00:00,    3,   3.5,   4.4,  -3.0,  977.4,  -2.2,  84.2,  -4.5
2025-02-20 01:00:00,3,3.7,4.6,-2.7,977.7,-2.0,87.5,-3.8
2025-02-20 02:00:00,3,4.0,5.0,-2.2,977.6,-1.8,92.9,-2.8
2025-02-20 03:00:00,    3,   3.9,   4.9,  -1.8,  977.3,  -1.1,  86.9,  -3.0
2025-02-20 04:00:00,3,4.0,5.0,-0.1,986.8,1.5,74.1,-2.6
2025-02-20 05:00:00,3,4.3,5.5,-0.5,977.7,0.2,88.3,-1.5
2025-02-20 06:00:00,    3,   4.0,   5.1,  -0.1,  986.9,   1.3,  76.3,  -2.4
2025-02-20 07:00:00,    3,   4.3,   5.4,  -0.9,  977.8,  -0.3,  90.2,  -1.7
2025-02-20 08:00:00,    3,   4.4,   5.6,   1.0,  987.2,   2.6,  75.4,  -1.3
2025-02-20 09:00:00,3,4.6,5.8,1.9,987.7,3.6,73.9,-0.6
2025-02-20 10:00:00,    3,   4.8,   6.2,   2.6,  987.9,   4.4,  73.5,   0.1
2025-02-20 11:00:00,3,5.3,6.9,3.4,978.7,4.8,79.7,1.6
2025-02-20 12:00:00,    3,   5.9,   7.7,   5.2,  978.3,   6.9,  77.2,   3.2
2025-02-20 13:00:00,3,6.2,8.0,5.9,978.2,7.8,75.7,3.8
2025-02-20 14:00:00,3,6.9,9.1,8.0,977.8,10.4,72.1,5.6
2025-02-20 15:00:00,    3,   6.2,   8.1,   7.5,  987.1,  10.9,  62.3,   4.0
2025-02-20 16:00:00,    3,   6.5,   8.5,   7.8,  987.1,  10.9,  65.0,   4.6
2025-02-20 17:00:00,3,6.6,8.5,7.0,987.2,9.3,72.9,4.7
2025-02-20 18:00:00,3,6.2,8.0,5.5,978.7,7.0,80.0,3.8
2025-02-20 19:00:00,    3,   5.8,   7.4,   3.2,  978.9,   3.7,  92.5,   2.6
2025-02-20 20:00:00,    3,   6.4,   8.3,   6.2,  988.2,   8.0,  76.9,   4.2
2025-02-20 21:00:00,3,6.1,7.9,4.6,979.2,5.4,88.1,3.6
2025-02-20 22:00:00,    3,   6.3,   8.1,   5.6,  988.3,   7.0,  81.1,   4.0
2025-02-20 23:00:00,    3,   5.8,   7.5,   3.4,  979.0,   3.9,  92.5,   2.8
2025-02-21 00:00:00,3,5.8,7.4,3.2,979.0,3.7,92.5,2.6
2025-02-21 01:00:00,    3,   5.8,   7.4,   3.2,  978.8,   3.6,  93.8,   2.7
2025-02-21 02:00:00,3,6.4,8.3,5.4,988.3,6.5,85.8,4.3
2025-02-21 03:00:00,3,6.2,8.0,4.6,988.3,5.5,88.1,3.7
2025-02-21 04:00:00,    3,   6.2,   8.0,   3.9,  979.1,   4.1,  97.2,   3.7
2025-02-21 05:00:00,    3,   6.1,   7.9,   3.6,  979.0,   3.6,  99.3,   3.5
2025-02-21 06:00:00,    3,   6.7,   8.7,   5.4,  987.8,   5.8,  93.9,   4.9
2025-02-21 07:00:00,    3,   5.8,   7.4,   2.9,  978.8,   3.2,  95.8,   2.6
2025-02-21 08:00:00,    3,   6.7,   8.6,   5.4,  978.3,   6.0,  92.0,   4.8
2025-02-21 09:00:00,3,7.2,9.4,7.3,978.1,8.6,83.7,6.0
2025-02-21 10:00:00,3,7.6,10.0,8.9,977.5,11.0,75.8,6.9
2025-02-21 11:00:00,3,7.7,10.2,10.0,976.9,13.1,67.8,7.3
2025-02-21 12:00:00,    3,   7.7,  10.2,  10.7,  985.1,  14.7,  61.1,   7.3
2025-02-21 13:00:00,    3,   7.6,  10.2,  11.1,  975.0,  15.9,  56.2,   7.2
2025-02-21 14:00:00,    3,   7.4,  10.0,  11.5,  983.5,  17.0,  51.3,   6.9
2025-02-21 15:00:00,    3,   7.6,  10.2,  11.5,  973.6,  16.6,  54.1,   7.3
2025-02-21 16:00:00,    3,   8.2,  11.0,  11.7,  973.3,  16.0,  60.2,   8.3
2025-02-21 17:00:00,    3,   7.1,   9.5,  10.1,  982.2,  14.4,  57.8,   6.2
2025-02-21 18:00:00,3,7.0,9.3,9.1,982.2,12.6,63.6,5.9
2025-02-21 19:00:00,3,6.9,8.9,6.8,973.2,8.4,80.8,5.3
2025-02-21 20:00:00,3,6.8,8.8,6.3,973.2,7.4,85.3,5.1
2025-02-21 21:00:00,3,7.0,9.2,8.1,982.4,10.6,72.1,5.8
2025-02-21 22:00:00,3,7.0,9.1,7.7,982.0,9.8,75.0,5.6
2025-02-21 23:00:00,    3,   6.1,   7.9,   4.2,  972.4,   4.9,  90.6,   3.5
2025-02-22 00:00:00,    3,   5.9,   7.5,   3.6,  972.2,   4.1,  91.9,   2.9
2025-02-22 01:00:00,3,6.2,8.0,4.4,972.0,5.1,90.6,3.7
2025-02-22 02:00:00,    3,   6.5,   8.4,   6.0,  980.8,   7.6,  80.1,   4.4
2025-02-22 03:00:00,3,6.5,8.4,6.0,980.3,7.6,80.1,4.4
2025-02-22 04:00:00,    3,   6.4,   8.3,   5.7,  980.4,   7.1,  81.7,   4.2
2025-02-22 05:00:00,    3,   5.8,   7.4,   3.0,  971.4,   3.4,  94.5,   2.6
2025-02-22 06:00:00,    3,   6.0,   7.7,   3.2,  971.7,   3.2, 100.0,   3.2
2025-02-22 07:00:00,3,5.5,7.1,2.3,972.3,2.5,96.5,2.0
2025-02-22 08:00:00,3,6.3,8.1,5.1,981.7,6.2,85.1,3.9
2025-02-22 09:00:00,3,6.4,8.3,5.4,972.9,6.5,85.8,4.3
2025-02-22 10:00:00,3,7.0,9.1,7.2,973.1,8.9,79.7,5.6
2025-02-22 11:00:00,    3,   6.9,   9.1,   8.6,  982.4,  11.7,  66.1,   5.6
2025-02-22 12:00:00,    3,   7.3,   9.7,   9.7,  982.0,  13.4,  62.9,   6.5
2025-02-22 13:00:00,    3,   7.2,   9.6,   9.9,  982.1,  14.0,  59.7,   6.3
2025-02-22 14:00:00,    3,   6.6,   8.8,   9.8,  973.5,  15.0,  51.5,   5.1
2025-02-22 15:00:00,3,6.7,8.9,9.9,973.6,14.9,52.5,5.3
2025-02-22 16:00:00,3,6.5,8.7,9.4,973.8,14.3,53.1,4.9
2025-02-22 17:00:00,    3,   6.6,   8.7,   8.7,  974.4,  12.6,  59.3,   4.9
2025-02-22 18:00:00,    3,   6.5,   8.5,   7.0,  975.1,   9.4,  71.9,   4.6
2025-02-22 19:00:00,    3,   6.7,   8.8,   7.8,  975.6,  10.6,  68.7,   5.1
2025-02-22 20:00:00,    3,   6.8,   8.9,   8.5,  976.2,  11.8,  64.3,   5.3
2025-02-22 21:00:00,3,6.8,9.0,9.2,985.7,13.1,59.9,5.5
2025-02-22 22:00:00,    3,   7.2,   9.5,   9.1,  986.5,  12.3,  66.2,   6.2
2025-02-22 23:00:00,    3,   7.4,   9.8,   8.8,  987.1,  11.3,  72.8,   6.6
2025-02-23 00:00:00,    3,   7.6,   9.9,   8.4,  978.5,  10.2,  79.4,   6.8
2025-02-23 01:00:00,3,6.9,9.0,7.4,988.6,9.3,77.1,5.5
2025-02-23 02:00:00,3,7.4,9.6,7.1,979.8,7.8,90.8,6.4
2025-02-23 03:00:00,    3,   6.3,   8.1,   4.6,  980.1,   5.1,  92.6,   4.0
2025-02-23 04:00:00,    3,   6.8,   8.8,   6.9,  989.9,   8.6,  78.6,   5.1
2025-02-23 05:00:00,    3,   6.4,   8.3,   5.3,  981.1,   6.3,  86.4,   4.2
2025-02-23 06:00:00,3,6.8,8.8,6.6,991.0,8.1,81.3,5.1
2025-02-23 07:00:00,3,6.8,8.9,6.5,991.5,7.8,83.6,5.2
2025-02-23 08:00:00,3,7.0,9.1,6.3,982.5,7.0,90.8,5.6
2025-02-23 09:00:00,    3,   6.9,   9.0,   7.3,  992.0,   9.3,  76.5,   5.4
2025-02-23 10:00:00,    3,   6.8,   8.9,   7.6,  982.8,  10.1,  71.5,   5.2
2025-02-23 11:00:00,    3,   6.5,   8.5,   7.7,  982.9,  10.7,  66.3,   4.7
2025-02-23 12:00:00,3,6.6,8.7,8.1,983.0,11.4,64.2,4.9
2025-02-23 13:00:00,    3,   6.7,   8.9,   8.5,  982.5,  12.0,  63.0,   5.2
2025-02-23 14:00:00,    3,   6.4,   8.4,   8.2,  991.7,  12.0,  59.6,   4.4
2025-02-23 15:00:00,    3,   6.4,   8.4,   8.5,  991.5,  12.5,  58.1,   4.5
2025-02-23 16:00:00,    3,   6.5,   8.5,   8.6,  991.4,  12.5,  58.9,   4.7
2025-02-23 17:00:00,3,6.3,8.3,7.5,981.7,10.6,64.9,4.3
2025-02-23 18:00:00,    3,   6.6,   8.5,   6.4,  981.9,   8.0,  79.6,   4.7
2025-02-23 19:00:00,    3,   6.5,   8.4,   7.1,  991.4,   9.6,  70.4,   4.5
2025-02-23 20:00:00,3,6.5,8.4,6.5,991.8,8.3,76.9,4.5
2025-02-23 21:00:00,    3,   6.4,   8.3,   5.9,  991.6,   7.5,  79.5,   4.2
2025-02-23 22:00:00,3,6.3,8.1,5.3,991.6,6.6,82.8,3.9
2025-02-23 23:00:00,    3,   6.1,   7.9,   4.9,  991.5,   6.0,  84.5,   3.6
2025-02-24 00:00:00,    3,   6.1,   7.9,   4.8,  991.2,   5.9,  84.5,   3.5
2025-02-24 01:00:00,    3,   5.9,   7.6,   4.0,  990.5,   4.7,  89.3,   3.1
2025-02-24 02:00:00,    3,   5.1,   6.5,   1.0,  980.9,   1.1,  97.9,   0.8
2025-02-24 03:00:00,    3,   5.2,   6.6,   1.1,  980.6,   1.1, 100.0,   1.1
2025-02-24 04:00:00,3,5.7,7.3,3.0,989.0,3.4,93.1,2.4
2025-02-24 05:00:00,3,5.5,7.1,2.4,988.6,2.8,94.4,2.0
2025-02-24 06:00:00,3,5.4,6.9,1.8,979.2,1.9,98.6,1.7
2025-02-24 07:00:00,3,5.1,6.5,0.9,979.1,1.0,98.6,0.8
2025-02-24 08:00:00,    3,   5.9,   7.6,   3.2,  978.8,   3.3,  97.9,   3.0
2025-02-24 09:00:00,    3,   6.2,   8.0,   5.4,  987.8,   6.8,  81.1,   3.8
2025-02-24 10:00:00,3,6.4,8.4,6.3,978.0,8.2,76.9,4.4
2025-02-24 11:00:00,3,6.4,8.3,6.8,977.8,9.3,70.9,4.3
2025-02-24 12:00:00,3,6.7,8.8,7.7,986.0,10.3,70.1,5.1
2025-02-24 13:00:00,3,6.9,9.1,8.3,985.2,11.1,68.8,5.6
2025-02-24 14:00:00,    3,   7.0,   9.3,   9.1,  984.6,  12.6,  63.6,   5.9
2025-02-24 15:00:00,    3,   7.3,   9.6,   9.0,  974.5,  11.9,  69.0,   6.4
2025-02-24 16:00:00,    3,   7.3,   9.6,   8.8,  974.1,  11.6,  69.9,   6.3
2025-02-24 17:00:00,    3,   7.3,   9.6,   8.8,  982.8,  11.6,  69.9,   6.3
2025-02-24 18:00:00,    3,   7.2,   9.5,   8.6,  982.8,  11.1,  71.7,   6.2
2025-02-24 19:00:00,    3,   7.2,   9.5,   8.4,  982.5,  10.8,  73.2,   6.2
2025-02-24 20:00:00,    3,   6.8,   8.9,   7.4,  973.2,   9.5,  75.0,   5.3
2025-02-24 21:00:00,3,6.9,9.0,7.6,973.1,9.8,74.0,5.4
2025-02-24 22:00:00,3,7.0,9.2,8.2,982.0,10.8,70.7,5.7
2025-02-24 23:00:00,    3,   7.2,   9.4,   8.0,  981.7,  10.1,  76.1,   6.1
2025-02-25 00:00:00,    3,   7.1,   9.3,   7.2,  972.5,   8.5,  83.7,   5.9
2025-02-25 01:00:00,    3,   7.3,   9.5,   6.8,  972.1,   7.5,  91.4,   6.2
2025-02-25 02:00:00,    3,   7.3,   9.4,   6.5,  971.7,   7.0,  94.0,   6.1
2025-02-25 03:00:00,3,7.3,9.5,6.6,971.1,7.1,94.0,6.2
2025-02-25 04:00:00,    3,   7.4,   9.7,   7.4,  980.0,   8.4,  87.8,   6.5
2025-02-25 05:00:00,    3,   7.2,   9.4,   7.3,  979.6,   8.5,  84.8,   6.1
2025-02-25 06:00:00,3,7.2,9.2,5.9,970.0,6.1,97.9,5.8
2025-02-25 07:00:00,3,7.4,9.6,6.3,969.9,6.3,100.0,6.3
2025-02-25 08:00:00,3,7.6,9.8,7.4,978.6,8.2,90.2,6.7
2025-02-25 09:00:00,    3,   7.5,   9.8,   8.0,  977.9,   9.5,  82.6,   6.7
2025-02-25 10:00:00,    3,   7.5,   9.8,   8.2,  968.1,   9.9,  80.4,   6.7
2025-02-25 11:00:00,    3,   7.2,   9.4,   8.4,  967.9,  10.8,  72.7,   6.1
2025-02-25 12:00:00,    3,   7.5,   9.8,   8.7,  976.6,  10.9,  75.2,   6.7
2025-02-25 13:00:00,    3,   8.1,  10.5,   8.6,  976.2,   9.7,  87.3,   7.7
2025-02-25 14:00:00,    3,   7.9,  10.4,   8.5,  975.8,   9.7,  86.1,   7.5
2025-02-25 15:00:00,    3,   8.2,  10.7,   8.6,  975.3,   9.4,  90.3,   7.9
2025-02-25 16:00:00,    3,   8.4,  10.9,   8.5,  965.6,   8.9,  95.4,   8.2
2025-02-25 17:00:00,3,8.1,10.6,8.4,974.1,9.2,90.9,7.8
2025-02-25 18:00:00,3,7.7,10.0,7.9,974.2,8.9,87.8,7.0
2025-02-25 19:00:00,    3,   7.2,   9.3,   5.9,  965.3,   5.9, 100.0,   5.9
2025-02-25 20:00:00,    3,   6.4,   8.2,   4.1,  965.7,   4.1, 100.0,   4.1
2025-02-25 21:00:00,    3,   6.6,   8.5,   5.9,  966.1,   7.1,  84.1,   4.6
2025-02-25 22:00:00,3,6.4,8.3,5.8,975.1,7.4,80.1,4.2
2025-02-25 23:00:00,    3,   6.4,   8.3,   5.5,  975.1,   6.6,  85.2,   4.3
2025-02-26 00:00:00,    3,   6.0,   7.8,   5.1,  975.2,   6.7,  79.4,   3.4
2025-02-26 01:00:00,    3,   5.6,   7.2,   3.6,  965.9,   4.7,  83.8,   2.2
2025-02-26 02:00:00,3,5.5,7.1,3.7,966.2,5.0,81.4,2.1
2025-02-26 03:00:00,3,5.5,7.1,4.0,975.4,5.6,77.5,2.0
2025-02-26 04:00:00,    3,   5.5,   7.0,   3.7,  975.6,   5.2,  79.2,   1.9
2025-02-26 05:00:00,    3,   5.3,   6.9,   3.1,  966.8,   4.4,  81.9,   1.6
2025-02-26 06:00:00,    3,   5.4,   6.9,   3.1,  967.5,   4.3,  83.1,   1.7
2025-02-26 07:00:00,    3,   5.3,   6.8,   3.3,  977.3,   4.7,  79.7,   1.5
2025-02-26 08:00:00,    3,   5.4,   6.9,   3.6,  978.0,   5.1,  78.6,   1.7
2025-02-26 09:00:00,    3,   5.6,   7.3,   4.0,  978.7,   5.3,  81.5,   2.4
2025-02-26 10:00:00,    3,   5.7,   7.4,   3.9,  970.6,   5.1,  83.8,   2.6
2025-02-26 11:00:00,3,5.8,7.4,4.4,971.3,5.9,79.8,2.7
2025-02-26 12:00:00,3,5.8,7.5,5.0,971.5,7.0,74.5,2.8
2025-02-26 13:00:00,    3,   5.7,   7.4,   4.7,  980.9,   6.5,  76.1,   2.6
2025-02-26 14:00:00,    3,   5.2,   6.7,   4.2,  972.1,   6.5,  69.3,   1.3
2025-02-26 15:00:00,    3,   5.4,   7.0,   4.5,  972.2,   6.7,  71.3,   1.9
2025-02-26 16:00:00,    3,   5.2,   6.8,   4.2,  972.4,   6.5,  69.8,   1.4
2025-02-26 17:00:00,3,5.3,6.9,4.4,981.9,6.8,69.3,1.6
2025-02-26 18:00:00,    3,   5.1,   6.6,   3.8,  982.3,   6.1,  69.7,   1.0
2025-02-26 19:00:00,    3,   5.1,   6.5,   3.4,  982.3,   5.3,  73.2,   0.9
2025-02-26 20:00:00,3,4.9,6.2,1.3,973.1,2.1,87.2,0.2
2025-02-26 21:00:00,3,4.6,5.8,0.1,973.2,0.7,90.3,-0.7
2025-02-26 22:00:00,3,4.6,5.8,0.2,972.9,0.9,89.0,-0.7
2025-02-26 23:00:00,    3,   5.0,   6.3,   2.3,  981.5,   3.6,  80.1,   0.5
2025-02-27 00:00:00,    3,   4.6,   5.8,   0.2,  972.1,   0.9,  89.0,  -0.7
2025-02-27 01:00:00,    3,   4.5,   5.6,  -0.6,  971.4,  -0.2,  93.6,  -1.1
2025-02-27 02:00:00,3,4.8,6.2,1.3,979.8,2.2,85.9,0.1
2025-02-27 03:00:00,    3,   4.7,   6.0,   1.4,  979.1,   2.7,  80.5,  -0.3
2025-02-27 04:00:00,    3,   4.8,   6.1,   2.0,  979.1,   3.4,  78.3,   0.0
2025-02-27 05:00:00,    3,   5.1,   6.6,   2.4,  979.0,   3.5,  83.6,   1.0
2025-02-27 06:00:00,    3,   5.2,   6.6,   2.0,  969.7,   2.7,  89.2,   1.1
2025-02-27 07:00:00,3,5.3,6.7,2.1,970.1,2.7,90.4,1.3
2025-02-27 08:00:00,3,5.5,7.0,3.4,979.5,4.6,82.6,1.9
2025-02-27 09:00:00,    3,   5.7,   7.3,   4.0,  970.5,   5.2,  82.6,   2.5
2025-02-27 10:00:00,    3,   5.6,   7.2,   4.2,  971.1,   5.8,  77.6,   2.2
2025-02-27 11:00:00,    3,   5.6,   7.3,   3.9,  971.6,   5.2,  82.1,   2.4
2025-02-27 12:00:00,3,4.9,6.4,3.9,971.4,6.6,65.4,0.6
2025-02-27 13:00:00,    3,   5.0,   6.5,   4.3,  980.4,   7.0,  65.0,   0.9
2025-02-27 14:00:00,    3,   5.3,   6.8,   4.8,  980.2,   7.5,  65.6,   1.5
2025-02-27 15:00:00,3,4.7,6.1,4.4,971.0,8.0,56.5,-0.1
2025-02-27 16:00:00,3,5.1,6.5,3.8,971.6,6.2,68.7,0.9
2025-02-27 17:00:00,3,5.1,6.6,3.2,972.0,5.0,75.2,1.0
2025-02-27 18:00:00,3,4.9,6.3,3.0,981.7,5.0,72.6,0.5
2025-02-27 19:00:00,    3,   4.9,   6.3,   3.0,  982.1,   5.0,  72.6,   0.5
2025-02-27 20:00:00,    3,   4.9,   6.2,   2.2,  973.2,   3.6,  78.9,   0.3
2025-02-27 21:00:00,    3,   4.9,   6.2,   1.8,  973.4,   3.0,  81.8,   0.2
2025-02-27 22:00:00,    3,   5.0,   6.4,   2.6,  983.0,   4.2,  77.3,   0.6
2025-02-27 23:00:00,    3,   5.0,   6.4,   2.3,  983.3,   3.6,  81.2,   0.7
2025-02-28 00:00:00,    3,   5.1,   6.5,   2.4,  983.4,   3.6,  82.4,   0.9
2025-02-28 01:00:00,    3,   5.1,   6.5,   1.3,  974.3,   1.6,  94.4,   0.8
2025-02-28 02:00:00,3,5.0,6.4,1.5,974.2,2.2,89.1,0.6
2025-02-28 03:00:00,3,5.0,6.3,1.2,974.1,1.7,91.0,0.4
2025-02-28 04:00:00,    3,   5.0,   6.4,   1.9,  983.0,   2.8,  85.4,   0.6
2025-02-28 05:00:00,    3,   4.8,   6.2,   1.2,  973.9,   2.0,  87.2,   0.1
2025-02-28 06:00:00,    3,   4.8,   6.1,   1.1,  974.0,   2.0,  85.9,  -0.1
2025-02-28 07:00:00,3,4.8,6.1,1.0,974.3,1.7,88.4,0.0
2025-02-28 08:00:00,    3,   5.1,   6.6,   2.4,  983.8,   3.5,  83.6,   1.0
2025-02-28 09:00:00,    3,   5.3,   6.8,   2.9,  984.2,   4.1,  82.5,   1.4
2025-02-28 10:00:00,3,5.1,6.6,2.5,984.8,3.7,82.4,1.0
2025-02-28 11:00:00,3,5.4,6.9,3.0,975.7,4.1,83.7,1.6
2025-02-28 12:00:00,3,5.1,6.5,3.3,975.3,5.2,73.7,0.9
2025-02-28 13:00:00,    3,   5.2,   6.6,   3.2,  984.5,   4.9,  76.3,   1.1
2025-02-28 14:00:00,    3,   5.4,   6.9,   2.7,  975.2,   3.5,  87.3,   1.6
2025-02-28 15:00:00,    3,   5.4,   7.0,   3.2,  975.3,   4.3,  83.7,   1.8
2025-02-28 16:00:00,    3,   5.3,   6.8,   2.3,  985.3,   2.9,  89.8,   1.4
2025-02-28 17:00:00,    3,   5.5,   7.0,   2.6,  985.6,   3.2,  90.5,   1.8
2025-02-28 18:00:00,    3,   5.3,   6.8,   2.4,  986.0,   3.1,  88.5,   1.4
2025-02-28 19:00:00,    3,   5.2,   6.6,   2.3,  986.5,   3.2,  86.0,   1.1
2025-02-28 20:00:00,    3,   5.3,   6.8,   2.1,  977.2,   2.7,  91.1,   1.4
2025-02-28 21:00:00,3,5.2,6.6,2.2,977.4,3.1,86.6,1.1
2025-02-28 22:00:00,3,5.3,6.8,2.1,987.3,2.7,91.1,1.4
2025-02-28 23:00:00,    3,   5.2,   6.6,   1.7,  977.7,   2.1,  93.1,   1.1
2025-03-01 00:00:00,    3,   5.1,   6.5,   1.0,  977.8,   1.2,  97.1,   0.8
2025-03-01 01:00:00,    3,   4.6,   5.8,  -0.4,  978.1,  -0.2,  97.1,  -0.6
2025-03-01 02:00:00,3,5.2,6.5,0.9,978.2,0.9,100.0,0.9
2025-03-01 03:00:00,    3,   5.0,   6.3,   0.5,  987.9,   0.5, 100.0,   0.5
2025-03-01 04:00:00,    3,   5.0,   6.3,   0.5,  988.4,   0.5, 100.0,   0.5
2025-03-01 05:00:00,    3,   4.5,   5.7,  -0.7,  978.8,  -0.5,  97.1,  -0.9
2025-03-01 06:00:00,3,4.6,5.8,-0.6,979.0,-0.5,98.5,-0.7
2025-03-01 07:00:00,3,4.6,5.8,-0.6,980.0,-0.5,98.5,-0.7
2025-03-01 08:00:00,3,4.9,6.2,0.7,990.5,1.0,95.0,0.3
2025-03-01 09:00:00,    3,   4.7,   6.0,   1.0,  990.7,   1.9,  85.3,  -0.3
2025-03-01 10:00:00,    3,   4.7,   6.0,   1.0,  981.5,   2.0,  84.7,  -0.3
2025-03-01 11:00:00,    3,   4.6,   5.9,   1.5,  981.8,   2.9,  78.2,  -0.5
2025-03-01 12:00:00,    3,   4.8,   6.2,   2.9,  991.2,   5.0,  70.5,   0.1
2025-03-01 13:00:00,    3,   4.8,   6.2,   3.5,  990.9,   6.1,  65.3,   0.1
2025-03-01 14:00:00,    3,   4.8,   6.2,   3.5,  990.8,   6.0,  66.2,   0.2
2025-03-01 15:00:00,    3,   4.2,   5.5,   2.8,  981.3,   5.8,  59.3,  -1.5
2025-03-01 16:00:00,3,4.7,6.1,3.0,981.8,5.3,68.5,0.0
2025-03-01 17:00:00,3,4.8,6.2,2.4,982.2,4.1,75.1,0.1
2025-03-01 18:00:00,    3,   4.7,   6.0,   2.0,  983.0,   3.6,  75.5,  -0.3
2025-03-01 19:00:00,    3,   4.5,   5.7,   1.7,  983.0,   3.5,  72.8,  -0.9
2025-03-01 20:00:00,    3,   4.3,   5.5,   0.4,  983.3,   1.6,  79.8,  -1.5
2025-03-01 21:00:00,    3,   4.4,   5.5,  -0.1,  984.0,   0.7,  85.8,  -1.4
2025-03-01 22:00:00,3,4.6,5.8,0.9,984.3,2.0,82.8,-0.6
2025-03-01 23:00:00,    3,   4.6,   5.8,   0.8,  994.2,   1.9,  82.8,  -0.7
2025-03-02 00:00:00,    3,   4.5,   5.7,   0.3,  994.2,   1.1,  86.5,  -0.9
2025-03-02 01:00:00,3,4.3,5.4,-0.9,984.4,-0.5,92.3,-1.6
2025-03-02 02:00:00,3,4.0,5.0,-2.1,984.3,-1.7,92.2,-2.8
2025-03-02 03:00:00,3,4.3,5.4,-1.1,984.1,-0.7,92.9,-1.7
2025-03-02 04:00:00,    3,   4.3,   5.4,  -1.0,  993.5,  -0.6,  91.6,  -1.8
2025-03-02 05:00:00,    3,   4.0,   5.0,  -2.2,  983.7,  -1.8,  92.9,  -2.8
2025-03-02 06:00:00,    3,   4.1,   5.1,  -1.6,  983.8,  -1.1,  90.9,  -2.4
2025-03-02 07:00:00,3,4.1,5.1,-1.5,984.7,-0.9,89.5,-2.4
2025-03-02 08:00:00,    3,   4.1,   5.2,  -0.4,  995.1,   0.6,  82.1,  -2.1
2025-03-02 09:00:00,    3,   4.3,   5.5,   1.0,  995.1,   2.6,  74.3,  -1.5
2025-03-02 10:00:00,    3,   4.4,   5.6,   2.0,  985.1,   4.1,  68.8,  -1.1
2025-03-02 11:00:00,3,4.4,5.7,3.1,984.7,6.1,60.3,-1.0
2025-03-02 12:00:00,3,4.2,5.5,3.1,984.2,6.4,56.9,-1.5
2025-03-02 13:00:00,    3,   4.0,   5.2,   3.8,  983.4,   8.0,  48.8,  -2.1
2025-03-02 14:00:00,    3,   3.7,   4.8,   3.6,  982.7,   8.4,  43.1,  -3.4
2025-03-02 15:00:00,    3,   4.1,   5.4,   4.3,  982.1,   8.9,  46.9,  -1.8
2025-03-02 16:00:00,3,3.8,5.0,3.8,981.9,8.5,45.1,-2.7
2025-03-02 17:00:00,    3,   4.2,   5.4,   3.6,  991.7,   7.5,  52.0,  -1.7
2025-03-02 18:00:00,    3,   4.3,   5.5,   3.0,  992.1,   6.1,  58.5,  -1.4
2025-03-02 19:00:00,    3,   4.1,   5.2,   1.5,  982.5,   3.9,  64.8,  -2.1
2025-03-02 20:00:00,3,4.2,5.3,1.3,982.7,3.5,67.7,-1.9
2025-03-02 21:00:00,3,4.0,5.1,0.7,982.6,2.8,68.5,-2.4
2025-03-02 22:00:00,3,4.3,5.5,0.8,992.2,2.4,75.4,-1.5
2025-03-02 23:00:00,    3,   4.4,   5.6,   0.7,  991.8,   2.1,  78.1,  -1.3
2025-03-03 00:00:00,    3,   3.6,   4.5,  -2.1,  981.6,  -1.0,  80.0,  -4.0
2025-03-03 01:00:00,    3,   3.8,   4.8,  -1.4,  981.6,  -0.4,  81.3,  -3.2
2025-03-03 02:00:00,    3,   4.1,   5.2,  -1.3,  990.6,  -0.7,  89.6,  -2.2
2025-03-03 03:00:00,    3,   4.0,   5.0,  -1.8,  990.4,  -1.3,  90.8,  -2.6
2025-03-03 04:00:00,    3,   4.0,   5.0,  -2.0,  990.6,  -1.5,  90.8,  -2.8
2025-03-03 05:00:00,    3,   3.4,   4.3,  -3.9,  981.1,  -3.4,  90.0,  -4.8
2025-03-03 06:00:00,3,3.4,4.2,-4.3,981.2,-4.0,92.7,-5.0
2025-03-03 07:00:00,3,3.7,4.6,-2.8,981.8,-2.3,89.4,-3.8
2025-03-03 08:00:00,    3,   4.1,   5.2,  -0.5,  991.8,   0.5,  82.7,  -2.1
2025-03-03 09:00:00,    3,   4.0,   5.1,   0.5,  982.0,   2.4,  70.0,  -2.5
2025-03-03 10:00:00,    3,   4.2,   5.4,   2.2,  982.0,   4.8,  63.1,  -1.6
2025-03-03 11:00:00,    3,   4.1,   5.3,   3.1,  981.7,   6.7,  53.7,  -2.0
2025-03-03 12:00:00,3,4.2,5.5,4.0,981.3,8.1,51.0,-1.4
2025-03-03 13:00:00,    3,   4.1,   5.4,   5.4,  989.7,  10.7,  42.2,  -1.6
2025-03-03 14:00:00,    3,   4.0,   5.2,   5.6,  989.2,  11.6,  38.0,  -2.2
2025-03-03 15:00:00,3,3.5,4.6,5.4,979.5,12.2,32.2,-3.9
2025-03-03 16:00:00,3,3.5,4.6,4.9,979.0,11.1,35.1,-3.7
2025-03-03 17:00:00,3,3.4,4.4,3.2,978.9,8.3,40.5,-4.3
2025-03-03 18:00:00,    3,   4.5,   5.8,   4.7,  988.5,   8.9,  50.8,  -0.7
2025-03-03 19:00:00,    3,   3.8,   4.9,   2.9,  979.6,   7.0,  48.8,  -3.0
2025-03-03 20:00:00,    3,   3.9,   5.0,   2.0,  979.6,   5.1,  57.4,  -2.6
2025-03-03 21:00:00,    3,   4.1,   5.3,   2.6,  989.2,   5.8,  57.2,  -2.0
2025-03-03 22:00:00,    3,   4.1,   5.2,   1.7,  989.1,   4.3,  62.5,  -2.2
2025-03-03 23:00:00,    3,   4.1,   5.2,   1.2,  989.2,   3.4,  67.1,  -2.1
2025-03-04 00:00:00,    3,   4.2,   5.3,   0.6,  988.9,   2.2,  74.2,  -1.9
2025-03-04 01:00:00,    3,   3.3,   4.1,  -2.6,  979.2,  -1.2,  73.6,  -5.3
2025-03-04 02:00:00,3,3.5,4.4,-2.6,978.6,-1.6,81.8,-4.3
2025-03-04 03:00:00,3,3.9,5.0,-0.6,987.9,0.8,76.8,-2.8
2025-03-04 04:00:00,    3,   3.4,   4.2,  -3.6,  978.4,  -2.9,  84.8,  -5.1
2025-03-04 05:00:00,    3,   3.2,   4.0,  -4.1,  978.5,  -3.4,  84.7,  -5.6
2025-03-04 06:00:00,    3,   3.5,   4.3,  -3.6,  978.7,  -3.0,  88.7,  -4.6
2025-03-04 07:00:00,3,3.7,4.6,-2.8,979.3,-2.2,88.8,-3.8
2025-03-04 08:00:00,    3,   4.1,   5.2,  -0.2,  989.3,   1.0,  79.7,  -2.1
2025-03-04 09:00:00,    3,   4.4,   5.7,   1.8,  989.2,   3.7,  71.3,  -1.0
2025-03-04 10:00:00,    3,   4.3,   5.5,   2.5,  979.5,   5.3,  61.4,  -1.5
2025-03-04 11:00:00,3,3.6,4.6,3.5,979.5,8.4,42.1,-3.7
2025-03-04 12:00:00,3,3.6,4.7,4.9,978.9,10.9,36.1,-3.5
2025-03-04 13:00:00,    3,   3.4,   4.5,   5.7,  987.6,  12.7,  30.9,  -4.0
2025-03-04 14:00:00,    3,   3.3,   4.3,   5.6,  977.8,  13.0,  28.7,  -4.7
2025-03-04 15:00:00,    3,   3.2,   4.2,   5.9,  977.6,  13.8,  26.5,  -5.1
2025-03-04 16:00:00,    3,   3.5,   4.6,   6.3,  986.7,  13.7,  29.6,  -3.7
2025-03-04 17:00:00,    3,   4.1,   5.5,   6.2,  986.9,  12.4,  38.0,  -1.5
2025-03-04 18:00:00,    3,   4.7,   6.2,   5.6,  987.3,  10.0,  50.0,   0.1
2025-03-04 19:00:00,    3,   4.5,   5.8,   4.1,  978.4,   7.7,  55.6,  -0.6
2025-03-04 20:00:00,3,4.0,5.1,0.3,978.2,2.0,72.0,-2.5
2025-03-04 21:00:00,3,4.3,5.5,1.4,978.4,3.4,70.7,-1.4
2025-03-04 22:00:00,    3,   4.7,   6.0,   2.5,  987.8,   4.5,  71.4,  -0.2
2025-03-04 23:00:00,    3,   3.8,   4.8,  -1.4,  978.2,  -0.2,  79.0,  -3.4
2025-03-05 00:00:00,    3,   3.9,   4.9,  -1.3,  978.2,  -0.2,  81.4,  -3.0
2025-03-05 01:00:00,    3,   3.9,   4.9,  -1.2,  978.2,  -0.1,  81.4,  -2.9
2025-03-05 02:00:00,3,4.0,5.0,-1.4,977.9,-0.6,85.7,-2.7
2025-03-05 03:00:00,    3,   4.1,   5.2,   0.2,  987.5,   1.6,  76.3,  -2.1
2025-03-05 04:00:00,    3,   4.0,   5.1,  -0.3,  987.6,   1.0,  78.0,  -2.4
2025-03-05 05:00:00,3,3.7,4.6,-3.3,978.4,-3.0,93.5,-3.9
2025-03-05 06:00:00,3,3.7,4.7,-3.0,978.6,-2.6,92.8,-3.6
2025-03-05 07:00:00,3,3.8,4.8,-2.2,978.9,-1.5,87.5,-3.3
2025-03-05 08:00:00,    3,   4.2,   5.4,   1.0,  988.3,   2.8,  71.6,  -1.8
2025-03-05 09:00:00,    3,   4.6,   5.9,   2.2,  979.2,   4.2,  71.4,  -0.5
2025-03-05 10:00:00,    3,   4.9,   6.4,   4.7,  978.8,   8.1,  59.0,   0.6
2025-03-05 11:00:00,3,4.4,5.8,5.5,978.6,10.5,45.3,-0.8
2025-03-05 12:00:00,    3,   4.7,   6.2,   6.9,  987.5,  12.6,  42.7,   0.3
2025-03-05 13:00:00,    3,   4.8,   6.3,   7.7,  986.8,  14.0,  39.6,   0.5
2025-03-05 14:00:00,    3,   4.5,   6.0,   7.7,  986.4,  14.7,  35.7,  -0.3
2025-03-05 15:00:00,    3,   4.2,   5.6,   7.8,  976.5,  15.5,  31.5,  -1.3
2025-03-05 16:00:00,3,4.4,5.8,7.8,976.3,15.1,33.8,-0.7
2025-03-05 17:00:00,3,4.6,6.1,7.3,985.7,13.6,39.2,0.0
2025-03-05 18:00:00,    3,   4.4,   5.8,   5.7,  976.6,  11.0,  43.8,  -0.8
2025-03-05 19:00:00,    3,   4.2,   5.4,   3.1,  976.4,   6.6,  55.3,  -1.7
2025-03-05 20:00:00,    3,   4.3,   5.6,   1.7,  976.4,   3.8,  69.2,  -1.3
2025-03-05 21:00:00,3,4.6,5.8,2.4,976.5,4.6,68.9,-0.6
2025-03-05 22:00:00,    3,   4.9,   6.3,   4.2,  985.7,   7.1,  62.7,   0.5
2025-03-05 23:00:00,    3,   4.9,   6.4,   3.8,  985.6,   6.4,  66.3,   0.6
2025-03-06 00:00:00,3,4.3,5.5,1.1,976.2,2.8,73.2,-1.5
2025-03-06 01:00:00,3,4.3,5.5,0.4,976.0,1.7,79.2,-1.5
2025-03-06 02:00:00,3,4.2,5.3,-0.6,975.8,0.2,85.1,-2.0
2025-03-06 03:00:00,3,4.7,6.1,2.2,984.7,3.8,75.6,-0.1
2025-03-06 04:00:00,    3,   4.6,   5.8,   1.3,  984.5,   2.6,  79.4,  -0.6
2025-03-06 05:00:00,    3,   4.2,   5.2,  -1.5,  975.2,  -1.2,  93.6,  -2.1
2025-03-06 06:00:00,    3,   4.1,   5.2,  -1.8,  975.2,  -1.5,  94.3,  -2.3
2025-03-06 07:00:00,    3,   4.5,   5.8,   1.1,  985.2,   2.4,  79.3,  -0.8
2025-03-06 08:00:00,    3,   4.8,   6.1,   2.5,  985.2,   4.4,  73.0,   0.0
2025-03-06 09:00:00,    3,   4.7,   6.1,   3.6,  985.4,   6.4,  63.5,   0.0
2025-03-06 10:00:00,    3,   5.1,   6.6,   6.0,  975.9,  10.3,  52.7,   1.1
2025-03-06 11:00:00,3,5.1,6.7,7.2,975.8,12.6,45.9,1.3
2025-03-06 12:00:00,3,4.8,6.4,8.3,975.0,15.2,37.1,0.7
2025-03-06 13:00:00,    3,   4.7,   6.2,   8.4,  983.7,  15.8,  34.7,   0.3
2025-03-06 14:00:00,    3,   3.6,   4.8,   7.5,  973.9,  16.1,  25.9,  -3.4
2025-03-06 15:00:00,    3,   3.3,   4.4,   7.3,  973.3,  16.2,  24.1,  -4.3
2025-03-06 16:00:00,3,3.9,5.2,7.5,973.0,15.6,29.1,-2.3
2025-03-06 17:00:00,    3,   4.0,   5.3,   7.3,  982.3,  14.9,  31.1,  -2.0
2025-03-06 18:00:00,    3,   4.3,   5.7,   7.0,  982.4,  13.7,  36.2,  -1.0
2025-03-06 19:00:00,3,4.5,6.0,6.6,982.5,12.4,41.4,-0.3
2025-03-06 20:00:00,3,4.1,5.3,2.9,973.3,6.3,55.6,-1.9
2025-03-06 21:00:00,3,4.3,5.6,3.1,973.2,6.2,59.0,-1.2
2025-03-06 22:00:00,    3,   4.7,   6.1,   4.4,  982.5,   7.9,  56.9,  -0.1
2025-03-06 23:00:00,    3,   4.1,   5.3,   1.5,  973.3,   3.9,  65.3,  -2.0
2025-03-07 00:00:00,    3,   4.1,   5.3,   1.1,  973.2,   3.1,  69.1,  -2.0
2025-03-07 01:00:00,3,4.5,5.8,3.1,982.4,5.8,63.3,-0.6
2025-03-07 02:00:00,    3,   4.5,   5.7,   2.3,  982.2,   4.6,  67.4,  -0.9
2025-03-07 03:00:00,    3,   4.4,   5.7,   2.1,  982.4,   4.4,  67.8,  -1.0
2025-03-07 04:00:00,    3,   4.4,   5.6,   1.6,  982.4,   3.5,  71.2,  -1.2
2025-03-07 05:00:00,    3,   3.8,   4.8,  -1.2,  973.2,   0.0,  79.0,  -3.2
2025-03-07 06:00:00,3,3.9,4.9,-2.1,973.2,-1.6,89.5,-3.1
2025-03-07 07:00:00,3,4.3,5.5,1.2,982.5,3.0,72.7,-1.4
2025-03-07 08:00:00,    3,   4.3,   5.4,   0.8,  973.6,   2.4,  74.8,  -1.6
2025-03-07 09:00:00,    3,   4.7,   6.0,   3.6,  973.5,   6.6,  61.7,  -0.2
2025-03-07 10:00:00,    3,   5.4,   7.1,   6.8,  973.3,  11.1,  53.3,   2.0
2025-03-07 11:00:00,3,4.8,6.3,7.5,972.7,13.8,40.1,0.5
2025-03-07 12:00:00,    3,   4.9,   6.5,   8.0,  981.5,  14.5,  39.4,   0.9
2025-03-07 13:00:00,    3,   4.9,   6.5,   8.5,  980.6,  15.5,  36.7,   0.8
2025-03-07 14:00:00,    3,   4.8,   6.4,   8.6,  970.3,  16.0,  35.3,   0.7
2025-03-07 15:00:00,3,5.1,6.8,9.0,969.8,16.3,36.4,1.4
2025-03-07 16:00:00,3,5.2,6.9,8.8,969.4,15.7,38.7,1.7
2025-03-07 17:00:00,3,5.0,6.7,8.4,978.5,15.0,39.3,1.3
2025-03-07 18:00:00,    3,   5.3,   7.1,   8.0,  978.6,  13.6,  45.3,   2.0
2025-03-07 19:00:00,    3,   5.1,   6.6,   5.6,  969.6,   9.5,  55.7,   1.1
2025-03-07 20:00:00,    3,   5.0,   6.5,   4.7,  969.5,   8.0,  60.3,   0.8
2025-03-07 21:00:00,    3,   5.6,   7.4,   6.3,  978.7,   9.7,  61.2,   2.6
2025-03-07 22:00:00,    3,   5.6,   7.3,   5.6,  978.8,   8.4,  65.8,   2.4
2025-03-07 23:00:00,    3,   5.5,   7.1,   4.5,  978.5,   6.7,  71.9,   2.0
2025-03-08 00:00:00,    3,   4.2,   5.3,  -0.2,  969.2,   1.0,  80.3,  -2.0
2025-03-08 01:00:00,3,4.4,5.6,0.6,969.1,1.9,79.8,-1.2
2025-03-08 02:00:00,3,4.1,5.1,-0.7,968.7,0.3,82.0,-2.4
2025-03-08 03:00:00,    3,   4.6,   5.8,  -0.1,  968.4,   0.4,  91.6,  -0.8
2025-03-08 04:00:00,    3,   4.3,   5.4,  -1.1,  968.2,  -0.6,  91.6,  -1.8
2025-03-08 05:00:00,    3,   4.5,   5.7,  -0.6,  968.3,  -0.4,  96.4,  -0.9
2025-03-08 06:00:00,    3,   4.4,   5.5,  -1.1,  968.1,  -0.8,  95.0,  -1.5
2025-03-08 07:00:00,3,4.3,5.4,-0.7,968.2,-0.2,90.3,-1.6
2025-03-08 08:00:00,    3,   4.9,   6.3,   3.0,  977.4,   5.0,  72.6,   0.5
2025-03-08 09:00:00,    3,   4.9,   6.3,   3.9,  977.3,   6.6,  64.9,   0.5
2025-03-08 10:00:00,3,5.2,6.8,6.1,967.7,10.2,54.6,1.5
2025-03-08 11:00:00,3,5.1,6.7,7.3,967.1,12.9,45.0,1.3
2025-03-08 12:00:00,3,4.2,5.6,7.5,966.5,15.0,32.8,-1.2
2025-03-08 13:00:00,    3,   5.0,   6.7,   9.3,  974.8,  17.1,  34.4,   1.3
2025-03-08 14:00:00,    3,   3.6,   4.8,   7.7,  964.7,  16.7,  25.3,  -3.2
2025-03-08 15:00:00,    3,   3.7,   5.0,   8.0,  964.0,  17.0,  25.8,  -2.7
2025-03-08 16:00:00,3,3.7,4.9,7.8,963.7,16.7,25.9,-2.9
2025-03-08 17:00:00,    3,   4.1,   5.5,   7.9,  972.6,  15.9,  30.5,  -1.4
2025-03-08 18:00:00,    3,   4.1,   5.4,   6.7,  972.5,  13.5,  35.1,  -1.6
2025-03-08 19:00:00,    3,   3.8,   5.0,   4.2,  963.2,   9.3,  42.4,  -2.8
2025-03-08 20:00:00,3,3.9,5.0,3.5,963.1,7.9,47.3,-2.6
2025-03-08 21:00:00,3,4.0,5.1,2.1,963.0,5.3,57.0,-2.5
2025-03-08 22:00:00,    3,   4.2,   5.4,   2.7,  962.9,   5.8,  58.9,  -1.6
2025-03-08 23:00:00,    3,   4.1,   5.3,   2.0,  962.5,   4.7,  62.2,  -1.9
2025-03-09 00:00:00,    3,   4.1,   5.2,   0.7,  962.0,   2.7,  70.0,  -2.2
2025-03-09 01:00:00,3,4.0,5.1,0.5,961.6,2.5,70.0,-2.4
2025-03-09 02:00:00,    3,   4.6,   5.8,   2.3,  970.5,   4.5,  69.4,  -0.6
2025-03-09 03:00:00,    3,   4.7,   6.0,   2.1,  970.1,   3.9,  74.0,  -0.3
2025-03-09 04:00:00,3,4.2,5.3,0.1,960.7,1.4,78.0,-2.0
2025-03-09 05:00:00,3,4.0,5.1,-1.0,960.3,-0.1,83.8,-2.5
2025-03-09 06:00:00,3,4.2,5.3,-0.8,960.2,-0.1,87.0,-2.0
2025-03-09 07:00:00,3,4.5,5.8,1.7,969.5,3.4,74.4,-0.7
2025-03-09 08:00:00,    3,   4.7,   6.0,   3.0,  969.5,   5.4,  67.1,  -0.2
2025-03-09 09:00:00,    3,   4.9,   6.3,   4.3,  959.8,   7.4,  61.5,   0.5
2025-03-09 10:00:00,    3,   4.5,   5.8,   5.8,  959.3,  11.2,  43.9,  -0.6
2025-03-09 11:00:00,    3,   4.7,   6.3,   7.5,  968.2,  13.9,  39.5,   0.4
2025-03-09 12:00:00,    3,   4.6,   6.2,   8.1,  967.4,  15.4,  35.1,   0.1
2025-03-09 13:00:00,    3,   5.1,   6.9,   9.3,  966.8,  16.9,  35.6,   1.6
2025-03-09 14:00:00,    3,   4.2,   5.7,   9.0,  956.9,  18.2,  27.1,  -1.0
2025-03-09 15:00:00,3,4.9,6.6,9.8,956.4,18.4,31.2,1.1
2025-03-09 16:00:00,3,5.2,7.0,9.8,956.0,17.8,34.3,1.9
2025-03-09 17:00:00,    3,   5.3,   7.2,   9.8,  965.0,  17.4,  36.0,   2.2
2025-03-09 18:00:00,    3,   5.3,   7.0,   8.3,  955.9,  14.6,  42.1,   1.9
2025-03-09 19:00:00,    3,   5.6,   7.4,   8.2,  955.8,  13.8,  46.6,   2.6
2025-03-09 20:00:00,    3,   5.5,   7.2,   6.8,  955.4,  11.0,  54.5,   2.2
2025-03-09 21:00:00,3,4.9,6.3,3.3,955.4,5.6,69.6,0.5
2025-03-09 22:00:00,    3,   5.6,   7.3,   6.3,  964.4,   9.9,  59.9,   2.5
2025-03-09 23:00:00,    3,   5.6,   7.3,   5.9,  964.3,   8.9,  64.1,   2.5
2025-03-10 00:00:00,3,4.9,6.3,3.2,954.5,5.3,71.1,0.5
2025-03-10 01:00:00,3,4.6,5.8,1.7,954.1,3.4,75.0,-0.6
2025-03-10 02:00:00,3,4.6,5.9,1.6,953.6,3.2,76.6,-0.5
2025-03-10 03:00:00,    3,   5.6,   7.2,   4.2,  962.2,   5.8,  78.1,   2.3
2025-03-10 04:00:00,    3,   4.4,   5.6,   0.9,  952.7,   2.4,  77.0,  -1.2
2025-03-10 05:00:00,    3,   4.6,   5.8,   1.4,  952.4,   2.9,  77.1,  -0.7
2025-03-10 06:00:00,    3,   5.2,   6.7,   2.8,  961.6,   4.1,  81.3,   1.2
2025-03-10 07:00:00,    3,   5.3,   6.8,   3.3,  962.2,   4.8,  79.1,   1.5
2025-03-10 08:00:00,    3,   5.3,   6.9,   4.0,  962.9,   5.9,  73.8,   1.6
2025-03-10 09:00:00,    3,   5.4,   7.1,   4.9,  963.8,   7.5,  68.0,   2.0
2025-03-10 10:00:00,    3,   5.3,   7.0,   5.8,  955.2,   9.3,  59.3,   1.8
2025-03-10 11:00:00,3,5.5,7.2,6.4,956.0,10.1,58.3,2.3
2025-03-10 12:00:00,3,5.8,7.6,6.9,965.3,10.4,60.5,3.1
2025-03-10 13:00:00,    3,   7.5,   9.8,   8.1,  956.4,   9.7,  81.5,   6.7
2025-03-10 14:00:00,    3,   8.3,  10.8,   8.8,  956.7,   9.7,  89.7,   8.1
2025-03-10 15:00:00,    3,   7.9,  10.3,   8.4,  956.9,   9.6,  86.1,   7.4
2025-03-10 16:00:00,3,7.8,10.2,8.3,956.9,9.6,84.9,7.2
2025-03-10 17:00:00,    3,   8.7,  11.4,   9.1,  966.6,   9.3,  97.3,   8.9
2025-03-10 18:00:00,    3,   8.8,  11.4,   9.0,  967.1,   9.1,  98.7,   8.9
2025-03-10 19:00:00,    3,   7.2,   9.3,   6.9,  958.0,   8.0,  86.5,   5.9
2025-03-10 20:00:00,3,6.9,8.9,6.2,958.1,7.1,88.3,5.3
2025-03-10 21:00:00,3,6.7,8.6,5.4,958.2,5.9,92.6,4.8
2025-03-10 22:00:00,    3,   7.1,   9.3,   7.2,  967.5,   8.6,  83.1,   5.9
2025-03-10 23:00:00,    3,   5.6,   7.2,   3.1,  958.1,   3.8,  89.2,   2.2
2025-03-11 00:00:00,    3,   6.3,   8.1,   4.2,  958.1,   4.3,  97.9,   4.0
2025-03-11 01:00:00,    3,   6.7,   8.7,   5.8,  967.0,   6.7,  88.2,   4.9
2025-03-11 02:00:00,    3,   6.5,   8.4,   5.2,  966.5,   5.9,  90.1,   4.4
2025-03-11 03:00:00,    3,   6.3,   8.1,   4.3,  966.1,   4.7,  94.5,   3.9
2025-03-11 04:00:00,    3,   5.2,   6.6,   1.0,  956.7,   1.0, 100.0,   1.0
2025-03-11 05:00:00,3,4.7,6.0,-0.3,956.7,-0.3,100.0,-0.3
2025-03-11 06:00:00,3,4.6,5.8,-0.6,956.9,-0.6,100.0,-0.6
2025-03-11 07:00:00,    3,   5.7,   7.3,   3.0,  966.1,   3.4,  93.1,   2.4
2025-03-11 08:00:00,    3,   5.6,   7.2,   3.1,  957.2,   3.8,  89.9,   2.3
2025-03-11 09:00:00,    3,   6.3,   8.1,   4.7,  957.1,   5.5,  89.4,   3.9
2025-03-11 10:00:00,    3,   7.0,   9.1,   7.7,  956.9,   9.9,  74.5,   5.6
2025-03-11 11:00:00,3,7.4,9.8,8.8,956.6,11.3,72.8,6.6
2025-03-11 12:00:00,    3,   7.4,   9.8,   9.7,  965.1,  13.2,  64.2,   6.6
2025-03-11 13:00:00,    3,   7.1,   9.4,   9.6,  964.4,  13.5,  60.8,   6.1
2025-03-11 14:00:00,3,6.8,8.9,8.8,954.6,12.7,60.6,5.3
2025-03-11 15:00:00,3,7.4,9.7,9.0,954.5,11.9,69.4,6.5
2025-03-11 16:00:00,3,7.8,10.2,8.3,954.6,9.5,85.5,7.2
2025-03-11 17:00:00,    3,   7.2,   9.5,   8.5,  963.4,  11.0,  72.2,   6.2
2025-03-11 18:00:00,    3,   7.6,   9.9,   7.8,  954.6,   8.8,  87.2,   6.8
2025-03-11 19:00:00,    3,   7.4,   9.6,   7.1,  954.6,   7.9,  90.2,   6.4
2025-03-11 20:00:00,3,8.0,10.4,8.0,963.9,8.6,92.8,7.5
2025-03-11 21:00:00,    3,   8.1,  10.5,   8.1,  963.4,   8.5,  94.7,   7.7
2025-03-11 22:00:00,    3,   8.0,  10.4,   7.8,  962.9,   8.2,  95.3,   7.5
2025-03-11 23:00:00,    3,   7.8,  10.1,   7.3,  962.6,   7.6,  96.6,   7.1
2025-03-12 00:00:00,    3,   7.2,   9.3,   5.9,  953.3,   5.9, 100.0,   5.9
2025-03-12 01:00:00,3,7.0,9.0,5.4,953.1,5.4,100.0,5.4
2025-03-12 02:00:00,3,7.4,9.6,6.5,961.7,6.8,96.6,6.3
2025-03-12 03:00:00,    3,   7.1,   9.1,   5.6,  952.0,   5.6, 100.0,   5.6
2025-03-12 04:00:00,    3,   7.0,   9.0,   5.5,  951.7,   5.5, 100.0,   5.5
2025-03-12 05:00:00,    3,   7.3,   9.4,   6.1,  951.5,   6.1, 100.0,   6.1
2025-03-12 06:00:00,3,7.1,9.1,5.7,951.6,5.9,97.9,5.6
2025-03-12 07:00:00,    3,   6.9,   8.9,   5.3,  961.0,   5.4,  98.6,   5.2
2025-03-12 08:00:00,    3,   6.9,   8.9,   5.3,  961.1,   5.4,  98.6,   5.2
2025-03-12 09:00:00,3,6.7,8.7,5.3,951.9,5.6,95.2,4.9
2025-03-12 10:00:00,3,6.6,8.5,5.0,952.0,5.3,95.2,4.6
2025-03-12 11:00:00,3,6.6,8.4,4.9,952.3,5.3,94.6,4.5
2025-03-12 12:00:00,3,6.7,8.6,5.0,961.7,5.1,97.9,4.8
2025-03-12 13:00:00,    3,   6.3,   8.1,   4.5,  961.3,   5.1,  91.9,   3.9
2025-03-12 14:00:00,    3,   6.2,   8.0,   4.3,  952.0,   4.9,  91.9,   3.7
2025-03-12 15:00:00,    3,   6.0,   7.7,   4.2,  951.8,   5.0,  88.7,   3.3
2025-03-12 16:00:00,    3,   6.4,   8.3,   4.5,  961.2,   4.8,  95.9,   4.2
2025-03-12 17:00:00,    3,   6.5,   8.3,   4.7,  961.4,   5.0,  95.2,   4.3
2025-03-12 18:00:00,    3,   6.6,   8.4,   4.8,  961.2,   5.0,  96.6,   4.5
2025-03-12 19:00:00,    3,   6.2,   8.0,   4.3,  952.2,   4.8,  93.2,   3.8
2025-03-12 20:00:00,3,6.2,8.0,4.3,952.0,4.8,92.6,3.7
2025-03-12 21:00:00,3,6.2,8.0,4.1,952.0,4.5,94.5,3.7
2025-03-12 22:00:00,    3,   6.3,   8.1,   4.3,  961.0,   4.6,  95.2,   3.9
2025-03-12 23:00:00,    3,   6.2,   8.0,   4.0,  951.3,   4.3,  95.9,   3.7
2025-03-13 00:00:00,    3,   6.2,   7.9,   4.0,  950.8,   4.3,  95.2,   3.6
2025-03-13 01:00:00,3,6.2,7.9,4.0,950.5,4.3,95.2,3.6
2025-03-13 02:00:00,    3,   6.1,   7.9,   3.8,  959.0,   4.1,  95.9,   3.5
2025-03-13 03:00:00,    3,   6.0,   7.6,   3.4,  958.5,   3.7,  95.8,   3.1
2025-03-13 04:00:00,3,5.9,7.6,3.3,958.2,3.5,96.5,3.0
2025-03-13 05:00:00,3,5.9,7.5,3.0,949.0,3.2,97.2,2.8
2025-03-13 06:00:00,3,6.0,7.6,3.3,949.3,3.5,97.2,3.1
2025-03-13 07:00:00,    3,   5.9,   7.6,   3.1,  958.6,   3.1,  99.3,   3.0
2025-03-13 08:00:00,    3,   6.0,   7.7,   3.6,  949.3,   3.9,  95.2,   3.2
2025-03-13 09:00:00,    3,   5.7,   7.3,   3.3,  949.8,   4.0,  89.9,   2.5
2025-03-13 10:00:00,3,5.7,7.4,3.9,959.0,5.0,84.4,2.6
2025-03-13 11:00:00,    3,   5.7,   7.3,   4.0,  958.9,   5.3,  82.1,   2.5
2025-03-13 12:00:00,    3,   5.9,   7.6,   4.1,  959.6,   5.1,  86.2,   3.0
2025-03-13 13:00:00,    3,   6.0,   7.7,   4.9,  959.3,   6.4,  79.9,   3.2
2025-03-13 14:00:00,    3,   5.8,   7.5,   4.5,  950.2,   6.1,  79.3,   2.8
2025-03-13 15:00:00,3,6.2,8.0,5.2,950.3,6.5,82.8,3.8
2025-03-13 16:00:00,3,6.6,8.5,5.7,959.7,6.6,87.6,4.7
2025-03-13 17:00:00,    3,   4.8,   6.2,   4.3,  951.0,   7.6,  59.7,   0.3
2025-03-13 18:00:00,    3,   4.8,   6.2,   3.1,  951.9,   5.4,  68.5,   0.1
2025-03-13 19:00:00,    3,   4.9,   6.3,   2.6,  952.7,   4.2,  76.8,   0.5
2025-03-13 20:00:00,    3,   5.2,   6.6,   2.6,  953.4,   3.7,  83.0,   1.1
2025-03-13 21:00:00,3,5.7,7.3,3.3,963.0,4.0,89.9,2.5
2025-03-13 22:00:00,    3,   5.5,   7.1,   2.9,  963.4,   3.7,  88.6,   2.0
2025-03-13 23:00:00,    3,   5.1,   6.5,   2.3,  963.8,   3.4,  83.6,   0.9
2025-03-14 00:00:00,    3,   4.9,   6.2,   1.9,  954.6,   3.2,  80.6,   0.2
2025-03-14 01:00:00,3,4.6,5.9,1.6,955.2,3.1,77.1,-0.5
2025-03-14 02:00:00,3,4.5,5.8,1.3,955.1,2.8,77.1,-0.8
2025-03-14 03:00:00,3,4.8,6.1,1.6,964.5,2.9,80.6,-0.1
2025-03-14 04:00:00,    3,   4.8,   6.1,   1.6,  964.6,   2.8,  81.7,   0.0
2025-03-14 05:00:00,    3,   4.6,   5.9,   0.7,  955.9,   1.6,  85.9,  -0.5
2025-03-14 06:00:00,    3,   4.7,   5.9,   1.0,  956.5,   1.9,  84.7,  -0.4
2025-03-14 07:00:00,    3,   5.1,   6.4,   1.6,  966.4,   2.3,  89.1,   0.7
2025-03-14 08:00:00,    3,   5.0,   6.4,   1.7,  966.8,   2.4,  88.5,   0.7
2025-03-14 09:00:00,    3,   4.9,   6.3,   1.6,  967.4,   2.5,  86.0,   0.4
2025-03-14 10:00:00,    3,   5.2,   6.7,   1.9,  967.7,   2.4,  91.7,   1.2
2025-03-14 11:00:00,    3,   4.9,   6.2,   1.9,  958.6,   3.1,  81.8,   0.3
2025-03-14 12:00:00,3,4.9,6.2,1.9,959.1,3.1,81.2,0.2
2025-03-14 13:00:00,3,4.9,6.2,2.4,968.8,4.0,76.7,0.3
2025-03-14 14:00:00,    3,   4.9,   6.2,   2.0,  959.2,   3.3,  80.0,   0.2
2025-03-14 15:00:00,    3,   4.8,   6.1,   2.1,  959.8,   3.6,  77.2,   0.0
2025-03-14 16:00:00,    3,   4.8,   6.2,   2.2,  960.4,   3.8,  76.7,   0.1
2025-03-14 17:00:00,    3,   4.7,   6.0,   2.1,  960.8,   3.8,  75.0,  -0.2
2025-03-14 18:00:00,3,5.1,6.5,2.7,970.6,4.2,78.4,0.8
2025-03-14 19:00:00,    3,   5.1,   6.5,   2.7,  971.2,   4.1,  79.0,   0.8
2025-03-14 20:00:00,    3,   5.2,   6.6,   2.8,  971.3,   4.1,  80.7,   1.1
2025-03-14 21:00:00,3,5.0,6.4,2.3,962.0,3.6,80.7,0.6
2025-03-14 22:00:00,3,5.1,6.5,2.3,962.4,3.5,82.4,0.8
2025-03-14 23:00:00,3,5.3,6.7,2.6,971.7,3.6,84.8,1.3
2025-03-15 00:00:00,3,5.3,6.8,2.7,971.8,3.7,84.9,1.4
2025-03-15 01:00:00,    3,   5.2,   6.6,   2.6,  971.6,   3.7,  83.0,   1.1
2025-03-15 02:00:00,    3,   5.2,   6.6,   2.3,  962.2,   3.2,  86.0,   1.1
2025-03-15 03:00:00,    3,   5.0,   6.3,   1.9,  962.2,   2.9,  84.2,   0.5
2025-03-15 04:00:00,3,4.8,6.2,1.7,972.2,2.9,81.7,0.1
2025-03-15 05:00:00,    3,   4.9,   6.3,   1.8,  972.3,   2.9,  83.5,   0.4
2025-03-15 06:00:00,    3,   5.0,   6.4,   2.0,  972.8,   3.0,  84.2,   0.6
2025-03-15 07:00:00,    3,   5.1,   6.6,   2.2,  973.0,   3.1,  86.0,   1.0
2025-03-15 08:00:00,    3,   5.3,   6.8,   2.7,  963.8,   3.6,  86.1,   1.5
2025-03-15 09:00:00,3,5.4,7.0,3.1,973.8,4.2,84.3,1.8
2025-03-15 10:00:00,3,5.4,7.0,3.5,973.8,4.9,80.3,1.8
2025-03-15 11:00:00,    3,   5.4,   6.9,   3.8,  964.2,   5.6,  75.9,   1.7
2025-03-15 12:00:00,    3,   5.5,   7.1,   4.8,  964.0,   7.2,  69.9,   2.1
2025-03-15 13:00:00,    3,   5.1,   6.6,   4.1,  964.1,   6.6,  67.8,   1.1
2025-03-15 14:00:00,3,5.0,6.5,4.4,973.8,7.3,63.7,0.9
2025-03-15 15:00:00,    3,   5.1,   6.7,   4.5,  973.4,   7.3,  65.1,   1.2
2025-03-15 16:00:00,    3,   5.0,   6.5,   4.5,  973.5,   7.5,  62.4,   0.8
2025-03-15 17:00:00,    3,   4.9,   6.3,   3.7,  964.6,   6.3,  66.3,   0.5
2025-03-15 18:00:00,3,4.9,6.3,3.4,965.1,5.7,69.1,0.5
2025-03-15 19:00:00,3,4.8,6.2,3.7,975.0,6.4,64.4,0.2
2025-03-15 20:00:00,3,4.9,6.3,3.5,975.4,5.9,67.7,0.4
2025-03-15 21:00:00,    3,   5.0,   6.5,   3.5,  975.6,   5.7,  70.6,   0.8
2025-03-15 22:00:00,    3,   4.9,   6.3,   2.8,  966.1,   4.7,  73.6,   0.4
2025-03-15 23:00:00,    3,   4.9,   6.3,   2.8,  965.9,   4.7,  73.6,   0.4
2025-03-16 00:00:00,    3,   4.9,   6.3,   3.2,  975.4,   5.3,  71.1,   0.5
2025-03-16 01:00:00,    3,   4.7,   6.1,   2.9,  975.6,   5.2,  68.5,  -0.1
2025-03-16 02:00:00,    3,   4.7,   6.0,   2.4,  975.7,   4.4,  71.9,  -0.2
2025-03-16 03:00:00,    3,   4.6,   5.8,   2.1,  975.8,   4.1,  71.3,  -0.6
2025-03-16 04:00:00,    3,   4.4,   5.7,   1.7,  966.6,   3.6,  71.8,  -1.0
2025-03-16 05:00:00,3,4.4,5.6,1.6,976.6,3.4,72.3,-1.1
2025-03-16 06:00:00,3,4.4,5.6,1.4,977.0,3.1,73.8,-1.1
2025-03-16 07:00:00,    3,   4.5,   5.7,   1.5,  977.5,   3.2,  74.4,  -0.9
2025-03-16 08:00:00,    3,   4.5,   5.8,   1.5,  968.3,   3.2,  74.9,  -0.8
2025-03-16 09:00:00,    3,   4.4,   5.7,   1.4,  968.8,   3.1,  74.4,  -1.0
2025-03-16 10:00:00,    3,   4.5,   5.8,   1.8,  969.0,   3.6,  73.4,  -0.7
2025-03-16 11:00:00,3,4.5,5.8,2.1,978.8,4.1,70.8,-0.7
2025-03-16 12:00:00,    3,   4.6,   5.9,   2.4,  979.3,   4.4,  70.9,  -0.4
2025-03-16 13:00:00,    3,   4.8,   6.1,   2.9,  979.2,   5.1,  69.5,   0.0
2025-03-16 14:00:00,3,4.7,6.0,2.6,969.8,4.7,69.9,-0.3
2025-03-16 15:00:00,3,4.6,6.0,2.8,969.8,5.2,67.5,-0.3
2025-03-16 16:00:00,3,4.9,6.4,3.8,979.3,6.4,66.3,0.6
2025-03-16 17:00:00,    3,   4.9,   6.4,   3.8,  979.7,   6.3,  66.8,   0.6
2025-03-16 18:00:00,    3,   4.9,   6.3,   3.0,  971.2,   5.0,  72.0,   0.4
2025-03-16 19:00:00,    3,   4.9,   6.3,   2.8,  972.0,   4.7,  73.6,   0.4
2025-03-16 20:00:00,    3,   4.9,   6.3,   2.7,  981.8,   4.5,  74.6,   0.4
2025-03-16 21:00:00,    3,   4.9,   6.2,   1.9,  982.3,   3.2,  80.6,   0.2
2025-03-16 22:00:00,    3,   4.7,   6.0,   1.8,  983.0,   3.2,  78.3,  -0.2
2025-03-16 23:00:00,    3,   4.4,   5.7,   1.5,  983.2,   3.3,  73.3,  -1.0
2025-03-17 00:00:00,    3,   4.1,   5.3,   0.8,  974.0,   2.7,  71.1,  -2.0
2025-03-17 01:00:00,3,4.2,5.3,0.5,983.9,2.1,74.7,-1.9
2025-03-17 02:00:00,3,4.1,5.2,0.1,983.9,1.6,75.8,-2.2
2025-03-17 03:00:00,    3,   3.9,   4.9,  -0.9,  974.4,   0.3,  78.5,  -3.0
2025-03-17 04:00:00,    3,   4.0,   5.0,  -1.0,  974.7,   0.0,  82.0,  -2.7
2025-03-17 05:00:00,    3,   3.9,   4.9,  -1.4,  975.1,  -0.5,  83.8,  -2.9
2025-03-17 06:00:00,    3,   3.8,   4.8,  -2.3,  975.7,  -1.7,  88.1,  -3.4
2025-03-17 07:00:00,3,4.0,5.1,-0.9,985.8,0.0,83.2,-2.5
2025-03-17 08:00:00,    3,   4.2,   5.3,   0.4,  986.1,   2.0,  74.7,  -2.0
2025-03-17 09:00:00,    3,   4.2,   5.4,   1.4,  986.6,   3.5,  68.7,  -1.7
2025-03-17 10:00:00,    3,   4.1,   5.3,   2.4,  976.8,   5.5,  58.4,  -2.0
2025-03-17 11:00:00,3,4.5,5.8,3.0,986.8,5.8,62.4,-0.8
2025-03-17 12:00:00,3,4.5,5.8,3.3,987.3,6.2,61.2,-0.7
2025-03-17 13:00:00,3,4.2,5.5,3.0,987.2,6.2,57.7,-1.5
2025-03-17 14:00:00,    3,   4.2,   5.4,   3.2,  987.4,   6.6,  55.7,  -1.6
2025-03-17 15:00:00,    3,   3.9,   5.1,   2.6,  977.6,   6.2,  53.6,  -2.5
2025-03-17 16:00:00,    3,   3.7,   4.8,   2.6,  977.6,   6.6,  48.7,  -3.4
2025-03-17 17:00:00,    3,   3.3,   4.3,   2.2,  987.5,   6.5,  44.5,  -4.7
2025-03-17 18:00:00,    3,   3.3,   4.3,   1.5,  988.1,   5.3,  48.0,  -4.8
2025-03-17 19:00:00,    3,   3.1,   4.0,   0.4,  988.8,   3.9,  49.5,  -5.7
2025-03-17 20:00:00,    3,   3.5,   4.4,  -0.3,  979.6,   2.0,  62.9,  -4.3
2025-03-17 21:00:00,3,3.3,4.2,-0.6,989.5,1.9,59.7,-5.1
2025-03-17 22:00:00,3,3.2,4.0,-0.9,989.9,1.6,58.7,-5.6
2025-03-17 23:00:00,    3,   2.7,   3.4,  -2.5,  980.1,   0.2,  54.4,  -7.9
2025-03-18 00:00:00,    3,   2.6,   3.2,  -3.5,  980.0,  -1.2,  58.0,  -8.4
2025-03-18 01:00:00,    3,   2.7,   3.3,  -3.6,  980.1,  -1.6,  61.6,  -8.0
2025-03-18 02:00:00,    3,   2.8,   3.6,  -3.8,  979.9,  -2.1,  68.0,  -7.2
2025-03-18 03:00:00,3,2.7,3.4,-3.8,979.6,-1.9,63.5,-7.9
2025-03-18 04:00:00,    3,   2.6,   3.3,  -3.0,  988.9,  -0.6,  56.8,  -8.1
2025-03-18 05:00:00,    3,   2.5,   3.1,  -3.7,  988.9,  -1.3,  56.2,  -8.9
2025-03-18 06:00:00,3,2.4,3.0,-4.9,979.4,-3.0,61.3,-9.4
2025-03-18 07:00:00,3,2.5,3.1,-2.2,989.5,1.0,47.9,-8.8
2025-03-18 08:00:00,3,2.3,2.9,-1.5,989.6,2.5,39.7,-9.8
2025-03-18 09:00:00,3,2.4,3.1,-0.6,989.7,3.6,39.1,-9.0
2025-03-18 10:00:00,    3,   2.6,   3.3,   0.7,  989.5,   5.4,  37.3,  -8.0
2025-03-18 11:00:00,    3,   2.6,   3.3,   0.6,  979.6,   5.4,  36.7,  -8.2
2025-03-18 12:00:00,    3,   2.8,   3.6,   1.9,  979.1,   7.1,  35.6,  -7.1
2025-03-18 13:00:00,3,2.7,3.5,2.8,988.1,8.9,31.0,-7.3
2025-03-18 14:00:00,    3,   2.8,   3.7,   3.4,  987.8,   9.7,  30.5,  -6.8
2025-03-18 15:00:00,    3,   2.7,   3.5,   3.6,  987.5,  10.2,  28.4,  -7.3
2025-03-18 16:00:00,    3,   2.7,   3.5,   3.2,  987.5,   9.5,  29.5,  -7.4
2025-03-18 17:00:00,    3,   2.8,   3.6,   2.3,  977.9,   7.8,  34.1,  -7.0
2025-03-18 18:00:00,3,2.8,3.6,2.0,987.5,7.3,35.1,-7.1
2025-03-18 19:00:00,3,2.9,3.7,1.1,987.8,5.6,40.4,-6.8
2025-03-18 20:00:00,    3,   2.9,   3.6,  -1.6,  978.4,   1.1,  55.1,  -6.9
2025-03-18 21:00:00,    3,   2.9,   3.6,  -1.7,  978.6,   1.0,  55.1,  -7.0
2025-03-18 22:00:00,    3,   2.9,   3.6,  -2.1,  978.3,   0.4,  58.0,  -6.9
2025-03-18 23:00:00,    3,   2.9,   3.7,  -2.2,  978.3,   0.1,  60.2,  -6.7
2025-03-19 00:00:00,3,2.9,3.6,-3.5,978.4,-1.8,67.0,-7.1
2025-03-19 01:00:00,    3,   3.1,   4.0,  -1.3,  988.2,   1.2,  59.5,  -5.8
2025-03-19 02:00:00,    3,   3.1,   4.0,  -1.6,  988.3,   0.6,  62.2,  -5.8
2025-03-19 03:00:00,3,2.9,3.6,-4.3,978.8,-3.1,74.4,-7.0
2025-03-19 04:00:00,3,3.3,4.2,-2.2,988.4,-0.6,71.0,-5.2
2025-03-19 05:00:00,3,3.3,4.1,-2.6,988.6,-1.1,73.1,-5.3
2025-03-19 06:00:00,3,3.3,4.2,-2.3,989.0,-0.8,72.0,-5.2
2025-03-19 07:00:00,    3,   3.3,   4.2,  -1.3,  989.4,   0.9,  64.1,  -5.1
2025-03-19 08:00:00,    3,   3.7,   4.7,  -0.1,  980.0,   2.0,  66.3,  -3.6
2025-03-19 09:00:00,    3,   3.8,   4.9,   2.3,  980.0,   5.9,  52.7,  -3.0
2025-03-19 10:00:00,    3,   4.1,   5.3,   4.1,  989.3,   8.5,  47.5,  -2.0
2025-03-19 11:00:00,    3,   4.3,   5.6,   5.4,  989.1,  10.5,  44.0,  -1.2
2025-03-19 12:00:00,    3,   4.4,   5.8,   6.3,  988.6,  11.9,  41.9,  -0.6
2025-03-19 13:00:00,    3,   4.6,   6.1,   6.9,  987.8,  12.9,  40.7,  -0.1
2025-03-19 14:00:00,    3,   4.3,   5.8,   7.4,  977.8,  14.3,  35.3,  -0.8
2025-03-19 15:00:00,3,4.4,5.9,7.3,987.1,14.0,36.8,-0.5
2025-03-19 16:00:00,3,4.7,6.2,7.5,977.2,13.9,39.3,0.3
2025-03-19 17:00:00,    3,   4.4,   5.8,   7.1,  986.6,  13.5,  37.7,  -0.6
2025-03-19 18:00:00,    3,   4.5,   6.0,   6.2,  977.6,  11.7,  43.4,  -0.3
2025-03-19 19:00:00,    3,   4.4,   5.8,   4.4,  978.2,   8.4,  52.2,  -0.8
2025-03-19 20:00:00,    3,   4.6,   5.8,   2.5,  978.1,   4.8,  67.9,  -0.6
2025-03-19 21:00:00,3,4.3,5.5,1.4,978.2,3.4,70.7,-1.4
2025-03-19 22:00:00,    3,   4.8,   6.2,   4.0,  987.6,   7.0,  61.8,   0.2
2025-03-19 23:00:00,    3,   4.9,   6.3,   3.4,  987.6,   5.7,  68.6,   0.4
2025-03-20 00:00:00,3,4.8,6.2,3.2,987.5,5.4,69.0,0.2
2025-03-20 01:00:00,3,4.8,6.2,2.7,987.5,4.6,72.5,0.1
2025-03-20 02:00:00,3,4.8,6.1,2.5,987.2,4.4,73.0,0.0
2025-03-20 03:00:00,    3,   4.6,   5.8,   1.7,  987.3,   3.3,  75.5,  -0.6
2025-03-20 04:00:00,    3,   4.2,   5.3,  -1.1,  978.0,  -0.5,  89.6,  -2.0
2025-03-20 05:00:00,    3,   4.4,   5.6,  -0.2,  978.2,   0.5,  88.3,  -1.2
2025-03-20 06:00:00,3,4.4,5.6,-0.1,978.5,0.7,86.4,-1.3
2025-03-20 07:00:00,    3,   4.6,   5.8,   2.2,  987.8,   4.3,  70.3,  -0.6
2025-03-20 08:00:00,    3,   4.7,   6.1,   3.4,  987.9,   6.1,  64.3,  -0.1
2025-03-20 09:00:00,    3,   5.1,   6.6,   5.2,  988.0,   8.6,  59.1,   1.1
2025-03-20 10:00:00,    3,   5.5,   7.3,   8.1,  978.4,  13.5,  46.9,   2.4
2025-03-20 11:00:00,3,5.3,7.1,8.4,986.9,14.4,43.0,2.0
2025-03-20 12:00:00,3,4.5,6.1,9.0,976.7,17.2,30.9,-0.1
2025-03-20 13:00:00,    3,   4.9,   6.6,   9.6,  976.0,  17.7,  32.6,   1.1
2025-03-20 14:00:00,    3,   4.3,   5.8,   9.4,  975.4,  18.6,  27.0,  -0.7
2025-03-20 15:00:00,    3,   4.9,   6.6,   9.9,  975.0,  18.5,  30.8,   1.0
2025-03-20 16:00:00,    3,   4.9,   6.7,  10.2,  974.4,  19.1,  30.1,   1.2
2025-03-20 17:00:00,3,4.9,6.6,9.7,974.1,18.1,31.8,1.1
2025-03-20 18:00:00,    3,   5.4,   7.2,   9.4,  983.4,  16.4,  38.3,   2.2
2025-03-20 19:00:00,    3,   5.4,   7.2,   9.0,  983.6,  15.7,  40.1,   2.2
2025-03-20 20:00:00,    3,   5.4,   7.1,   6.1,  974.6,   9.7,  58.6,   2.0
2025-03-20 21:00:00,3,5.7,7.5,7.7,983.8,12.2,52.9,2.9
2025-03-20 22:00:00,3,5.1,6.6,4.0,974.4,6.5,67.8,1.0
2025-03-20 23:00:00,3,5.7,7.4,6.4,983.4,9.8,61.2,2.7
2025-03-21 00:00:00,    3,   5.7,   7.4,   6.3,  983.0,   9.5,  62.4,   2.7
2025-03-21 01:00:00,    3,   4.9,   6.3,   2.3,  973.4,   3.8,  78.4,   0.4
2025-03-21 02:00:00,    3,   4.9,   6.2,   2.3,  972.7,   3.8,  77.8,   0.3
2025-03-21 03:00:00,    3,   5.7,   7.4,   4.9,  981.7,   6.8,  74.5,   2.6
2025-03-21 04:00:00,    3,   5.5,   7.1,   4.0,  981.5,   5.6,  78.1,   2.1
2025-03-21 05:00:00,    3,   5.5,   7.1,   4.4,  981.4,   6.5,  72.9,   2.0
2025-03-21 06:00:00,    3,   4.8,   6.2,   1.3,  972.0,   2.1,  86.5,   0.1
2025-03-21 07:00:00,3,5.7,7.4,5.0,981.0,7.1,73.0,2.6
2025-03-21 08:00:00,3,5.8,7.6,5.4,971.6,7.6,72.6,3.0
2025-03-21 09:00:00,    3,   5.6,   7.3,   7.0,  971.2,  11.2,  54.9,   2.5
2025-03-21 10:00:00,    3,   5.7,   7.6,   8.7,  970.4,  14.3,  46.4,   3.0
2025-03-21 11:00:00,    3,   5.9,   7.9,  10.7,  969.8,  18.3,  37.6,   3.6
2025-03-21 12:00:00,    3,   4.5,   6.1,  10.1,  968.8,  19.8,  26.4,   0.0
2025-03-21 13:00:00,3,4.2,5.7,10.0,967.9,20.2,24.1,-0.9
2025-03-21 14:00:00,    3,   5.0,   6.8,  10.8,  976.4,  20.4,  28.2,   1.4
2025-03-21 15:00:00,    3,   5.1,   7.0,  10.9,  975.7,  20.2,  29.3,   1.8
2025-03-21 16:00:00,3,5.5,7.5,10.8,975.0,19.3,33.3,2.8
2025-03-21 17:00:00,3,5.6,7.6,10.4,974.5,18.1,36.4,3.0
2025-03-21 18:00:00,3,5.6,7.5,9.8,974.3,16.9,38.8,2.8
2025-03-21 19:00:00,3,5.5,7.4,9.3,973.8,16.0,40.5,2.6
2025-03-21 20:00:00,    3,   5.7,   7.6,   9.0,  973.2,  15.1,  44.1,   3.0
2025-03-21 21:00:00,    3,   5.6,   7.4,   7.6,  963.2,  12.3,  51.8,   2.7
2025-03-21 22:00:00,    3,   5.6,   7.4,   7.5,  962.7,  12.2,  51.8,   2.6
2025-03-21 23:00:00,3,5.7,7.5,6.4,961.5,9.8,61.6,2.8
2025-03-22 00:00:00,    3,   5.6,   7.4,   8.0,  970.0,  13.2,  48.8,   2.7
2025-03-22 01:00:00,    3,   5.6,   7.4,   8.0,  969.5,  13.1,  49.2,   2.7
2025-03-22 02:00:00,    3,   5.8,   7.6,   7.5,  968.9,  11.9,  54.3,   3.0
2025-03-22 03:00:00,    3,   5.7,   7.4,   5.8,  959.4,   8.7,  65.9,   2.7
2025-03-22 04:00:00,3,5.8,7.5,5.6,959.8,8.2,68.7,2.8
2025-03-22 05:00:00,3,5.8,7.6,6.7,968.5,10.0,62.1,3.1
2025-03-22 06:00:00,    3,   6.1,   8.0,   7.0,  960.4,  10.1,  64.8,   3.8
2025-03-22 07:00:00,    3,   7.1,   9.3,   8.0,  960.8,  10.3,  74.1,   5.9
2025-03-22 08:00:00,    3,   7.5,   9.9,   9.1,  961.4,  11.6,  72.3,   6.8
2025-03-22 09:00:00,3,7.2,9.6,10.2,961.6,14.6,57.8,6.4
2025-03-22 10:00:00,    3,   6.7,   8.9,   9.7,  970.4,  14.4,  54.3,   5.3
2025-03-22 11:00:00,    3,   7.0,   9.3,  10.3,  969.9,  15.4,  53.0,   5.9
2025-03-22 12:00:00,    3,   7.3,   9.7,  10.9,  960.2,  16.1,  52.9,   6.5
2025-03-22 13:00:00,3,7.3,9.8,11.4,959.5,17.3,49.3,6.6
2025-03-22 14:00:00,3,6.6,8.8,10.8,968.0,17.3,44.4,5.1
2025-03-22 15:00:00,3,6.7,9.0,11.1,967.2,17.7,44.2,5.4
2025-03-22 16:00:00,    3,   6.6,   8.9,  11.2,  966.5,  18.2,  42.3,   5.2
2025-03-22 17:00:00,    3,   6.9,   9.2,  10.7,  956.9,  16.3,  49.7,   5.8
2025-03-22 18:00:00,    3,   7.0,   9.3,   9.8,  957.0,  14.2,  57.3,   5.9
2025-03-22 19:00:00,    3,   7.0,   9.4,  10.2,  966.2,  15.1,  54.4,   6.0
2025-03-22 20:00:00,    3,   6.9,   9.2,   9.7,  965.9,  14.1,  56.9,   5.7
2025-03-22 21:00:00,    3,   6.8,   9.0,   9.2,  965.2,  13.2,  59.5,   5.5
2025-03-22 22:00:00,    3,   6.7,   8.9,   8.7,  964.5,  12.5,  61.0,   5.2
2025-03-22 23:00:00,    3,   6.2,   8.1,   6.8,  955.0,   9.5,  68.5,   4.0
2025-03-23 00:00:00,3,6.3,8.3,6.7,955.0,9.2,70.8,4.2
2025-03-23 01:00:00,3,6.6,8.6,7.8,963.6,10.9,65.9,4.8
2025-03-23 02:00:00,    3,   6.5,   8.4,   7.0,  963.4,   9.6,  70.4,   4.5
2025-03-23 03:00:00,    3,   5.9,   7.6,   4.8,  954.3,   6.4,  79.4,   3.1
2025-03-23 04:00:00,    3,   6.3,   8.2,   5.2,  954.5,   6.3,  85.8,   4.1
2025-03-23 05:00:00,    3,   6.1,   7.9,   5.3,  955.2,   6.8,  80.0,   3.6
2025-03-23 06:00:00,3,6.6,8.6,6.6,956.1,8.4,78.0,4.8
2025-03-23 07:00:00,    3,   6.9,   9.0,   7.5,  965.8,   9.6,  75.0,   5.4
2025-03-23 08:00:00,    3,   7.2,   9.5,   8.8,  966.5,  11.6,  69.4,   6.2
2025-03-23 09:00:00,3,7.2,9.6,9.3,967.3,12.6,65.4,6.3
2025-03-23 10:00:00,3,7.3,9.7,9.5,967.9,12.9,65.0,6.5
2025-03-23 11:00:00,3,7.1,9.4,9.2,968.3,12.7,63.6,6.0
2025-03-23 12:00:00,3,7.0,9.2,8.8,968.8,12.1,65.3,5.8
2025-03-23 13:00:00,    3,   7.5,   9.9,   9.8,  968.7,  13.3,  64.7,   6.8
2025-03-23 14:00:00,    3,   7.6,  10.0,   9.4,  960.1,  12.2,  70.5,   7.0
2025-03-23 15:00:00,    3,   7.7,  10.2,  10.0,  960.1,  13.2,  67.4,   7.3
2025-03-23 16:00:00,    3,   8.1,  10.7,  10.0,  969.7,  12.3,  75.0,   8.0
2025-03-23 17:00:00,    3,   8.3,  10.9,  10.0,  969.8,  12.2,  76.5,   8.2
2025-03-23 18:00:00,    3,   8.2,  10.8,   9.9,  970.0,  12.0,  77.0,   8.1
2025-03-23 19:00:00,    3,   7.9,  10.4,   9.6,  970.8,  12.0,  73.9,   7.5
2025-03-23 20:00:00,    3,   7.5,   9.8,   7.7,  962.2,   9.0,  84.9,   6.6
2025-03-23 21:00:00,3,6.9,9.0,7.1,962.5,8.9,78.6,5.4
2025-03-23 22:00:00,3,7.9,10.4,9.0,972.0,10.7,80.6,7.5
2025-03-23 23:00:00,    3,   6.9,   9.0,   7.1,  963.1,   8.8,  79.2,   5.4
2025-03-24 00:00:00,    3,   6.5,   8.4,   5.8,  963.3,   7.1,  82.9,   4.4
2025-03-24 01:00:00,    3,   6.9,   9.0,   6.2,  963.4,   7.0,  89.5,   5.4
2025-03-24 02:00:00,    3,   6.8,   8.8,   6.2,  963.5,   7.2,  86.5,   5.1
2025-03-24 03:00:00,3,7.1,9.3,7.2,972.6,8.6,83.1,5.9
2025-03-24 04:00:00,    3,   7.1,   9.2,   6.9,  972.7,   8.2,  84.2,   5.7
2025-03-24 05:00:00,    3,   7.1,   9.2,   6.9,  972.9,   8.1,  84.8,   5.7
2025-03-24 06:00:00,    3,   7.1,   9.1,   5.9,  964.4,   6.2,  95.9,   5.6
2025-03-24 07:00:00,3,7.4,9.6,7.2,974.2,8.1,89.0,6.4
2025-03-24 08:00:00,3,7.8,10.2,7.5,975.2,7.8,96.0,7.2
2025-03-24 09:00:00,3,8.0,10.4,7.9,975.7,8.4,94.0,7.5
2025-03-24 10:00:00,    3,   8.4,  10.9,   8.3,  976.4,   8.4,  98.6,   8.2
2025-03-24 11:00:00,    3,   8.2,  10.7,   8.3,  967.4,   8.8,  94.1,   7.9
2025-03-24 12:00:00,    3,   8.5,  11.1,   9.0,  967.6,   9.6,  92.8,   8.5
2025-03-24 13:00:00,    3,   7.9,  10.4,   9.7,  976.6,  12.2,  72.9,   7.5
2025-03-24 14:00:00,    3,   8.7,  11.6,  11.1,  976.5,  13.6,  74.2,   9.1
2025-03-24 15:00:00,    3,   7.7,  10.2,  10.3,  976.4,  13.8,  64.8,   7.3
2025-03-24 16:00:00,    3,   8.1,  10.7,  10.2,  967.4,  12.8,  72.5,   8.0
2025-03-24 17:00:00,3,8.4,11.1,10.4,967.8,12.7,75.5,8.5
2025-03-24 18:00:00,3,8.0,10.5,10.1,977.5,13.0,70.1,7.7
2025-03-24 19:00:00,    3,   8.3,  11.0,  10.4,  978.1,  12.9,  73.6,   8.3
2025-03-24 20:00:00,    3,   8.2,  10.8,   9.3,  969.9,  10.8,  83.4,   8.1
2025-03-24 21:00:00,    3,   7.8,  10.2,   8.2,  970.5,   9.3,  87.3,   7.3
2025-03-24 22:00:00,    3,   7.9,  10.3,   8.1,  970.7,   8.9,  90.3,   7.4
2025-03-24 23:00:00,3,8.0,10.4,8.5,979.7,9.5,87.9,7.6
2025-03-25 00:00:00,    3,   8.0,  10.4,   8.4,  979.8,   9.4,  88.5,   7.6
2025-03-25 01:00:00,    3,   8.2,  10.7,   8.4,  980.0,   9.0,  92.8,   7.9
2025-03-25 02:00:00,3,7.9,10.2,7.7,970.6,8.1,94.7,7.3
2025-03-25 03:00:00,3,7.8,10.1,7.3,970.5,7.5,97.3,7.1
2025-03-25 04:00:00,3,7.7,10.0,7.8,980.1,8.6,89.6,7.0
2025-03-25 05:00:00,3,8.1,10.5,8.1,980.3,8.6,94.1,7.7
2025-03-25 06:00:00,    3,   8.2,  10.7,   8.2,  980.7,   8.6,  95.3,   7.9
2025-03-25 07:00:00,    3,   8.1,  10.5,   8.0,  971.6,   8.3,  96.0,   7.7
2025-03-25 08:00:00,    3,   8.2,  10.7,   8.5,  972.1,   9.1,  92.8,   8.0
2025-03-25 09:00:00,3,7.9,10.4,9.5,981.7,11.6,76.4,7.6
2025-03-25 10:00:00,    3,   8.3,  11.0,  10.5,  981.8,  13.1,  72.6,   8.3
2025-03-25 11:00:00,    3,   8.2,  10.8,  10.7,  981.6,  13.9,  68.0,   8.1
2025-03-25 12:00:00,    3,   7.7,  10.2,  10.4,  981.3,  14.2,  62.7,   7.2
2025-03-25 13:00:00,    3,   7.7,  10.2,  10.7,  971.9,  14.8,  60.7,   7.3
2025-03-25 14:00:00,3,7.9,10.4,10.2,980.8,13.2,68.8,7.6
2025-03-25 15:00:00,3,8.3,11.0,9.8,971.3,11.5,80.7,8.3
2025-03-25 16:00:00,    3,   8.7,  11.5,  10.5,  971.2,  12.4,  79.7,   9.0
2025-03-25 17:00:00,    3,   8.0,  10.5,   9.8,  971.3,  12.2,  73.9,   7.7
2025-03-25 18:00:00,    3,   8.1,  10.7,   9.4,  971.6,  11.1,  80.6,   7.9
2025-03-25 19:00:00,3,7.7,10.1,9.6,981.3,12.4,70.0,7.1
2025-03-25 20:00:00,    3,   7.8,  10.2,   9.2,  981.7,  11.4,  75.8,   7.3
2025-03-25 21:00:00,    3,   7.4,   9.8,   9.0,  981.6,  11.7,  70.9,   6.6
2025-03-25 22:00:00,3,8.0,10.4,8.7,972.5,9.9,85.6,7.6
2025-03-25 23:00:00,3,7.4,9.7,8.7,981.7,11.1,73.2,6.5
2025-03-26 00:00:00,3,6.5,8.5,7.5,981.8,10.4,67.2,4.6
2025-03-26 01:00:00,3,6.0,7.8,6.8,981.7,10.0,63.4,3.4
2025-03-26 02:00:00,    3,   6.0,   7.8,   6.4,  981.7,   9.2,  66.9,   3.4
2025-03-26 03:00:00,    3,   6.2,   8.1,   6.1,  972.5,   8.1,  74.7,   3.9
2025-03-26 04:00:00,    3,   6.1,   7.9,   5.9,  972.3,   8.0,  73.7,   3.6
2025-03-26 05:00:00,    3,   6.2,   8.0,   6.3,  981.8,   8.6,  71.7,   3.8
2025-03-26 06:00:00,    3,   6.3,   8.1,   6.3,  981.9,   8.5,  73.2,   4.0
2025-03-26 07:00:00,    3,   6.3,   8.2,   6.6,  982.2,   9.0,  71.3,   4.1
2025-03-26 08:00:00,    3,   6.3,   8.2,   6.7,  982.5,   9.1,  70.8,   4.1
2025-03-26 09:00:00,    3,   6.4,   8.3,   6.8,  973.6,   9.3,  70.9,   4.3
2025-03-26 10:00:00,3,7.2,9.4,7.5,983.2,8.9,82.6,6.1
2025-03-26 11:00:00,3,7.1,9.2,7.4,973.9,9.1,79.8,5.8
2025-03-26 12:00:00,    3,   7.2,   9.4,   7.7,  982.8,   9.4,  79.8,   6.1
2025-03-26 13:00:00,    3,   7.6,   9.9,   7.8,  973.2,   8.8,  87.2,   6.8
2025-03-26 14:00:00,    3,   7.9,  10.2,   7.9,  973.1,   8.6,  91.5,   7.3
2025-03-26 15:00:00,    3,   7.9,  10.3,   7.8,  973.0,   8.3,  94.0,   7.4
2025-03-26 16:00:00,3,8.1,10.6,8.0,982.5,8.3,96.6,7.8
2025-03-26 17:00:00,    3,   7.7,  10.0,   7.1,  983.0,   7.4,  96.6,   6.9
2025-03-26 18:00:00,    3,   7.6,   9.9,   7.2,  983.3,   7.6,  94.7,   6.8
2025-03-26 19:00:00,3,7.5,9.8,7.1,983.8,7.7,92.7,6.6
2025-03-26 20:00:00,3,6.8,8.9,6.4,984.0,7.6,84.7,5.2
2025-03-26 21:00:00,3,6.9,8.9,6.1,974.7,6.9,89.5,5.3
2025-03-26 22:00:00,    3,   6.4,   8.3,   5.8,  984.2,   7.2,  81.2,   4.2
2025-03-26 23:00:00,    3,   6.6,   8.5,   5.7,  974.7,   6.7,  86.4,   4.6
2025-03-27 00:00:00,    3,   6.6,   8.5,   5.6,  974.6,   6.4,  88.8,   4.7
2025-03-27 01:00:00,    3,   6.2,   8.0,   5.5,  983.7,   7.1,  78.9,   3.7
2025-03-27 02:00:00,    3,   6.3,   8.1,   5.5,  983.4,   6.8,  82.3,   4.0
2025-03-27 03:00:00,    3,   6.5,   8.4,   5.6,  983.2,   6.7,  85.2,   4.4
2025-03-27 04:00:00,    3,   6.1,   7.9,   5.2,  983.3,   6.8,  79.4,   3.5
2025-03-27 05:00:00,    3,   6.1,   7.9,   4.9,  973.7,   6.1,  83.9,   3.6
2025-03-27 06:00:00,3,6.0,7.8,4.8,973.6,6.1,82.8,3.4
2025-03-27 07:00:00,3,5.7,7.4,4.8,973.8,6.8,74.5,2.6
2025-03-27 08:00:00,    3,   6.0,   7.7,   5.4,  973.9,   7.2,  76.2,   3.3
2025-03-27 09:00:00,    3,   5.1,   6.6,   4.9,  974.0,   8.0,  61.6,   1.1
2025-03-27 10:00:00,    3,   5.0,   6.6,   5.2,  973.7,   8.7,  58.3,   1.0
2025-03-27 11:00:00,    3,   5.2,   6.8,   5.4,  973.3,   8.9,  59.2,   1.4
2025-03-27 12:00:00,3,5.5,7.2,6.4,982.5,10.1,58.3,2.3
2025-03-27 13:00:00,    3,   6.0,   7.9,   7.3,  982.0,  10.9,  60.2,   3.5
2025-03-27 14:00:00,    3,   5.6,   7.4,   6.8,  981.5,  10.6,  57.6,   2.6
2025-03-27 15:00:00,    3,   5.5,   7.2,   6.3,  971.9,   9.9,  58.6,   2.2
2025-03-27 16:00:00,3,5.4,7.1,6.5,980.7,10.6,55.2,2.0
2025-03-27 17:00:00,3,5.4,7.1,6.1,980.7,9.8,58.2,2.0
2025-03-27 18:00:00,3,5.3,6.8,4.3,971.5,6.6,69.8,1.5
2025-03-27 19:00:00,    3,   5.3,   6.9,   5.1,  980.6,   8.1,  63.4,   1.6
2025-03-27 20:00:00,    3,   5.3,   6.9,   3.8,  971.3,   5.6,  75.4,   1.6
2025-03-27 21:00:00,    3,   5.2,   6.7,   2.9,  971.1,   4.3,  80.2,   1.2
2025-03-27 22:00:00,    3,   5.3,   6.9,   3.9,  980.0,   5.7,  74.8,   1.6
2025-03-27 23:00:00,    3,   5.3,   6.8,   3.4,  979.6,   4.9,  78.6,   1.5
2025-03-28 00:00:00,    3,   5.4,   6.9,   3.0,  979.0,   4.0,  84.9,   1.7
2025-03-28 01:00:00,    3,   5.3,   6.8,   2.3,  978.6,   3.0,  89.2,   1.4
2025-03-28 02:00:00,    3,   4.4,   5.6,   0.0,  968.5,   0.8,  85.8,  -1.3
2025-03-28 03:00:00,3,4.5,5.7,0.1,968.0,0.8,87.7,-1.0
2025-03-28 04:00:00,3,4.6,5.8,-0.2,967.8,0.2,93.6,-0.7
2025-03-28 05:00:00,    3,   4.3,   5.5,  -0.7,  967.6,  -0.2,  90.9,  -1.5
2025-03-28 06:00:00,    3,   4.5,   5.7,   0.0,  967.5,   0.7,  88.3,  -1.0
2025-03-28 07:00:00,    3,   5.1,   6.6,   2.5,  967.3,   3.6,  83.0,   1.0
2025-03-28 08:00:00,    3,   5.5,   7.1,   3.9,  966.8,   5.5,  78.1,   2.0
2025-03-28 09:00:00,3,6.2,8.1,6.8,976.0,9.4,68.9,4.0
2025-03-28 10:00:00,    3,   5.9,   7.7,   7.0,  975.4,  10.5,  60.9,   3.3
2025-03-28 11:00:00,    3,   5.9,   7.8,   7.8,  974.9,  12.2,  54.8,   3.4
2025-03-28 12:00:00,3,6.1,8.0,8.5,974.1,13.2,52.8,3.8
2025-03-28 13:00:00,3,5.2,6.9,7.7,963.9,13.3,45.2,1.7
2025-03-28 14:00:00,3,5.0,6.7,7.9,963.2,14.2,41.1,1.2
2025-03-28 15:00:00,3,6.0,8.0,9.3,971.7,15.0,47.0,3.8
2025-03-28 16:00:00,    3,   5.7,   7.6,   8.9,  971.4,  14.8,  45.0,   3.0
2025-03-28 17:00:00,    3,   5.2,   6.9,   7.6,  962.4,  13.3,  44.8,   1.6
2025-03-28 18:00:00,    3,   6.5,   8.5,   8.1,  962.7,  11.7,  62.1,   4.7
2025-03-28 19:00:00,3,5.9,7.7,7.0,962.8,10.6,60.5,3.3
2025-03-28 20:00:00,    3,   5.9,   7.9,   8.2,  971.9,  12.8,  53.1,   3.5
2025-03-28 21:00:00,    3,   6.0,   7.9,   7.6,  972.0,  11.5,  58.2,   3.6
2025-03-28 22:00:00,    3,   6.1,   8.0,   7.4,  971.8,  11.0,  61.0,   3.8
2025-03-28 23:00:00,    3,   6.1,   7.9,   6.4,  962.6,   9.0,  68.8,   3.6
2025-03-29 00:00:00,3,6.1,7.9,5.6,962.5,7.6,75.2,3.5
2025-03-29 01:00:00,3,6.2,8.1,6.7,971.4,9.5,68.0,3.9
2025-03-29 02:00:00,    3,   6.3,   8.2,   5.8,  962.2,   7.4,  79.5,   4.1
2025-03-29 03:00:00,    3,   6.6,   8.5,   5.8,  962.4,   6.9,  85.2,   4.6
2025-03-29 04:00:00,    3,   6.3,   8.2,   6.2,  962.7,   8.2,  75.3,   4.1
2025-03-29 05:00:00,3,6.5,8.5,6.6,972.8,8.6,75.9,4.6
2025-03-29 06:00:00,    3,   6.7,   8.7,   6.4,  973.8,   7.8,  81.8,   4.9
2025-03-29 07:00:00,    3,   6.5,   8.4,   6.0,  974.4,   7.5,  81.2,   4.5
2025-03-29 08:00:00,    3,   6.7,   8.7,   6.5,  966.4,   8.1,  80.2,   4.9
2025-03-29 09:00:00,3,6.9,8.9,6.8,967.3,8.4,80.8,5.3
2025-03-29 10:00:00,3,6.7,8.7,7.1,968.0,9.3,74.4,5.0
2025-03-29 11:00:00,3,6.5,8.5,7.6,977.7,10.5,67.2,4.7
2025-03-29 12:00:00,    3,   6.6,   8.7,   8.2,  978.1,  11.5,  63.8,   4.9
2025-03-29 13:00:00,    3,   6.5,   8.5,   7.8,  969.2,  11.1,  64.2,   4.6
2025-03-29 14:00:00,    3,   6.5,   8.6,   8.1,  969.2,  11.4,  63.8,   4.8
2025-03-29 15:00:00,    3,   6.8,   9.0,   8.6,  978.8,  11.9,  64.3,   5.4
2025-03-29 16:00:00,    3,   6.5,   8.5,   8.0,  979.2,  11.5,  62.5,   4.6
2025-03-29 17:00:00,    3,   6.2,   8.1,   7.4,  979.8,  10.8,  62.7,   4.0
2025-03-29 18:00:00,    3,   6.1,   8.0,   7.2,  980.6,  10.6,  62.3,   3.7
2025-03-29 19:00:00,    3,   5.9,   7.7,   6.3,  972.3,   9.2,  66.0,   3.2
2025-03-29 20:00:00,3,5.6,7.3,5.4,972.5,8.0,67.6,2.4
2025-03-29 21:00:00,3,5.2,6.7,2.9,972.5,4.2,81.3,1.3
2025-03-29 22:00:00,    3,   5.7,   7.3,   5.0,  982.0,   7.1,  72.5,   2.5
2025-03-29 23:00:00,    3,   5.3,   6.8,   3.1,  972.5,   4.4,  81.4,   1.5
2025-03-30 00:00:00,    3,   5.5,   7.0,   3.2,  972.5,   4.3,  84.3,   1.9
2025-03-30 01:00:00,    3,   5.0,   6.4,   2.7,  972.6,   4.4,  76.2,   0.6
2025-03-30 02:00:00,3,4.9,6.3,3.3,981.8,5.6,69.1,0.4
2025-03-30 03:00:00,    3,   4.7,   6.1,   3.0,  982.3,   5.3,  68.0,  -0.1
2025-03-30 04:00:00,    3,   4.6,   6.0,   2.9,  981.8,   5.3,  67.0,  -0.3
2025-03-30 05:00:00,3,4.6,5.8,0.8,972.4,1.9,82.8,-0.7
2025-03-30 06:00:00,3,4.7,6.1,2.0,972.5,3.6,76.7,-0.1
2025-03-30 07:00:00,3,4.9,6.4,4.0,981.7,6.8,64.5,0.6
2025-03-30 08:00:00,    3,   5.0,   6.6,   5.5,  981.7,   9.4,  55.6,   1.0
2025-03-30 09:00:00,    3,   4.8,   6.2,   5.4,  972.3,   9.6,  52.2,   0.3
2025-03-30 10:00:00,    3,   4.9,   6.5,   6.3,  971.9,  11.1,  48.9,   0.8
2025-03-30 11:00:00,    3,   3.7,   4.8,   6.0,  980.0,  12.9,  32.4,  -3.2
2025-03-30 12:00:00,    3,   4.1,   5.5,   6.3,  979.6,  12.6,  37.5,  -1.5
2025-03-30 13:00:00,    3,   5.7,   7.6,   7.7,  979.2,  12.3,  52.9,   3.0
2025-03-30 14:00:00,    3,   5.8,   7.6,   7.3,  979.7,  11.3,  56.5,   3.0
2025-03-30 15:00:00,    3,   5.8,   7.6,   7.0,  970.8,  10.7,  58.8,   3.0
2025-03-30 16:00:00,3,6.7,8.7,7.2,970.9,9.5,73.4,5.0
2025-03-30 17:00:00,3,6.7,8.8,7.6,979.6,10.1,71.0,5.1
2025-03-30 18:00:00,    3,   6.2,   8.0,   6.2,  970.9,   8.5,  72.2,   3.8
2025-03-30 19:00:00,    3,   5.8,   7.6,   5.9,  971.5,   8.5,  68.2,   3.0
2025-03-30 20:00:00,    3,   5.8,   7.6,   5.9,  971.9,   8.5,  68.2,   3.0
2025-03-30 21:00:00,    3,   6.0,   7.8,   5.7,  972.0,   7.9,  73.1,   3.4
2025-03-30 22:00:00,3,6.4,8.3,6.8,981.2,9.3,70.9,4.3
2025-03-30 23:00:00,    3,   6.2,   8.0,   6.4,  981.3,   8.8,  70.8,   3.8
2025-03-31 00:00:00,    3,   6.0,   7.9,   6.2,  981.5,   8.6,  70.2,   3.5
2025-03-31 01:00:00,    3,   5.7,   7.4,   5.1,  972.4,   7.3,  72.0,   2.6
2025-03-31 02:00:00,3,5.5,7.2,4.8,972.5,7.0,71.4,2.2
2025-03-31 03:00:00,3,5.3,6.9,4.9,981.7,7.5,66.6,1.7
2025-03-31 04:00:00,3,5.5,7.1,4.8,981.9,7.1,69.9,2.0
2025-03-31 05:00:00,    3,   5.2,   6.7,   4.5,  982.5,   7.2,  66.0,   1.3
2025-03-31 06:00:00,    3,   5.0,   6.4,   4.1,  973.6,   6.8,  65.0,   0.7
2025-03-31 07:00:00,    3,   5.2,   6.8,   4.5,  974.4,   7.1,  67.0,   1.4
2025-03-31 08:00:00,    3,   5.4,   7.0,   3.9,  985.1,   5.7,  75.9,   1.8
2025-03-31 09:00:00,    3,   5.5,   7.2,   4.8,  985.3,   7.1,  70.9,   2.2
2025-03-31 10:00:00,    3,   4.9,   6.4,   4.4,  986.0,   7.5,  61.5,   0.6
2025-03-31 11:00:00,    3,   4.9,   6.4,   4.3,  977.1,   7.3,  62.3,   0.6
2025-03-31 12:00:00,3,4.8,6.2,4.2,977.1,7.3,61.0,0.3
2025-03-31 13:00:00,3,4.8,6.2,5.0,986.2,8.8,55.1,0.3
2025-03-31 14:00:00,    3,   4.5,   5.8,   4.4,  977.0,   8.3,  53.3,  -0.6
2025-03-31 15:00:00,    3,   4.8,   6.3,   5.0,  977.1,   8.7,  55.8,   0.4
2025-03-31 16:00:00,    3,   4.7,   6.2,   4.9,  977.2,   8.8,  54.3,   0.1
2025-03-31 17:00:00,    3,   4.7,   6.2,   5.1,  977.4,   9.2,  52.8,   0.1
2025-03-31 18:00:00,3,4.8,6.3,5.0,987.1,8.7,55.8,0.4
2025-03-31 19:00:00,    3,   5.1,   6.6,   4.9,  987.8,   8.2,  60.3,   1.0
2025-03-31 20:00:00,    3,   5.0,   6.5,   4.8,  988.1,   7.9,  61.1,   0.9
2025-03-31 21:00:00,3,5.0,6.4,4.3,978.8,7.1,63.7,0.7
2025-03-31 22:00:00,3,5.1,6.6,3.9,978.7,6.2,69.7,1.1
2025-03-31 23:00:00,3,5.1,6.6,4.4,987.8,7.0,66.0,1.1
2025-04-01 00:00:00,3,5.3,6.9,4.4,987.3,6.7,69.8,1.6
2025-04-01 01:00:00,    3,   5.2,   6.7,   4.2,  987.0,   6.6,  68.8,   1.3
2025-04-01 02:00:00,    3,   4.9,   6.3,   3.5,  977.0,   5.8,  68.6,   0.5
2025-04-01 03:00:00,    3,   4.7,   6.1,   3.1,  976.6,   5.5,  67.1,  -0.1
2025-04-01 04:00:00,3,5.0,6.4,3.4,986.2,5.6,70.6,0.7
2025-04-01 05:00:00,    3,   4.9,   6.3,   3.1,  986.0,   5.0,  72.6,   0.5
2025-04-01 06:00:00,    3,   4.9,   6.3,   2.9,  986.0,   4.7,  73.6,   0.4
2025-04-01 07:00:00,    3,   4.9,   6.3,   3.3,  986.0,   5.5,  69.6,   0.4
2025-04-01 08:00:00,    3,   4.9,   6.3,   3.3,  976.2,   5.4,  70.6,   0.5
2025-04-01 09:00:00,3,5.3,6.9,4.7,985.7,7.2,67.9,1.7
2025-04-01 10:00:00,3,5.2,6.8,5.0,985.6,8.0,63.0,1.4
2025-04-01 11:00:00,    3,   4.9,   6.4,   5.3,  975.4,   9.2,  55.2,   0.7
2025-04-01 12:00:00,    3,   4.8,   6.3,   5.6,  974.9,   9.9,  51.5,   0.4
2025-04-01 13:00:00,    3,   5.1,   6.7,   5.7,  974.6,   9.6,  55.7,   1.2
2025-04-01 14:00:00,    3,   5.2,   6.9,   6.1,  974.4,  10.1,  55.4,   1.6
2025-04-01 15:00:00,3,5.2,6.9,6.5,983.6,10.9,52.5,1.6
2025-04-01 16:00:00,    3,   5.4,   7.1,   7.1,  983.4,  11.8,  50.9,   2.0
2025-04-01 17:00:00,    3,   4.9,   6.4,   6.4,  983.3,  11.2,  48.3,   0.7
2025-04-01 18:00:00,3,4.8,6.3,5.2,973.9,9.1,54.3,0.4
2025-04-01 19:00:00,3,4.8,6.2,5.1,983.9,9.1,53.6,0.2
2025-04-01 20:00:00,3,4.7,6.1,4.8,983.6,8.6,54.6,0.0
2025-04-01 21:00:00,3,4.7,6.2,4.4,983.6,7.7,58.5,0.1
2025-04-01 22:00:00,    3,   4.9,   6.3,   3.9,  983.4,   6.6,  64.5,   0.4
2025-04-01 23:00:00,    3,   4.9,   6.4,   4.4,  973.4,   7.5,  61.5,   0.6
2025-04-02 00:00:00,    3,   4.9,   6.4,   3.7,  973.1,   6.1,  67.7,   0.6
2025-04-02 01:00:00,    3,   5.0,   6.4,   3.5,  982.4,   5.7,  70.1,   0.7
2025-04-02 02:00:00,    3,   5.0,   6.5,   3.3,  982.1,   5.2,  73.1,   0.8
2025-04-02 03:00:00,    3,   5.2,   6.7,   3.5,  981.9,   5.3,  74.8,   1.2
2025-04-02 04:00:00,    3,   5.3,   6.8,   3.4,  981.9,   5.0,  77.4,   1.4
2025-04-02 05:00:00,    3,   5.4,   6.9,   3.1,  972.0,   4.3,  82.5,   1.6
2025-04-02 06:00:00,3,5.6,7.3,4.6,981.9,6.4,75.5,2.4
2025-04-02 07:00:00,3,5.9,7.7,6.2,981.8,8.8,68.3,3.3
2025-04-02 08:00:00,    3,   6.1,   8.0,   7.3,  981.7,  10.8,  61.4,   3.7
2025-04-02 09:00:00,    3,   5.8,   7.6,   7.1,  972.3,  11.1,  57.3,   3.0
2025-04-02 10:00:00,    3,   5.8,   7.6,   7.8,  972.0,  12.4,  53.0,   3.1
2025-04-02 11:00:00,    3,   5.8,   7.6,   8.6,  971.5,  14.1,  47.4,   3.1
2025-04-02 12:00:00,3,5.6,7.5,9.1,980.7,15.4,42.6,2.8
2025-04-02 13:00:00,    3,   5.9,   7.9,   9.6,  980.3,  16.0,  43.1,   3.5
2025-04-02 14:00:00,    3,   6.4,   8.6,  10.3,  980.2,  16.3,  46.4,   4.8
2025-04-02 15:00:00,3,6.1,8.2,10.0,979.8,16.2,44.4,4.1
2025-04-02 16:00:00,3,5.9,7.9,9.7,979.7,16.0,43.4,3.6
2025-04-02 17:00:00,3,5.8,7.7,9.1,980.2,15.0,45.3,3.3
2025-04-02 18:00:00,    3,   5.8,   7.7,   8.5,  980.6,  13.8,  48.7,   3.2
2025-04-02 19:00:00,    3,   5.8,   7.7,   7.6,  972.0,  11.9,  55.1,   3.2
2025-04-02 20:00:00,    3,   6.0,   7.9,   7.6,  972.3,  11.5,  58.2,   3.6
2025-04-02 21:00:00,3,6.1,8.0,7.2,982.0,10.5,63.1,3.8
2025-04-02 22:00:00,    3,   6.3,   8.3,   7.5,  982.3,  10.7,  64.1,   4.2
2025-04-02 23:00:00,    3,   6.2,   8.1,   7.1,  982.4,  10.2,  65.3,   4.0
2025-04-03 00:00:00,    3,   6.1,   8.0,   6.9,  982.6,   9.8,  66.1,   3.8
2025-04-03 01:00:00,    3,   5.5,   7.2,   5.6,  972.9,   8.5,  64.9,   2.3
2025-04-03 02:00:00,3,5.9,7.7,5.5,982.3,7.6,73.6,3.2
2025-04-03 03:00:00,3,5.6,7.3,5.8,982.4,8.8,64.5,2.5
2025-04-03 04:00:00,    3,   5.4,   7.0,   4.8,  973.3,   7.4,  67.5,   1.8
2025-04-03 05:00:00,    3,   5.4,   7.0,   3.8,  973.8,   5.5,  77.0,   1.8
2025-04-03 06:00:00,    3,   5.7,   7.4,   5.0,  974.4,   7.1,  73.5,   2.7
2025-04-03 07:00:00,    3,   6.1,   7.9,   6.5,  975.0,   9.3,  67.4,   3.6
2025-04-03 08:00:00,3,6.3,8.3,7.3,975.5,10.3,66.3,4.3
2025-04-03 09:00:00,    3,   6.6,   8.8,   9.7,  985.0,  14.7,  52.5,   5.1
2025-04-03 10:00:00,    3,   6.2,   8.3,   9.6,  985.1,  15.1,  48.4,   4.3
2025-04-03 11:00:00,    3,   6.3,   8.4,  10.0,  975.3,  16.0,  46.0,   4.4
2025-04-03 12:00:00,3,6.3,8.4,11.2,984.0,18.7,39.0,4.5
2025-04-03 13:00:00,3,5.5,7.4,10.7,983.7,19.0,33.7,2.7
2025-04-03 14:00:00,3,5.7,7.6,10.9,983.3,19.2,34.3,3.1
2025-04-03 15:00:00,    3,   5.9,   8.0,  11.2,  983.2,  19.2,  36.0,   3.8
2025-04-03 16:00:00,    3,   6.0,   8.1,  10.8,  974.1,  18.3,  38.4,   3.9
2025-04-03 17:00:00,    3,   5.9,   7.9,  10.2,  974.2,  17.2,  40.2,   3.6
2025-04-03 18:00:00,    3,   5.7,   7.6,   9.8,  983.5,  16.6,  40.4,   3.1
2025-04-03 19:00:00,    3,   5.7,   7.6,   9.1,  983.8,  15.1,  44.1,   3.0
2025-04-03 20:00:00,    3,   5.8,   7.7,   8.8,  984.0,  14.3,  47.1,   3.2
2025-04-03 21:00:00,    3,   5.7,   7.4,   6.8,  974.9,  10.6,  58.0,   2.7
2025-04-03 22:00:00,3,5.6,7.3,5.8,975.0,8.7,65.0,2.5
2025-04-03 23:00:00,3,5.9,7.7,6.9,984.1,10.3,61.3,3.2
2025-04-04 00:00:00,    3,   5.4,   7.0,   5.2,  974.4,   8.2,  63.9,   1.8
2025-04-04 01:00:00,    3,   4.4,   5.6,   2.0,  973.9,   4.2,  68.3,  -1.1
2025-04-04 02:00:00,    3,   4.6,   5.8,   1.2,  973.6,   2.6,  78.8,  -0.7
2025-04-04 03:00:00,    3,   4.9,   6.3,   3.1,  973.5,   5.1,  72.1,   0.5
2025-04-04 04:00:00,3,5.3,6.9,4.7,983.0,7.2,67.9,1.7
2025-04-04 05:00:00,    3,   5.3,   6.8,   4.2,  983.0,   6.4,  70.8,   1.5
2025-04-04 06:00:00,    3,   5.5,   7.2,   4.8,  983.2,   7.0,  71.4,   2.2
2025-04-04 07:00:00,3,6.2,8.1,7.2,973.3,10.4,64.4,4.0
2025-04-04 08:00:00,3,5.9,7.7,7.3,982.9,11.2,57.7,3.2
2025-04-04 09:00:00,3,6.6,8.8,9.7,982.7,14.7,52.5,5.1
2025-04-04 10:00:00,3,6.8,9.1,10.8,982.2,16.8,47.5,5.6
2025-04-04 11:00:00,    3,   6.2,   8.4,  11.3,  981.5,  19.0,  38.3,   4.5
2025-04-04 12:00:00,    3,   5.4,   7.2,  10.3,  971.5,  18.6,  33.6,   2.3
2025-04-04 13:00:00,    3,   5.4,   7.4,  10.9,  971.0,  19.6,  32.2,   2.6
2025-04-04 14:00:00,3,5.4,7.3,11.2,970.1,20.5,30.3,2.5
2025-04-04 15:00:00,    3,   5.8,   7.9,  11.9,  978.4,  21.0,  31.8,   3.6
2025-04-04 16:00:00,    3,   5.9,   8.0,  11.8,  978.1,  20.7,  32.8,   3.8
2025-04-04 17:00:00,    3,   5.5,   7.5,  11.1,  978.0,  19.9,  32.1,   2.8
2025-04-04 18:00:00,    3,   5.5,   7.4,   9.6,  968.7,  16.7,  38.7,   2.6
2025-04-04 19:00:00,3,5.4,7.2,9.6,978.1,16.8,37.6,2.3
2025-04-04 20:00:00,3,5.9,7.9,9.7,978.2,16.1,43.2,3.6
2025-04-04 21:00:00,    3,   5.4,   7.1,   6.7,  968.7,  10.9,  54.1,   2.0
2025-04-04 22:00:00,    3,   5.4,   7.1,   6.5,  968.7,  10.5,  55.9,   2.1
2025-04-04 23:00:00,    3,   5.3,   6.8,   4.5,  968.6,   7.0,  67.9,   1.5
2025-04-05 00:00:00,3,5.7,7.5,7.0,977.7,11.0,56.9,2.8
2025-04-05 01:00:00,    3,   5.8,   7.6,   5.9,  977.5,   8.5,  68.2,   3.0
2025-04-05 02:00:00,    3,   5.9,   7.7,   6.2,  977.0,   9.0,  66.9,   3.2
2025-04-05 03:00:00,3,5.7,7.3,4.5,977.0,6.2,77.1,2.5
2025-04-05 04:00:00,3,5.7,7.3,4.6,977.3,6.4,76.0,2.5
2025-04-05 05:00:00,3,5.5,7.1,4.4,977.3,6.4,73.9,2.1
2025-04-05 06:00:00,3,5.6,7.2,4.6,977.4,6.5,74.4,2.3
2025-04-05 07:00:00,    3,   5.6,   7.3,   5.7,  977.7,   8.7,  64.5,   2.4
2025-04-05 08:00:00,    3,   5.9,   7.7,   7.4,  968.6,  11.3,  57.8,   3.3
2025-04-05 09:00:00,    3,   6.3,   8.3,   9.2,  968.5,  14.4,  50.6,   4.3
2025-04-05 10:00:00,    3,   6.1,   8.1,  10.3,  977.5,  17.1,  41.7,   4.0
2025-04-05 11:00:00,    3,   6.2,   8.4,  10.9,  977.3,  18.0,  40.5,   4.4
2025-04-05 12:00:00,    3,   6.3,   8.5,  11.5,  976.8,  19.3,  38.1,   4.7
2025-04-05 13:00:00,    3,   6.6,   8.9,  12.0,  976.1,  19.9,  38.3,   5.3
2025-04-05 14:00:00,    3,   6.1,   8.2,  11.3,  966.6,  19.4,  36.3,   4.1
2025-04-05 15:00:00,3,6.3,8.5,11.6,975.4,19.5,37.6,4.7
2025-04-05 16:00:00,3,6.7,9.0,12.1,975.3,19.9,38.8,5.5
2025-04-05 17:00:00,    3,   6.8,   9.2,  11.9,  975.1,  19.2,  41.4,   5.8
2025-04-05 18:00:00,    3,   6.7,   9.0,  11.1,  965.9,  17.5,  45.1,   5.5
2025-04-05 19:00:00,    3,   6.3,   8.3,   9.3,  967.5,  14.7,  49.6,   4.3
2025-04-05 20:00:00,    3,   5.5,   7.2,   7.5,  968.7,  12.4,  50.0,   2.3
2025-04-05 21:00:00,3,4.5,5.8,5.5,969.3,10.5,46.0,-0.6
2025-04-05 22:00:00,    3,   4.5,   5.9,   5.1,  979.7,   9.5,  49.5,  -0.5
2025-04-05 23:00:00,    3,   4.4,   5.7,   4.4,  980.3,   8.4,  51.8,  -0.9
2025-04-06 00:00:00,3,4.3,5.6,3.8,981.1,7.5,54.3,-1.1
2025-04-06 01:00:00,3,4.3,5.6,3.1,981.5,6.3,58.1,-1.3
2025-04-06 02:00:00,3,4.2,5.4,2.7,981.6,5.8,58.4,-1.7
2025-04-06 03:00:00,3,4.0,5.1,1.2,972.0,3.6,64.3,-2.5
2025-04-06 04:00:00,    3,   4.0,   5.2,   1.4,  982.4,   3.9,  63.9,  -2.3
2025-04-06 05:00:00,    3,   3.8,   4.8,   0.0,  973.0,   2.0,  67.9,  -3.3
2025-04-06 06:00:00,    3,   3.6,   4.6,   0.2,  974.0,   2.6,  62.6,  -3.8
2025-04-06 07:00:00,    3,   3.4,   4.3,   1.0,  984.4,   4.5,  51.1,  -4.7
2025-04-06 08:00:00,    3,   2.6,   3.3,   0.4,  985.0,   4.9,  38.3,  -8.1
2025-04-06 09:00:00,    3,   2.5,   3.2,   1.1,  985.1,   6.2,  34.2,  -8.4
2025-04-06 10:00:00,    3,   2.1,   2.7,   0.8,  985.0,   6.5,  28.2, -10.6
2025-04-06 11:00:00,    3,   2.2,   2.8,   1.4,  975.0,   7.4,  27.6, -10.1
2025-04-06 12:00:00,3,2.2,2.8,1.6,974.9,7.9,26.4,-10.2
2025-04-06 13:00:00,3,2.7,3.5,2.7,984.3,8.8,30.7,-7.5
2025-04-06 14:00:00,    3,   2.5,   3.2,   2.9,  974.1,   9.5,  27.3,  -8.4
2025-04-06 15:00:00,    3,   2.4,   3.1,   2.7,  973.9,   9.5,  26.0,  -9.0
2025-04-06 16:00:00,    3,   2.5,   3.2,   3.0,  973.6,   9.8,  26.8,  -8.4
2025-04-06 17:00:00,    3,   2.8,   3.6,   2.9,  973.8,   8.9,  31.7,  -7.0
2025-04-06 18:00:00,3,2.8,3.6,1.6,974.0,6.7,36.3,-7.2
2025-04-06 19:00:00,    3,   2.6,   3.4,   1.3,  984.2,   6.4,  35.3,  -7.8
2025-04-06 20:00:00,    3,   2.8,   3.6,   0.7,  984.8,   5.1,  41.2,  -7.0
2025-04-06 21:00:00,    3,   2.7,   3.5,  -0.7,  975.3,   2.9,  46.2,  -7.5
2025-04-06 22:00:00,3,2.7,3.4,-0.8,975.4,2.9,45.5,-7.7
2025-04-06 23:00:00,3,2.8,3.6,-0.2,985.0,3.5,45.7,-7.1
2025-04-07 00:00:00,3,3.0,3.8,-0.7,985.2,2.4,52.6,-6.3
2025-04-07 01:00:00,    3,   3.1,   4.0,  -0.7,  984.9,   2.1,  56.2,  -5.7
2025-04-07 02:00:00,    3,   2.9,   3.6,  -1.9,  974.9,   0.7,  56.7,  -6.9
2025-04-07 03:00:00,    3,   2.9,   3.7,  -2.4,  974.8,  -0.1,  60.6,  -6.8
2025-04-07 04:00:00,    3,   3.2,   4.1,  -1.6,  984.3,   0.5,  64.5,  -5.4
2025-04-07 05:00:00,    3,   3.1,   4.0,  -2.3,  984.6,  -0.4,  66.8,  -5.8
2025-04-07 06:00:00,    3,   3.2,   4.1,  -1.4,  985.5,   0.9,  62.2,  -5.5
2025-04-07 07:00:00,    3,   3.1,   3.9,  -0.6,  976.2,   2.3,  54.6,  -5.9
2025-04-07 08:00:00,3,3.3,4.3,1.7,986.1,5.7,46.7,-4.8
2025-04-07 09:00:00,3,3.1,4.0,2.1,986.3,6.9,40.4,-5.6
2025-04-07 10:00:00,    3,   3.4,   4.4,   3.6,  986.4,   8.9,  38.6,  -4.4
2025-04-07 11:00:00,    3,   3.0,   3.9,   2.6,  976.6,   8.1,  35.8,  -6.1
2025-04-07 12:00:00,    3,   3.3,   4.3,   3.9,  976.3,   9.7,  36.1,  -4.6
2025-04-07 13:00:00,    3,   3.1,   4.1,   4.2,  976.1,  10.7,  31.7,  -5.4
2025-04-07 14:00:00,3,3.3,4.4,4.5,975.9,10.7,34.0,-4.5
2025-04-07 15:00:00,    3,   3.5,   4.6,   5.3,  985.1,  11.8,  33.3,  -3.8
2025-04-07 16:00:00,    3,   3.5,   4.6,   5.3,  985.0,  11.8,  33.5,  -3.7
2025-04-07 17:00:00,3,3.5,4.6,5.0,985.3,11.2,34.9,-3.7
2025-04-07 18:00:00,3,3.5,4.5,4.3,985.8,10.0,37.0,-4.0
2025-04-07 19:00:00,3,3.6,4.6,2.0,977.1,5.8,49.6,-3.9
2025-04-07 20:00:00,3,3.8,4.9,2.9,987.0,7.0,48.8,-3.0
2025-04-07 21:00:00,    3,   3.7,   4.7,   2.6,  986.9,   6.6,  48.4,  -3.5
2025-04-07 22:00:00,    3,   3.4,   4.4,   0.9,  977.9,   4.1,  53.8,  -4.4
2025-04-07 23:00:00,    3,   3.5,   4.5,   0.7,  978.1,   3.6,  57.0,  -4.1
2025-04-08 00:00:00,3,3.6,4.6,0.1,978.1,2.6,62.1,-3.9
2025-04-08 01:00:00,    3,   3.8,   4.9,   1.5,  987.4,   4.4,  58.5,  -3.0
2025-04-08 02:00:00,    3,   3.8,   4.9,   1.0,  987.6,   3.6,  61.5,  -3.1
2025-04-08 03:00:00,    3,   3.9,   5.0,   0.2,  987.4,   2.1,  70.4,  -2.7
2025-04-08 04:00:00,    3,   3.6,   4.5,  -0.9,  978.0,   0.9,  69.2,  -4.1
2025-04-08 05:00:00,3,3.9,5.0,-0.6,987.8,0.8,76.8,-2.8
2025-04-08 06:00:00,3,4.4,5.6,0.7,988.2,2.0,78.7,-1.3
2025-04-08 07:00:00,    3,   3.8,   4.9,   1.3,  978.9,   4.2,  58.9,  -3.1
2025-04-08 08:00:00,    3,   4.0,   5.2,   3.1,  979.2,   7.0,  51.4,  -2.3
2025-04-08 09:00:00,    3,   3.9,   5.1,   4.2,  979.6,   9.0,  44.2,  -2.5
2025-04-08 10:00:00,3,3.9,5.1,5.1,979.4,10.7,39.7,-2.4
2025-04-08 11:00:00,    3,   4.1,   5.4,   6.0,  988.4,  12.1,  38.1,  -1.7
2025-04-08 12:00:00,    3,   4.4,   5.8,   7.0,  987.9,  13.4,  37.4,  -0.8
2025-04-08 13:00:00,3,4.3,5.7,7.4,987.2,14.3,35.0,-0.9
2025-04-08 14:00:00,3,4.0,5.3,6.6,977.2,13.4,34.5,-1.9
2025-04-08 15:00:00,3,4.4,5.8,7.6,985.8,14.7,34.6,-0.7
2025-04-08 16:00:00,3,4.5,5.9,7.8,985.3,14.8,35.2,-0.4
2025-04-08 17:00:00,    3,   4.4,   5.8,   7.2,  985.0,  13.9,  36.5,  -0.7
2025-04-08 18:00:00,    3,   4.4,   5.8,   6.2,  975.7,  11.9,  41.3,  -0.8
2025-04-08 19:00:00,    3,   4.5,   5.9,   5.2,  976.1,   9.6,  49.6,  -0.4
2025-04-08 20:00:00,    3,   4.7,   6.2,   5.7,  985.3,  10.2,  49.7,   0.2
2025-04-08 21:00:00,    3,   4.7,   6.1,   5.4,  985.1,   9.7,  50.7,   0.0
2025-04-08 22:00:00,    3,   4.8,   6.2,   5.1,  985.1,   9.0,  53.9,   0.2
2025-04-08 23:00:00,    3,   4.8,   6.2,   4.3,  984.8,   7.6,  59.3,   0.2
2025-04-09 00:00:00,    3,   4.5,   5.7,   2.1,  975.3,   4.3,  68.8,  -0.9
2025-04-09 01:00:00,3,4.8,6.2,3.4,984.2,5.8,67.6,0.3
2025-04-09 02:00:00,3,4.8,6.1,2.7,983.9,4.7,71.5,0.0
2025-04-09 03:00:00,    3,   4.6,   5.9,   2.5,  983.9,   4.7,  69.4,  -0.4
2025-04-09 04:00:00,    3,   4.2,   5.4,   0.9,  974.5,   2.7,  72.7,  -1.7
2025-04-09 05:00:00,    3,   4.4,   5.7,   1.5,  974.3,   3.3,  73.3,  -1.0
2025-04-09 06:00:00,    3,   4.5,   5.8,   1.8,  974.8,   3.7,  72.3,  -0.8
2025-04-09 07:00:00,3,5.2,6.8,4.0,984.4,6.2,71.2,1.4
2025-04-09 08:00:00,    3,   4.9,   6.4,   5.2,  984.6,   8.9,  55.9,   0.6
2025-04-09 09:00:00,    3,   4.5,   5.8,   5.8,  984.8,  11.0,  44.5,  -0.6
2025-04-09 10:00:00,3,4.5,5.9,6.6,975.3,12.5,40.9,-0.4
2025-04-09 11:00:00,3,4.5,6.0,7.5,984.6,14.3,36.6,-0.3
2025-04-09 12:00:00,3,4.4,5.8,7.5,984.3,14.4,35.6,-0.6
2025-04-09 13:00:00,    3,   4.3,   5.7,   7.7,  984.1,  15.1,  33.3,  -0.9
2025-04-09 14:00:00,    3,   4.2,   5.6,   7.4,  974.5,  14.6,  33.9,  -1.1
2025-04-09 15:00:00,    3,   4.7,   6.2,   8.2,  974.7,  15.4,  35.6,   0.3
2025-04-09 16:00:00,3,4.4,5.8,7.1,974.7,13.6,37.5,-0.6
2025-04-09 17:00:00,    3,   4.2,   5.6,   7.3,  984.4,  14.5,  33.6,  -1.3
2025-04-09 18:00:00,    3,   4.3,   5.6,   6.7,  984.8,  13.1,  37.3,  -1.1
2025-04-09 19:00:00,    3,   4.4,   5.8,   5.8,  985.5,  11.1,  43.9,  -0.7
2025-04-09 20:00:00,    3,   4.3,   5.6,   4.3,  976.4,   8.4,  51.1,  -1.1
2025-04-09 21:00:00,3,4.4,5.8,5.5,985.8,10.4,46.0,-0.7
2025-04-09 22:00:00,3,4.6,6.0,5.2,986.1,9.6,50.3,-0.2
2025-04-09 23:00:00,    3,   4.3,   5.6,   2.9,  977.0,   5.9,  60.2,  -1.2
2025-04-10 00:00:00,    3,   4.3,   5.6,   2.9,  977.2,   5.9,  60.2,  -1.2
2025-04-10 01:00:00,    3,   4.3,   5.6,   3.7,  977.2,   7.3,  54.7,  -1.2
2025-04-10 02:00:00,    3,   4.4,   5.7,   2.9,  977.1,   5.7,  62.4,  -0.9
2025-04-10 03:00:00,3,4.9,6.3,3.9,986.7,6.6,64.5,0.4
2025-04-10 04:00:00,    3,   4.9,   6.4,   3.7,  986.9,   6.1,  67.7,   0.6
2025-04-10 05:00:00,    3,   5.1,   6.5,   3.2,  987.3,   5.0,  74.7,   0.9
2025-04-10 06:00:00,    3,   4.7,   6.1,   2.3,  978.5,   4.1,  74.0,  -0.1
2025-04-10 07:00:00,3,5.5,7.2,5.2,988.1,7.8,67.6,2.2
2025-04-10 08:00:00,3,5.6,7.4,6.2,988.6,9.4,62.4,2.6
2025-04-10 09:00:00,3,5.5,7.3,6.6,979.3,10.4,57.5,2.4
2025-04-10 10:00:00,    3,   5.8,   7.6,   7.1,  988.8,  11.0,  57.7,   3.0
2025-04-10 11:00:00,    3,   5.8,   7.7,   7.7,  979.1,  12.1,  54.4,   3.2
2025-04-10 12:00:00,    3,   5.9,   7.9,   8.5,  978.5,  13.6,  50.4,   3.5
2025-04-10 13:00:00,    3,   6.1,   8.1,   9.0,  987.6,  14.2,  49.8,   3.9
2025-04-10 14:00:00,    3,   5.9,   7.9,   8.8,  987.0,  14.0,  49.1,   3.5
2025-04-10 15:00:00,    3,   5.8,   7.7,   8.7,  986.8,  14.1,  48.1,   3.3
2025-04-10 16:00:00,    3,   5.6,   7.4,   8.5,  986.8,  14.1,  45.7,   2.6
2025-04-10 17:00:00,    3,   5.4,   7.2,   7.7,  977.4,  12.9,  48.1,   2.2
2025-04-10 18:00:00,3,5.3,7.0,6.8,977.3,11.3,52.3,1.9
2025-04-10 19:00:00,3,5.4,7.1,6.4,986.8,10.4,55.9,2.0
2025-04-10 20:00:00,    3,   5.3,   6.9,   5.3,  977.7,   8.5,  61.7,   1.6
2025-04-10 21:00:00,    3,   5.3,   6.9,   4.9,  977.7,   7.5,  66.6,   1.7
2025-04-10 22:00:00,    3,   5.2,   6.7,   4.0,  977.7,   6.2,  70.7,   1.3
2025-04-10 23:00:00,    3,   4.9,   6.3,   2.7,  977.4,   4.3,  76.2,   0.5
2025-04-11 00:00:00,3,5.5,7.1,4.5,986.4,6.5,73.4,2.1
2025-04-11 01:00:00,    3,   5.5,   7.1,   4.0,  985.9,   5.6,  77.5,   2.0
2025-04-11 02:00:00,    3,   5.3,   6.9,   3.2,  985.6,   4.5,  81.4,   1.6
2025-04-11 03:00:00,3,5.1,6.5,2.4,975.9,3.5,83.0,0.9
2025-04-11 04:00:00,3,4.7,5.9,0.9,975.8,1.8,85.3,-0.4
2025-04-11 05:00:00,3,4.6,5.8,0.6,975.8,1.4,86.5,-0.6
2025-04-11 06:00:00,3,4.9,6.3,1.8,976.1,2.9,83.5,0.4
2025-04-11 07:00:00,    3,   5.6,   7.3,   4.8,  985.2,   6.8,  73.4,   2.4
2025-04-11 08:00:00,    3,   5.7,   7.5,   5.9,  975.9,   8.8,  65.9,   2.8
2025-04-11 09:00:00,    3,   6.1,   8.0,   7.6,  975.9,  11.4,  59.0,   3.7
2025-04-11 10:00:00,3,5.9,7.9,8.6,984.5,13.6,50.4,3.5
2025-04-11 11:00:00,    3,   5.3,   7.1,   8.6,  984.1,  14.8,  42.2,   2.1
2025-04-11 12:00:00,    3,   5.0,   6.7,   9.0,  983.3,  16.2,  36.4,   1.3
2025-04-11 13:00:00,    3,   5.3,   7.2,   9.6,  982.7,  17.0,  36.9,   2.2
2025-04-11 14:00:00,    3,   5.7,   7.6,  10.6,  972.7,  18.5,  35.8,   3.1
2025-04-11 15:00:00,3,5.2,7.0,10.1,981.5,18.2,33.5,1.9
2025-04-11 16:00:00,3,4.5,6.1,9.2,971.9,17.7,30.1,0.0
2025-04-11 17:00:00,    3,   4.9,   6.6,   9.3,  971.7,  17.3,  33.2,   1.0
2025-04-11 18:00:00,    3,   4.3,   5.7,   7.9,  971.9,  15.5,  32.2,  -1.0
2025-04-11 19:00:00,    3,   4.7,   6.2,   7.8,  972.0,  14.5,  37.8,   0.3
2025-04-11 20:00:00,3,5.2,7.0,8.2,981.0,14.2,42.9,1.8
2025-04-11 21:00:00,    3,   5.2,   6.9,   8.0,  980.8,  13.8,  43.7,   1.7
2025-04-11 22:00:00,    3,   5.2,   6.8,   7.1,  980.7,  12.1,  48.2,   1.5
2025-04-11 23:00:00,    3,   5.1,   6.7,   4.6,  971.2,   7.4,  64.7,   1.2
2025-04-12 00:00:00,3,5.6,7.4,6.2,979.9,9.5,62.0,2.6
2025-04-12 01:00:00,3,5.6,7.3,5.7,979.3,8.6,64.9,2.4
2025-04-12 02:00:00,3,5.1,6.6,3.5,969.7,5.4,73.2,1.0
2025-04-12 03:00:00,    3,   5.6,   7.3,   4.7,  978.2,   6.6,  74.5,   2.4
2025-04-12 04:00:00,    3,   4.9,   6.3,   2.4,  968.8,   3.9,  78.4,   0.5
2025-04-12 05:00:00,    3,   5.0,   6.4,   2.5,  968.6,   3.8,  80.1,   0.7
2025-04-12 06:00:00,    3,   5.7,   7.4,   4.4,  977.6,   6.0,  78.7,   2.6
2025-04-12 07:00:00,    3,   5.8,   7.5,   5.9,  977.3,   8.7,  66.8,   2.9
2025-04-12 08:00:00,    3,   5.7,   7.5,   7.4,  976.8,  11.8,  53.9,   2.8
2025-04-12 09:00:00,    3,   6.2,   8.3,   9.6,  976.4,  15.3,  47.4,   4.2
2025-04-12 10:00:00,    3,   5.9,   8.0,  10.5,  966.8,  17.9,  38.8,   3.7
2025-04-12 11:00:00,3,5.6,7.5,11.1,975.1,19.8,32.5,2.9
2025-04-12 12:00:00,3,5.5,7.4,11.3,965.5,20.7,30.3,2.7
2025-04-12 13:00:00,    3,   5.0,   6.9,  11.8,  973.7,  22.4,  25.3,   1.6
2025-04-12 14:00:00,    3,   4.8,   6.6,  11.1,  964.2,  21.5,  25.6,   1.0
2025-04-12 15:00:00,    3,   5.4,   7.4,  11.9,  963.2,  22.1,  27.7,   2.6
2025-04-12 16:00:00,    3,   5.8,   7.9,  12.1,  962.2,  21.8,  30.2,   3.6
2025-04-12 17:00:00,3,5.8,7.9,12.1,970.3,21.7,30.2,3.5
2025-04-12 18:00:00,    3,   6.0,   8.1,  11.3,  970.2,  19.4,  36.1,   4.0
2025-04-12 19:00:00,    3,   6.1,   8.2,  10.9,  970.2,  18.5,  38.4,   4.1
2025-04-12 20:00:00,3,6.2,8.3,10.2,970.1,16.8,43.1,4.2
2025-04-12 21:00:00,3,6.1,8.1,8.9,961.7,14.1,50.1,3.9
2025-04-12 22:00:00,3,6.2,8.1,8.3,961.8,12.7,55.3,4.0
2025-04-12 23:00:00,    3,   6.4,   8.5,  10.0,  970.2,  15.9,  46.9,   4.6
2025-04-13 00:00:00,    3,   6.7,   8.9,   8.9,  961.5,  13.0,  59.0,   5.2
2025-04-13 01:00:00,    3,   6.4,   8.4,   9.2,  961.1,  14.2,  52.0,   4.5
2025-04-13 02:00:00,    3,   7.0,   9.2,   9.4,  970.1,  13.3,  60.3,   5.8
2025-04-13 03:00:00,    3,   6.7,   8.9,   9.5,  970.1,  14.2,  54.6,   5.2
2025-04-13 04:00:00,    3,   6.7,   8.9,   9.4,  970.1,  13.8,  56.4,   5.3
2025-04-13 05:00:00,    3,   6.8,   9.0,   9.6,  970.3,  14.2,  55.3,   5.4
2025-04-13 06:00:00,    3,   6.9,   9.2,   9.9,  962.2,  14.5,  55.8,   5.8
2025-04-13 07:00:00,3,8.0,10.6,10.5,971.6,13.8,67.0,7.8
2025-04-13 08:00:00,3,7.8,10.3,10.6,963.4,14.5,62.3,7.4
2025-04-13 09:00:00,    3,   8.3,  11.0,  11.0,  963.7,  14.2,  68.0,   8.4
2025-04-13 10:00:00,    3,   8.8,  11.6,  11.5,  963.7,  14.5,  70.4,   9.2
2025-04-13 11:00:00,    3,   8.2,  11.0,  11.3,  963.9,  15.2,  63.4,   8.3
2025-04-13 12:00:00,    3,   8.1,  10.9,  11.7,  963.5,  16.2,  59.0,   8.2
2025-04-13 13:00:00,3,8.1,10.9,11.8,963.4,16.4,58.3,8.2
2025-04-13 14:00:00,    3,   7.9,  10.7,  12.1,  971.9,  17.4,  53.6,   7.9
2025-04-13 15:00:00,    3,   8.0,  10.7,  12.4,  971.5,  18.1,  51.6,   8.0
2025-04-13 16:00:00,    3,   7.9,  10.6,  11.9,  962.8,  17.1,  54.2,   7.8
2025-04-13 17:00:00,3,7.7,10.3,11.9,962.5,17.5,51.5,7.4
2025-04-13 18:00:00,3,7.4,9.8,10.2,962.7,14.2,60.6,6.7
2025-04-13 19:00:00,3,7.1,9.4,9.1,963.2,12.5,64.9,6.1
2025-04-13 20:00:00,    3,   7.9,  10.4,  10.9,  972.6,  15.0,  61.2,   7.6
2025-04-13 21:00:00,    3,   7.6,  10.0,   9.5,  963.8,  12.3,  70.0,   7.0
2025-04-13 22:00:00,    3,   7.8,  10.2,   9.6,  964.1,  12.2,  71.9,   7.3
2025-04-13 23:00:00,    3,   7.9,  10.4,   9.4,  973.3,  11.4,  77.4,   7.6
2025-04-14 00:00:00,    3,   8.0,  10.5,   9.8,  973.3,  12.2,  73.9,   7.7
2025-04-14 01:00:00,    3,   8.0,  10.5,   9.3,  973.3,  11.1,  79.5,   7.7
2025-04-14 02:00:00,    3,   8.4,  11.0,   9.5,  964.6,  10.7,  85.7,   8.4
2025-04-14 03:00:00,3,8.9,11.6,9.7,974.0,10.4,92.3,9.2
2025-04-14 04:00:00,3,8.9,11.6,9.6,965.0,10.0,94.8,9.2
2025-04-14 05:00:00,    3,   9.0,  11.8,   9.5,  965.2,   9.7,  98.0,   9.4
2025-04-14 06:00:00,    3,   9.0,  11.8,   9.6,  965.3,   9.9,  96.7,   9.4
2025-04-14 07:00:00,    3,   9.1,  11.9,   9.9,  965.5,  10.3,  94.8,   9.5
2025-04-14 08:00:00,    3,   9.4,  12.4,  11.1,  965.6,  12.5,  85.3,  10.1
2025-04-14 09:00:00,3,9.1,12.1,11.7,974.5,14.1,75.3,9.8
2025-04-14 10:00:00,    3,   9.4,  12.5,  12.7,  973.9,  16.1,  68.4,  10.3
2025-04-14 11:00:00,    3,   8.0,  10.7,  11.7,  973.6,  16.5,  56.7,   7.9
2025-04-14 12:00:00,3,8.8,11.7,12.6,963.8,17.0,60.4,9.3
2025-04-14 13:00:00,3,8.2,11.0,12.1,963.0,17.0,56.9,8.4
2025-04-14 14:00:00,3,8.2,11.0,12.5,962.2,17.8,54.1,8.4
2025-04-14 15:00:00,3,9.1,12.2,13.6,961.2,18.8,56.2,9.9
2025-04-14 16:00:00,    3,   9.2,  12.4,  13.6,  970.0,  18.6,  57.7,  10.1
2025-04-14 17:00:00,    3,   9.0,  12.1,  13.0,  960.3,  17.5,  60.6,   9.8
2025-04-14 18:00:00,    3,   9.1,  12.1,  12.4,  960.0,  16.1,  66.2,   9.8
2025-04-14 19:00:00,3,8.9,11.9,12.4,968.7,16.3,64.0,9.5
2025-04-14 20:00:00,    3,   9.0,  12.0,  11.9,  968.2,  14.9,  70.5,   9.6
2025-04-14 21:00:00,    3,   9.1,  12.0,  11.8,  967.6,  14.7,  71.9,   9.7
2025-04-14 22:00:00,    3,   8.9,  11.8,  11.5,  966.7,  14.3,  72.3,   9.4
2025-04-14 23:00:00,    3,   8.5,  11.3,  10.2,  956.8,  12.1,  79.7,   8.7
2025-04-15 00:00:00,3,8.8,11.6,10.5,956.0,12.4,80.2,9.1
2025-04-15 01:00:00,3,8.2,10.8,9.4,955.3,11.0,82.3,8.1
2025-04-15 02:00:00,    3,   8.4,  11.0,   9.3,  954.7,  10.4,  86.8,   8.3
2025-04-15 03:00:00,    3,   8.2,  10.7,   9.0,  953.9,  10.1,  86.8,   8.0
2025-04-15 04:00:00,    3,   8.0,  10.4,   8.0,  953.6,   8.6,  92.8,   7.5
2025-04-15 05:00:00,    3,   7.5,   9.8,   7.2,  953.6,   7.8,  92.1,   6.6
2025-04-15 06:00:00,3,8.7,11.5,10.0,962.5,11.3,85.7,9.0
2025-04-15 07:00:00,    3,   8.9,  11.7,  11.0,  962.5,  13.3,  76.7,   9.3
2025-04-15 08:00:00,    3,   9.0,  12.0,  12.0,  962.3,  15.1,  69.6,   9.6
2025-04-15 09:00:00,3,9.6,12.8,13.1,953.7,16.6,67.6,10.6
2025-04-15 10:00:00,3,9.8,13.2,13.9,954.0,18.0,64.0,11.1
2025-04-15 11:00:00,3,9.4,12.7,13.7,954.4,18.3,60.3,10.5
2025-04-15 12:00:00,3,10.3,13.8,13.2,964.1,15.5,78.1,11.7
2025-04-15 13:00:00,    3,  10.7,  14.2,  13.5,  964.9,  15.5,  80.7,  12.2
2025-04-15 14:00:00,    3,  10.7,  14.2,  13.7,  956.0,  15.9,  78.6,  12.2
2025-04-15 15:00:00,    3,  10.7,  14.3,  13.8,  956.3,  16.1,  78.2,  12.3
2025-04-15 16:00:00,    3,  10.5,  14.0,  13.9,  965.3,  16.7,  73.8,  12.0
2025-04-15 17:00:00,    3,  10.2,  13.7,  13.7,  965.4,  16.9,  70.9,  11.6
2025-04-15 18:00:00,    3,  10.3,  13.8,  13.6,  965.8,  16.3,  74.2,  11.7
2025-04-15 19:00:00,    3,  10.2,  13.6,  13.0,  966.2,  15.2,  78.5,  11.5
2025-04-15 20:00:00,    3,   9.3,  12.2,  10.9,  957.9,  12.3,  85.3,   9.9
2025-04-15 21:00:00,3,10.3,13.6,12.4,967.5,13.7,86.5,11.5
2025-04-15 22:00:00,3,10.1,13.4,12.1,968.3,13.2,88.2,11.3
2025-04-15 23:00:00,    3,  10.1,  13.4,  12.1,  968.6,  13.3,  87.7,  11.3
2025-04-16 00:00:00,    3,   8.6,  11.2,   8.7,  959.8,   8.8,  98.7,   8.6
2025-04-16 01:00:00,    3,   8.9,  11.6,   9.4,  959.9,   9.6,  97.3,   9.2
2025-04-16 02:00:00,    3,   9.0,  11.7,   9.3,  960.1,   9.3, 100.0,   9.3
2025-04-16 03:00:00,3,9.0,11.8,9.4,959.5,9.4,100.0,9.4
2025-04-16 04:00:00,    3,   9.5,  12.5,  10.4,  968.7,  10.6,  97.4,  10.2
2025-04-16 05:00:00,    3,   9.6,  12.5,  10.6,  968.7,  11.1,  94.8,  10.3
2025-04-16 06:00:00,3,9.2,12.0,10.2,959.6,10.8,92.9,9.7
2025-04-16 07:00:00,3,9.4,12.5,11.9,959.0,14.3,76.3,10.2
2025-04-16 08:00:00,3,9.7,13.0,13.0,968.0,16.1,70.8,10.8
2025-04-16 09:00:00,    3,   9.6,  13.0,  13.7,  968.1,  17.9,  63.1,  10.8
2025-04-16 10:00:00,    3,   9.5,  12.9,  14.1,  958.8,  19.2,  57.8,  10.7
2025-04-16 11:00:00,    3,   8.7,  11.8,  14.0,  958.8,  20.5,  48.9,   9.4
2025-04-16 12:00:00,3,9.5,12.9,14.8,959.0,20.9,52.0,10.7
2025-04-16 13:00:00,    3,   9.8,  13.2,  14.3,  968.8,  19.0,  60.1,  11.1
2025-04-16 14:00:00,    3,   9.6,  12.7,  12.4,  969.0,  15.0,  74.4,  10.5
2025-04-16 15:00:00,    3,   8.8,  11.6,  11.2,  970.1,  13.9,  73.2,   9.2
2025-04-16 16:00:00,    3,   8.0,  10.5,  10.0,  961.8,  12.8,  71.1,   7.7
2025-04-16 17:00:00,3,7.4,9.8,9.0,962.1,11.8,70.4,6.6
2025-04-16 18:00:00,3,7.3,9.6,8.3,971.4,10.4,76.2,6.4
2025-04-16 19:00:00,    3,   7.1,   9.3,   8.2,  962.9,  10.6,  72.6,   5.9
2025-04-16 20:00:00,    3,   7.2,   9.4,   8.0,  963.4,  10.1,  75.6,   6.0
2025-04-16 21:00:00,    3,   7.2,   9.4,   7.9,  962.9,  10.0,  76.1,   6.0
2025-04-16 22:00:00,    3,   7.3,   9.6,   8.0,  962.9,   9.8,  78.8,   6.3
2025-04-16 23:00:00,3,7.5,9.8,8.0,971.7,9.3,83.8,6.7
2025-04-17 00:00:00,    3,   7.6,  10.0,   8.0,  971.1,   9.3,  84.9,   6.9
2025-04-17 01:00:00,    3,   7.7,  10.0,   8.0,  971.1,   9.1,  86.7,   7.0
2025-04-17 02:00:00,    3,   7.6,   9.9,   7.7,  961.2,   8.7,  87.8,   6.8
2025-04-17 03:00:00,3,7.7,10.0,7.6,961.3,8.3,90.9,6.9
2025-04-17 04:00:00,3,7.9,10.2,7.6,969.6,8.0,95.3,7.3
2025-04-17 05:00:00,3,7.4,9.6,7.1,970.2,8.0,89.0,6.3
2025-04-17 06:00:00,    3,   7.7,  10.0,   7.3,  969.9,   7.7,  95.3,   7.0
2025-04-17 07:00:00,    3,   7.6,   9.8,   7.1,  960.5,   7.6,  94.0,   6.7
2025-04-17 08:00:00,    3,   7.7,  10.0,   7.4,  960.4,   7.9,  93.4,   6.9
2025-04-17 09:00:00,    3,   8.1,  10.6,   8.2,  969.8,   8.6,  94.7,   7.8
2025-04-17 10:00:00,    3,   8.1,  10.6,   8.3,  969.5,   8.8,  93.4,   7.8
2025-04-17 11:00:00,    3,   8.0,  10.4,   8.2,  969.8,   8.8,  92.2,   7.6
2025-04-17 12:00:00,    3,   7.9,  10.3,   8.2,  960.4,   9.0,  89.7,   7.4
2025-04-17 13:00:00,3,8.0,10.4,8.1,969.7,8.6,93.4,7.6
2025-04-17 14:00:00,3,8.2,10.7,8.2,970.1,8.6,95.3,7.9
2025-04-17 15:00:00,    3,   8.0,  10.4,   8.2,  961.2,   8.8,  92.2,   7.6
2025-04-17 16:00:00,    3,   7.7,  10.0,   7.9,  961.8,   8.9,  87.8,   7.0
2025-04-17 17:00:00,    3,   7.9,  10.2,   8.0,  962.2,   8.7,  90.9,   7.3
2025-04-17 18:00:00,    3,   7.9,  10.2,   7.9,  963.2,   8.5,  92.1,   7.3
2025-04-17 19:00:00,3,7.9,10.3,7.6,972.9,7.9,96.6,7.4
2025-04-17 20:00:00,    3,   7.8,  10.2,   7.6,  974.0,   8.0,  94.7,   7.2
2025-04-17 21:00:00,    3,   7.6,   9.9,   7.3,  974.2,   7.8,  93.4,   6.8
2025-04-17 22:00:00,3,7.6,9.9,7.2,965.2,7.6,94.7,6.8
2025-04-17 23:00:00,3,7.4,9.6,7.0,974.6,7.6,92.1,6.4
2025-04-18 00:00:00,3,7.3,9.5,6.9,975.0,7.6,90.8,6.2
2025-04-18 01:00:00,3,7.2,9.3,6.7,975.1,7.6,88.9,5.9
2025-04-18 02:00:00,    3,   6.9,   9.0,   6.5,  975.3,   7.5,  86.5,   5.4
2025-04-18 03:00:00,    3,   6.8,   8.8,   6.0,  966.2,   6.9,  88.3,   5.1
2025-04-18 04:00:00,    3,   6.8,   8.8,   6.1,  966.5,   7.0,  87.7,   5.1
2025-04-18 05:00:00,3,6.7,8.7,5.6,966.7,6.2,91.3,4.9
2025-04-18 06:00:00,    3,   6.6,   8.6,   6.2,  976.6,   7.5,  82.9,   4.8
2025-04-18 07:00:00,    3,   6.7,   8.7,   6.3,  976.9,   7.6,  83.0,   4.9
2025-04-18 08:00:00,    3,   6.7,   8.7,   6.2,  977.4,   7.4,  84.1,   4.9
2025-04-18 09:00:00,    3,   6.1,   8.0,   6.0,  967.7,   8.2,  73.2,   3.7
2025-04-18 10:00:00,3,6.5,8.5,6.8,977.1,8.9,74.4,4.6
2025-04-18 11:00:00,3,6.3,8.1,6.0,977.4,7.9,76.3,4.0
2025-04-18 12:00:00,    3,   6.3,   8.1,   6.1,  967.8,   8.1,  75.3,   4.0
2025-04-18 13:00:00,    3,   6.2,   8.0,   6.6,  967.7,   9.2,  68.9,   3.8
2025-04-18 14:00:00,    3,   6.2,   8.1,   6.6,  967.2,   9.2,  69.4,   3.9
2025-04-18 15:00:00,3,6.3,8.3,6.9,976.5,9.5,69.4,4.2
2025-04-18 16:00:00,    3,   6.5,   8.4,   6.8,  976.4,   9.1,  72.8,   4.5
2025-04-18 17:00:00,    3,   6.7,   8.7,   6.8,  976.4,   8.6,  77.5,   4.9
2025-04-18 18:00:00,    3,   6.1,   8.0,   6.2,  967.0,   8.6,  71.2,   3.7
2025-04-18 19:00:00,3,6.5,8.5,6.3,966.9,7.9,79.6,4.6
2025-04-18 20:00:00,3,6.7,8.7,6.3,976.2,7.7,82.4,4.9
2025-04-18 21:00:00,3,6.8,8.8,6.3,975.8,7.5,84.7,5.1
2025-04-18 22:00:00,    3,   6.7,   8.7,   5.9,  975.7,   6.9,  87.0,   4.9
2025-04-18 23:00:00,    3,   6.6,   8.5,   5.4,  966.1,   6.1,  90.7,   4.7
2025-04-19 00:00:00,    3,   6.5,   8.4,   5.1,  965.8,   5.7,  92.0,   4.5
2025-04-19 01:00:00,    3,   6.6,   8.5,   5.1,  974.5,   5.5,  94.6,   4.7
2025-04-19 02:00:00,    3,   6.6,   8.4,   4.8,  974.2,   5.1,  95.9,   4.5
2025-04-19 03:00:00,    3,   6.3,   8.1,   4.0,  973.9,   4.0,  99.3,   3.9
2025-04-19 04:00:00,    3,   6.2,   8.0,   3.7,  973.6,   3.7, 100.0,   3.7
2025-04-19 05:00:00,    3,   5.4,   6.8,   1.6,  964.1,   1.6,  99.3,   1.5
2025-04-19 06:00:00,3,6.5,8.4,4.6,973.4,4.8,97.2,4.4
2025-04-19 07:00:00,3,6.4,8.3,5.7,973.3,7.2,81.2,4.2
2025-04-19 08:00:00,    3,   6.3,   8.2,   6.7,  972.7,   9.3,  69.9,   4.1
2025-04-19 09:00:00,    3,   6.7,   8.9,   8.2,  963.1,  11.4,  65.6,   5.2
2025-04-19 10:00:00,    3,   6.9,   9.2,   9.5,  962.7,  13.8,  58.0,   5.7
2025-04-19 11:00:00,    3,   7.2,   9.6,  10.5,  962.3,  15.2,  55.6,   6.4
2025-04-19 12:00:00,3,6.9,9.3,11.0,961.8,16.9,48.2,5.9
2025-04-19 13:00:00,    3,   7.3,   9.8,  11.7,  970.5,  18.0,  47.2,   6.6
2025-04-19 14:00:00,    3,   7.3,   9.8,  12.0,  970.2,  18.5,  46.0,   6.7
2025-04-19 15:00:00,3,7.1,9.6,11.8,960.4,18.4,45.4,6.4
2025-04-19 16:00:00,3,7.3,9.8,11.9,969.2,18.4,46.3,6.7
2025-04-19 17:00:00,3,7.7,10.4,12.1,968.9,17.9,50.5,7.5
2025-04-19 18:00:00,3,7.8,10.4,11.7,968.8,16.9,54.2,7.6
2025-04-19 19:00:00,    3,   7.8,  10.4,  11.2,  968.8,  15.8,  57.7,   7.5
2025-04-19 20:00:00,    3,   7.7,  10.2,  10.1,  960.0,  13.5,  66.1,   7.3
2025-04-19 21:00:00,    3,   7.4,   9.7,   8.9,  959.8,  11.6,  70.8,   6.5
2025-04-19 22:00:00,    3,   8.2,  10.8,  10.4,  968.8,  13.1,  71.6,   8.1
2025-04-19 23:00:00,    3,   8.1,  10.7,   9.8,  968.6,  12.0,  75.9,   7.9
2025-04-20 00:00:00,    3,   8.0,  10.5,   9.0,  968.3,  10.6,  82.2,   7.7
2025-04-20 01:00:00,    3,   7.8,  10.2,   8.5,  967.7,   9.9,  83.8,   7.3
2025-04-20 02:00:00,    3,   6.2,   8.0,   4.6,  958.3,   5.4,  89.4,   3.8
2025-04-20 03:00:00,3,7.6,9.8,7.6,967.3,8.5,88.4,6.7
2025-04-20 04:00:00,3,7.5,9.8,7.2,967.0,7.9,91.5,6.6
2025-04-20 05:00:00,    3,   6.0,   7.7,   4.6,  958.1,   5.9,  82.7,   3.2
2025-04-20 06:00:00,    3,   7.5,   9.8,   8.3,  958.5,  10.1,  78.8,   6.6
2025-04-20 07:00:00,    3,   7.2,   9.4,   8.4,  958.9,  10.9,  72.2,   6.1
2025-04-20 08:00:00,    3,   8.1,  10.8,  11.0,  959.1,  14.7,  64.5,   8.1
2025-04-20 09:00:00,3,8.0,10.7,12.1,959.7,17.4,53.9,8.0
2025-04-20 10:00:00,    3,   8.1,  10.9,  12.0,  969.5,  16.8,  56.8,   8.2
2025-04-20 11:00:00,    3,   7.9,  10.6,  12.0,  969.9,  17.3,  53.6,   7.8
2025-04-20 12:00:00,    3,   7.5,  10.1,  11.5,  961.5,  17.0,  52.0,   7.1
2025-04-20 13:00:00,3,7.2,9.7,11.1,971.3,16.6,51.2,6.5
2025-04-20 14:00:00,3,7.0,9.4,10.3,971.8,15.3,53.7,6.0
2025-04-20 15:00:00,3,7.6,9.9,8.3,964.3,9.9,81.0,6.8
2025-04-20 16:00:00,    3,   6.9,   9.0,   7.8,  973.9,  10.4,  71.1,   5.4
2025-04-20 17:00:00,    3,   8.0,  10.4,   8.1,  963.8,   8.7,  92.8,   7.6
2025-04-20 18:00:00,    3,   7.8,  10.1,   7.9,  963.5,   8.7,  89.7,   7.1
2025-04-20 19:00:00,    3,   8.0,  10.4,   8.1,  972.6,   8.8,  91.5,   7.5
2025-04-20 20:00:00,    3,   7.7,  10.0,   7.7,  972.7,   8.4,  90.9,   7.0
2025-04-20 21:00:00,    3,   7.5,   9.8,   6.9,  972.6,   7.2,  96.0,   6.6
2025-04-20 22:00:00,    3,   6.6,   8.4,   4.5,  963.4,   4.5, 100.0,   4.5
2025-04-20 23:00:00,3,7.2,9.4,6.3,972.6,6.6,95.9,6.0
2025-04-21 00:00:00,3,7.1,9.2,6.0,972.6,6.3,95.9,5.7
2025-04-21 01:00:00,    3,   7.1,   9.2,   5.9,  972.7,   6.1,  97.3,   5.7
2025-04-21 02:00:00,    3,   6.0,   7.7,   3.3,  964.0,   3.4,  98.6,   3.2
2025-04-21 03:00:00,    3,   6.1,   7.9,   3.6,  964.0,   3.7,  98.6,   3.5
2025-04-21 04:00:00,    3,   6.3,   8.0,   4.0,  964.3,   4.2,  97.2,   3.8
2025-04-21 05:00:00,3,6.7,8.5,4.9,964.6,5.0,97.9,4.7
2025-04-21 06:00:00,    3,   6.8,   8.8,   6.0,  973.9,   6.9,  88.3,   5.1
2025-04-21 07:00:00,    3,   7.1,   9.3,   7.1,  973.7,   8.3,  84.8,   5.9
2025-04-21 08:00:00,3,7.5,9.9,8.8,974.0,11.0,75.3,6.8
2025-04-21 09:00:00,3,7.3,9.6,9.6,974.5,13.3,62.9,6.4
2025-04-21 10:00:00,3,6.7,8.9,9.8,974.8,14.7,53.2,5.3
2025-04-21 11:00:00,3,6.8,9.0,9.9,974.7,14.7,54.0,5.5
2025-04-21 12:00:00,    3,   7.0,   9.2,   9.8,  975.2,  14.2,  56.9,   5.8
2025-04-21 13:00:00,    3,   8.6,  11.4,  10.5,  966.5,  12.6,  78.1,   8.9
2025-04-21 14:00:00,    3,   7.7,  10.2,  10.4,  966.0,  14.2,  63.1,   7.3
2025-04-21 15:00:00,3,8.2,10.9,10.4,976.2,13.1,72.1,8.2
2025-04-21 16:00:00,    3,   8.2,  10.7,   8.7,  976.4,   9.6,  89.7,   8.0
2025-04-21 17:00:00,    3,   8.4,  11.0,   9.2,  976.5,  10.2,  88.0,   8.3
2025-04-21 18:00:00,    3,   8.8,  11.6,   9.7,  976.6,  10.5,  91.0,   9.1
2025-04-21 19:00:00,    3,   8.0,  10.4,   8.6,  967.9,   9.7,  86.7,   7.6
2025-04-21 20:00:00,3,8.0,10.5,9.2,977.7,10.9,80.6,7.7
2025-04-21 21:00:00,3,7.3,9.4,7.1,968.9,8.1,87.2,6.1
2025-04-21 22:00:00,    3,   7.5,   9.8,   7.1,  969.5,   7.6,  93.4,   6.6
2025-04-21 23:00:00,    3,   7.3,   9.4,   7.1,  970.0,   8.2,  86.6,   6.1
2025-04-22 00:00:00,    3,   7.2,   9.3,   6.4,  970.0,   7.0,  92.7,   5.9
2025-04-22 01:00:00,3,7.0,9.0,5.8,970.3,6.1,95.9,5.5
2025-04-22 02:00:00,    3,   7.6,   9.9,   8.2,  979.6,   9.8,  81.5,   6.8
2025-04-22 03:00:00,    3,   7.8,  10.1,   7.9,  979.6,   8.8,  89.0,   7.1
2025-04-22 04:00:00,3,7.8,10.1,7.6,979.8,8.2,92.8,7.1
2025-04-22 05:00:00,3,7.6,9.9,7.5,980.1,8.2,90.9,6.8
2025-04-22 06:00:00,3,7.9,10.4,8.5,980.5,9.6,86.7,7.5
2025-04-22 07:00:00,3,7.6,10.0,9.4,980.9,12.3,69.5,6.9
2025-04-22 08:00:00,    3,   7.3,   9.7,   9.6,  981.2,  13.0,  64.6,   6.5
2025-04-22 09:00:00,    3,   8.1,  10.7,  10.5,  972.2,  13.6,  68.4,   7.9
2025-04-22 10:00:00,    3,   7.7,  10.2,  10.2,  972.2,  13.7,  65.2,   7.3
2025-04-22 11:00:00,    3,   7.6,  10.1,  10.2,  981.3,  13.8,  63.9,   7.1
2025-04-22 12:00:00,    3,   7.6,  10.1,  10.3,  981.4,  14.1,  62.7,   7.1
2025-04-22 13:00:00,    3,   7.6,  10.1,  10.5,  981.2,  14.5,  61.1,   7.1
2025-04-22 14:00:00,    3,   7.3,   9.8,  10.5,  980.9,  15.0,  57.1,   6.6
2025-04-22 15:00:00,    3,   7.5,  10.0,  10.6,  971.5,  15.0,  58.7,   7.0
2025-04-22 16:00:00,3,7.2,9.6,10.8,980.5,16.0,52.5,6.3
2025-04-22 17:00:00,3,5.7,7.6,9.2,971.5,15.5,43.0,3.0
2025-04-22 18:00:00,    3,   7.2,   9.6,  10.5,  980.7,  15.2,  55.6,   6.4
2025-04-22 19:00:00,    3,   7.2,   9.5,   8.7,  971.9,  11.5,  69.8,   6.2
2025-04-22 20:00:00,    3,   6.5,   8.5,   7.2,  972.0,   9.7,  70.9,   4.7
2025-04-22 21:00:00,    3,   7.1,   9.2,   7.3,  972.3,   8.8,  81.4,   5.8
2025-04-22 22:00:00,3,6.8,8.8,6.1,972.4,7.0,87.7,5.1
2025-04-22 23:00:00,    3,   7.5,   9.8,   7.6,  981.7,   8.7,  86.6,   6.6
2025-04-23 00:00:00,    3,   7.2,   9.4,   7.3,  981.6,   8.6,  83.7,   6.0
2025-04-23 01:00:00,3,7.0,9.1,6.7,981.2,7.9,85.3,5.6
2025-04-23 02:00:00,3,7.1,9.2,6.8,980.8,7.8,87.1,5.8
2025-04-23 03:00:00,3,6.4,8.2,4.5,971.1,4.9,94.5,4.1
2025-04-23 04:00:00,    3,   6.9,   9.0,   6.1,  979.7,   6.7,  91.4,   5.4
2025-04-23 05:00:00,    3,   6.1,   7.9,   3.7,  970.5,   3.9,  97.2,   3.5
2025-04-23 06:00:00,    3,   6.3,   8.2,   5.3,  970.4,   6.4,  85.2,   4.1
2025-04-23 07:00:00,    3,   7.2,   9.5,   8.2,  979.3,  10.4,  75.1,   6.2
2025-04-23 08:00:00,    3,   7.5,   9.9,   9.6,  978.9,  12.8,  66.8,   6.8
2025-04-23 09:00:00,    3,   7.5,  10.0,  11.0,  978.2,  15.8,  55.4,   6.9
2025-04-23 10:00:00,    3,   7.6,  10.2,  11.9,  977.5,  17.7,  50.1,   7.2
2025-04-23 11:00:00,    3,   7.2,   9.7,  11.9,  967.5,  18.6,  45.1,   6.5
2025-04-23 12:00:00,3,8.0,10.9,13.4,975.7,20.2,45.9,8.2
2025-04-23 13:00:00,3,7.0,9.4,12.1,965.6,19.5,41.5,6.1
2025-04-23 14:00:00,    3,   8.0,  10.7,  11.8,  965.2,  16.7,  56.0,   7.9
2025-04-23 15:00:00,    3,   9.0,  12.0,  12.3,  964.6,  15.8,  67.0,   9.7
2025-04-23 16:00:00,    3,   9.3,  12.4,  12.4,  964.5,  15.5,  70.2,  10.1
2025-04-23 17:00:00,    3,   9.1,  12.0,  11.2,  965.9,  13.1,  79.8,   9.7
2025-04-23 18:00:00,3,8.7,11.3,9.6,966.2,10.5,89.2,8.8
2025-04-23 19:00:00,    3,   9.0,  11.7,   9.6,  976.1,   9.9,  96.0,   9.3
2025-04-23 20:00:00,    3,   8.7,  11.4,   9.2,  976.9,   9.6,  95.4,   8.9
2025-04-23 21:00:00,    3,   8.5,  11.0,   8.7,  968.1,   9.1,  95.4,   8.4
2025-04-23 22:00:00,3,8.7,11.3,9.0,977.5,9.2,97.3,8.8
2025-04-23 23:00:00,3,8.5,11.0,8.7,977.4,9.1,95.4,8.4
2025-04-24 00:00:00,3,8.1,10.6,8.2,977.3,8.6,94.7,7.8
2025-04-24 01:00:00,    3,   8.5,  11.0,   8.7,  977.6,   9.0,  96.0,   8.4
2025-04-24 02:00:00,    3,   8.3,  10.7,   8.3,  968.2,   8.6,  96.0,   8.0
2025-04-24 03:00:00,    3,   8.3,  10.8,   8.4,  968.3,   8.7,  96.0,   8.1
2025-04-24 04:00:00,    3,   8.4,  11.0,   8.6,  977.6,   8.9,  96.0,   8.3
2025-04-24 05:00:00,    3,   8.4,  11.0,   8.6,  977.9,   9.0,  95.4,   8.3
2025-04-24 06:00:00,    3,   8.3,  10.9,   8.8,  978.5,   9.4,  92.2,   8.2
2025-04-24 07:00:00,    3,   8.3,  10.9,   8.6,  979.0,   9.1,  94.1,   8.2
2025-04-24 08:00:00,    3,   8.0,  10.5,   8.7,  970.0,   9.9,  86.2,   7.7
2025-04-24 09:00:00,3,7.9,10.4,9.1,970.2,10.9,79.5,7.5
2025-04-24 10:00:00,3,7.7,10.1,9.1,979.3,11.4,74.8,7.1
2025-04-24 11:00:00,    3,   7.7,  10.1,   9.1,  970.2,  11.3,  75.3,   7.1
2025-04-24 12:00:00,    3,   7.8,  10.2,   9.1,  970.0,  11.1,  77.4,   7.3
2025-04-24 13:00:00,    3,   7.5,  10.0,   9.6,  969.7,  12.7,  67.7,   6.9
2025-04-24 14:00:00,    3,   7.4,   9.7,   8.9,  969.8,  11.5,  71.3,   6.5
2025-04-24 15:00:00,3,7.5,10.0,9.5,978.7,12.5,68.6,6.9
2025-04-24 16:00:00,    3,   6.8,   9.0,   9.1,  978.7,  12.9,  60.7,   5.5
2025-04-24 17:00:00,    3,   8.0,  10.4,   9.0,  978.7,  10.6,  81.6,   7.6
2025-04-24 18:00:00,3,7.5,9.9,8.7,969.8,10.9,75.8,6.8
2025-04-24 19:00:00,3,7.2,9.4,8.2,979.4,10.4,74.6,6.1
2025-04-24 20:00:00,3,7.4,9.8,8.4,979.7,10.4,77.3,6.6
2025-04-24 21:00:00,3,7.6,10.0,8.5,979.7,10.2,79.9,6.9
2025-04-24 22:00:00,    3,   7.5,   9.8,   8.3,  979.6,  10.1,  79.4,   6.7
2025-04-24 23:00:00,    3,   7.8,  10.1,   7.9,  970.5,   8.8,  89.0,   7.1
2025-04-25 00:00:00,    3,   7.8,  10.2,   7.8,  970.3,   8.5,  91.5,   7.2
2025-04-25 01:00:00,3,7.8,10.2,8.3,979.2,9.4,86.7,7.3
2025-04-25 02:00:00,    3,   8.4,  10.9,   8.6,  979.1,   9.0,  94.7,   8.2
2025-04-25 03:00:00,    3,   8.5,  11.0,   8.5,  979.1,   8.7,  98.0,   8.4
2025-04-25 04:00:00,    3,   8.5,  11.0,   8.5,  979.0,   8.6,  98.7,   8.4
2025-04-25 05:00:00,    3,   8.4,  10.9,   8.3,  969.9,   8.4,  98.6,   8.2
2025-04-25 06:00:00,3,8.6,11.2,8.9,979.8,9.3,95.4,8.6
2025-04-25 07:00:00,3,8.1,10.6,8.8,970.7,10.0,86.2,7.8
2025-04-25 08:00:00,    3,   8.1,  10.6,   8.9,  971.0,  10.2,  85.0,   7.8
2025-04-25 09:00:00,    3,   8.0,  10.5,   8.9,  971.2,  10.3,  83.9,   7.7
2025-04-25 10:00:00,    3,   7.9,  10.4,   9.3,  971.3,  11.4,  76.9,   7.5
2025-04-25 11:00:00,3,8.0,10.5,9.5,971.2,11.5,77.4,7.7
2025-04-25 12:00:00,    3,   9.2,  12.1,  10.9,  980.5,  12.3,  84.7,   9.8
2025-04-25 13:00:00,    3,   7.9,  10.4,   9.7,  980.7,  12.1,  73.9,   7.6
2025-04-25 14:00:00,    3,   8.4,  11.1,   9.9,  971.5,  11.7,  80.7,   8.5
2025-04-25 15:00:00,3,9.2,12.1,10.6,980.8,11.7,88.1,9.8
2025-04-25 16:00:00,3,8.9,11.7,10.2,981.0,11.3,87.5,9.3
2025-04-25 17:00:00,3,9.2,12.1,10.3,981.4,11.0,92.3,9.8
2025-04-25 18:00:00,    3,   8.9,  11.7,  10.0,  981.5,  10.8,  90.4,   9.3
2025-04-25 19:00:00,    3,   9.0,  11.8,   9.8,  972.6,  10.4,  93.5,   9.4
2025-04-25 20:00:00,    3,   9.0,  11.7,   9.8,  973.1,  10.4,  92.9,   9.3
2025-04-25 21:00:00,    3,   8.8,  11.5,   9.6,  982.4,  10.4,  91.0,   9.0
2025-04-25 22:00:00,    3,   8.6,  11.3,   9.3,  982.6,  10.1,  91.0,   8.7
2025-04-25 23:00:00,    3,   8.3,  10.8,   8.8,  982.6,   9.7,  89.7,   8.1
2025-04-26 00:00:00,    3,   8.1,  10.5,   8.1,  982.4,   8.6,  94.1,   7.7
2025-04-26 01:00:00,    3,   7.6,   9.9,   7.2,  972.8,   7.7,  94.0,   6.8
2025-04-26 02:00:00,3,7.5,9.8,6.9,982.0,7.3,95.3,6.6
2025-04-26 03:00:00,3,7.4,9.6,6.5,981.8,6.8,96.6,6.3
2025-04-26 04:00:00,    3,   7.2,   9.4,   6.2,  981.6,   6.5,  96.6,   6.0
2025-04-26 05:00:00,    3,   7.1,   9.1,   6.0,  972.2,   6.3,  95.3,   5.6
2025-04-26 06:00:00,    3,   7.1,   9.2,   6.3,  972.4,   6.8,  93.3,   5.8
2025-04-26 07:00:00,    3,   7.9,  10.2,   8.0,  972.4,   8.8,  90.3,   7.3
2025-04-26 08:00:00,3,8.0,10.4,8.7,981.9,9.9,85.6,7.6
2025-04-26 09:00:00,    3,   8.0,  10.5,   9.2,  981.9,  10.9,  80.6,   7.7
2025-04-26 10:00:00,    3,   8.1,  10.7,   9.4,  981.9,  11.2,  80.1,   7.9
2025-04-26 11:00:00,3,8.6,11.3,9.8,981.9,11.1,85.1,8.7
2025-04-26 12:00:00,3,8.7,11.5,10.8,981.5,13.0,76.6,9.0
2025-04-26 13:00:00,3,8.2,10.9,10.7,981.7,13.8,68.9,8.2
2025-04-26 14:00:00,    3,   8.2,  10.8,  10.7,  981.5,  13.9,  68.0,   8.1
2025-04-26 15:00:00,    3,   8.1,  10.7,  10.7,  971.9,  14.1,  66.6,   8.0
2025-04-26 16:00:00,    3,   7.9,  10.5,  10.7,  971.6,  14.4,  64.0,   7.7
2025-04-26 17:00:00,    3,   7.5,  10.0,  10.7,  981.0,  15.1,  58.3,   7.0
2025-04-26 18:00:00,    3,   7.3,   9.8,  10.3,  981.3,  14.6,  58.6,   6.6
2025-04-26 19:00:00,    3,   7.4,   9.8,   9.8,  981.9,  13.3,  64.2,   6.7
2025-04-26 20:00:00,    3,   7.3,   9.7,   9.3,  982.1,  12.4,  67.2,   6.5
2025-04-26 21:00:00,    3,   7.1,   9.2,   7.7,  973.0,   9.6,  77.1,   5.8
2025-04-26 22:00:00,3,7.4,9.8,8.5,982.4,10.6,76.2,6.6
2025-04-26 23:00:00,3,7.3,9.6,8.0,982.4,9.9,78.2,6.3
2025-04-27 00:00:00,    3,   6.8,   8.9,   6.7,  973.1,   8.2,  81.3,   5.2
2025-04-27 01:00:00,    3,   6.2,   8.1,   5.6,  973.1,   7.2,  79.5,   3.9
2025-04-27 02:00:00,    3,   6.4,   8.3,   5.8,  973.2,   7.3,  80.6,   4.2
2025-04-27 03:00:00,    3,   6.3,   8.2,   5.8,  973.4,   7.4,  79.5,   4.1
2025-04-27 04:00:00,3,6.4,8.3,5.9,983.2,7.6,79.0,4.2
2025-04-27 05:00:00,    3,   6.3,   8.1,   6.3,  983.6,   8.4,  73.7,   4.0
2025-04-27 06:00:00,    3,   6.5,   8.4,   6.7,  984.2,   8.8,  74.3,   4.5
2025-04-27 07:00:00,    3,   6.3,   8.3,   7.4,  975.2,  10.5,  65.4,   4.3
2025-04-27 08:00:00,3,6.8,9.0,8.9,984.8,12.7,61.0,5.4
2025-04-27 09:00:00,3,6.7,8.9,9.2,985.2,13.4,57.5,5.2
2025-04-27 10:00:00,3,6.6,8.8,9.8,985.3,14.9,51.8,5.1
2025-04-27 11:00:00,    3,   6.6,   8.8,  10.7,  985.1,  17.0,  45.3,   5.1
2025-04-27 12:00:00,    3,   6.0,   8.0,  10.3,  975.6,  17.3,  40.6,   3.8
2025-04-27 13:00:00,    3,   6.4,   8.7,  11.4,  975.7,  18.9,  39.6,   4.9
2025-04-27 14:00:00,    3,   6.9,   9.3,  12.0,  985.0,  19.1,  42.0,   5.9
2025-04-27 15:00:00,    3,   6.0,   8.1,  11.1,  984.9,  18.8,  37.4,   4.0
2025-04-27 16:00:00,    3,   5.7,   7.6,  10.8,  985.0,  18.8,  35.1,   3.1
2025-04-27 17:00:00,    3,   6.3,   8.5,  11.0,  975.8,  18.2,  40.5,   4.6
2025-04-27 18:00:00,3,6.6,8.8,10.8,985.4,17.1,45.0,5.1
2025-04-27 19:00:00,3,6.5,8.7,9.9,986.0,15.3,49.8,4.9
2025-04-27 20:00:00,    3,   6.5,   8.6,   9.4,  986.6,  14.3,  52.7,   4.8
2025-04-27 21:00:00,    3,   6.5,   8.5,   8.0,  977.5,  11.3,  63.7,   4.7
2025-04-27 22:00:00,    3,   6.8,   8.9,   7.9,  977.7,  10.7,  68.7,   5.2
2025-04-27 23:00:00,    3,   6.6,   8.5,   6.9,  977.7,   9.1,  73.9,   4.7
2025-04-28 00:00:00,3,6.6,8.7,8.0,986.9,11.1,66.0,5.0
2025-04-28 01:00:00,    3,   7.1,   9.3,   7.7,  986.7,   9.5,  78.2,   5.9
2025-04-28 02:00:00,    3,   7.0,   9.1,   6.7,  986.8,   7.9,  85.3,   5.6
2025-04-28 03:00:00,3,7.0,9.1,6.6,987.0,7.7,86.5,5.6
2025-04-28 04:00:00,3,7.0,9.1,6.2,987.1,6.9,91.4,5.6
2025-04-28 05:00:00,3,7.1,9.2,6.2,987.3,6.6,94.6,5.8
2025-04-28 06:00:00,3,7.1,9.3,7.3,987.8,8.7,82.5,5.9
2025-04-28 07:00:00,    3,   7.3,   9.6,   8.5,  988.0,  10.9,  73.2,   6.3
2025-04-28 08:00:00,    3,   7.4,   9.8,   9.6,  978.8,  12.9,  65.5,   6.6
2025-04-28 09:00:00,    3,   7.2,   9.6,  10.4,  978.7,  15.1,  56.0,   6.4
2025-04-28 10:00:00,3,6.9,9.2,11.4,987.7,17.9,44.9,5.8
2025-04-28 11:00:00,    3,   5.6,   7.6,  10.8,  987.3,  19.0,  34.4,   3.0
2025-04-28 12:00:00,    3,   6.9,   9.4,  12.2,  987.0,  19.6,  41.0,   6.0
2025-04-28 13:00:00,    3,   6.8,   9.2,  12.4,  986.8,  20.2,  38.7,   5.7
2025-04-28 14:00:00,    3,   7.2,   9.8,  12.9,  977.2,  20.6,  40.4,   6.7
2025-04-28 15:00:00,3,6.5,8.9,12.5,986.1,21.1,35.3,5.2
2025-04-28 16:00:00,3,7.0,9.5,12.8,976.8,20.8,38.6,6.2
2025-04-28 17:00:00,    3,   6.0,   8.2,  11.7,  976.9,  20.2,  34.6,   4.1
2025-04-28 18:00:00,    3,   6.1,   8.2,  11.1,  977.0,  18.9,  37.5,   4.1
2025-04-28 19:00:00,    3,   6.3,   8.5,  10.3,  977.5,  16.6,  44.9,   4.6
2025-04-28 20:00:00,    3,   6.5,   8.7,   9.6,  978.0,  14.6,  52.1,   4.9
2025-04-28 21:00:00,3,6.1,8.1,9.9,987.2,16.0,44.7,4.0
2025-04-28 22:00:00,    3,   6.4,   8.5,   9.2,  987.1,  14.0,  53.0,   4.6
2025-04-28 23:00:00,    3,   6.4,   8.4,   8.8,  987.3,  13.2,  55.5,   4.5
2025-04-29 00:00:00,3,6.6,8.6,8.0,987.2,11.3,64.2,4.8
2025-04-29 01:00:00,3,6.6,8.7,8.4,986.8,12.0,61.7,4.9
2025-04-29 02:00:00,3,6.8,8.9,6.8,977.7,8.4,80.2,5.2
2025-04-29 03:00:00,3,6.8,8.9,6.8,977.7,8.4,80.2,5.2
2025-04-29 04:00:00,    3,   6.8,   8.9,   7.0,  986.9,   8.8,  78.1,   5.2
2025-04-29 05:00:00,    3,   6.6,   8.6,   6.3,  978.2,   7.8,  81.3,   4.8
2025-04-29 06:00:00,    3,   7.0,   9.1,   7.4,  978.7,   9.3,  77.6,   5.6
2025-04-29 07:00:00,    3,   7.8,  10.3,   9.9,  987.9,  12.7,  70.1,   7.4
2025-04-29 08:00:00,    3,   8.0,  10.7,  11.4,  987.8,  15.6,  60.1,   7.9
2025-04-29 09:00:00,    3,   7.8,  10.5,  11.9,  987.6,  17.2,  53.5,   7.7
2025-04-29 10:00:00,    3,   7.2,   9.8,  12.0,  987.5,  18.6,  45.4,   6.6
2025-04-29 11:00:00,    3,   8.6,  11.7,  14.3,  977.9,  21.2,  46.5,   9.3
2025-04-29 12:00:00,3,7.9,10.8,13.9,977.4,21.6,41.8,8.1
2025-04-29 13:00:00,3,8.0,11.0,14.1,977.0,22.0,41.4,8.3
2025-04-29 14:00:00,    3,   8.5,  11.6,  15.0,  985.6,  23.3,  40.7,   9.2
2025-04-29 15:00:00,    3,   8.8,  12.0,  15.2,  976.0,  23.2,  42.3,   9.7
2025-04-29 16:00:00,    3,   8.6,  11.7,  14.9,  975.7,  22.9,  41.9,   9.3
2025-04-29 17:00:00,    3,   8.5,  11.6,  14.5,  975.3,  22.1,  43.4,   9.1
2025-04-29 18:00:00,3,8.2,11.2,14.0,975.3,21.3,44.1,8.6
2025-04-29 19:00:00,    3,   8.5,  11.6,  13.7,  984.6,  19.9,  49.7,   9.1
2025-04-29 20:00:00,    3,   8.5,  11.5,  13.0,  985.4,  18.3,  54.6,   9.0
2025-04-29 21:00:00,3,8.3,11.1,12.7,985.6,18.2,53.1,8.5
2025-04-29 22:00:00,3,8.5,11.4,12.2,985.7,16.5,60.7,8.9
2025-04-29 23:00:00,3,7.9,10.4,9.4,976.7,11.5,76.4,7.5
2025-04-30 00:00:00,    3,   8.6,  11.5,  11.6,  985.4,  14.8,  68.2,   9.0
2025-04-30 01:00:00,    3,   7.3,   9.5,   7.9,  976.0,   9.8,  78.2,   6.2
2025-04-30 02:00:00,    3,   7.8,  10.2,   8.6,  976.0,  10.1,  82.7,   7.3
2025-04-30 03:00:00,3,8.4,11.0,9.5,985.0,10.7,85.7,8.4
2025-04-30 04:00:00,    3,   8.4,  11.0,   9.3,  985.1,  10.3,  88.0,   8.4
2025-04-30 05:00:00,    3,   8.4,  11.0,   9.0,  985.2,   9.9,  89.8,   8.3
2025-04-30 06:00:00,    3,   8.3,  11.0,   9.8,  985.4,  11.6,  80.1,   8.3
2025-04-30 07:00:00,    3,   8.5,  11.3,  11.1,  976.6,  14.1,  70.4,   8.8
2025-04-30 08:00:00,3,9.3,12.5,13.2,976.5,17.3,63.0,10.2
2025-04-30 09:00:00,3,9.4,12.7,14.1,976.6,19.3,56.7,10.5
2025-04-30 10:00:00,    3,   8.9,  12.1,  14.4,  976.5,  21.0,  48.7,   9.8
2025-04-30 11:00:00,    3,   7.0,   9.6,  13.5,  976.2,  22.6,  34.8,   6.3
2025-04-30 12:00:00,    3,   7.4,  10.2,  14.2,  975.7,  23.5,  35.1,   7.2
2025-04-30 13:00:00,    3,   6.8,   9.3,  13.8,  975.3,  23.6,  31.9,   5.9
2025-04-30 14:00:00,3,6.7,9.2,14.1,983.7,24.5,30.0,5.8
2025-04-30 15:00:00,    3,   7.4,  10.2,  14.6,  983.1,  24.5,  33.0,   7.2
2025-04-30 16:00:00,    3,   7.3,  10.1,  14.6,  982.9,  24.4,  33.0,   7.1
2025-04-30 17:00:00,    3,   7.7,  10.5,  14.3,  973.8,  23.3,  36.7,   7.7
2025-04-30 18:00:00,3,7.8,10.7,13.9,973.8,21.8,40.8,7.9
2025-04-30 19:00:00,3,7.6,10.2,12.8,974.1,19.8,44.3,7.3
2025-04-30 20:00:00,3,7.7,10.3,12.2,974.2,18.3,48.9,7.4
2025-04-30 21:00:00,    3,   8.1,  11.0,  12.6,  983.3,  18.1,  52.7,   8.3
2025-04-30 22:00:00,    3,   7.9,  10.5,  10.7,  974.5,  14.4,  64.0,   7.7
2025-04-30 23:00:00,    3,   7.8,  10.2,   9.2,  974.4,  11.3,  76.3,   7.3
2025-05-01 00:00:00,    3,   8.5,  11.3,  11.4,  983.1,  14.8,  66.8,   8.7
2025-05-01 01:00:00,    3,   8.3,  11.0,  10.7,  982.9,  13.7,  69.8,   8.3
2025-05-01 02:00:00,    3,   8.1,  10.7,  10.1,  983.1,  12.7,  72.5,   7.9
2025-05-01 03:00:00,    3,   7.4,   9.7,   7.4,  974.2,   8.4,  87.8,   6.5
2025-05-01 04:00:00,3,8.0,10.4,7.7,974.2,8.0,96.6,7.5
2025-05-01 05:00:00,3,7.5,9.8,7.6,974.6,8.7,86.6,6.6
2025-05-01 06:00:00,    3,   8.1,  10.7,   9.2,  974.9,  10.6,  83.3,   7.9
2025-05-01 07:00:00,    3,   8.7,  11.6,  11.0,  975.1,  13.5,  74.7,   9.1
2025-05-01 08:00:00,    3,   9.5,  12.7,  13.4,  975.2,  17.5,  63.5,  10.5
2025-05-01 09:00:00,    3,   8.9,  12.1,  14.2,  975.0,  20.5,  50.2,   9.8
2025-05-01 10:00:00,3,7.3,10.1,14.5,983.4,24.3,33.2,7.1
2025-05-01 11:00:00,    3,   7.1,   9.7,  14.2,  983.0,  24.2,  32.0,   6.5
2025-05-01 12:00:00,    3,   6.2,   8.5,  14.0,  982.6,  25.2,  26.6,   4.7
2025-05-01 13:00:00,3,6.2,8.5,14.1,982.1,25.6,25.8,4.6
2025-05-01 14:00:00,3,6.2,8.5,13.9,972.7,25.4,26.1,4.6
2025-05-01 15:00:00,3,5.8,8.0,13.6,972.2,25.2,25.0,3.8
2025-05-01 16:00:00,3,6.0,8.3,14.1,980.6,26.1,24.5,4.3
2025-05-01 17:00:00,    3,   6.1,   8.4,  14.0,  980.2,  25.6,  25.5,   4.4
2025-05-01 18:00:00,    3,   7.1,   9.7,  13.6,  971.3,  22.7,  35.1,   6.5
2025-05-01 19:00:00,    3,   7.1,   9.6,  12.5,  971.5,  20.0,  41.1,   6.4
2025-05-01 20:00:00,3,7.4,9.9,11.8,971.7,17.9,48.1,6.8
2025-05-01 21:00:00,    3,   7.5,  10.2,  12.5,  980.6,  19.2,  45.6,   7.2
2025-05-01 22:00:00,    3,   7.8,  10.5,  11.8,  980.7,  17.0,  54.2,   7.7
2025-05-01 23:00:00,    3,   8.0,  10.7,  11.8,  980.7,  16.7,  56.0,   7.9
2025-05-02 00:00:00,    3,   7.6,  10.0,   9.4,  972.0,  12.1,  70.9,   7.0
2025-05-02 01:00:00,3,7.2,9.4,8.3,972.0,10.6,73.6,6.1
2025-05-02 02:00:00,3,7.8,10.3,9.2,971.9,11.3,76.9,7.4
2025-05-02 03:00:00,    3,   7.7,  10.0,   8.5,  971.8,  10.1,  81.0,   7.0
2025-05-02 04:00:00,    3,   7.7,  10.1,   8.0,  971.9,   9.0,  87.9,   7.1
2025-05-02 05:00:00,    3,   7.7,  10.0,   8.2,  972.1,   9.6,  83.8,   7.0
2025-05-02 06:00:00,3,7.9,10.5,10.6,981.1,14.1,65.3,7.7
2025-05-02 07:00:00,    3,   8.5,  11.3,  12.2,  981.2,  16.5,  60.3,   8.8
2025-05-02 08:00:00,    3,   9.0,  12.1,  13.9,  981.2,  19.6,  53.1,   9.8
2025-05-02 09:00:00,3,9.0,12.2,14.9,981.0,22.1,45.8,9.9
2025-05-02 10:00:00,3,9.6,13.1,15.9,971.8,23.6,45.0,11.0
2025-05-02 11:00:00,3,7.6,10.4,15.1,971.0,25.5,32.0,7.6
2025-05-02 12:00:00,3,7.6,10.6,15.8,978.9,27.1,29.5,7.8
2025-05-02 13:00:00,    3,   7.5,  10.4,  16.0,  978.3,  27.8,  27.9,   7.6
2025-05-02 14:00:00,    3,   6.5,   9.0,  15.1,  969.0,  27.5,  24.6,   5.5
2025-05-02 15:00:00,    3,   7.6,  10.6,  16.0,  968.5,  27.8,  28.3,   7.8
2025-05-02 16:00:00,    3,   8.9,  12.3,  16.8,  977.0,  27.2,  34.0,  10.0
2025-05-02 17:00:00,    3,   9.2,  12.7,  16.7,  976.9,  26.4,  36.9,  10.5
2025-05-02 18:00:00,    3,   9.8,  13.5,  16.8,  976.8,  25.3,  41.8,  11.4
2025-05-02 19:00:00,    3,   9.4,  12.9,  15.7,  977.0,  23.4,  44.7,  10.7
2025-05-02 20:00:00,    3,   9.7,  13.1,  15.1,  968.6,  21.3,  51.8,  11.0
2025-05-02 21:00:00,3,10.0,13.6,14.7,968.5,19.6,59.5,11.5
2025-05-02 22:00:00,3,10.7,14.5,15.3,977.1,19.8,62.7,12.5
2025-05-02 23:00:00,    3,  10.1,  13.6,  14.7,  977.3,  19.4,  60.2,  11.5
2025-05-03 00:00:00,    3,   9.9,  13.3,  13.9,  968.7,  17.9,  64.8,  11.2
2025-05-03 01:00:00,    3,   9.5,  12.6,  12.7,  968.4,  16.0,  69.3,  10.4
2025-05-03 02:00:00,    3,   8.9,  11.9,  11.9,  968.2,  15.1,  69.2,   9.5
2025-05-03 03:00:00,3,8.4,11.2,10.9,968.1,13.9,70.3,8.6
2025-05-03 04:00:00,    3,   7.6,  10.2,  12.2,  976.6,  18.4,  48.3,   7.3
2025-05-03 05:00:00,    3,   8.3,  11.2,  12.4,  976.7,  17.4,  56.2,   8.6
2025-05-03 06:00:00,3,8.2,11.0,12.5,968.2,17.8,54.1,8.4
2025-05-03 07:00:00,3,10.6,14.0,13.0,968.8,14.5,84.9,12.0
2025-05-03 08:00:00,3,11.6,15.4,14.0,976.7,15.0,90.1,13.4
2025-05-03 09:00:00,3,11.8,15.7,14.2,976.3,15.0,91.9,13.7
2025-05-03 10:00:00,    3,  11.7,  15.7,  14.7,  975.9,  16.2,  85.1,  13.7
2025-05-03 11:00:00,    3,  11.7,  15.8,  15.6,  966.7,  18.6,  73.6,  13.8
2025-05-03 12:00:00,    3,  10.2,  13.8,  14.4,  965.8,  18.5,  64.5,  11.7
2025-05-03 13:00:00,    3,  10.1,  13.7,  15.2,  973.6,  20.7,  55.9,  11.6
2025-05-03 14:00:00,    3,   9.8,  13.3,  15.6,  972.6,  22.3,  49.4,  11.2
2025-05-03 15:00:00,    3,   9.8,  13.4,  15.9,  971.8,  23.2,  47.1,  11.3
2025-05-03 16:00:00,    3,   9.2,  12.6,  15.6,  970.8,  23.6,  43.3,  10.4
2025-05-03 17:00:00,    3,   9.1,  12.5,  15.4,  961.8,  23.3,  43.5,  10.2
2025-05-03 18:00:00,3,11.6,15.6,15.4,969.7,18.5,73.1,13.6
2025-05-03 19:00:00,3,11.6,15.5,14.3,971.9,15.6,87.3,13.5
2025-05-03 20:00:00,    3,  10.3,  13.8,  13.4,  963.0,  15.8,  76.6,  11.7
2025-05-03 21:00:00,    3,  10.3,  13.8,  13.1,  963.1,  15.2,  79.6,  11.7
2025-05-03 22:00:00,    3,  10.5,  13.9,  12.4,  964.2,  13.3,  90.6,  11.8
2025-05-03 23:00:00,    3,  11.0,  14.6,  12.8,  964.0,  13.2,  96.1,  12.6
2025-05-04 00:00:00,3,10.8,14.2,12.4,963.3,12.8,96.1,12.2
2025-05-04 01:00:00,    3,  11.5,  15.2,  13.3,  972.1,  13.5,  98.1,  13.2
2025-05-04 02:00:00,    3,   9.9,  13.1,  11.2,  972.7,  11.7,  94.8,  10.9
2025-05-04 03:00:00,    3,   9.4,  12.4,  10.8,  963.8,  11.7,  89.9,  10.1
2025-05-04 04:00:00,3,9.2,12.0,10.0,973.0,10.3,96.1,9.7
2025-05-04 05:00:00,3,9.0,11.7,9.6,973.6,10.0,95.4,9.3
2025-05-04 06:00:00,3,8.9,11.6,9.4,974.0,9.8,95.4,9.1
2025-05-04 07:00:00,    3,   8.6,  11.2,   9.1,  974.0,   9.7,  92.8,   8.6
2025-05-04 08:00:00,    3,   8.0,  10.4,   8.3,  965.4,   9.3,  88.5,   7.5
2025-05-04 09:00:00,    3,   8.1,  10.5,   8.4,  965.4,   9.2,  90.3,   7.7
2025-05-04 10:00:00,    3,   7.8,  10.2,   8.4,  974.3,   9.7,  84.4,   7.2
2025-05-04 11:00:00,    3,   8.0,  10.4,   8.5,  974.6,   9.6,  87.3,   7.6
2025-05-04 12:00:00,    3,   7.9,  10.4,   8.5,  974.4,   9.7,  86.1,   7.5
2025-05-04 13:00:00,    3,   8.5,  11.1,   9.2,  965.2,  10.1,  89.8,   8.5
2025-05-04 14:00:00,3,7.3,9.6,8.6,974.0,11.0,72.7,6.3
2025-05-04 15:00:00,3,7.2,9.4,8.6,973.8,11.3,70.3,6.1
2025-05-04 16:00:00,    3,   6.9,   9.1,   8.5,  973.5,  11.6,  66.5,   5.6
2025-05-04 17:00:00,    3,   7.2,   9.4,   8.4,  964.3,  10.9,  72.2,   6.1
2025-05-04 18:00:00,    3,   7.7,  10.0,   8.7,  964.3,  10.5,  78.9,   7.0
2025-05-04 19:00:00,    3,   7.9,  10.4,   8.8,  964.4,  10.3,  82.7,   7.5
2025-05-04 20:00:00,3,7.6,9.9,8.4,964.6,10.1,79.9,6.8
2025-05-04 21:00:00,    3,   7.0,   9.1,   7.9,  973.6,  10.3,  72.6,   5.6
2025-05-04 22:00:00,    3,   6.4,   8.4,   6.9,  973.5,   9.4,  70.9,   4.4
2025-05-04 23:00:00,3,6.2,8.1,6.6,964.3,9.2,69.4,3.9
2025-05-05 00:00:00,3,5.9,7.7,6.1,972.9,8.7,68.8,3.3
2025-05-05 01:00:00,3,6.0,7.9,6.1,972.8,8.6,70.2,3.5
2025-05-05 02:00:00,3,6.0,7.8,6.1,972.6,8.6,69.7,3.4
2025-05-05 03:00:00,    3,   6.0,   7.8,   6.0,  972.5,   8.4,  70.7,   3.4
2025-05-05 04:00:00,    3,   6.1,   7.9,   5.9,  963.4,   8.1,  73.2,   3.6
2025-05-05 05:00:00,    3,   6.0,   7.8,   5.8,  963.7,   8.0,  72.6,   3.4
2025-05-05 06:00:00,3,6.0,7.9,5.9,973.2,8.1,72.6,3.5
2025-05-05 07:00:00,    3,   5.8,   7.6,   5.9,  973.6,   8.5,  68.2,   3.0
2025-05-05 08:00:00,    3,   6.0,   7.8,   6.5,  973.8,   9.4,  66.1,   3.4
2025-05-05 09:00:00,    3,   6.2,   8.1,   7.6,  974.1,  11.2,  60.7,   3.9
2025-05-05 10:00:00,    3,   6.2,   8.1,   7.5,  965.0,  11.0,  61.5,   3.9
2025-05-05 11:00:00,3,5.7,7.5,7.3,974.7,11.5,55.4,2.9
2025-05-05 12:00:00,3,6.0,7.9,7.7,974.8,11.8,57.1,3.6
2025-05-05 13:00:00,    3,   6.0,   7.9,   7.5,  965.5,  11.4,  58.2,   3.5
2025-05-05 14:00:00,    3,   5.8,   7.7,   7.5,  965.5,  11.7,  55.8,   3.2
2025-05-05 15:00:00,    3,   5.9,   7.7,   7.6,  965.5,  11.7,  56.2,   3.3
2025-05-05 16:00:00,3,6.3,8.3,8.4,974.9,12.6,56.5,4.2
2025-05-05 17:00:00,    3,   6.1,   8.1,   8.1,  975.1,  12.3,  56.4,   3.9
2025-05-05 18:00:00,    3,   6.8,   9.0,   8.0,  975.6,  10.7,  69.7,   5.4
2025-05-05 19:00:00,3,6.8,8.9,7.4,976.4,9.6,74.0,5.2
2025-05-05 20:00:00,3,6.7,8.8,6.9,977.0,8.8,77.5,5.1
2025-05-05 21:00:00,3,6.8,8.8,6.7,977.1,8.2,80.8,5.1
2025-05-05 22:00:00,3,6.8,8.9,6.7,977.1,8.2,81.3,5.2
2025-05-05 23:00:00,    3,   6.9,   8.9,   6.8,  977.4,   8.2,  81.9,   5.3
2025-05-06 00:00:00,    3,   6.3,   8.2,   6.0,  967.6,   7.8,  77.4,   4.1
2025-05-06 01:00:00,    3,   6.4,   8.3,   5.8,  967.5,   7.3,  80.6,   4.2
2025-05-06 02:00:00,    3,   6.5,   8.5,   6.4,  977.1,   8.2,  78.0,   4.6
2025-05-06 03:00:00,    3,   6.6,   8.5,   6.4,  977.2,   8.1,  79.1,   4.7
2025-05-06 04:00:00,    3,   6.7,   8.7,   6.5,  977.4,   7.9,  81.8,   5.0
2025-05-06 05:00:00,    3,   6.3,   8.2,   6.0,  977.6,   7.7,  77.9,   4.1
2025-05-06 06:00:00,    3,   6.2,   8.1,   6.2,  968.4,   8.4,  73.2,   3.9
2025-05-06 07:00:00,3,6.0,7.9,6.7,978.3,9.7,65.2,3.5
2025-05-06 08:00:00,3,5.9,7.7,6.7,978.6,9.9,63.0,3.2
2025-05-06 09:00:00,    3,   5.8,   7.6,   7.0,  978.8,  10.6,  59.7,   3.1
2025-05-06 10:00:00,    3,   5.3,   7.0,   6.8,  969.2,  11.2,  52.6,   1.9
2025-05-06 11:00:00,    3,   5.6,   7.4,   7.4,  969.3,  12.0,  52.5,   2.6
2025-05-06 12:00:00,    3,   5.4,   7.1,   7.2,  969.4,  12.0,  50.3,   2.0
2025-05-06 13:00:00,3,5.0,6.6,7.2,978.7,12.7,44.7,1.0
2025-05-06 14:00:00,    3,   5.6,   7.4,   8.4,  978.4,  14.0,  46.0,   2.6
2025-05-06 15:00:00,    3,   5.0,   6.7,   7.5,  978.3,  13.3,  43.6,   1.2
2025-05-06 16:00:00,3,5.2,6.9,7.9,978.3,13.7,43.7,1.6
2025-05-06 17:00:00,3,5.3,7.1,7.7,978.4,13.0,47.1,2.0
2025-05-06 18:00:00,3,5.0,6.6,7.0,978.5,12.3,46.2,1.1
2025-05-06 19:00:00,    3,   5.3,   7.0,   6.7,  978.8,  11.0,  52.9,   1.8
2025-05-06 20:00:00,    3,   5.3,   6.9,   5.8,  970.1,   9.4,  58.5,   1.7
2025-05-06 21:00:00,    3,   5.3,   6.8,   4.8,  970.2,   7.5,  65.6,   1.5
2025-05-06 22:00:00,    3,   5.6,   7.3,   5.7,  979.3,   8.6,  65.4,   2.5
2025-05-06 23:00:00,3,5.7,7.4,4.6,970.1,6.3,77.1,2.6
2025-05-07 00:00:00,3,5.6,7.2,4.1,969.9,5.7,78.1,2.2
2025-05-07 01:00:00,3,5.4,7.0,3.9,969.7,5.6,77.0,1.9
2025-05-07 02:00:00,    3,   5.3,   6.8,   3.5,  969.4,   5.2,  76.4,   1.4
2025-05-07 03:00:00,    3,   5.5,   7.1,   3.5,  978.6,   4.6,  83.8,   2.1
2025-05-07 04:00:00,    3,   5.4,   6.9,   3.1,  978.5,   4.2,  83.7,   1.7
2025-05-07 05:00:00,    3,   5.3,   6.8,   3.2,  969.5,   4.6,  80.2,   1.5
2025-05-07 06:00:00,    3,   5.6,   7.2,   4.1,  969.6,   5.7,  78.1,   2.2
2025-05-07 07:00:00,    3,   5.7,   7.4,   5.5,  969.5,   8.1,  68.1,   2.6
2025-05-07 08:00:00,    3,   5.5,   7.3,   6.7,  969.5,  10.7,  56.4,   2.4
2025-05-07 09:00:00,    3,   5.3,   7.0,   7.6,  978.7,  12.8,  47.3,   1.9
2025-05-07 10:00:00,3,5.2,6.9,8.0,969.2,14.0,43.2,1.7
2025-05-07 11:00:00,3,5.0,6.7,8.2,968.8,14.8,39.5,1.2
2025-05-07 12:00:00,    3,   5.2,   7.0,   8.8,  968.2,  15.6,  39.2,   1.8
2025-05-07 13:00:00,    3,   5.4,   7.2,   9.2,  977.0,  16.0,  39.6,   2.3
2025-05-07 14:00:00,    3,   5.9,   7.9,   9.3,  976.6,  15.2,  45.7,   3.6
2025-05-07 15:00:00,    3,   6.2,   8.3,   9.6,  976.6,  15.3,  47.4,   4.2
2025-05-07 16:00:00,3,6.2,8.3,9.6,976.7,15.3,47.4,4.2
2025-05-07 17:00:00,    3,   6.4,   8.4,   9.2,  967.4,  14.2,  52.0,   4.5
2025-05-07 18:00:00,    3,   6.4,   8.4,   8.9,  967.7,  13.5,  54.4,   4.5
2025-05-07 19:00:00,3,6.4,8.4,8.4,968.2,12.5,58.1,4.5
2025-05-07 20:00:00,3,6.5,8.5,8.0,968.5,11.4,62.9,4.6
2025-05-07 21:00:00,3,6.5,8.5,7.7,968.4,10.7,66.3,4.7
2025-05-07 22:00:00,3,6.7,8.8,8.1,977.4,11.1,66.4,5.1
2025-05-07 23:00:00,    3,   6.7,   8.7,   7.7,  968.2,  10.4,  69.1,   5.0
2025-05-08 00:00:00,    3,   7.0,   9.1,   7.9,  976.9,  10.2,  73.1,   5.6
2025-05-08 01:00:00,    3,   6.9,   9.0,   7.7,  976.6,  10.0,  73.0,   5.4
2025-05-08 02:00:00,    3,   6.8,   8.9,   7.4,  967.3,   9.6,  74.0,   5.2
2025-05-08 03:00:00,    3,   6.7,   8.8,   7.1,  967.1,   9.2,  75.5,   5.1
2025-05-08 04:00:00,    3,   6.5,   8.4,   6.8,  967.0,   9.0,  73.3,   4.5
2025-05-08 05:00:00,    3,   6.1,   7.9,   6.5,  967.2,   9.2,  67.9,   3.6
2025-05-08 06:00:00,    3,   6.5,   8.5,   7.1,  976.8,   9.6,  70.9,   4.6
2025-05-08 07:00:00,3,6.7,8.8,7.7,976.9,10.3,70.1,5.1
2025-05-08 08:00:00,3,6.6,8.7,8.1,977.0,11.4,64.2,4.9
2025-05-08 09:00:00,    3,   6.6,   8.7,   8.9,  977.0,  13.1,  57.8,   5.0
2025-05-08 10:00:00,    3,   6.5,   8.5,   8.9,  977.0,  13.3,  55.9,   4.7
2025-05-08 11:00:00,    3,   6.3,   8.3,   9.0,  977.0,  13.9,  52.3,   4.3
2025-05-08 12:00:00,    3,   6.3,   8.3,   8.9,  977.0,  13.6,  53.3,   4.3
2025-05-08 13:00:00,3,6.1,8.0,8.6,977.0,13.5,51.8,3.8
2025-05-08 14:00:00,    3,   6.0,   7.9,   8.6,  967.7,  13.7,  50.4,   3.6
2025-05-08 15:00:00,    3,   6.4,   8.4,   8.9,  967.7,  13.5,  54.4,   4.5
2025-05-08 16:00:00,    3,   6.0,   8.0,   8.4,  977.2,  13.2,  52.4,   3.7
2025-05-08 17:00:00,3,6.1,8.0,8.1,968.0,12.5,55.3,3.8
2025-05-08 18:00:00,3,6.5,8.6,8.5,977.5,12.4,59.7,4.8
2025-05-08 19:00:00,3,6.7,8.8,8.4,977.9,11.8,63.4,5.1
2025-05-08 20:00:00,    3,   6.4,   8.4,   7.5,  969.1,  10.5,  66.3,   4.5
2025-05-08 21:00:00,    3,   6.8,   8.9,   7.9,  978.7,  10.7,  68.7,   5.2
2025-05-08 22:00:00,    3,   6.9,   9.0,   7.7,  978.6,  10.0,  73.5,   5.5
2025-05-08 23:00:00,    3,   6.7,   8.7,   7.3,  969.4,   9.6,  72.9,   5.0
2025-05-09 00:00:00,    3,   6.7,   8.8,   7.2,  969.2,   9.3,  74.9,   5.1
2025-05-09 01:00:00,    3,   6.6,   8.5,   6.9,  969.0,   9.1,  73.9,   4.7
2025-05-09 02:00:00,    3,   6.2,   8.0,   5.9,  969.0,   7.9,  75.2,   3.8
2025-05-09 03:00:00,    3,   6.4,   8.3,   6.2,  978.6,   8.1,  76.9,   4.3
2025-05-09 04:00:00,3,5.9,7.6,5.3,979.1,7.2,75.1,3.1
2025-05-09 05:00:00,3,5.8,7.5,5.3,979.6,7.6,71.5,2.8
2025-05-09 06:00:00,    3,   5.9,   7.7,   6.2,  970.8,   8.9,  67.4,   3.2
2025-05-09 07:00:00,    3,   5.1,   6.7,   6.0,  971.1,  10.1,  53.8,   1.2
2025-05-09 08:00:00,    3,   5.5,   7.3,   7.4,  980.8,  12.1,  51.4,   2.4
2025-05-09 09:00:00,    3,   5.4,   7.1,   7.5,  971.4,  12.6,  48.7,   2.1
2025-05-09 10:00:00,    3,   5.0,   6.6,   7.1,  971.4,  12.6,  45.0,   1.0
2025-05-09 11:00:00,    3,   4.9,   6.4,   7.5,  971.5,  13.7,  40.9,   0.7
2025-05-09 12:00:00,    3,   5.0,   6.7,   8.6,  980.7,  15.5,  37.8,   1.2
2025-05-09 13:00:00,    3,   4.8,   6.4,   8.8,  980.7,  16.3,  34.4,   0.6
2025-05-09 14:00:00,3,4.9,6.5,9.1,980.4,16.9,33.8,0.9
2025-05-09 15:00:00,3,4.6,6.2,9.0,980.1,17.1,31.5,0.1
2025-05-09 16:00:00,3,4.5,5.9,8.0,970.9,15.4,33.9,-0.4
2025-05-09 17:00:00,    3,   4.4,   5.9,   8.1,  970.9,  15.7,  33.0,  -0.5
2025-05-09 18:00:00,    3,   4.8,   6.4,   8.0,  971.4,  14.6,  38.6,   0.7
2025-05-09 19:00:00,3,4.5,5.9,7.3,981.0,13.9,37.3,-0.4
2025-05-09 20:00:00,    3,   4.8,   6.3,   6.7,  981.7,  12.1,  44.8,   0.5
2025-05-09 21:00:00,    3,   4.8,   6.3,   5.9,  972.9,  10.5,  49.5,   0.4
2025-05-09 22:00:00,    3,   5.0,   6.6,   5.9,  982.1,  10.0,  53.4,   1.0
2025-05-09 23:00:00,3,5.0,6.5,5.6,982.3,9.5,54.9,0.9
2025-05-10 00:00:00,3,4.8,6.3,5.6,982.4,9.9,51.5,0.4
2025-05-10 01:00:00,    3,   5.0,   6.5,   4.6,  982.3,   7.7,  61.5,   0.8
2025-05-10 02:00:00,    3,   5.0,   6.5,   3.4,  973.5,   5.5,  71.6,   0.8
2025-05-10 03:00:00,    3,   4.9,   6.2,   2.2,  973.6,   3.6,  78.9,   0.3
2025-05-10 04:00:00,    3,   5.3,   6.8,   3.9,  982.8,   5.8,  73.8,   1.5
2025-05-10 05:00:00,    3,   5.1,   6.5,   3.6,  982.9,   5.8,  70.6,   0.9
2025-05-10 06:00:00,3,5.4,7.1,5.4,974.0,8.4,64.0,2.0
2025-05-10 07:00:00,    3,   5.7,   7.4,   6.7,  974.0,  10.5,  58.4,   2.7
2025-05-10 08:00:00,3,5.6,7.4,7.9,973.8,12.9,49.8,2.7
2025-05-10 09:00:00,3,5.3,7.1,8.4,973.8,14.5,42.7,2.0
2025-05-10 10:00:00,    3,   4.9,   6.6,   8.2,  973.5,  14.9,  38.7,   1.0
2025-05-10 11:00:00,3,5.1,6.8,9.3,982.1,16.8,35.5,1.5
2025-05-10 12:00:00,3,5.1,6.9,9.9,981.5,18.1,33.2,1.7
2025-05-10 13:00:00,3,4.5,6.0,8.9,972.1,17.2,30.4,-0.3
2025-05-10 14:00:00,3,4.3,5.7,9.1,971.3,18.2,27.3,-0.9
2025-05-10 15:00:00,3,5.2,7.0,10.6,979.9,19.4,31.1,1.9
2025-05-10 16:00:00,    3,   4.4,   5.9,   9.4,  970.6,  18.5,  27.8,  -0.4
2025-05-10 17:00:00,    3,   5.0,   6.8,  10.3,  979.1,  19.1,  30.7,   1.5
2025-05-10 18:00:00,    3,   4.7,   6.4,   9.7,  979.1,  18.4,  30.1,   0.6
2025-05-10 19:00:00,    3,   4.9,   6.5,   9.0,  979.3,  16.6,  34.5,   0.9
2025-05-10 20:00:00,    3,   5.9,   7.8,   7.6,  970.8,  11.8,  56.3,   3.4
2025-05-10 21:00:00,3,5.1,6.7,7.2,979.8,12.6,45.9,1.3
2025-05-10 22:00:00,    3,   4.9,   6.4,   7.1,  979.6,  12.7,  43.7,   0.7
2025-05-10 23:00:00,3,5.3,6.9,5.9,970.7,9.6,57.3,1.6
2025-05-11 00:00:00,    3,   5.3,   6.8,   4.2,  970.6,   6.4,  70.8,   1.5
2025-05-11 01:00:00,3,4.8,6.2,2.8,970.4,4.8,71.5,0.1
2025-05-11 02:00:00,3,5.3,6.8,4.1,970.2,6.2,71.8,1.5
2025-05-11 03:00:00,    3,   5.2,   6.7,   3.2,  969.8,   4.7,  78.5,   1.3
2025-05-11 04:00:00,    3,   5.7,   7.3,   4.4,  978.6,   6.0,  78.2,   2.5
2025-05-11 05:00:00,    3,   5.8,   7.5,   5.0,  978.6,   6.9,  75.6,   2.9
2025-05-11 06:00:00,3,5.8,7.5,5.9,978.6,8.6,67.3,2.9
2025-05-11 07:00:00,    3,   5.8,   7.6,   7.3,  969.6,  11.4,  56.6,   3.1
2025-05-11 08:00:00,3,5.3,7.1,8.2,969.4,14.2,43.5,2.0
2025-05-11 09:00:00,    3,   6.0,   8.1,  10.4,  969.2,  17.4,  40.6,   3.9
2025-05-11 10:00:00,    3,   6.1,   8.3,  11.9,  977.5,  20.5,  34.2,   4.2
2025-05-11 11:00:00,    3,   6.0,   8.2,  11.9,  977.0,  20.8,  33.3,   4.1
2025-05-11 12:00:00,3,5.7,7.8,12.0,976.4,21.5,30.4,3.4
2025-05-11 13:00:00,3,6.3,8.6,12.2,966.8,21.0,34.6,4.8
2025-05-11 14:00:00,    3,   5.7,   7.8,  11.8,  966.3,  21.2,  30.9,   3.4
2025-05-11 15:00:00,    3,   5.9,   8.0,  12.0,  965.8,  21.3,  31.4,   3.7
2025-05-11 16:00:00,    3,   5.7,   7.8,  11.9,  965.6,  21.5,  30.4,   3.4
2025-05-11 17:00:00,    3,   5.7,   7.8,  11.7,  965.3,  20.9,  31.5,   3.4
2025-05-11 18:00:00,    3,   6.8,   9.2,  12.0,  965.3,  19.5,  40.4,   5.7
2025-05-11 19:00:00,    3,   6.7,   8.9,  10.5,  965.4,  16.5,  47.4,   5.3
2025-05-11 20:00:00,3,6.3,8.4,9.4,965.7,14.7,50.0,4.4
2025-05-11 21:00:00,    3,   6.1,   8.2,   9.8,  974.5,  15.8,  45.6,   4.1
2025-05-11 22:00:00,    3,   6.1,   8.1,   9.2,  974.9,  14.6,  48.5,   3.9
2025-05-11 23:00:00,    3,   5.8,   7.7,   8.7,  975.0,  14.1,  48.1,   3.3
2025-05-12 00:00:00,3,6.1,8.0,7.8,966.1,11.8,57.9,3.8
2025-05-12 01:00:00,3,6.0,7.9,7.9,974.9,12.2,55.2,3.5
2025-05-12 02:00:00,3,6.0,7.9,7.6,975.0,11.5,58.2,3.6
2025-05-12 03:00:00,3,5.9,7.7,7.0,975.2,10.7,59.7,3.2
2025-05-12 04:00:00,3,5.6,7.2,3.9,966.6,5.4,79.8,2.2
2025-05-12 05:00:00,3,6.0,7.9,6.8,966.9,9.9,64.3,3.5
2025-05-12 06:00:00,    3,   6.0,   7.9,   7.6,  967.1,  11.7,  57.0,   3.5
2025-05-12 07:00:00,    3,   6.8,   9.0,   9.6,  976.1,  14.1,  56.1,   5.5
2025-05-12 08:00:00,    3,   7.2,   9.6,  10.8,  976.1,  15.9,  53.2,   6.4
2025-05-12 09:00:00,    3,   6.7,   8.9,  10.7,  967.3,  16.8,  46.5,   5.3
2025-05-12 10:00:00,    3,   6.9,   9.3,  12.1,  976.0,  19.5,  40.9,   5.9
2025-05-12 11:00:00,    3,   5.7,   7.6,  10.9,  966.8,  19.4,  33.8,   3.1
2025-05-12 12:00:00,    3,   6.4,   8.7,  12.0,  975.5,  20.2,  36.8,   5.0
2025-05-12 13:00:00,3,6.4,8.7,12.0,975.2,20.2,36.6,4.9
2025-05-12 14:00:00,    3,   6.1,   8.3,  12.0,  974.8,  20.8,  33.8,   4.3
2025-05-12 15:00:00,    3,   5.6,   7.6,  11.5,  965.6,  20.8,  31.0,   3.1
2025-05-12 16:00:00,    3,   6.2,   8.4,  12.0,  965.4,  20.7,  34.5,   4.5
2025-05-12 17:00:00,    3,   6.2,   8.4,  11.9,  974.3,  20.4,  34.9,   4.4
2025-05-12 18:00:00,    3,   6.5,   8.9,  11.8,  974.7,  19.5,  39.0,   5.2
2025-05-12 19:00:00,    3,   6.5,   8.7,  11.0,  975.3,  17.7,  43.0,   5.0
2025-05-12 20:00:00,    3,   6.4,   8.6,  10.2,  975.8,  16.1,  47.0,   4.8
2025-05-12 21:00:00,    3,   6.0,   8.0,   8.9,  967.4,  14.3,  48.8,   3.7
2025-05-12 22:00:00,3,6.4,8.4,9.2,976.6,14.2,52.0,4.5
2025-05-12 23:00:00,3,6.1,8.1,8.6,976.7,13.3,52.8,3.9
2025-05-13 00:00:00,    3,   6.3,   8.3,   8.3,  976.9,  12.4,  57.6,   4.3
2025-05-13 01:00:00,3,6.4,8.4,7.7,977.4,11.0,64.1,4.5
2025-05-13 02:00:00,    3,   6.2,   8.1,   7.3,  977.6,  10.5,  63.6,   3.9
2025-05-13 03:00:00,3,6.1,7.9,6.4,978.1,9.0,68.8,3.6
2025-05-13 04:00:00,    3,   6.1,   7.9,   6.3,  978.4,   8.8,  69.8,   3.6
2025-05-13 05:00:00,    3,   6.2,   8.1,   6.5,  969.9,   8.9,  71.3,   4.0
2025-05-13 06:00:00,    3,   6.4,   8.4,   7.5,  970.3,  10.6,  65.4,   4.4
2025-05-13 07:00:00,    3,   6.7,   8.8,   8.8,  970.4,  12.7,  59.8,   5.1
2025-05-13 08:00:00,    3,   7.3,   9.8,  10.5,  970.7,  15.0,  57.1,   6.6
2025-05-13 09:00:00,    3,   7.3,   9.8,  11.6,  979.7,  17.6,  48.4,   6.6
2025-05-13 10:00:00,    3,   6.6,   8.9,  11.5,  970.6,  18.8,  40.7,   5.2
2025-05-13 11:00:00,    3,   5.7,   7.7,  11.0,  979.5,  19.3,  34.5,   3.3
2025-05-13 12:00:00,3,5.4,7.3,10.7,970.4,19.4,32.2,2.4
2025-05-13 13:00:00,3,5.4,7.3,10.9,970.1,19.8,31.6,2.5
2025-05-13 14:00:00,3,5.8,7.9,11.3,969.8,19.8,34.0,3.5
2025-05-13 15:00:00,3,5.4,7.4,10.9,969.5,19.6,32.2,2.6
2025-05-13 16:00:00,3,5.3,7.2,10.6,969.4,19.2,32.1,2.2
2025-05-13 17:00:00,    3,   5.7,   7.7,  11.5,  978.1,  20.5,  31.8,   3.2
2025-05-13 18:00:00,    3,   5.6,   7.6,  11.0,  978.2,  19.5,  33.6,   3.1
2025-05-13 19:00:00,    3,   5.7,   7.6,   9.4,  969.5,  15.8,  42.5,   3.1
2025-05-13 20:00:00,3,6.0,8.0,9.8,978.9,16.0,44.1,3.8
2025-05-13 21:00:00,    3,   5.9,   7.9,   8.4,  970.5,  13.2,  51.7,   3.5
2025-05-13 22:00:00,    3,   6.0,   7.9,   7.9,  970.7,  12.1,  56.0,   3.6
2025-05-13 23:00:00,    3,   6.1,   8.0,   6.6,  970.7,   9.4,  67.9,   3.8
2025-05-14 00:00:00,    3,   6.2,   8.0,   6.5,  970.7,   9.1,  69.3,   3.8
2025-05-14 01:00:00,    3,   6.0,   7.7,   5.6,  970.7,   7.7,  73.6,   3.3
2025-05-14 02:00:00,    3,   6.3,   8.1,   5.5,  970.9,   6.9,  81.7,   4.0
2025-05-14 03:00:00,    3,   6.5,   8.4,   6.5,  979.9,   8.5,  75.9,   4.5
2025-05-14 04:00:00,3,6.2,8.1,6.4,979.9,8.7,71.7,3.9
2025-05-14 05:00:00,3,6.4,8.4,6.7,980.1,9.0,72.8,4.4
2025-05-14 06:00:00,    3,   6.4,   8.4,   6.7,  971.4,   8.9,  73.3,   4.4
2025-05-14 07:00:00,    3,   6.9,   9.1,   9.1,  980.3,  12.9,  61.1,   5.6
2025-05-14 08:00:00,    3,   6.8,   9.1,  10.1,  980.4,  15.2,  52.6,   5.6
2025-05-14 09:00:00,    3,   6.2,   8.3,  11.1,  980.3,  18.6,  38.7,   4.3
2025-05-14 10:00:00,    3,   5.3,   7.2,  11.1,  980.1,  20.3,  30.0,   2.2
2025-05-14 11:00:00,    3,   5.8,   7.9,  12.2,  979.8,  21.8,  30.2,   3.6
2025-05-14 12:00:00,3,5.1,6.9,10.9,970.4,20.3,29.0,1.7
2025-05-14 13:00:00,    3,   5.2,   7.1,  11.5,  979.0,  21.3,  28.0,   2.1
2025-05-14 14:00:00,    3,   5.4,   7.4,  11.8,  978.6,  21.8,  28.2,   2.6
2025-05-14 15:00:00,    3,   5.9,   8.0,  12.5,  978.3,  22.5,  29.4,   3.8
2025-05-14 16:00:00,    3,   6.7,   9.1,  13.2,  977.9,  22.4,  33.5,   5.6
2025-05-14 17:00:00,3,6.0,8.2,12.4,977.6,21.9,31.1,4.1
2025-05-14 18:00:00,3,5.6,7.6,11.3,968.8,20.3,32.0,3.1
2025-05-14 19:00:00,3,5.7,7.7,11.0,977.5,19.3,34.5,3.3
2025-05-14 20:00:00,3,6.2,8.3,9.5,968.7,15.1,48.0,4.2
2025-05-14 21:00:00,3,6.3,8.3,9.0,968.7,13.8,52.6,4.3
2025-05-14 22:00:00,3,6.1,8.0,7.8,968.3,11.8,57.5,3.7
2025-05-14 23:00:00,    3,   6.1,   8.1,   8.9,  977.0,  14.1,  50.1,   3.9
2025-05-15 00:00:00,    3,   6.2,   8.3,   9.1,  977.0,  14.1,  51.2,   4.2
2025-05-15 01:00:00,    3,   6.4,   8.4,   9.0,  976.9,  13.7,  53.7,   4.5
2025-05-15 02:00:00,3,6.4,8.4,8.8,976.6,13.2,55.5,4.5
2025-05-15 03:00:00,    3,   6.3,   8.3,   8.2,  967.6,  12.2,  58.4,   4.3
2025-05-15 04:00:00,    3,   6.6,   8.7,   8.5,  976.4,  12.3,  60.5,   4.9
2025-05-15 05:00:00,3,6.7,8.9,8.6,967.6,12.2,62.2,5.2
2025-05-15 06:00:00,3,6.9,9.0,8.7,977.0,12.2,63.5,5.5
2025-05-15 07:00:00,    3,   7.0,   9.2,   9.5,  968.2,  13.5,  59.6,   5.8
2025-05-15 08:00:00,    3,   7.0,   9.2,   9.7,  977.5,  14.0,  57.7,   5.8
2025-05-15 09:00:00,    3,   6.8,   9.1,   9.8,  968.4,  14.6,  54.7,   5.6
2025-05-15 10:00:00,3,6.1,8.2,9.7,968.3,15.7,45.9,4.1
2025-05-15 11:00:00,    3,   6.8,   9.2,  11.0,  977.5,  17.0,  47.2,   5.7
2025-05-15 12:00:00,3,6.4,8.6,11.1,977.4,18.1,41.4,4.8
2025-05-15 13:00:00,3,5.9,8.0,10.8,968.4,18.6,37.1,3.7
2025-05-15 14:00:00,    3,   6.3,   8.4,  11.1,  977.7,  18.5,  39.5,   4.5
2025-05-15 15:00:00,3,4.9,6.6,9.2,978.0,16.9,34.3,1.1
2025-05-15 16:00:00,3,4.4,5.9,8.5,978.3,16.6,31.1,-0.5
2025-05-15 17:00:00,    3,   4.3,   5.8,   8.2,  969.4,  16.2,  31.2,  -0.8
2025-05-15 18:00:00,3,4.3,5.8,7.6,970.1,14.8,34.2,-0.8
2025-05-15 19:00:00,3,3.9,5.2,6.4,971.0,13.2,34.2,-2.2
2025-05-15 20:00:00,    3,   4.1,   5.4,   5.6,  971.5,  11.5,  39.4,  -1.8
2025-05-15 21:00:00,    3,   4.3,   5.7,   6.2,  980.8,  11.9,  41.0,  -0.9
2025-05-15 22:00:00,3,4.4,5.7,5.8,981.3,11.1,43.2,-0.9
2025-05-15 23:00:00,    3,   4.5,   5.8,   5.2,  981.5,   9.8,  48.2,  -0.6
2025-05-16 00:00:00,3,4.8,6.3,5.0,981.6,8.7,55.8,0.4
2025-05-16 01:00:00,    3,   4.6,   5.9,   3.7,  972.4,   6.9,  59.6,  -0.4
2025-05-16 02:00:00,    3,   4.8,   6.2,   4.1,  981.5,   7.2,  60.5,   0.1
2025-05-16 03:00:00,    3,   4.8,   6.2,   3.1,  972.3,   5.3,  69.5,   0.2
2025-05-16 04:00:00,    3,   4.8,   6.2,   2.4,  972.2,   4.1,  75.1,   0.1
2025-05-16 05:00:00,    3,   5.4,   7.0,   4.9,  981.4,   7.4,  68.0,   1.9
2025-05-16 06:00:00,    3,   5.0,   6.6,   5.5,  981.3,   9.2,  56.4,   1.0
2025-05-16 07:00:00,    3,   4.8,   6.3,   6.1,  981.4,  10.9,  48.5,   0.5
2025-05-16 08:00:00,3,5.2,6.9,7.5,972.0,12.9,46.0,1.6
2025-05-16 09:00:00,    3,   5.2,   6.9,   8.2,  981.1,  14.4,  42.0,   1.7
2025-05-16 10:00:00,    3,   4.9,   6.5,   8.4,  980.9,  15.4,  36.9,   0.8
2025-05-16 11:00:00,    3,   4.5,   6.0,   7.7,  971.5,  14.7,  35.9,  -0.2
2025-05-16 12:00:00,    3,   4.3,   5.7,   7.6,  971.4,  15.0,  33.2,  -1.0
2025-05-16 13:00:00,3,5.0,6.7,9.1,980.2,16.7,35.0,1.2
2025-05-16 14:00:00,    3,   5.5,   7.3,   9.5,  979.9,  16.4,  39.2,   2.5
2025-05-16 15:00:00,    3,   5.1,   6.8,   9.0,  979.5,  16.2,  36.7,   1.4
2025-05-16 16:00:00,    3,   5.4,   7.2,   9.0,  970.3,  15.7,  40.4,   2.3
2025-05-16 17:00:00,    3,   5.3,   7.0,   9.0,  978.9,  15.8,  39.0,   1.9
2025-05-16 18:00:00,    3,   5.2,   7.0,   8.5,  970.0,  14.9,  41.0,   1.8
2025-05-16 19:00:00,3,5.6,7.5,8.9,979.0,15.0,43.8,2.8
2025-05-16 20:00:00,    3,   5.7,   7.6,   8.8,  979.1,  14.5,  46.2,   3.1
2025-05-16 21:00:00,    3,   5.8,   7.6,   7.4,  970.2,  11.7,  55.1,   3.0
2025-05-16 22:00:00,    3,   5.7,   7.5,   7.7,  978.9,  12.3,  52.2,   2.8
2025-05-16 23:00:00,    3,   5.7,   7.5,   7.4,  978.8,  11.7,  54.7,   2.9
2025-05-17 00:00:00,    3,   5.8,   7.6,   7.7,  978.8,  12.0,  54.4,   3.1
2025-05-17 01:00:00,    3,   6.2,   8.2,   7.5,  979.2,  10.9,  62.8,   4.1
2025-05-17 02:00:00,    3,   6.7,   8.8,   7.7,  978.7,  10.4,  69.6,   5.1
2025-05-17 03:00:00,    3,   6.6,   8.6,   7.3,  978.2,   9.9,  70.5,   4.8
2025-05-17 04:00:00,    3,   6.6,   8.5,   6.5,  978.5,   8.3,  78.0,   4.7
2025-05-17 05:00:00,    3,   6.3,   8.1,   6.4,  969.7,   8.7,  72.3,   4.0
2025-05-17 06:00:00,3,6.7,8.8,8.0,979.1,11.0,66.9,5.1
2025-05-17 07:00:00,3,6.8,8.9,8.7,970.1,12.3,62.2,5.3
2025-05-17 08:00:00,    3,   6.9,   9.2,   9.4,  970.1,  13.4,  59.5,   5.7
2025-05-17 09:00:00,    3,   6.7,   8.9,   9.7,  970.0,  14.6,  53.6,   5.3
2025-05-17 10:00:00,    3,   7.0,   9.4,  10.9,  969.9,  16.4,  50.4,   6.1
2025-05-17 11:00:00,3,7.1,9.4,10.8,969.9,16.2,51.1,6.1
2025-05-17 12:00:00,    3,   6.6,   8.9,  10.5,  969.7,  16.5,  47.1,   5.2
2025-05-17 13:00:00,    3,   6.3,   8.5,  10.3,  969.4,  16.6,  44.9,   4.6
2025-05-17 14:00:00,    3,   6.3,   8.4,  10.8,  977.9,  17.8,  41.3,   4.5
2025-05-17 15:00:00,    3,   6.1,   8.2,  10.7,  977.7,  17.8,  40.1,   4.1
2025-05-17 16:00:00,    3,   6.1,   8.1,  10.5,  968.6,  17.5,  40.6,   4.0
2025-05-17 17:00:00,3,6.2,8.3,10.4,977.5,17.1,42.6,4.3
2025-05-17 18:00:00,3,6.2,8.4,10.3,977.5,16.8,43.7,4.4
2025-05-17 19:00:00,    3,   6.5,   8.6,   9.7,  968.9,  15.0,  50.4,   4.8
2025-05-17 20:00:00,    3,   7.0,   9.3,  10.1,  978.3,  14.7,  55.5,   5.9
2025-05-17 21:00:00,    3,   6.8,   9.0,   9.4,  969.6,  13.6,  58.0,   5.5
2025-05-17 22:00:00,3,6.5,8.6,8.1,969.8,11.4,63.8,4.8
2025-05-17 23:00:00,3,7.0,9.2,8.3,969.9,11.1,69.3,5.7
2025-05-18 00:00:00,    3,   7.0,   9.1,   7.6,  969.9,   9.7,  75.5,   5.6
2025-05-18 01:00:00,    3,   6.4,   8.4,   7.6,  978.4,  10.7,  65.4,   4.5
2025-05-18 02:00:00,3,6.4,8.3,6.7,969.4,9.0,72.3,4.3
2025-05-18 03:00:00,    3,   6.3,   8.3,   7.3,  978.3,  10.3,  65.8,   4.2
2025-05-18 04:00:00,    3,   6.7,   8.7,   7.1,  978.5,   9.2,  74.9,   5.0
2025-05-18 05:00:00,3,6.8,8.9,7.3,978.7,9.5,74.5,5.2
2025-05-18 06:00:00,    3,   7.0,   9.2,   7.9,  979.0,  10.1,  74.1,   5.7
2025-05-18 07:00:00,    3,   7.0,   9.2,   9.0,  970.2,  12.5,  63.6,   5.8
2025-05-18 08:00:00,    3,   7.1,   9.5,  10.1,  979.2,  14.4,  57.8,   6.2
2025-05-18 09:00:00,3,7.3,9.8,10.8,979.0,15.8,54.3,6.6
2025-05-18 10:00:00,    3,   6.8,   9.2,  10.9,  978.6,  16.9,  47.5,   5.7
2025-05-18 11:00:00,3,6.1,8.1,9.9,969.6,16.3,43.8,4.0
2025-05-18 12:00:00,    3,   6.2,   8.3,  10.3,  969.2,  17.0,  42.5,   4.2
2025-05-18 13:00:00,    3,   6.0,   8.1,  10.7,  968.8,  18.1,  39.1,   4.0
2025-05-18 14:00:00,    3,   6.2,   8.4,  11.1,  977.7,  18.6,  39.0,   4.4
2025-05-18 15:00:00,    3,   5.7,   7.6,  10.7,  968.3,  18.9,  34.9,   3.1
2025-05-18 16:00:00,    3,   5.6,   7.5,  10.8,  968.3,  19.2,  33.8,   2.9
2025-05-18 17:00:00,    3,   6.5,   8.8,  11.5,  977.5,  18.7,  40.7,   5.1
2025-05-18 18:00:00,    3,   7.3,   9.8,  11.6,  978.0,  17.5,  49.0,   6.7
2025-05-18 19:00:00,    3,   7.4,   9.8,  10.9,  978.7,  15.9,  54.3,   6.7
2025-05-18 20:00:00,    3,   7.3,   9.7,  10.0,  970.4,  14.1,  60.1,   6.5
2025-05-18 21:00:00,3,7.5,10.0,9.5,979.9,12.5,68.6,6.9
2025-05-18 22:00:00,    3,   7.5,   9.8,   9.1,  980.1,  11.7,  71.3,   6.7
2025-05-18 23:00:00,    3,   7.2,   9.4,   7.9,  971.2,   9.8,  77.7,   6.1
2025-05-19 00:00:00,    3,   7.3,   9.6,   8.6,  980.2,  11.1,  72.2,   6.3
2025-05-19 01:00:00,    3,   7.3,   9.6,   8.0,  980.3,   9.8,  78.8,   6.3
2025-05-19 02:00:00,    3,   7.4,   9.7,   7.6,  980.4,   8.8,  85.4,   6.5
2025-05-19 03:00:00,3,6.9,9.0,6.2,971.5,7.0,89.5,5.4
2025-05-19 04:00:00,    3,   6.9,   9.0,   6.0,  971.5,   6.6,  92.0,   5.4
2025-05-19 05:00:00,    3,   7.1,   9.2,   6.7,  972.0,   7.6,  88.3,   5.8
2025-05-19 06:00:00,3,7.2,9.4,7.9,972.2,9.8,77.7,6.1
2025-05-19 07:00:00,    3,   6.9,   9.2,   9.0,  981.6,  12.5,  63.1,   5.7
2025-05-19 08:00:00,    3,   7.1,   9.6,  11.1,  981.7,  16.7,  50.2,   6.3
2025-05-19 09:00:00,3,6.8,9.2,10.9,972.6,16.8,47.8,5.7
2025-05-19 10:00:00,3,6.3,8.4,10.6,972.4,17.4,42.3,4.5
2025-05-19 11:00:00,3,6.2,8.3,11.2,980.9,18.9,38.0,4.3
2025-05-19 12:00:00,3,5.9,8.0,11.4,980.5,19.8,34.4,3.7
2025-05-19 13:00:00,3,6.1,8.3,12.0,980.0,20.8,33.5,4.2
2025-05-19 14:00:00,    3,   5.6,   7.6,  11.9,  970.3,  21.6,  29.3,   3.0
2025-05-19 15:00:00,    3,   5.2,   7.1,  11.3,  969.9,  21.1,  28.4,   2.1
2025-05-19 16:00:00,3,5.4,7.4,11.8,978.8,21.6,28.5,2.6
2025-05-19 17:00:00,    3,   5.7,   7.7,  12.0,  978.6,  21.6,  30.0,   3.3
2025-05-19 18:00:00,    3,   5.7,   7.7,  11.4,  969.5,  20.3,  32.2,   3.2
2025-05-19 19:00:00,3,6.0,8.1,10.9,978.8,18.5,38.1,4.0
2025-05-19 20:00:00,3,5.9,7.9,9.6,970.3,15.8,44.0,3.6
2025-05-19 21:00:00,3,6.3,8.4,10.0,979.5,15.9,46.3,4.4
2025-05-19 22:00:00,3,6.6,8.7,9.7,979.7,14.7,52.1,5.0
2025-05-19 23:00:00,    3,   6.5,   8.6,   9.7,  979.6,  15.0,  50.4,   4.8
2025-05-20 00:00:00,    3,   6.5,   8.6,   9.4,  979.7,  14.3,  52.7,   4.8
2025-05-20 01:00:00,    3,   6.6,   8.7,   8.9,  979.4,  13.1,  57.8,   5.0
2025-05-20 02:00:00,    3,   6.7,   8.9,   8.9,  979.0,  12.8,  59.8,   5.2
2025-05-20 03:00:00,3,6.6,8.7,7.4,969.7,9.9,71.0,4.9
2025-05-20 04:00:00,    3,   6.9,   9.0,   7.4,  970.0,   9.5,  75.5,   5.4
2025-05-20 05:00:00,    3,   7.3,   9.6,   9.0,  970.1,  12.0,  68.0,   6.3
2025-05-20 06:00:00,3,7.4,9.8,9.9,979.5,13.7,62.1,6.6
2025-05-20 07:00:00,3,7.8,10.3,10.7,970.5,14.7,61.5,7.4
2025-05-20 08:00:00,    3,   7.9,  10.7,  12.2,  979.4,  17.6,  52.9,   7.9
2025-05-20 09:00:00,    3,   7.6,  10.2,  12.9,  979.0,  20.0,  43.7,   7.3
2025-05-20 10:00:00,3,6.8,9.2,12.6,978.8,20.8,37.5,5.8
2025-05-20 11:00:00,    3,   7.3,   9.9,  13.4,  978.5,  21.9,  37.6,   6.8
2025-05-20 12:00:00,3,7.3,10.0,13.6,978.0,22.2,37.2,6.9
2025-05-20 13:00:00,3,6.9,9.4,13.0,977.5,21.6,36.5,6.1
2025-05-20 14:00:00,    3,   7.2,   9.8,  13.4,  968.2,  22.1,  36.9,   6.7
2025-05-20 15:00:00,    3,   7.2,   9.8,  13.1,  968.1,  21.2,  39.0,   6.7
2025-05-20 16:00:00,    3,   6.6,   9.0,  12.4,  968.1,  20.8,  36.5,   5.4
2025-05-20 17:00:00,    3,   6.7,   9.2,  12.6,  967.9,  21.0,  36.8,   5.7
2025-05-20 18:00:00,    3,   7.1,   9.7,  12.8,  968.0,  20.7,  39.6,   6.5
2025-05-20 19:00:00,3,7.1,9.6,12.7,976.9,20.5,39.8,6.4
2025-05-20 20:00:00,    3,   7.2,   9.7,  12.2,  968.3,  19.2,  43.5,   6.5
2025-05-20 21:00:00,3,7.1,9.6,12.2,977.4,19.2,42.9,6.3
2025-05-20 22:00:00,    3,   7.6,  10.2,  12.2,  977.4,  18.2,  48.9,   7.3
2025-05-20 23:00:00,    3,   8.4,  11.3,  12.0,  968.6,  16.4,  60.3,   8.7
2025-05-21 00:00:00,    3,   8.2,  11.0,  12.1,  977.4,  16.9,  57.2,   8.4
2025-05-21 01:00:00,    3,   8.5,  11.3,  11.5,  968.1,  15.2,  65.1,   8.7
2025-05-21 02:00:00,    3,   8.1,  10.9,  11.7,  977.0,  16.1,  59.4,   8.2
2025-05-21 03:00:00,    3,   8.8,  11.6,  11.7,  976.9,  15.0,  68.2,   9.2
2025-05-21 04:00:00,    3,   9.1,  12.1,  11.9,  977.0,  14.6,  72.9,   9.8
2025-05-21 05:00:00,    3,   9.4,  12.5,  12.3,  977.0,  15.1,  72.5,  10.2
2025-05-21 06:00:00,    3,   9.4,  12.6,  12.8,  977.0,  16.2,  68.5,  10.4
2025-05-21 07:00:00,    3,   9.5,  12.7,  12.9,  968.0,  16.2,  68.9,  10.5
2025-05-21 08:00:00,    3,   9.4,  12.6,  13.3,  967.9,  17.3,  63.8,  10.4
2025-05-21 09:00:00,3,8.7,11.8,13.5,967.7,19.1,53.3,9.4
2025-05-21 10:00:00,3,10.6,14.3,14.6,976.6,18.2,68.4,12.3
2025-05-21 11:00:00,    3,  11.1,  14.8,  13.4,  967.9,  14.3,  90.7,  12.8
2025-05-21 12:00:00,    3,  10.8,  14.4,  13.6,  967.1,  15.4,  82.3,  12.4
2025-05-21 13:00:00,    3,  10.0,  13.3,  13.1,  967.2,  15.8,  74.1,  11.2
2025-05-21 14:00:00,    3,  10.5,  14.0,  12.9,  967.2,  14.3,  85.5,  11.9
2025-05-21 15:00:00,    3,  11.1,  14.7,  13.6,  966.5,  14.9,  86.7,  12.7
2025-05-21 16:00:00,    3,  11.4,  15.2,  14.2,  966.0,  15.8,  84.5,  13.2
2025-05-21 17:00:00,    3,   9.7,  12.8,  11.3,  965.5,  12.3,  89.3,  10.6
2025-05-21 18:00:00,3,9.7,12.8,11.5,965.2,12.7,87.0,10.6
2025-05-21 19:00:00,    3,  10.0,  13.1,  11.6,  974.1,  12.5,  90.6,  11.0
2025-05-21 20:00:00,    3,   9.7,  12.8,  11.6,  974.2,  12.9,  85.9,  10.6
2025-05-21 21:00:00,    3,   9.8,  13.0,  11.7,  974.9,  13.0,  86.5,  10.8
2025-05-21 22:00:00,    3,   9.2,  12.0,  10.7,  975.2,  11.9,  86.4,   9.7
2025-05-21 23:00:00,    3,   9.4,  12.3,  10.6,  975.2,  11.4,  91.1,  10.0
2025-05-22 00:00:00,    3,   9.6,  12.6,  10.5,  965.7,  10.6,  98.7,  10.4
2025-05-22 01:00:00,    3,   9.3,  12.1,  10.1,  964.9,  10.4,  96.1,   9.8
2025-05-22 02:00:00,    3,   9.7,  12.7,  10.7,  973.5,  11.0,  96.7,  10.5
2025-05-22 03:00:00,    3,   9.5,  12.5,  10.6,  973.0,  11.1,  94.2,  10.2
2025-05-22 04:00:00,3,8.8,11.5,9.3,964.2,9.6,96.0,9.0
2025-05-22 05:00:00,    3,   9.1,  11.9,  10.0,  973.4,  10.6,  92.9,   9.5
2025-05-22 06:00:00,    3,   8.9,  11.6,   9.7,  973.8,  10.3,  92.9,   9.2
2025-05-22 07:00:00,    3,   8.5,  11.2,   9.4,  965.1,  10.4,  88.6,   8.6
2025-05-22 08:00:00,    3,   9.1,  11.9,  10.0,  965.4,  10.6,  92.9,   9.5
2025-05-22 09:00:00,    3,   9.1,  12.0,  10.2,  965.6,  10.9,  91.7,   9.6
2025-05-22 10:00:00,    3,   8.4,  11.0,   9.2,  966.2,  10.3,  87.4,   8.3
2025-05-22 11:00:00,    3,   7.7,  10.1,   8.4,  966.8,   9.8,  83.2,   7.1
2025-05-22 12:00:00,    3,   7.9,  10.4,   9.2,  967.0,  11.1,  78.4,   7.5
2025-05-22 13:00:00,    3,   6.9,   9.2,  10.0,  975.3,  14.8,  54.4,   5.7
2025-05-22 14:00:00,    3,   5.8,   7.7,   8.9,  966.8,  14.6,  46.5,   3.3
2025-05-22 15:00:00,3,6.3,8.4,9.3,966.9,14.5,50.6,4.4
2025-05-22 16:00:00,    3,   6.0,   8.0,   9.3,  967.5,  15.1,  46.3,   3.7
2025-05-22 17:00:00,3,5.9,7.9,9.1,976.5,14.9,46.3,3.5
2025-05-22 18:00:00,    3,   5.7,   7.5,   8.1,  968.1,  13.1,  49.9,   2.9
2025-05-22 19:00:00,    3,   5.5,   7.3,   7.6,  968.8,  12.5,  50.0,   2.4
2025-05-22 20:00:00,    3,   5.8,   7.7,   7.5,  969.4,  11.6,  56.2,   3.2
2025-05-22 21:00:00,    3,   6.0,   7.9,   7.1,  969.7,  10.5,  61.8,   3.5
2025-05-22 22:00:00,3,6.0,7.8,6.4,969.6,9.3,66.5,3.4
2025-05-22 23:00:00,    3,   6.2,   8.1,   6.9,  978.5,   9.8,  67.1,   4.0
2025-05-23 00:00:00,3,6.2,8.0,5.8,969.4,7.6,76.8,3.8
2025-05-23 01:00:00,    3,   6.4,   8.3,   5.6,  969.2,   6.9,  83.5,   4.3
2025-05-23 02:00:00,    3,   6.5,   8.4,   5.8,  968.9,   7.0,  84.1,   4.5
2025-05-23 03:00:00,3,6.1,7.9,5.5,977.9,7.2,77.8,3.6
2025-05-23 04:00:00,3,6.2,8.0,4.9,969.1,5.9,85.7,3.7
2025-05-23 05:00:00,3,7.0,9.1,6.3,978.3,7.1,90.1,5.6
2025-05-23 06:00:00,3,6.1,7.9,5.8,969.8,7.9,74.2,3.6
2025-05-23 07:00:00,    3,   6.1,   8.0,   6.2,  979.2,   8.5,  71.7,   3.7
2025-05-23 08:00:00,    3,   5.9,   7.7,   6.3,  979.6,   9.1,  66.5,   3.2
2025-05-23 09:00:00,3,5.4,7.1,6.2,970.6,10.0,57.4,2.0
2025-05-23 10:00:00,3,5.7,7.5,7.8,979.6,12.6,51.2,2.8
2025-05-23 11:00:00,    3,   5.8,   7.6,   8.4,  979.7,  13.6,  48.9,   3.1
2025-05-23 12:00:00,    3,   5.1,   6.7,   7.4,  970.5,  13.0,  44.8,   1.3
2025-05-23 13:00:00,    3,   5.0,   6.6,   7.9,  979.4,  14.1,  41.1,   1.1
2025-05-23 14:00:00,    3,   5.1,   6.7,   7.8,  970.2,  13.8,  42.5,   1.3
2025-05-23 15:00:00,    3,   5.2,   6.9,   7.8,  970.1,  13.7,  43.7,   1.6
2025-05-23 16:00:00,3,5.0,6.6,7.9,979.5,14.1,41.1,1.1
2025-05-23 17:00:00,    3,   4.9,   6.5,   7.7,  979.8,  13.9,  41.0,   0.9
2025-05-23 18:00:00,    3,   4.7,   6.2,   7.2,  971.2,  13.2,  41.1,   0.3
2025-05-23 19:00:00,    3,   4.9,   6.4,   6.7,  971.7,  11.9,  46.1,   0.7
2025-05-23 20:00:00,    3,   5.1,   6.7,   6.0,  972.3,  10.2,  53.5,   1.2
2025-05-23 21:00:00,    3,   5.2,   6.8,   6.4,  981.5,  10.8,  52.5,   1.5
2025-05-23 22:00:00,    3,   5.2,   6.8,   5.8,  981.7,   9.7,  56.1,   1.4
2025-05-23 23:00:00,    3,   5.1,   6.7,   5.4,  981.9,   9.0,  58.0,   1.2
2025-05-24 00:00:00,3,5.1,6.6,3.7,972.9,5.7,72.2,1.1
2025-05-24 01:00:00,    3,   5.3,   6.8,   3.4,  972.7,   5.0,  78.0,   1.5
2025-05-24 02:00:00,    3,   5.7,   7.4,   4.8,  981.4,   6.7,  75.5,   2.7
2025-05-24 03:00:00,    3,   5.8,   7.4,   4.6,  981.4,   6.2,  78.2,   2.7
2025-05-24 04:00:00,    3,   5.0,   6.3,   2.2,  972.8,   3.5,  80.6,   0.5
2025-05-24 05:00:00,    3,   5.7,   7.3,   4.6,  981.8,   6.3,  76.6,   2.5
2025-05-24 06:00:00,    3,   6.0,   7.7,   5.5,  972.9,   7.5,  74.6,   3.3
2025-05-24 07:00:00,    3,   5.7,   7.5,   6.9,  973.1,  10.6,  58.8,   2.9
2025-05-24 08:00:00,    3,   6.0,   7.9,   7.8,  973.2,  12.1,  55.6,   3.5
2025-05-24 09:00:00,3,5.5,7.3,8.1,973.2,13.4,47.5,2.5
2025-05-24 10:00:00,3,5.3,7.0,7.7,973.1,13.1,46.4,1.9
2025-05-24 11:00:00,3,5.2,6.9,8.4,981.7,14.8,40.7,1.6
2025-05-24 12:00:00,3,4.8,6.4,8.4,981.1,15.5,36.2,0.6
2025-05-24 13:00:00,3,4.5,6.1,8.4,980.8,16.1,33.1,-0.1
2025-05-24 14:00:00,    3,   4.7,   6.3,   9.0,  980.4,  17.0,  32.4,   0.4
2025-05-24 15:00:00,3,4.5,6.1,8.7,980.2,16.7,31.8,-0.1
2025-05-24 16:00:00,3,4.7,6.3,8.6,979.9,16.1,34.6,0.5
2025-05-24 17:00:00,    3,   5.0,   6.7,   8.6,  970.9,  15.5,  37.8,   1.2
2025-05-24 18:00:00,    3,   5.3,   7.1,   8.9,  980.3,  15.5,  40.0,   2.0
2025-05-24 19:00:00,    3,   5.6,   7.4,   9.0,  980.6,  15.2,  42.9,   2.7
2025-05-24 20:00:00,    3,   6.3,   8.3,   8.9,  981.1,  13.6,  53.3,   4.3
2025-05-24 21:00:00,3,7.2,9.5,9.0,981.3,12.1,67.1,6.2
2025-05-24 22:00:00,    3,   6.7,   8.8,   8.5,  972.3,  12.1,  62.2,   5.1
2025-05-24 23:00:00,    3,   6.9,   9.2,   9.0,  980.6,  12.5,  63.1,   5.7
2025-05-25 00:00:00,3,7.9,10.4,9.0,980.5,10.7,80.6,7.5
2025-05-25 01:00:00,    3,   7.7,  10.0,   8.7,  971.1,  10.6,  78.4,   7.0
2025-05-25 02:00:00,    3,   8.0,  10.5,   8.7,  970.7,   9.8,  86.7,   7.7
2025-05-25 03:00:00,    3,   8.3,  10.8,   8.9,  970.3,   9.9,  88.5,   8.1
2025-05-25 04:00:00,    3,   8.0,  10.5,   9.0,  970.0,  10.5,  82.8,   7.7
2025-05-25 05:00:00,    3,   8.1,  10.6,   9.3,  969.8,  11.1,  80.1,   7.8
2025-05-25 06:00:00,3,8.6,11.3,9.7,970.0,11.0,85.7,8.7
2025-05-25 07:00:00,    3,   9.6,  12.6,  10.9,  978.7,  11.6,  92.3,  10.4
2025-05-25 08:00:00,    3,  10.0,  13.1,  11.7,  978.9,  12.6,  90.0,  11.0
2025-05-25 09:00:00,3,10.1,13.4,12.0,978.9,12.9,90.0,11.3
2025-05-25 10:00:00,3,10.3,13.7,12.4,978.4,13.6,87.7,11.6
2025-05-25 11:00:00,3,10.7,14.3,13.6,969.1,15.6,80.7,12.3
2025-05-25 12:00:00,3,10.7,14.4,14.4,977.4,17.4,72.4,12.4
2025-05-25 13:00:00,    3,   9.6,  13.0,  14.0,  977.3,  18.7,  60.0,  10.8
2025-05-25 14:00:00,    3,   9.2,  12.5,  14.3,  968.3,  20.2,  52.5,  10.2
2025-05-25 15:00:00,    3,   8.7,  11.7,  13.8,  968.1,  20.1,  49.8,   9.3
2025-05-25 16:00:00,3,8.9,12.0,13.6,967.9,19.0,54.7,9.7
2025-05-25 17:00:00,    3,   9.8,  13.2,  14.7,  976.8,  20.0,  56.5,  11.1
2025-05-25 18:00:00,    3,   9.5,  12.8,  14.3,  977.0,  19.6,  56.0,  10.6
2025-05-25 19:00:00,    3,   9.1,  12.3,  13.6,  977.4,  18.7,  56.9,  10.0
2025-05-25 20:00:00,    3,   9.4,  12.6,  12.8,  968.9,  16.2,  68.5,  10.4
2025-05-25 21:00:00,3,10.4,13.9,13.1,969.3,14.9,81.7,11.8
2025-05-25 22:00:00,3,11.1,14.7,13.5,978.6,14.6,88.4,12.7
2025-05-25 23:00:00,    3,  10.1,  13.4,  12.7,  969.7,  14.7,  80.0,  11.3
2025-05-26 00:00:00,    3,  10.0,  13.2,  12.5,  969.8,  14.5,  80.0,  11.1
2025-05-26 01:00:00,    3,  10.1,  13.4,  12.3,  969.8,  13.7,  85.4,  11.3
2025-05-26 02:00:00,    3,  10.1,  13.3,  11.9,  970.0,  12.9,  89.4,  11.2
2025-05-26 03:00:00,3,10.4,13.7,12.0,970.3,12.6,93.6,11.6
2025-05-26 04:00:00,    3,   9.9,  13.1,  12.0,  979.8,  13.4,  85.4,  11.0
2025-05-26 05:00:00,    3,   9.5,  12.6,  11.6,  980.5,  13.3,  82.6,  10.4
2025-05-26 06:00:00,3,8.2,10.9,10.5,981.1,13.2,71.6,8.2
2025-05-26 07:00:00,3,8.3,11.0,11.0,972.0,14.4,66.7,8.3
2025-05-26 08:00:00,3,7.9,10.5,11.2,972.5,15.6,59.3,7.7
2025-05-26 09:00:00,3,7.4,9.8,10.9,981.9,15.8,54.6,6.7
2025-05-26 10:00:00,    3,   6.8,   9.1,  10.2,  982.0,  15.4,  51.9,   5.6
2025-05-26 11:00:00,    3,   6.6,   8.9,  10.4,  972.9,  16.2,  48.0,   5.2
2025-05-26 12:00:00,    3,   6.9,   9.2,  11.3,  973.0,  17.8,  45.2,   5.8
2025-05-26 13:00:00,    3,   6.5,   8.7,  10.7,  982.2,  17.1,  44.4,   4.9
2025-05-26 14:00:00,    3,   6.3,   8.5,  10.5,  982.3,  17.0,  43.7,   4.6
2025-05-26 15:00:00,    3,   6.6,   8.9,  11.2,  982.4,  17.9,  43.4,   5.3
2025-05-26 16:00:00,    3,   6.4,   8.6,  11.0,  982.4,  17.9,  41.9,   4.8
2025-05-26 17:00:00,    3,   6.2,   8.4,  10.7,  973.3,  17.6,  41.5,   4.4
2025-05-26 18:00:00,3,6.8,9.1,10.8,982.7,16.7,47.8,5.6
2025-05-26 19:00:00,3,6.4,8.5,10.2,983.2,16.2,46.3,4.7
2025-05-26 20:00:00,    3,   6.7,   8.9,   9.9,  983.6,  14.8,  52.9,   5.3
2025-05-26 21:00:00,    3,   7.0,   9.2,   9.5,  975.2,  13.5,  59.6,   5.8
2025-05-26 22:00:00,    3,   7.3,   9.7,   9.3,  975.3,  12.5,  66.7,   6.5
2025-05-26 23:00:00,    3,   7.2,   9.5,   8.7,  975.0,  11.5,  69.8,   6.2
2025-05-27 00:00:00,3,7.0,9.2,9.0,983.6,12.4,64.0,5.8
2025-05-27 01:00:00,    3,   7.1,   9.4,   9.3,  983.4,  12.8,  63.7,   6.1
2025-05-27 02:00:00,    3,   7.5,   9.9,   9.0,  983.1,  11.5,  72.8,   6.8
2025-05-27 03:00:00,3,7.8,10.2,8.7,983.1,10.4,80.5,7.2
2025-05-27 04:00:00,3,7.4,9.7,8.6,974.5,10.9,74.2,6.5
2025-05-27 05:00:00,3,8.1,10.7,9.4,983.3,11.1,80.6,7.9
2025-05-27 06:00:00,    3,   8.1,  10.7,  10.0,  983.9,  12.4,  74.0,   7.9
2025-05-27 07:00:00,    3,   8.0,  10.5,  10.2,  975.4,  13.1,  69.7,   7.7
2025-05-27 08:00:00,    3,   7.6,  10.1,  10.5,  975.5,  14.4,  61.5,   7.1
2025-05-27 09:00:00,3,7.7,10.2,11.1,975.5,15.8,56.9,7.3
2025-05-27 10:00:00,    3,   7.7,  10.3,  11.8,  984.3,  17.2,  52.4,   7.4
2025-05-27 11:00:00,    3,   7.6,  10.2,  12.0,  984.1,  17.9,  49.5,   7.2
2025-05-27 12:00:00,    3,   7.5,  10.0,  12.0,  983.8,  18.1,  48.2,   7.0
2025-05-27 13:00:00,    3,   7.6,  10.2,  12.0,  974.6,  17.8,  50.1,   7.3
2025-05-27 14:00:00,3,7.5,10.1,11.8,974.3,17.5,50.4,7.1
2025-05-27 15:00:00,3,7.8,10.5,12.9,983.0,19.5,46.3,7.7
2025-05-27 16:00:00,    3,   7.7,  10.4,  12.4,  973.8,  18.7,  48.0,   7.5
2025-05-27 17:00:00,    3,   7.5,  10.1,  12.2,  973.8,  18.5,  47.3,   7.1
2025-05-27 18:00:00,    3,   7.8,  10.4,  12.2,  973.8,  18.1,  50.2,   7.6
2025-05-27 19:00:00,    3,   7.9,  10.6,  12.0,  973.9,  17.2,  53.9,   7.8
2025-05-27 20:00:00,3,8.0,10.7,12.4,983.0,17.9,52.3,8.0
2025-05-27 21:00:00,    3,   8.2,  11.0,  12.3,  982.8,  17.5,  54.7,   8.3
2025-05-27 22:00:00,    3,   8.2,  11.0,  12.1,  982.8,  16.9,  57.2,   8.4
2025-05-27 23:00:00,    3,   8.2,  11.0,  11.5,  973.7,  15.6,  61.7,   8.3
2025-05-28 00:00:00,3,8.3,11.1,11.5,973.5,15.4,63.4,8.5
2025-05-28 01:00:00,3,9.0,12.0,12.2,981.4,15.6,67.4,9.6
2025-05-28 02:00:00,3,8.8,11.7,12.0,981.1,15.5,66.5,9.3
2025-05-28 03:00:00,    3,   8.8,  11.7,  12.0,  981.0,  15.4,  66.9,   9.3
2025-05-28 04:00:00,    3,   9.1,  12.1,  11.6,  971.9,  14.0,  75.8,   9.8
2025-05-28 05:00:00,    3,   9.3,  12.3,  11.8,  971.8,  14.3,  75.3,  10.0
2025-05-28 06:00:00,    3,   9.3,  12.5,  12.6,  980.1,  15.8,  69.3,  10.2
2025-05-28 07:00:00,    3,   9.6,  12.9,  13.2,  980.3,  16.6,  68.1,  10.7
2025-05-28 08:00:00,    3,  10.8,  14.3,  13.3,  981.0,  14.7,  85.5,  12.3
2025-05-28 09:00:00,    3,  10.8,  14.3,  13.3,  972.1,  14.8,  85.0,  12.3
2025-05-28 10:00:00,3,10.0,13.2,12.5,972.3,14.5,80.0,11.1
2025-05-28 11:00:00,3,10.5,14.0,13.6,972.0,16.0,77.1,12.0
2025-05-28 12:00:00,    3,  10.3,  13.7,  13.1,  972.3,  15.2,  79.1,  11.6
2025-05-28 13:00:00,    3,  10.7,  14.2,  13.7,  972.2,  15.8,  79.2,  12.2
2025-05-28 14:00:00,    3,  10.3,  13.8,  13.8,  972.0,  16.9,  71.4,  11.7
2025-05-28 15:00:00,    3,   9.7,  13.0,  13.4,  972.1,  17.1,  66.4,  10.8
2025-05-28 16:00:00,3,9.7,13.0,13.3,972.4,16.9,67.3,10.8
2025-05-28 17:00:00,    3,   9.4,  12.6,  13.2,  981.0,  17.1,  64.7,  10.4
2025-05-28 18:00:00,    3,  10.1,  13.5,  12.8,  981.4,  14.8,  80.1,  11.4
2025-05-28 19:00:00,3,11.2,14.9,13.5,981.8,14.3,91.3,12.9
2025-05-28 20:00:00,3,11.1,14.7,13.2,982.7,13.8,93.1,12.7
2025-05-28 21:00:00,3,10.3,13.6,12.2,974.0,13.3,88.8,11.5
2025-05-28 22:00:00,3,9.9,13.1,11.6,983.7,12.5,90.0,10.9
2025-05-28 23:00:00,    3,  10.2,  13.4,  11.7,  983.8,  12.2,  94.2,  11.3
2025-05-29 00:00:00,    3,  10.0,  13.1,  11.4,  975.3,  12.0,  93.6,  11.0
2025-05-29 01:00:00,    3,  10.0,  13.1,  11.4,  975.5,  11.9,  94.2,  11.0
2025-05-29 02:00:00,3,10.1,13.3,11.6,984.7,12.1,94.2,11.2
2025-05-29 03:00:00,    3,   9.9,  13.1,  11.2,  985.0,  11.7,  94.8,  10.9
2025-05-29 04:00:00,    3,   9.7,  12.8,  11.0,  985.6,  11.6,  93.6,  10.6
2025-05-29 05:00:00,    3,   9.9,  13.1,  11.5,  986.3,  12.2,  91.7,  10.9
2025-05-29 06:00:00,    3,   9.8,  12.9,  11.5,  977.8,  12.7,  87.6,  10.7
2025-05-29 07:00:00,3,9.8,13.0,11.8,977.8,13.2,85.3,10.8
2025-05-29 08:00:00,3,10.2,13.6,12.7,978.2,14.3,83.2,11.5
2025-05-29 09:00:00,    3,   9.5,  12.7,  12.6,  977.7,  15.4,  72.5,  10.5
2025-05-29 10:00:00,    3,   9.4,  12.6,  12.9,  977.8,  16.3,  68.0,  10.4
2025-05-29 11:00:00,    3,   9.7,  13.0,  13.3,  977.8,  16.8,  67.7,  10.8
2025-05-29 12:00:00,3,9.4,12.6,13.8,986.9,18.6,58.8,10.4
2025-05-29 13:00:00,    3,   8.7,  11.8,  13.6,  986.5,  19.3,  52.7,   9.4
2025-05-29 14:00:00,    3,   8.8,  11.9,  13.7,  986.3,  19.5,  52.4,   9.5
2025-05-29 15:00:00,3,9.0,12.2,14.0,986.1,19.7,53.1,9.9
2025-05-29 16:00:00,3,8.6,11.6,13.6,985.8,19.6,50.6,9.1
2025-05-29 17:00:00,3,8.6,11.6,13.6,976.5,19.5,51.3,9.2
2025-05-29 18:00:00,3,8.9,12.0,13.8,985.6,19.5,53.1,9.7
2025-05-29 19:00:00,    3,   9.5,  12.8,  14.0,  985.7,  18.9,  58.5,  10.6
2025-05-29 20:00:00,    3,   9.5,  12.8,  13.4,  976.8,  17.3,  64.7,  10.6
2025-05-29 21:00:00,    3,   9.8,  13.1,  13.6,  977.2,  17.2,  66.9,  11.0
2025-05-29 22:00:00,    3,   9.7,  13.1,  14.0,  986.4,  18.4,  61.6,  10.9
2025-05-29 23:00:00,    3,   9.4,  12.7,  13.7,  986.3,  18.2,  60.7,  10.5
2025-05-30 00:00:00,    3,  10.3,  13.9,  13.9,  986.2,  17.0,  71.4,  11.8
2025-05-30 01:00:00,    3,  10.0,  13.4,  13.7,  986.2,  17.1,  68.7,  11.3
2025-05-30 02:00:00,    3,   9.9,  13.1,  12.5,  977.0,  14.5,  79.5,  11.0
2025-05-30 03:00:00,3,10.4,14.0,13.6,986.1,16.2,75.6,11.9
2025-05-30 04:00:00,3,10.4,13.9,12.9,977.2,14.5,83.8,11.8
2025-05-30 05:00:00,    3,  10.4,  13.9,  13.5,  986.1,  16.0,  76.1,  11.8
2025-05-30 06:00:00,    3,  10.1,  13.5,  13.9,  977.1,  17.5,  67.4,  11.4
2025-05-30 07:00:00,    3,   9.7,  13.1,  14.2,  977.1,  19.0,  59.7,  11.0
2025-05-30 08:00:00,    3,   9.9,  13.4,  15.0,  976.8,  20.5,  55.5,  11.3
2025-05-30 09:00:00,3,9.6,13.1,15.6,985.5,22.6,47.9,11.0
2025-05-30 10:00:00,    3,   9.5,  13.1,  15.8,  985.1,  23.3,  45.6,  10.9
2025-05-30 11:00:00,    3,  10.0,  13.7,  16.5,  984.7,  24.1,  45.5,  11.6
2025-05-30 12:00:00,3,10.5,14.4,17.2,984.3,25.0,45.4,12.4
2025-05-30 13:00:00,3,10.8,14.9,17.7,984.0,25.9,44.5,12.9
2025-05-30 14:00:00,3,10.9,15.1,17.7,984.0,25.4,46.5,13.1
2025-05-30 15:00:00,3,11.2,15.5,18.1,974.8,26.2,45.5,13.5
2025-05-30 16:00:00,    3,  11.0,  15.2,  18.0,  983.5,  26.1,  44.9,  13.2
2025-05-30 17:00:00,    3,  10.7,  14.8,  17.6,  974.6,  25.8,  44.5,  12.8
2025-05-30 18:00:00,    3,  10.6,  14.6,  17.2,  974.6,  25.0,  46.0,  12.6
2025-05-30 19:00:00,    3,  10.9,  15.0,  17.4,  983.3,  24.7,  48.1,  13.0
2025-05-30 20:00:00,    3,  11.0,  15.1,  16.8,  983.2,  22.9,  54.0,  13.1
2025-05-30 21:00:00,    3,  11.8,  16.0,  16.7,  983.2,  21.3,  63.1,  14.0
2025-05-30 22:00:00,    3,  11.7,  15.8,  15.9,  983.1,  19.5,  69.6,  13.8
2025-05-30 23:00:00,    3,  11.1,  14.8,  13.9,  974.3,  15.5,  83.9,  12.8
2025-05-31 00:00:00,3,10.6,14.1,13.1,974.3,14.5,85.5,12.1
2025-05-31 01:00:00,3,10.7,14.1,13.0,974.2,14.2,87.2,12.1
2025-05-31 02:00:00,    3,  10.5,  13.9,  12.1,  974.2,  12.6,  94.9,  11.8
2025-05-31 03:00:00,    3,  10.6,  14.0,  12.3,  974.2,  12.8,  94.9,  12.0
2025-05-31 04:00:00,    3,  10.7,  14.1,  12.2,  974.1,  12.3,  98.7,  12.1
2025-05-31 05:00:00,    3,  10.8,  14.4,  13.3,  974.3,  14.6,  86.6,  12.4
2025-05-31 06:00:00,3,11.3,15.2,14.8,974.3,17.4,76.3,13.2
2025-05-31 07:00:00,    3,  11.7,  15.9,  16.3,  983.1,  20.3,  66.7,  13.9
2025-05-31 08:00:00,    3,  12.2,  16.8,  17.7,  983.1,  23.2,  58.8,  14.7
2025-05-31 09:00:00,    3,  12.8,  17.6,  18.7,  974.0,  24.8,  56.3,  15.5
2025-05-31 10:00:00,3,11.0,15.3,18.3,982.5,27.1,42.6,13.3
2025-05-31 11:00:00,3,11.2,15.5,18.5,973.5,27.5,42.1,13.5
2025-05-31 12:00:00,3,11.4,15.8,18.9,973.0,28.2,41.3,13.8
2025-05-31 13:00:00,    3,  11.5,  16.0,  19.3,  981.1,  29.1,  39.7,  14.0
2025-05-31 14:00:00,    3,  10.7,  14.9,  18.8,  971.8,  29.3,  36.5,  12.9
2025-05-31 15:00:00,    3,  11.2,  15.7,  19.3,  971.4,  29.7,  37.6,  13.7
2025-05-31 16:00:00,    3,  11.5,  16.1,  19.5,  979.9,  29.3,  39.5,  14.1
2025-05-31 17:00:00,    3,  11.4,  15.6,  17.3,  980.4,  23.6,  53.5,  13.6
2025-05-31 18:00:00,    3,  12.2,  16.5,  16.5,  982.2,  20.0,  70.6,  14.5
2025-05-31 19:00:00,    3,  13.2,  17.7,  16.7,  973.8,  18.6,  82.7,  15.6
2025-05-31 20:00:00,3,13.3,17.9,16.6,974.4,18.1,85.9,15.7
2025-05-31 21:00:00,3,13.4,18.0,16.5,972.9,17.9,87.5,15.8
2025-05-31 22:00:00,    3,  13.6,  18.3,  16.6,  980.9,  17.6,  90.9,  16.1
2025-05-31 23:00:00,    3,  12.9,  17.3,  15.5,  971.9,  16.1,  94.4,  15.2
2025-06-01 00:00:00,    3,  12.5,  16.8,  15.2,  971.9,  16.1,  91.4,  14.7
2025-06-01 01:00:00,    3,  12.4,  16.6,  15.3,  971.5,  16.5,  88.5,  14.6
2025-06-01 02:00:00,3,12.3,16.4,15.2,970.9,16.6,86.8,14.4
2025-06-01 03:00:00,    3,  12.5,  16.8,  15.9,  979.6,  18.1,  80.5,  14.7
2025-06-01 04:00:00,    3,  12.1,  16.3,  15.9,  979.8,  18.7,  75.6,  14.3
2025-06-01 05:00:00,3,13.1,17.5,16.1,979.8,17.3,88.6,15.4
2025-06-01 06:00:00,3,13.1,17.5,16.0,971.1,17.2,89.2,15.4
2025-06-01 07:00:00,3,13.1,17.7,17.0,970.9,19.6,77.7,15.6
2025-06-01 08:00:00,3,12.5,17.0,17.3,970.9,21.5,66.1,14.9
2025-06-01 09:00:00,    3,  12.4,  17.1,  18.2,  979.3,  23.9,  57.5,  15.0
2025-06-01 10:00:00,    3,  13.5,  18.6,  19.1,  970.2,  24.7,  59.6,  16.3
2025-06-01 11:00:00,    3,  12.7,  17.5,  19.0,  969.6,  25.9,  52.4,  15.4
2025-06-01 12:00:00,3,13.0,18.0,19.3,969.0,26.2,52.8,15.8
2025-06-01 13:00:00,    3,  16.1,  22.1,  21.0,  977.5,  25.0,  69.8,  19.1
2025-06-01 14:00:00,    3,  15.2,  20.9,  20.3,  977.2,  24.8,  66.8,  18.2
2025-06-01 15:00:00,    3,  15.6,  21.6,  21.1,  977.0,  26.5,  62.3,  18.7
2025-06-01 16:00:00,    3,  11.2,  15.5,  18.2,  968.1,  26.6,  44.4,  13.5
2025-06-01 17:00:00,3,13.0,17.9,18.7,967.9,24.3,58.7,15.7
2025-06-01 18:00:00,3,14.3,19.4,18.0,968.6,20.0,82.9,17.0
2025-06-01 19:00:00,    3,  14.5,  19.7,  18.3,  968.8,  20.5,  81.4,  17.2
2025-06-01 20:00:00,    3,  15.1,  20.4,  18.3,  969.1,  19.2,  91.6,  17.8
2025-06-01 21:00:00,    3,  14.8,  20.0,  18.2,  969.4,  19.4,  88.8,  17.5
2025-06-01 22:00:00,3,14.8,20.0,18.0,969.8,19.1,90.4,17.5
2025-06-01 23:00:00,    3,  14.3,  19.2,  17.1,  978.9,  17.5,  95.7,  16.8
2025-06-02 00:00:00,    3,  13.8,  18.4,  16.5,  977.8,  17.0,  95.0,  16.2
2025-06-02 01:00:00,3,13.4,17.9,15.9,978.3,16.3,96.2,15.7
2025-06-02 02:00:00,3,13.3,17.7,16.0,978.9,16.6,93.8,15.6
2025-06-02 03:00:00,3,12.7,17.0,15.5,970.2,16.5,90.3,14.9
2025-06-02 04:00:00,3,12.5,16.6,15.0,969.6,15.7,93.2,14.6
2025-06-02 05:00:00,    3,  13.3,  17.9,  16.2,  979.2,  17.2,  90.9,  15.7
2025-06-02 06:00:00,    3,  12.9,  17.3,  15.8,  970.9,  16.7,  90.9,  15.2
2025-06-02 07:00:00,    3,  12.9,  17.3,  16.0,  971.2,  17.4,  86.9,  15.2
2025-06-02 08:00:00,    3,  13.7,  18.4,  16.9,  980.3,  18.1,  88.7,  16.2
2025-06-02 09:00:00,    3,  13.8,  18.6,  17.0,  980.2,  18.3,  88.1,  16.3
2025-06-02 10:00:00,    3,  13.4,  18.1,  17.1,  979.9,  19.2,  81.2,  15.9
2025-06-02 11:00:00,    3,  12.9,  17.4,  17.0,  980.0,  20.1,  73.9,  15.3
2025-06-02 12:00:00,    3,  13.6,  18.3,  17.2,  970.9,  19.2,  82.2,  16.1
2025-06-02 13:00:00,3,12.8,17.4,17.0,970.3,20.2,73.4,15.3
2025-06-02 14:00:00,3,11.3,15.1,13.9,971.0,15.1,87.8,13.1
2025-06-02 15:00:00,    3,  12.4,  16.4,  14.5,  980.0,  14.8,  97.4,  14.4
2025-06-02 16:00:00,    3,  12.1,  16.1,  14.7,  971.0,  15.7,  90.2,  14.1
2025-06-02 17:00:00,    3,  12.5,  16.6,  15.0,  971.0,  15.7,  93.2,  14.6
2025-06-02 18:00:00,    3,  12.5,  16.6,  15.0,  971.3,  15.7,  93.2,  14.6
2025-06-02 19:00:00,3,12.5,16.6,15.0,971.5,15.7,93.2,14.6
2025-06-02 20:00:00,    3,  13.0,  17.4,  15.5,  980.3,  15.8,  96.8,  15.3
2025-06-02 21:00:00,    3,  12.8,  17.1,  15.1,  980.4,  15.4,  97.5,  15.0
2025-06-02 22:00:00,3,12.4,16.5,14.6,971.5,14.8,98.1,14.5
2025-06-02 23:00:00,3,12.4,16.4,14.5,971.5,14.8,97.4,14.4
2025-06-03 00:00:00,3,12.2,16.2,14.4,971.1,14.8,96.2,14.2
2025-06-03 01:00:00,    3,  12.7,  17.0,  15.1,  979.7,  15.4,  96.8,  14.9
2025-06-03 02:00:00,    3,  12.3,  16.3,  14.4,  970.5,  14.6,  98.1,  14.3
2025-06-03 03:00:00,    3,  12.0,  15.9,  13.9,  970.4,  14.0,  99.4,  13.9
2025-06-03 04:00:00,3,11.9,15.8,13.8,970.2,13.8,100.0,13.8
2025-06-03 05:00:00,    3,  12.7,  16.9,  14.8,  979.4,  14.9,  99.4,  14.8
2025-06-03 06:00:00,    3,  13.1,  17.5,  15.5,  979.3,  15.6,  98.7,  15.4
2025-06-03 07:00:00,    3,  12.2,  16.3,  15.2,  979.2,  16.8,  85.2,  14.3
2025-06-03 08:00:00,    3,  11.8,  15.8,  15.2,  969.6,  17.6,  78.4,  13.8
2025-06-03 09:00:00,3,11.9,16.0,15.7,969.5,18.6,74.6,14.0
2025-06-03 10:00:00,3,12.2,16.4,16.1,969.5,19.1,74.2,14.4
2025-06-03 11:00:00,    3,  12.6,  17.1,  17.2,  969.0,  21.0,  68.6,  15.0
2025-06-03 12:00:00,    3,  12.6,  17.2,  17.4,  968.6,  21.7,  66.1,  15.1
2025-06-03 13:00:00,    3,  12.2,  16.6,  17.5,  968.3,  22.6,  60.6,  14.6
2025-06-03 14:00:00,    3,  11.2,  15.3,  16.9,  967.9,  23.0,  54.4,  13.3
2025-06-03 15:00:00,3,11.3,15.4,16.7,967.9,22.4,56.7,13.4
2025-06-03 16:00:00,    3,  12.2,  16.6,  17.2,  976.5,  21.8,  63.6,  14.6
2025-06-03 17:00:00,    3,  13.3,  18.1,  17.8,  975.9,  21.2,  71.8,  15.9
2025-06-03 18:00:00,    3,  12.0,  16.2,  15.9,  967.1,  18.8,  74.6,  14.2
2025-06-03 19:00:00,3,11.7,15.8,15.5,967.1,18.2,75.5,13.8
2025-06-03 20:00:00,3,11.6,15.6,15.7,975.8,19.1,70.4,13.6
2025-06-03 21:00:00,3,11.4,15.4,15.4,976.2,18.7,71.3,13.4
2025-06-03 22:00:00,    3,  11.2,  15.1,  15.2,  976.0,  18.5,  70.8,  13.1
2025-06-03 23:00:00,    3,  11.6,  15.4,  13.9,  967.4,  14.7,  91.9,  13.4
2025-06-04 00:00:00,    3,  11.3,  15.1,  14.0,  967.3,  15.3,  86.7,  13.1
2025-06-04 01:00:00,    3,  11.5,  15.4,  14.9,  975.7,  17.2,  78.3,  13.4
2025-06-04 02:00:00,    3,  11.7,  15.6,  14.8,  975.1,  16.7,  81.9,  13.6
2025-06-04 03:00:00,    3,  11.9,  15.9,  14.8,  975.1,  16.3,  85.7,  13.9
2025-06-04 04:00:00,    3,  12.1,  16.2,  15.1,  974.7,  16.5,  86.3,  14.2
2025-06-04 05:00:00,    3,  12.3,  16.4,  14.8,  966.0,  15.6,  92.6,  14.4
2025-06-04 06:00:00,3,12.6,16.8,15.1,966.8,15.7,93.8,14.7
2025-06-04 07:00:00,3,12.5,16.6,14.9,967.5,15.4,95.0,14.6
2025-06-04 08:00:00,    3,  13.0,  17.4,  15.7,  966.7,  16.4,  93.2,  15.3
2025-06-04 09:00:00,    3,  13.5,  18.1,  16.3,  966.2,  17.0,  93.2,  15.9
2025-06-04 10:00:00,    3,  13.0,  17.5,  16.6,  965.8,  18.7,  81.1,  15.4
2025-06-04 11:00:00,    3,  13.8,  18.6,  17.2,  966.0,  18.8,  85.4,  16.3
2025-06-04 12:00:00,3,13.5,18.2,17.2,965.1,19.3,81.2,16.0
2025-06-04 13:00:00,    3,  13.3,  18.0,  17.5,  973.9,  20.5,  74.4,  15.8
2025-06-04 14:00:00,    3,  12.3,  16.8,  17.2,  973.5,  21.5,  65.2,  14.7
2025-06-04 15:00:00,3,11.9,16.1,16.5,964.4,20.8,65.5,14.1
2025-06-04 16:00:00,3,12.2,16.5,16.7,973.6,20.4,68.9,14.5
2025-06-04 17:00:00,3,12.3,16.5,15.6,973.6,17.4,83.1,14.5
2025-06-04 18:00:00,3,12.6,16.9,15.4,972.9,16.5,89.7,14.8
2025-06-04 19:00:00,    3,  12.4,  16.5,  15.1,  974.2,  16.2,  89.7,  14.5
2025-06-04 20:00:00,    3,  11.7,  15.6,  14.4,  966.3,  15.7,  87.3,  13.6
2025-06-04 21:00:00,    3,  11.9,  15.8,  14.4,  966.8,  15.5,  89.6,  13.8
2025-06-04 22:00:00,3,11.8,15.7,14.2,966.8,15.1,91.3,13.7
2025-06-04 23:00:00,    3,  12.2,  16.3,  14.9,  975.5,  15.8,  90.8,  14.3
2025-06-05 00:00:00,    3,  12.1,  16.1,  14.7,  975.8,  15.7,  90.2,  14.1
2025-06-05 01:00:00,    3,  12.0,  16.0,  14.5,  976.0,  15.4,  91.4,  14.0
2025-06-05 02:00:00,    3,  11.2,  14.8,  13.2,  967.3,  13.9,  93.1,  12.8
2025-06-05 03:00:00,3,11.0,14.6,13.4,976.7,14.5,88.4,12.6
2025-06-05 04:00:00,3,11.1,14.7,13.5,977.0,14.6,88.4,12.7
2025-06-05 05:00:00,    3,  10.6,  14.1,  13.1,  968.2,  14.5,  85.5,  12.1
2025-06-05 06:00:00,    3,  10.7,  14.2,  13.4,  968.4,  15.3,  81.7,  12.2
2025-06-05 07:00:00,    3,  10.5,  14.0,  13.4,  968.9,  15.7,  78.1,  11.9
2025-06-05 08:00:00,3,10.4,14.0,14.0,968.7,17.2,71.0,11.9
2025-06-05 09:00:00,    3,   9.9,  13.4,  14.4,  977.6,  19.1,  60.5,  11.3
2025-06-05 10:00:00,    3,   9.6,  13.0,  14.5,  977.3,  19.8,  56.1,  10.8
2025-06-05 11:00:00,    3,   9.3,  12.6,  14.1,  968.3,  19.4,  56.0,  10.4
2025-06-05 12:00:00,3,9.1,12.3,14.1,976.7,19.9,52.8,10.0
2025-06-05 13:00:00,3,10.1,13.7,14.7,976.8,19.3,61.0,11.6
2025-06-05 14:00:00,3,11.2,15.2,15.6,976.8,19.5,66.9,13.2
2025-06-05 15:00:00,    3,   9.3,  12.6,  14.2,  976.7,  19.8,  54.6,  10.4
2025-06-05 16:00:00,    3,   9.5,  12.9,  14.2,  967.6,  19.4,  57.1,  10.7
2025-06-05 17:00:00,    3,   9.5,  12.8,  14.1,  967.3,  19.3,  57.1,  10.6
2025-06-05 18:00:00,    3,   9.0,  12.1,  13.9,  976.0,  19.6,  53.1,   9.8
2025-06-05 19:00:00,    3,   9.4,  12.7,  13.9,  975.9,  18.9,  58.1,  10.5
2025-06-05 20:00:00,    3,   9.5,  12.8,  13.8,  975.8,  18.4,  60.4,  10.6
2025-06-05 21:00:00,    3,   9.8,  13.1,  13.7,  975.9,  17.6,  65.2,  11.0
2025-06-05 22:00:00,    3,  11.1,  14.8,  14.2,  966.6,  16.3,  79.7,  12.8
2025-06-05 23:00:00,3,10.9,14.6,14.4,974.9,17.3,73.9,12.6
2025-06-06 00:00:00,3,10.7,14.3,14.4,974.9,17.7,70.6,12.3
2025-06-06 01:00:00,    3,  10.9,  14.6,  14.5,  974.5,  17.4,  73.4,  12.6
2025-06-06 02:00:00,    3,  10.8,  14.5,  14.3,  965.8,  17.2,  73.8,  12.5
2025-06-06 03:00:00,    3,  10.6,  14.2,  14.3,  965.8,  17.6,  70.6,  12.2
2025-06-06 04:00:00,    3,  11.0,  14.8,  14.5,  966.3,  17.3,  74.8,  12.8
2025-06-06 05:00:00,3,11.2,15.1,15.1,975.2,18.3,71.7,13.1
2025-06-06 06:00:00,    3,  11.3,  15.3,  15.5,  975.3,  19.0,  69.5,  13.3
2025-06-06 07:00:00,    3,  11.3,  15.3,  15.8,  975.6,  19.8,  66.1,  13.3
2025-06-06 08:00:00,3,11.0,14.9,15.7,976.0,20.2,62.8,12.9
2025-06-06 09:00:00,3,11.1,15.1,15.9,976.3,20.4,62.9,13.1
2025-06-06 10:00:00,3,12.9,17.3,15.9,977.4,17.1,88.6,15.2
2025-06-06 11:00:00,    3,  12.8,  17.2,  16.0,  977.9,  17.7,  84.7,  15.1
2025-06-06 12:00:00,    3,  11.9,  16.0,  15.8,  968.8,  18.9,  73.2,  14.0
2025-06-06 13:00:00,    3,  12.1,  16.4,  16.6,  968.4,  20.5,  68.0,  14.4
2025-06-06 14:00:00,    3,  12.3,  16.5,  16.1,  977.6,  18.7,  76.6,  14.5
2025-06-06 15:00:00,    3,  11.2,  15.1,  14.9,  977.3,  17.7,  74.4,  13.1
2025-06-06 16:00:00,    3,  12.4,  16.6,  15.7,  977.8,  17.5,  83.1,  14.6
2025-06-06 17:00:00,    3,  13.3,  17.7,  16.0,  977.7,  16.6,  93.8,  15.6
2025-06-06 18:00:00,    3,  13.2,  17.6,  15.7,  969.3,  16.0,  96.8,  15.5
2025-06-06 19:00:00,3,13.6,18.2,16.0,978.1,16.1,99.4,16.0
2025-06-06 20:00:00,3,13.5,18.0,15.9,977.9,16.2,97.5,15.8
2025-06-06 21:00:00,    3,  12.5,  16.6,  14.9,  969.1,  15.5,  94.4,  14.6
2025-06-06 22:00:00,    3,  12.7,  17.0,  15.3,  969.2,  15.9,  93.8,  14.9
2025-06-06 23:00:00,    3,  12.3,  16.4,  15.0,  969.0,  16.0,  90.2,  14.4
2025-06-07 00:00:00,    3,  12.2,  16.3,  14.8,  968.7,  15.6,  92.0,  14.3
2025-06-07 01:00:00,3,12.8,17.1,15.4,976.8,16.1,93.2,15.0
2025-06-07 02:00:00,    3,  12.3,  16.5,  15.4,  976.5,  16.8,  86.3,  14.5
2025-06-07 03:00:00,    3,  12.4,  16.5,  15.3,  976.0,  16.6,  87.4,  14.5
2025-06-07 04:00:00,    3,  12.0,  16.0,  14.4,  967.4,  15.1,  93.1,  14.0
2025-06-07 05:00:00,3,12.5,16.8,15.3,976.3,16.4,89.7,14.7
2025-06-07 06:00:00,3,12.4,16.6,15.4,976.4,16.8,86.9,14.6
2025-06-07 07:00:00,3,12.2,16.3,15.5,967.7,17.5,81.5,14.3
2025-06-07 08:00:00,    3,  11.1,  15.0,  15.1,  975.8,  18.4,  70.8,  13.0
2025-06-07 09:00:00,    3,  11.5,  15.5,  15.4,  966.9,  18.6,  72.2,  13.5
2025-06-07 10:00:00,    3,  10.9,  14.6,  14.7,  966.8,  17.9,  71.1,  12.6
2025-06-07 11:00:00,    3,  11.8,  15.8,  15.1,  976.0,  17.3,  79.9,  13.8
2025-06-07 12:00:00,    3,  10.4,  14.0,  14.4,  976.2,  18.1,  67.5,  12.0
2025-06-07 13:00:00,    3,  10.6,  14.1,  14.0,  976.1,  16.9,  73.3,  12.1
2025-06-07 14:00:00,    3,  11.1,  14.8,  13.7,  967.5,  15.0,  86.7,  12.8
2025-06-07 15:00:00,3,11.5,15.4,15.0,976.1,17.5,76.9,13.4
2025-06-07 16:00:00,3,11.4,15.4,15.2,976.1,18.0,74.5,13.4
2025-06-07 17:00:00,    3,   9.7,  13.0,  13.5,  967.8,  17.4,  65.2,  10.8
2025-06-07 18:00:00,    3,   9.3,  12.5,  13.1,  968.0,  17.1,  63.8,  10.2
2025-06-07 19:00:00,    3,   9.7,  12.9,  12.8,  968.0,  15.8,  71.7,  10.7
2025-06-07 20:00:00,    3,   9.6,  12.8,  12.7,  968.1,  15.6,  72.1,  10.6
2025-06-07 21:00:00,3,9.7,13.0,12.8,968.2,15.7,72.6,10.8
2025-06-07 22:00:00,    3,  10.0,  13.4,  13.4,  976.7,  16.3,  72.2,  11.3
2025-06-07 23:00:00,    3,  10.4,  13.9,  13.3,  976.4,  15.4,  79.1,  11.8
2025-06-08 00:00:00,3,10.9,14.5,13.5,976.0,15.0,85.0,12.5
2025-06-08 01:00:00,3,10.8,14.3,13.3,975.4,14.9,84.4,12.3
2025-06-08 02:00:00,3,10.4,13.9,13.3,974.9,15.5,78.6,11.8
2025-06-08 03:00:00,3,10.4,13.9,13.1,966.5,14.9,81.7,11.8
2025-06-08 04:00:00,    3,  10.5,  14.0,  13.3,  975.4,  15.4,  79.6,  11.9
2025-06-08 05:00:00,    3,  10.2,  13.6,  12.8,  967.2,  14.7,  81.1,  11.5
2025-06-08 06:00:00,    3,   9.9,  13.2,  12.8,  967.3,  15.3,  76.0,  11.1
2025-06-08 07:00:00,3,10.4,13.8,12.7,968.0,14.1,85.4,11.7
2025-06-08 08:00:00,    3,  10.0,  13.4,  13.2,  977.0,  15.9,  74.1,  11.3
2025-06-08 09:00:00,    3,   8.6,  11.3,  10.7,  978.1,  13.1,  75.1,   8.8
2025-06-08 10:00:00,    3,   9.0,  11.9,  11.3,  978.8,  13.5,  76.7,   9.5
2025-06-08 11:00:00,    3,   9.0,  11.9,  11.4,  970.9,  14.0,  74.3,   9.5
2025-06-08 12:00:00,3,7.9,10.4,10.5,980.1,14.0,65.3,7.6
2025-06-08 13:00:00,3,8.3,11.1,11.8,971.6,16.1,60.6,8.5
2025-06-08 14:00:00,    3,   7.8,  10.4,  11.6,  972.0,  16.7,  54.5,   7.5
2025-06-08 15:00:00,    3,   8.6,  11.5,  11.9,  972.8,  15.8,  63.9,   9.0
2025-06-08 16:00:00,    3,   9.5,  12.5,  11.5,  973.5,  13.0,  83.6,  10.3
2025-06-08 17:00:00,    3,   9.0,  11.9,  11.3,  974.1,  13.7,  75.7,   9.5
2025-06-08 18:00:00,3,8.7,11.6,11.1,974.7,13.6,74.2,9.1
2025-06-08 19:00:00,    3,   8.1,  10.7,  10.9,  984.1,  14.4,  65.4,   8.0
2025-06-08 20:00:00,    3,   8.1,  10.7,  10.4,  985.1,  13.5,  68.8,   7.9
2025-06-08 21:00:00,3,7.7,10.2,9.5,985.8,12.2,71.4,7.2
2025-06-08 22:00:00,3,7.0,9.2,8.8,986.1,12.1,64.8,5.7
2025-06-08 23:00:00,3,7.6,9.8,7.4,977.7,8.2,90.2,6.7
2025-06-09 00:00:00,3,7.0,9.0,6.3,977.5,7.2,88.9,5.5
2025-06-09 01:00:00,    3,   7.0,   9.1,   7.8,  986.4,  10.1,  73.5,   5.6
2025-06-09 02:00:00,    3,   7.1,   9.2,   6.6,  977.9,   7.6,  87.7,   5.7
2025-06-09 03:00:00,    3,   6.8,   8.9,   6.2,  978.1,   7.1,  87.7,   5.2
2025-06-09 04:00:00,    3,   7.0,   9.2,   7.3,  987.3,   8.9,  80.3,   5.7
2025-06-09 05:00:00,    3,   7.4,   9.7,   8.1,  987.5,   9.7,  80.4,   6.5
2025-06-09 06:00:00,    3,   7.7,  10.1,   9.0,  987.6,  11.2,  75.8,   7.1
2025-06-09 07:00:00,    3,   8.0,  10.5,  10.2,  987.8,  13.1,  69.7,   7.7
2025-06-09 08:00:00,    3,   8.3,  11.0,  11.2,  978.8,  14.7,  65.9,   8.4
2025-06-09 09:00:00,3,7.7,10.3,11.4,978.7,16.3,55.5,7.4
2025-06-09 10:00:00,3,6.7,9.0,10.8,978.7,17.0,46.3,5.4
2025-06-09 11:00:00,    3,   7.2,   9.6,  11.6,  987.4,  17.7,  47.4,   6.4
2025-06-09 12:00:00,    3,   6.6,   8.9,  11.2,  977.8,  17.9,  43.4,   5.3
2025-06-09 13:00:00,    3,   6.9,   9.3,  11.9,  977.3,  19.1,  42.0,   5.9
2025-06-09 14:00:00,    3,   7.5,  10.2,  12.8,  977.0,  19.9,  43.7,   7.2
2025-06-09 15:00:00,3,7.5,10.2,13.0,976.8,20.3,42.6,7.2
2025-06-09 16:00:00,    3,   7.6,  10.2,  12.9,  985.4,  20.0,  43.7,   7.3
2025-06-09 17:00:00,    3,   8.2,  11.0,  13.3,  985.2,  19.8,  47.7,   8.4
2025-06-09 18:00:00,3,8.1,11.0,12.9,985.3,18.9,50.1,8.3
2025-06-09 19:00:00,3,8.3,11.2,12.3,976.5,17.2,56.9,8.6
2025-06-09 20:00:00,3,8.4,11.2,11.7,976.9,15.6,63.0,8.6
2025-06-09 21:00:00,    3,   8.6,  11.4,  11.7,  985.6,  15.2,  66.0,   8.9
2025-06-09 22:00:00,    3,   8.5,  11.2,  10.1,  976.3,  12.0,  79.6,   8.6
2025-06-09 23:00:00,    3,   8.4,  11.0,   9.6,  976.2,  11.1,  83.4,   8.4
2025-06-10 00:00:00,3,8.4,11.0,9.4,975.7,10.7,85.1,8.3
2025-06-10 01:00:00,    3,   8.9,  11.6,  10.2,  984.0,  11.4,  86.3,   9.2
2025-06-10 02:00:00,    3,   8.7,  11.4,  10.0,  983.4,  11.3,  85.1,   8.9
2025-06-10 03:00:00,    3,   8.7,  11.4,   9.2,  982.9,   9.6,  95.4,   8.9
2025-06-10 04:00:00,    3,   7.8,  10.2,   7.6,  974.1,   8.1,  94.0,   7.2
2025-06-10 05:00:00,3,8.5,11.1,9.2,974.3,10.0,90.4,8.5
2025-06-10 06:00:00,3,8.9,11.8,10.8,974.6,12.7,80.3,9.4
2025-06-10 07:00:00,    3,   9.1,  12.1,  12.3,  974.8,  15.6,  68.3,   9.8
2025-06-10 08:00:00,    3,   9.1,  12.3,  13.6,  974.3,  18.7,  56.9,  10.0
2025-06-10 09:00:00,    3,   8.7,  11.7,  13.5,  973.8,  19.4,  52.0,   9.3
2025-06-10 10:00:00,    3,   8.7,  11.8,  14.1,  973.1,  20.8,  48.0,   9.4
2025-06-10 11:00:00,3,9.1,12.4,15.0,981.3,22.2,46.2,10.1
2025-06-10 12:00:00,    3,   9.6,  13.1,  15.7,  980.7,  22.9,  47.0,  11.0
2025-06-10 13:00:00,    3,   9.7,  13.2,  15.8,  980.1,  22.9,  47.3,  11.1
2025-06-10 14:00:00,    3,   7.9,  10.8,  15.0,  970.6,  24.7,  34.7,   8.1
2025-06-10 15:00:00,3,7.7,10.5,14.8,970.6,24.5,34.2,7.7
2025-06-10 16:00:00,3,7.5,10.2,14.4,970.7,23.8,34.7,7.3
2025-06-10 17:00:00,3,8.5,11.6,14.7,970.9,22.7,41.9,9.1
2025-06-10 18:00:00,    3,   9.7,  13.2,  15.7,  979.9,  22.6,  48.2,  11.1
2025-06-10 19:00:00,    3,   9.4,  12.7,  14.8,  971.6,  21.1,  50.7,  10.5
2025-06-10 20:00:00,    3,   9.4,  12.7,  13.8,  972.1,  18.4,  60.0,  10.5
2025-06-10 21:00:00,    3,   9.2,  12.5,  14.1,  981.4,  19.6,  54.5,  10.2
2025-06-10 22:00:00,    3,   9.3,  12.5,  13.9,  981.5,  19.1,  56.6,  10.3
2025-06-10 23:00:00,    3,   9.5,  12.8,  13.7,  981.9,  18.2,  61.1,  10.6
2025-06-11 00:00:00,    3,   9.6,  12.8,  12.4,  973.5,  14.8,  75.9,  10.6
2025-06-11 01:00:00,3,9.6,12.7,12.1,973.7,14.3,77.9,10.5
2025-06-11 02:00:00,3,9.6,12.7,11.9,974.0,13.8,80.4,10.5
2025-06-11 03:00:00,    3,  10.0,  13.3,  12.6,  974.2,  14.7,  79.5,  11.2
2025-06-11 04:00:00,    3,   9.9,  13.1,  12.0,  974.6,  13.5,  84.3,  10.9
2025-06-11 05:00:00,    3,  10.1,  13.5,  13.1,  975.0,  15.6,  76.0,  11.4
2025-06-11 06:00:00,    3,  10.0,  13.4,  13.3,  975.4,  16.1,  73.2,  11.3
2025-06-11 07:00:00,3,8.4,11.3,12.7,984.5,17.9,55.2,8.8
2025-06-11 08:00:00,    3,   8.0,  10.8,  12.6,  984.5,  18.3,  51.3,   8.1
2025-06-11 09:00:00,    3,   7.8,  10.6,  12.7,  984.3,  19.0,  48.1,   7.8
2025-06-11 10:00:00,3,8.4,11.3,13.5,984.2,19.9,48.7,8.8
2025-06-11 11:00:00,3,9.2,12.5,14.4,975.2,20.4,51.9,10.2
2025-06-11 12:00:00,3,8.8,12.0,14.6,974.6,21.7,46.0,9.6
2025-06-11 13:00:00,3,9.0,12.3,15.0,974.1,22.4,45.3,10.0
2025-06-11 14:00:00,    3,   8.4,  11.5,  14.6,  982.9,  22.3,  42.6,   9.0
2025-06-11 15:00:00,    3,   8.0,  10.9,  14.2,  973.4,  22.4,  40.1,   8.2
2025-06-11 16:00:00,    3,   8.3,  11.4,  14.8,  973.0,  23.0,  40.6,   8.9
2025-06-11 17:00:00,3,8.0,10.9,14.3,972.7,22.6,39.6,8.2
2025-06-11 18:00:00,    3,   8.3,  11.3,  14.3,  981.8,  22.0,  42.5,   8.7
2025-06-11 19:00:00,    3,   7.9,  10.7,  13.4,  981.8,  20.5,  44.2,   7.9
2025-06-11 20:00:00,    3,   8.4,  11.3,  13.1,  981.9,  18.8,  51.8,   8.7
2025-06-11 21:00:00,    3,   8.1,  10.9,  12.3,  973.4,  17.6,  54.0,   8.2
2025-06-11 22:00:00,3,8.0,10.7,11.4,973.4,15.8,59.3,7.9
2025-06-11 23:00:00,3,8.0,10.7,11.0,973.2,14.7,63.7,7.9
2025-06-12 00:00:00,    3,   8.1,  10.7,  10.2,  972.6,  12.9,  71.6,   7.9
2025-06-12 01:00:00,    3,   8.0,  10.6,   9.9,  972.5,  12.5,  73.0,   7.8
2025-06-12 02:00:00,    3,   7.8,  10.2,   8.8,  972.4,  10.6,  80.0,   7.3
2025-06-12 03:00:00,3,8.0,10.4,9.1,972.0,10.9,80.0,7.6
2025-06-12 04:00:00,    3,   7.9,  10.4,   9.8,  981.3,  12.6,  71.0,   7.5
2025-06-12 05:00:00,    3,   7.7,  10.2,  10.4,  981.4,  14.0,  63.9,   7.3
2025-06-12 06:00:00,3,8.5,11.3,11.9,981.7,15.9,62.7,8.8
2025-06-12 07:00:00,    3,   8.8,  11.9,  13.0,  972.8,  17.7,  58.6,   9.5
2025-06-12 08:00:00,    3,   8.7,  11.8,  13.7,  973.1,  19.7,  51.4,   9.4
2025-06-12 09:00:00,    3,   9.5,  12.9,  15.0,  972.9,  21.3,  50.8,  10.7
2025-06-12 10:00:00,    3,  10.1,  13.9,  16.7,  981.5,  24.5,  45.0,  11.8
2025-06-12 11:00:00,3,10.9,15.0,17.4,972.3,25.0,47.3,13.0
2025-06-12 12:00:00,3,10.1,14.0,17.0,971.9,25.3,43.2,11.9
2025-06-12 13:00:00,    3,   9.2,  12.7,  16.8,  980.8,  26.7,  36.2,  10.5
2025-06-12 14:00:00,    3,   8.9,  12.3,  16.9,  980.6,  27.4,  33.6,  10.0
2025-06-12 15:00:00,    3,   9.7,  13.5,  17.6,  980.5,  27.8,  36.1,  11.4
2025-06-12 16:00:00,    3,  10.3,  14.2,  17.9,  980.3,  27.3,  39.2,  12.2
2025-06-12 17:00:00,3,11.6,16.1,18.8,980.2,27.4,44.1,14.1
2025-06-12 18:00:00,    3,  11.5,  15.9,  18.0,  971.6,  25.2,  49.5,  13.9
2025-06-12 19:00:00,    3,  12.0,  16.4,  17.4,  971.9,  22.7,  59.5,  14.4
2025-06-12 20:00:00,    3,  11.0,  15.0,  16.7,  981.3,  22.8,  53.9,  13.0
2025-06-12 21:00:00,3,10.6,14.5,16.2,981.7,22.0,54.8,12.5
2025-06-12 22:00:00,3,11.0,14.8,15.2,973.2,18.9,67.7,12.8
2025-06-12 23:00:00,3,10.6,14.2,14.3,973.4,17.5,71.0,12.2
2025-06-13 00:00:00,    3,  10.4,  13.9,  13.4,  973.4,  15.7,  77.6,  11.8
2025-06-13 01:00:00,    3,  10.5,  14.1,  14.4,  982.3,  17.9,  68.8,  12.1
2025-06-13 02:00:00,    3,  10.4,  14.0,  14.1,  982.3,  17.5,  69.7,  11.9
2025-06-13 03:00:00,    3,  10.3,  13.7,  12.9,  973.7,  14.9,  80.6,  11.6
2025-06-13 04:00:00,    3,  10.4,  13.8,  12.9,  974.0,  14.5,  83.3,  11.7
2025-06-13 05:00:00,    3,  10.6,  14.2,  14.3,  974.7,  17.6,  70.6,  12.2
2025-06-13 06:00:00,    3,  11.5,  15.5,  15.5,  974.7,  18.8,  71.3,  13.5
2025-06-13 07:00:00,    3,  11.1,  15.1,  16.4,  984.0,  21.9,  57.4,  13.1
2025-06-13 08:00:00,3,11.9,16.3,17.3,975.2,22.7,59.1,14.3
2025-06-13 09:00:00,3,12.5,17.2,18.5,975.0,24.9,54.5,15.1
2025-06-13 10:00:00,    3,  13.3,  18.4,  20.1,  983.9,  27.8,  49.3,  16.2
2025-06-13 11:00:00,    3,  14.1,  19.7,  21.2,  983.8,  29.6,  47.3,  17.2
2025-06-13 12:00:00,    3,  13.0,  18.2,  20.7,  983.4,  30.1,  42.6,  16.0
2025-06-13 13:00:00,    3,  12.8,  18.0,  20.7,  983.0,  30.5,  41.1,  15.8
2025-06-13 14:00:00,3,12.1,17.0,20.0,974.1,29.9,40.2,14.9
2025-06-13 15:00:00,    3,  11.9,  16.6,  19.8,  974.0,  29.7,  39.8,  14.6
2025-06-13 16:00:00,    3,  11.6,  16.2,  19.4,  973.6,  29.2,  40.0,  14.2
2025-06-13 17:00:00,3,10.7,15.0,19.0,982.0,29.6,36.1,13.0
2025-06-13 18:00:00,3,11.1,15.4,18.3,973.3,26.9,43.4,13.4
2025-06-13 19:00:00,3,11.5,15.8,17.6,973.2,24.2,52.2,13.8
2025-06-13 20:00:00,3,10.2,14.0,16.9,982.2,24.8,44.8,12.0
2025-06-13 21:00:00,    3,  11.3,  15.3,  16.0,  973.9,  20.4,  63.7,  13.3
2025-06-13 22:00:00,    3,   9.3,  12.6,  15.1,  982.4,  21.9,  48.0,  10.4
2025-06-13 23:00:00,    3,   9.8,  13.3,  15.1,  982.1,  20.9,  53.8,  11.2
2025-06-14 00:00:00,3,10.6,14.2,14.5,973.3,17.9,69.3,12.2
2025-06-14 01:00:00,    3,  10.4,  14.0,  13.7,  973.3,  16.4,  74.7,  11.9
2025-06-14 02:00:00,    3,  10.5,  14.0,  13.9,  973.3,  16.8,  73.3,  12.0
2025-06-14 03:00:00,    3,  10.6,  14.1,  13.7,  973.4,  16.1,  77.1,  12.1
2025-06-14 04:00:00,    3,  10.6,  14.2,  14.4,  982.0,  17.8,  69.7,  12.2
2025-06-14 05:00:00,3,11.4,15.4,15.7,973.7,19.5,67.8,13.4
2025-06-14 06:00:00,3,12.0,16.2,16.1,973.6,19.4,71.9,14.2
2025-06-14 07:00:00,    3,  10.8,  14.8,  16.6,  982.6,  22.8,  53.2,  12.8
2025-06-14 08:00:00,    3,  11.9,  16.3,  18.1,  982.5,  25.0,  51.4,  14.3
2025-06-14 09:00:00,    3,  12.6,  17.5,  19.5,  982.2,  27.2,  48.5,  15.4
2025-06-14 10:00:00,    3,  13.5,  18.8,  20.6,  982.0,  29.0,  46.9,  16.5
2025-06-14 11:00:00,3,13.0,18.3,21.1,981.6,31.2,40.3,16.1
2025-06-14 12:00:00,    3,  14.1,  19.9,  22.0,  972.8,  31.9,  42.0,  17.4
2025-06-14 13:00:00,    3,  13.9,  19.7,  22.1,  972.4,  32.7,  39.7,  17.2
2025-06-14 14:00:00,    3,  13.7,  19.4,  22.0,  980.9,  32.6,  39.4,  17.0
2025-06-14 15:00:00,    3,  13.6,  19.2,  21.6,  980.9,  31.5,  41.4,  16.8
2025-06-14 16:00:00,3,13.8,19.4,21.6,980.8,31.3,42.4,17.0
2025-06-14 17:00:00,    3,  14.5,  20.4,  21.9,  981.0,  30.9,  45.6,  17.8
2025-06-14 18:00:00,    3,  14.5,  20.3,  21.5,  981.2,  29.7,  48.6,  17.7
2025-06-14 19:00:00,    3,  14.9,  20.8,  21.4,  981.7,  28.4,  53.7,  18.1
2025-06-14 20:00:00,3,14.6,20.2,20.5,973.4,26.4,58.5,17.6
2025-06-14 21:00:00,3,14.3,19.8,20.0,982.4,25.5,60.5,17.3
2025-06-14 22:00:00,    3,  14.4,  19.8,  19.3,  973.9,  23.3,  69.0,  17.3
2025-06-14 23:00:00,    3,  14.5,  19.8,  18.7,  973.6,  21.4,  77.5,  17.3
2025-06-15 00:00:00,    3,  14.3,  19.4,  18.0,  973.3,  20.0,  82.9,  17.0
2025-06-15 01:00:00,    3,  14.5,  19.8,  18.7,  981.5,  21.5,  77.0,  17.3
2025-06-15 02:00:00,    3,  14.9,  20.3,  18.9,  980.6,  21.2,  80.4,  17.7
2025-06-15 03:00:00,    3,  13.4,  18.0,  16.5,  972.0,  17.8,  88.1,  15.8
2025-06-15 04:00:00,3,14.5,19.7,18.0,980.8,19.6,86.0,17.2
2025-06-15 05:00:00,    3,  14.0,  19.0,  18.1,  982.7,  20.7,  77.9,  16.7
2025-06-15 06:00:00,3,13.9,18.8,17.8,974.5,20.2,79.3,16.5
2025-06-15 07:00:00,    3,  14.1,  19.2,  18.3,  974.4,  21.2,  76.0,  16.8
2025-06-15 08:00:00,    3,  14.3,  19.4,  18.5,  974.4,  21.5,  75.6,  17.0
2025-06-15 09:00:00,3,14.1,19.3,18.9,983.2,22.8,69.4,16.9
2025-06-15 10:00:00,    3,  14.9,  20.4,  19.4,  983.2,  22.7,  73.9,  17.8
2025-06-15 11:00:00,    3,  15.1,  20.8,  20.2,  982.7,  24.5,  67.6,  18.1
2025-06-15 12:00:00,3,16.6,22.7,20.8,982.7,23.6,77.8,19.5
2025-06-15 13:00:00,3,15.2,20.8,20.0,982.4,24.0,69.6,18.1
2025-06-15 14:00:00,    3,  14.1,  19.4,  19.7,  973.0,  25.0,  61.2,  17.0
2025-06-15 15:00:00,    3,  14.5,  19.9,  19.7,  982.0,  24.2,  65.8,  17.4
2025-06-15 16:00:00,    3,  13.6,  18.6,  18.7,  973.0,  23.4,  64.4,  16.3
2025-06-15 17:00:00,    3,  13.5,  18.4,  18.2,  973.6,  22.1,  69.2,  16.2
2025-06-15 18:00:00,    3,  15.5,  20.9,  18.4,  983.4,  18.8,  96.3,  18.2
2025-06-15 19:00:00,    3,  15.2,  20.5,  18.1,  975.0,  18.6,  95.7,  17.9
2025-06-15 20:00:00,    3,  14.5,  19.5,  17.4,  976.0,  18.0,  94.5,  17.1
2025-06-15 21:00:00,    3,  11.9,  15.9,  14.4,  976.9,  15.3,  91.3,  13.9
2025-06-15 22:00:00,    3,  11.9,  15.8,  14.3,  977.9,  15.0,  92.5,  13.8
2025-06-15 23:00:00,    3,  11.4,  15.2,  14.0,  978.5,  15.2,  87.8,  13.2
2025-06-16 00:00:00,    3,  11.9,  15.8,  14.3,  987.6,  15.1,  91.9,  13.8
2025-06-16 01:00:00,3,11.9,15.8,14.3,987.8,15.0,92.5,13.8
2025-06-16 02:00:00,3,11.6,15.4,14.0,979.0,14.8,91.3,13.4
2025-06-16 03:00:00,3,11.6,15.4,13.9,978.9,14.7,91.9,13.4
2025-06-16 04:00:00,    3,  11.7,  15.6,  14.2,  988.3,  15.1,  90.7,  13.6
2025-06-16 05:00:00,    3,  11.2,  14.9,  13.9,  979.9,  15.4,  85.0,  12.9
2025-06-16 06:00:00,3,11.6,15.5,14.3,980.3,15.5,87.9,13.5
2025-06-16 07:00:00,    3,  11.3,  15.1,  14.4,  980.7,  16.3,  81.3,  13.1
2025-06-16 08:00:00,    3,  11.1,  14.9,  14.7,  989.9,  17.6,  73.9,  12.9
2025-06-16 09:00:00,    3,  10.1,  13.6,  14.2,  981.0,  18.3,  64.5,  11.5
2025-06-16 10:00:00,    3,  10.0,  13.6,  14.8,  981.1,  19.8,  58.7,  11.5
2025-06-16 11:00:00,    3,   9.3,  12.6,  14.5,  989.9,  20.5,  52.3,  10.4
2025-06-16 12:00:00,3,9.2,12.5,14.7,980.6,21.2,49.4,10.2
2025-06-16 13:00:00,3,8.6,11.7,14.1,980.5,20.9,47.4,9.3
2025-06-16 14:00:00,    3,   9.5,  13.0,  15.1,  980.4,  21.6,  50.2,  10.8
2025-06-16 15:00:00,    3,   9.1,  12.5,  14.9,  988.9,  21.7,  47.9,  10.2
2025-06-16 16:00:00,    3,   9.5,  12.9,  15.0,  979.7,  21.3,  50.8,  10.7
2025-06-16 17:00:00,    3,   9.9,  13.5,  15.5,  988.9,  21.6,  52.2,  11.4
2025-06-16 18:00:00,3,10.1,13.8,15.7,989.1,21.8,52.6,11.7
2025-06-16 19:00:00,3,9.7,13.1,14.9,988.9,20.7,53.7,11.0
2025-06-16 20:00:00,    3,   9.7,  13.1,  14.1,  980.1,  18.7,  60.4,  10.9
2025-06-16 21:00:00,    3,  10.2,  13.7,  13.6,  980.6,  16.5,  72.8,  11.6
2025-06-16 22:00:00,    3,  10.3,  13.9,  14.1,  989.8,  17.5,  69.2,  11.8
2025-06-16 23:00:00,    3,  10.4,  14.0,  13.6,  989.6,  16.1,  76.1,  11.9
2025-06-17 00:00:00,    3,  10.6,  14.0,  13.1,  989.4,  14.6,  84.4,  12.0
2025-06-17 01:00:00,    3,  10.5,  13.9,  12.6,  989.3,  13.7,  88.3,  11.8
2025-06-17 02:00:00,    3,  10.7,  14.1,  12.6,  989.1,  13.4,  91.8,  12.1
2025-06-17 03:00:00,    3,  10.4,  13.8,  12.1,  988.9,  12.6,  94.2,  11.7
2025-06-17 04:00:00,    3,   9.4,  12.4,  10.4,  979.9,  10.8,  95.4,  10.1
2025-06-17 05:00:00,3,10.4,13.8,12.6,988.8,13.8,87.1,11.7
2025-06-17 06:00:00,3,10.2,13.6,13.2,989.0,15.7,76.1,11.5
2025-06-17 07:00:00,3,10.7,14.3,14.1,980.2,16.8,74.8,12.3
2025-06-17 08:00:00,    3,   9.8,  13.2,  14.3,  980.2,  19.1,  59.7,  11.1
2025-06-17 09:00:00,    3,  10.2,  13.9,  15.5,  980.0,  21.3,  54.6,  11.8
2025-06-17 10:00:00,    3,   9.4,  12.8,  15.2,  980.0,  22.0,  48.3,  10.6
2025-06-17 11:00:00,    3,   9.4,  12.9,  15.5,  979.7,  22.6,  46.9,  10.7
2025-06-17 12:00:00,    3,   8.9,  12.1,  15.2,  979.2,  23.1,  42.8,   9.8
2025-06-17 13:00:00,    3,   8.9,  12.2,  15.5,  978.7,  23.8,  41.4,   9.9
2025-06-17 14:00:00,    3,   9.5,  13.1,  16.5,  987.3,  24.9,  41.7,  11.0
2025-06-17 15:00:00,3,9.7,13.4,16.7,986.8,25.2,41.8,11.3
2025-06-17 16:00:00,3,9.9,13.6,16.7,986.3,25.0,42.8,11.5
2025-06-17 17:00:00,    3,   9.9,  13.6,  16.9,  985.9,  25.4,  41.8,  11.5
2025-06-17 18:00:00,3,10.1,13.9,16.4,977.2,23.8,46.9,11.8
2025-06-17 19:00:00,    3,   9.5,  13.1,  15.9,  985.8,  23.4,  45.3,  10.9
2025-06-17 20:00:00,3,10.0,13.6,15.6,985.9,21.9,51.6,11.5
2025-06-17 21:00:00,    3,  10.7,  14.4,  14.6,  977.5,  18.1,  69.3,  12.4
2025-06-17 22:00:00,3,10.7,14.3,14.2,977.6,17.0,73.8,12.3
2025-06-17 23:00:00,    3,  10.8,  14.5,  14.9,  986.2,  18.7,  67.2,  12.5
2025-06-18 00:00:00,    3,  11.0,  14.8,  14.4,  986.2,  17.0,  76.3,  12.8
2025-06-18 01:00:00,3,11.0,14.7,13.9,985.8,15.6,82.9,12.7
2025-06-18 02:00:00,3,11.7,15.6,14.1,985.7,14.8,92.5,13.6
2025-06-18 03:00:00,3,9.6,12.7,11.3,977.1,12.4,88.2,10.5
2025-06-18 04:00:00,3,10.8,14.4,13.4,986.0,14.8,85.5,12.4
2025-06-18 05:00:00,    3,  10.9,  14.5,  13.9,  986.2,  15.9,  80.2,  12.5
2025-06-18 06:00:00,    3,  10.8,  14.4,  14.2,  977.5,  17.0,  74.3,  12.4
2025-06-18 07:00:00,    3,  11.6,  15.7,  15.6,  977.6,  18.8,  72.2,  13.7
2025-06-18 08:00:00,3,11.8,16.1,16.8,977.6,21.5,62.7,14.1
2025-06-18 09:00:00,    3,  10.4,  14.2,  16.3,  977.7,  22.9,  50.9,  12.2
2025-06-18 10:00:00,3,10.8,14.9,17.3,986.2,24.8,47.5,12.9
2025-06-18 11:00:00,    3,  11.0,  15.1,  17.5,  977.2,  25.0,  47.6,  13.1
2025-06-18 12:00:00,3,9.9,13.6,16.8,977.0,25.4,41.8,11.5
2025-06-18 13:00:00,    3,  10.5,  14.5,  17.9,  985.5,  26.9,  40.9,  12.5
2025-06-18 14:00:00,    3,  10.0,  13.9,  17.6,  985.3,  27.0,  38.8,  11.8
2025-06-18 15:00:00,    3,  10.0,  13.9,  17.5,  985.1,  26.7,  39.5,  11.8
2025-06-18 16:00:00,    3,  10.7,  14.8,  18.2,  984.7,  27.5,  40.3,  12.8
2025-06-18 17:00:00,3,10.2,14.1,17.5,976.1,26.6,40.5,12.1
2025-06-18 18:00:00,    3,  10.6,  14.6,  17.8,  984.8,  26.6,  41.9,  12.6
2025-06-18 19:00:00,3,10.4,14.3,17.3,984.8,25.4,44.1,12.3
2025-06-18 20:00:00,    3,  10.6,  14.5,  16.5,  976.5,  22.9,  51.9,  12.5
2025-06-18 21:00:00,    3,  11.2,  15.2,  15.7,  976.6,  19.7,  66.1,  13.2
2025-06-18 22:00:00,    3,  11.4,  15.4,  16.0,  976.8,  20.2,  64.9,  13.4
2025-06-18 23:00:00,    3,  11.5,  15.5,  15.3,  976.8,  18.2,  74.0,  13.5
2025-06-19 00:00:00,    3,  11.7,  15.6,  14.8,  977.0,  16.7,  81.9,  13.6
2025-06-19 01:00:00,3,11.8,15.9,15.8,985.5,19.0,72.3,13.9
2025-06-19 02:00:00,3,11.1,14.8,13.8,976.7,15.2,85.6,12.8
2025-06-19 03:00:00,    3,  11.3,  15.1,  14.6,  985.8,  16.9,  78.3,  13.1
2025-06-19 04:00:00,    3,  11.1,  14.8,  13.5,  977.3,  14.5,  89.5,  12.8
2025-06-19 05:00:00,    3,  11.9,  16.0,  15.2,  986.3,  17.2,  81.5,  14.0
2025-06-19 06:00:00,    3,  12.0,  16.2,  16.1,  986.4,  19.2,  72.8,  14.2
2025-06-19 07:00:00,    3,  12.0,  16.3,  16.9,  986.6,  21.3,  64.3,  14.3
2025-06-19 08:00:00,    3,  12.0,  16.4,  17.7,  986.6,  23.6,  56.3,  14.4
2025-06-19 09:00:00,    3,  10.9,  14.9,  17.1,  986.5,  23.9,  50.2,  12.9
2025-06-19 10:00:00,    3,  10.7,  14.7,  17.4,  986.5,  25.3,  45.5,  12.7
2025-06-19 11:00:00,3,11.0,15.2,17.9,977.4,25.9,45.4,13.2
2025-06-19 12:00:00,    3,  10.6,  14.7,  17.7,  977.2,  26.3,  42.9,  12.7
2025-06-19 13:00:00,    3,  10.5,  14.6,  17.9,  977.1,  26.8,  41.4,  12.6
2025-06-19 14:00:00,    3,  10.3,  14.2,  17.9,  985.4,  27.4,  38.9,  12.2
2025-06-19 15:00:00,3,9.2,12.7,17.0,976.4,27.2,35.2,10.5
2025-06-19 16:00:00,3,11.6,16.1,19.0,985.0,27.9,42.8,14.1
2025-06-19 17:00:00,3,11.8,16.3,18.9,984.8,27.2,45.2,14.3
2025-06-19 18:00:00,3,11.7,16.1,18.4,985.0,26.2,47.3,14.1
2025-06-19 19:00:00,3,11.1,15.3,17.7,985.1,25.2,47.6,13.3
2025-06-19 20:00:00,    3,  11.2,  15.3,  16.8,  976.8,  22.7,  55.4,  13.3
2025-06-19 21:00:00,3,10.7,14.6,16.2,977.1,22.0,55.2,12.6
2025-06-19 22:00:00,3,11.0,14.9,15.7,977.5,20.3,62.5,12.9
2025-06-19 23:00:00,3,10.1,13.7,15.0,986.7,20.1,58.0,11.6
2025-06-20 00:00:00,3,10.1,13.6,14.1,977.8,18.1,65.3,11.5
2025-06-20 01:00:00,    3,   9.9,  13.3,  13.6,  978.0,  17.2,  67.8,  11.2
2025-06-20 02:00:00,    3,   9.5,  12.7,  13.1,  978.0,  16.7,  66.8,  10.5
2025-06-20 03:00:00,    3,   9.3,  12.5,  12.4,  977.7,  15.5,  70.6,  10.2
2025-06-20 04:00:00,    3,   9.4,  12.5,  12.3,  977.9,  15.2,  72.0,  10.2
2025-06-20 05:00:00,    3,   9.3,  12.5,  12.9,  978.0,  16.6,  65.9,  10.2
2025-06-20 06:00:00,    3,   9.6,  12.9,  13.7,  978.2,  18.0,  62.3,  10.7
2025-06-20 07:00:00,3,10.0,13.5,14.6,978.3,19.5,59.4,11.4
2025-06-20 08:00:00,3,9.7,13.1,14.8,978.3,20.4,54.7,11.0
2025-06-20 09:00:00,3,10.3,14.1,16.2,987.0,22.8,50.9,12.1
2025-06-20 10:00:00,    3,  10.2,  14.0,  16.2,  977.8,  22.9,  49.9,  11.9
2025-06-20 11:00:00,    3,   9.8,  13.5,  16.6,  986.4,  24.7,  43.3,  11.4
2025-06-20 12:00:00,3,9.7,13.3,16.5,977.3,24.8,42.5,11.2
2025-06-20 13:00:00,    3,   9.8,  13.5,  16.9,  976.9,  25.8,  40.6,  11.4
2025-06-20 14:00:00,    3,   9.8,  13.6,  17.0,  976.5,  25.9,  40.6,  11.5
2025-06-20 15:00:00,    3,   9.4,  13.1,  16.9,  985.3,  26.4,  37.9,  10.9
2025-06-20 16:00:00,3,10.1,14.0,17.5,976.1,26.7,40.0,12.0
2025-06-20 17:00:00,    3,   8.4,  11.6,  16.1,  984.7,  26.4,  33.6,   9.1
2025-06-20 18:00:00,    3,   8.0,  11.0,  15.4,  975.7,  25.2,  34.4,   8.4
2025-06-20 19:00:00,3,7.6,10.4,14.6,984.5,24.0,34.7,7.5
2025-06-20 20:00:00,    3,   7.9,  10.7,  13.4,  976.0,  20.6,  44.2,   8.0
2025-06-20 21:00:00,    3,   8.2,  11.0,  13.0,  976.5,  19.0,  50.1,   8.4
2025-06-20 22:00:00,3,8.3,11.1,12.5,976.7,17.8,54.4,8.5
2025-06-20 23:00:00,    3,   8.2,  11.0,  12.1,  976.6,  16.9,  57.2,   8.4
2025-06-21 00:00:00,    3,   8.5,  11.3,  11.3,  976.3,  14.5,  68.6,   8.8
2025-06-21 01:00:00,    3,   7.6,  10.2,  11.9,  984.8,  17.6,  50.4,   7.2
2025-06-21 02:00:00,    3,   8.3,  11.0,  10.6,  975.7,  13.3,  72.1,   8.4
2025-06-21 03:00:00,    3,   8.0,  10.5,   9.9,  975.5,  12.5,  72.5,   7.7
2025-06-21 04:00:00,    3,   8.5,  11.3,  11.3,  984.4,  14.7,  67.2,   8.7
2025-06-21 05:00:00,3,8.7,11.6,12.1,984.8,15.9,63.9,9.1
2025-06-21 06:00:00,    3,   8.2,  11.0,  11.9,  976.2,  16.4,  58.7,   8.3
2025-06-21 07:00:00,3,8.9,12.0,13.6,985.0,19.2,53.7,9.6
2025-06-21 08:00:00,    3,   9.2,  12.5,  14.5,  976.2,  20.5,  51.9,  10.3
2025-06-21 09:00:00,    3,   9.5,  13.1,  16.2,  984.9,  24.4,  42.7,  10.9
2025-06-21 10:00:00,3,7.7,10.7,15.7,984.6,26.5,30.8,7.9
2025-06-21 11:00:00,    3,   8.2,  11.3,  16.2,  984.4,  26.9,  31.9,   8.8
2025-06-21 12:00:00,    3,   7.0,   9.8,  15.7,  983.9,  28.1,  25.6,   6.6
2025-06-21 13:00:00,3,8.1,11.3,16.4,974.8,27.7,30.3,8.7
2025-06-21 14:00:00,3,6.5,9.1,15.3,974.4,27.9,24.2,5.6
2025-06-21 15:00:00,3,7.3,10.1,15.8,974.0,27.9,26.8,7.1
2025-06-21 16:00:00,    3,   7.9,  11.0,  16.4,  973.7,  28.0,  29.1,   8.4
2025-06-21 17:00:00,3,7.5,10.5,16.6,982.2,29.2,25.9,7.7
2025-06-21 18:00:00,3,7.6,10.6,16.1,982.3,27.8,28.3,7.8
2025-06-21 19:00:00,    3,   8.3,  11.5,  16.0,  982.6,  26.2,  33.7,   9.0
2025-06-21 20:00:00,    3,   8.7,  12.0,  15.6,  983.2,  24.4,  39.1,   9.6
2025-06-21 21:00:00,    3,   9.4,  12.6,  14.0,  974.9,  19.1,  57.0,  10.4
2025-06-21 22:00:00,3,9.5,13.0,15.0,983.3,21.3,51.1,10.8
2025-06-21 23:00:00,3,9.7,13.1,14.7,983.5,20.2,55.4,11.0
2025-06-22 00:00:00,    3,   9.8,  13.2,  14.0,  983.3,  18.2,  63.2,  11.1
2025-06-22 01:00:00,3,9.8,13.1,12.5,974.5,14.8,77.4,10.9
2025-06-22 02:00:00,    3,   9.6,  12.9,  13.4,  982.8,  17.2,  65.5,  10.7
2025-06-22 03:00:00,    3,   9.3,  12.4,  11.7,  973.9,  13.8,  78.3,  10.1
2025-06-22 04:00:00,3,9.1,12.0,11.7,973.8,14.3,73.8,9.7
2025-06-22 05:00:00,    3,   9.6,  12.9,  13.4,  982.5,  17.3,  65.1,  10.7
2025-06-22 06:00:00,3,9.6,13.0,14.4,982.6,19.7,56.4,10.8
2025-06-22 07:00:00,3,10.0,13.6,15.7,982.1,22.1,51.0,11.5
2025-06-22 08:00:00,3,9.9,13.6,16.4,973.6,24.2,44.9,11.5
2025-06-22 09:00:00,3,9.9,13.8,17.5,973.5,27.0,38.6,11.7
2025-06-22 10:00:00,3,11.0,15.4,19.0,973.2,29.0,38.4,13.4
2025-06-22 11:00:00,3,8.9,12.5,17.8,972.5,30.0,29.3,10.2
2025-06-22 12:00:00,3,8.6,12.1,18.6,980.4,32.6,24.6,9.8
2025-06-22 13:00:00,    3,   8.2,  11.6,  18.6,  979.9,  33.4,  22.6,   9.2
2025-06-22 14:00:00,    3,   7.9,  11.2,  18.0,  970.8,  32.6,  22.7,   8.6
2025-06-22 15:00:00,    3,   8.3,  11.7,  18.5,  970.2,  33.2,  23.0,   9.3
2025-06-22 16:00:00,    3,   9.7,  13.8,  19.5,  978.2,  33.2,  27.0,  11.7
2025-06-22 17:00:00,    3,   9.7,  13.8,  19.5,  977.7,  32.9,  27.5,  11.7
2025-06-22 18:00:00,    3,  10.2,  14.4,  19.4,  977.6,  31.7,  30.8,  12.4
2025-06-22 19:00:00,    3,  11.7,  16.3,  19.4,  968.9,  28.9,  40.9,  14.3
2025-06-22 20:00:00,    3,  10.7,  14.9,  18.4,  977.5,  27.9,  39.6,  12.9
2025-06-22 21:00:00,    3,  11.1,  15.3,  18.0,  977.6,  26.3,  44.6,  13.3
2025-06-22 22:00:00,3,12.2,16.6,17.2,969.4,21.9,63.2,14.6
2025-06-22 23:00:00,3,11.2,15.4,17.8,977.4,25.4,47.4,13.4
2025-06-23 00:00:00,    3,  10.8,  14.9,  17.5,  977.4,  25.3,  46.1,  12.9
2025-06-23 01:00:00,    3,  10.6,  14.5,  16.4,  969.3,  22.7,  52.5,  12.5
2025-06-23 02:00:00,    3,  11.4,  15.5,  16.5,  969.1,  21.5,  60.3,  13.5
2025-06-23 03:00:00,    3,  12.9,  17.6,  18.4,  977.8,  23.7,  60.1,  15.5
2025-06-23 04:00:00,3,13.5,18.4,18.3,969.8,22.3,68.4,16.2
2025-06-23 05:00:00,    3,  13.2,  18.1,  18.2,  977.5,  22.6,  65.9,  15.9
2025-06-23 06:00:00,    3,  14.1,  19.3,  19.0,  969.0,  23.2,  67.7,  16.9
2025-06-23 07:00:00,    3,  14.5,  19.9,  19.7,  969.2,  24.3,  65.4,  17.4
2025-06-23 08:00:00,    3,  14.0,  19.3,  19.9,  977.4,  26.1,  56.9,  16.9
2025-06-23 09:00:00,3,13.4,18.6,19.8,977.2,26.7,52.9,16.3
2025-06-23 10:00:00,    3,  12.8,  17.7,  19.5,  968.8,  27.0,  49.7,  15.6
2025-06-23 11:00:00,3,12.7,17.6,19.3,968.3,26.7,50.3,15.5
2025-06-23 12:00:00,3,12.6,17.5,19.7,967.9,28.1,46.0,15.4
2025-06-23 13:00:00,    3,   9.6,  13.4,  18.0,  967.2,  29.2,  33.0,  11.3
2025-06-23 14:00:00,3,9.8,13.6,17.7,967.4,27.9,36.1,11.5
2025-06-23 15:00:00,    3,   8.6,  11.9,  15.9,  976.7,  25.3,  36.8,   9.5
2025-06-23 16:00:00,3,9.7,13.3,16.3,977.3,24.4,43.5,11.2
2025-06-23 17:00:00,    3,  10.2,  14.0,  16.2,  968.8,  23.2,  49.0,  11.9
2025-06-23 18:00:00,3,10.8,14.8,16.5,978.0,22.7,53.6,12.8
2025-06-23 19:00:00,    3,  10.9,  14.8,  16.2,  969.9,  21.7,  56.9,  12.8
2025-06-23 20:00:00,    3,  10.2,  13.9,  15.6,  978.8,  21.5,  54.0,  11.8
2025-06-23 21:00:00,    3,  10.1,  13.7,  15.2,  979.6,  20.7,  55.9,  11.6
2025-06-23 22:00:00,3,10.6,14.2,14.5,971.3,18.1,68.4,12.2
2025-06-23 23:00:00,    3,  10.4,  14.0,  14.8,  980.0,  19.2,  63.0,  12.0
2025-06-24 00:00:00,    3,  10.5,  14.2,  14.9,  980.1,  19.0,  64.7,  12.2
2025-06-24 01:00:00,3,10.7,14.3,14.1,971.3,16.8,74.8,12.3
2025-06-24 02:00:00,3,10.5,14.1,14.0,971.1,17.0,72.8,12.1
2025-06-24 03:00:00,3,10.8,14.4,13.9,971.1,16.3,77.7,12.4
2025-06-24 04:00:00,    3,  10.7,  14.3,  14.2,  979.9,  17.1,  73.3,  12.3
2025-06-24 05:00:00,    3,  10.9,  14.6,  14.5,  971.3,  17.5,  72.9,  12.6
2025-06-24 06:00:00,3,11.0,14.8,15.3,971.5,19.2,66.4,12.8
2025-06-24 07:00:00,    3,  10.6,  14.4,  15.4,  980.0,  20.2,  60.8,  12.4
2025-06-24 08:00:00,3,11.2,15.3,16.4,971.2,21.7,58.8,13.3
2025-06-24 09:00:00,3,9.3,12.7,15.8,979.4,23.7,43.3,10.5
2025-06-24 10:00:00,3,9.4,13.0,16.0,970.9,24.1,43.1,10.8
2025-06-24 11:00:00,    3,   8.9,  12.2,  16.0,  970.8,  25.3,  37.8,   9.9
2025-06-24 12:00:00,    3,   9.4,  13.0,  16.9,  979.4,  26.5,  37.4,  10.8
2025-06-24 13:00:00,    3,   9.3,  12.9,  16.9,  978.9,  26.6,  36.9,  10.7
2025-06-24 14:00:00,    3,   9.2,  12.7,  16.9,  970.0,  26.9,  35.8,  10.5
2025-06-24 15:00:00,3,9.0,12.5,16.9,969.4,27.4,34.3,10.3
2025-06-24 16:00:00,3,9.6,13.3,17.7,977.8,28.3,34.6,11.2
2025-06-24 17:00:00,    3,   9.4,  13.1,  17.2,  969.3,  27.4,  35.7,  10.9
2025-06-24 18:00:00,    3,   9.4,  13.1,  16.9,  969.3,  26.6,  37.4,  10.9
2025-06-24 19:00:00,    3,   9.9,  13.6,  16.7,  969.5,  25.0,  42.8,  11.5
2025-06-24 20:00:00,    3,  10.0,  13.7,  15.8,  969.7,  22.4,  50.4,  11.6
2025-06-24 21:00:00,    3,  10.2,  14.0,  15.7,  969.9,  21.8,  53.3,  11.9
2025-06-24 22:00:00,    3,  10.9,  14.9,  16.6,  978.5,  22.7,  53.9,  12.9
2025-06-24 23:00:00,    3,  10.7,  14.6,  16.5,  978.6,  22.8,  52.6,  12.6
2025-06-25 00:00:00,    3,  10.5,  14.1,  14.2,  969.9,  17.4,  71.0,  12.1
2025-06-25 01:00:00,3,10.9,14.8,16.1,978.3,21.5,57.6,12.8
2025-06-25 02:00:00,    3,  11.2,  15.1,  15.5,  978.3,  19.4,  66.9,  13.1
2025-06-25 03:00:00,    3,  10.8,  14.4,  13.7,  969.6,  15.6,  81.2,  12.4
2025-06-25 04:00:00,    3,  10.7,  14.2,  13.4,  969.9,  15.1,  82.8,  12.2
2025-06-25 05:00:00,    3,  11.7,  15.7,  15.4,  970.3,  18.2,  75.0,  13.7
2025-06-25 06:00:00,    3,  12.1,  16.4,  16.9,  970.3,  21.1,  65.6,  14.4
2025-06-25 07:00:00,3,11.7,16.0,17.6,970.3,24.1,53.2,14.0
2025-06-25 08:00:00,3,10.5,14.6,18.0,979.1,27.1,40.7,12.6
2025-06-25 09:00:00,3,11.1,15.5,18.7,978.9,28.0,40.9,13.5
2025-06-25 10:00:00,3,10.5,14.6,18.4,978.9,28.5,37.5,12.6
2025-06-25 11:00:00,    3,  10.4,  14.5,  18.7,  970.0,  29.6,  35.0,  12.5
2025-06-25 12:00:00,    3,  10.8,  15.2,  19.5,  978.0,  30.9,  34.0,  13.2
2025-06-25 13:00:00,    3,  10.8,  15.2,  19.5,  977.9,  30.8,  34.2,  13.2
2025-06-25 14:00:00,    3,   9.8,  13.9,  19.2,  969.1,  32.2,  28.8,  11.8
2025-06-25 15:00:00,    3,  10.4,  14.7,  19.6,  968.6,  32.0,  30.9,  12.7
2025-06-25 16:00:00,3,11.2,15.7,19.9,968.5,31.5,33.9,13.7
2025-06-25 17:00:00,3,11.5,16.1,19.8,968.3,30.5,36.9,14.1
2025-06-25 18:00:00,    3,  11.3,  15.8,  19.4,  968.2,  29.8,  37.6,  13.8
2025-06-25 19:00:00,3,12.7,17.6,19.5,967.7,27.3,48.5,15.5
2025-06-25 20:00:00,    3,  12.6,  17.3,  18.5,  967.5,  24.7,  55.5,  15.2
2025-06-25 21:00:00,    3,  12.1,  16.6,  17.8,  967.8,  23.5,  57.4,  14.6
2025-06-25 22:00:00,    3,  12.9,  17.7,  18.6,  975.9,  24.3,  58.3,  15.6
2025-06-25 23:00:00,    3,  12.9,  17.6,  18.1,  975.4,  22.9,  63.1,  15.5
2025-06-26 00:00:00,    3,  13.2,  18.0,  18.2,  975.5,  22.7,  65.1,  15.8
2025-06-26 01:00:00,    3,  13.4,  18.2,  18.1,  975.3,  22.0,  68.8,  16.0
2025-06-26 02:00:00,    3,  13.0,  17.7,  17.8,  975.1,  21.8,  67.8,  15.6
2025-06-26 03:00:00,    3,  11.8,  16.1,  17.5,  968.3,  23.4,  55.9,  14.1
2025-06-26 04:00:00,    3,  12.7,  17.4,  17.9,  978.1,  22.7,  63.0,  15.3
2025-06-26 05:00:00,    3,  14.4,  19.4,  17.8,  969.9,  19.4,  86.0,  17.0
2025-06-26 06:00:00,3,14.1,19.0,17.7,968.9,19.7,82.8,16.7
2025-06-26 07:00:00,    3,  14.3,  19.5,  19.0,  977.8,  22.9,  69.8,  17.1
2025-06-26 08:00:00,3,13.8,18.8,18.6,969.3,22.7,68.0,16.5
2025-06-26 09:00:00,    3,  13.7,  19.0,  20.2,  978.1,  27.2,  52.7,  16.7
2025-06-26 10:00:00,3,10.8,15.0,18.6,978.4,28.4,38.7,13.0
2025-06-26 11:00:00,3,11.0,15.3,18.8,969.8,28.6,39.0,13.3
2025-06-26 12:00:00,3,11.5,16.0,19.1,978.2,28.4,41.3,14.0
2025-06-26 13:00:00,3,11.2,15.6,18.7,978.4,27.8,41.7,13.6
2025-06-26 14:00:00,3,11.3,15.7,19.0,978.7,28.5,40.3,13.7
2025-06-26 15:00:00,    3,  11.1,  15.5,  18.6,  979.1,  27.8,  41.4,  13.5
2025-06-26 16:00:00,    3,  12.0,  16.6,  18.9,  979.7,  26.7,  47.4,  14.6
2025-06-26 17:00:00,    3,  11.8,  16.2,  18.2,  971.9,  25.5,  49.6,  14.2
2025-06-26 18:00:00,    3,  12.3,  17.0,  18.2,  972.4,  24.4,  55.4,  14.9
2025-06-26 19:00:00,    3,  12.7,  17.4,  18.3,  982.3,  23.9,  58.6,  15.3
2025-06-26 20:00:00,    3,  13.0,  17.7,  18.1,  982.7,  22.6,  64.6,  15.6
2025-06-26 21:00:00,    3,  13.2,  18.0,  18.0,  983.5,  22.1,  67.5,  15.8
2025-06-26 22:00:00,    3,  13.0,  17.7,  17.8,  983.9,  21.8,  67.8,  15.6
2025-06-26 23:00:00,    3,  13.7,  18.6,  17.8,  984.1,  20.5,  76.8,  16.3
2025-06-27 00:00:00,    3,  13.9,  18.8,  17.8,  984.0,  20.3,  78.8,  16.5
2025-06-27 01:00:00,    3,  13.9,  18.8,  17.8,  984.3,  20.2,  79.3,  16.5
2025-06-27 02:00:00,    3,  13.4,  18.1,  16.8,  975.9,  18.4,  85.4,  15.9
2025-06-27 03:00:00,3,13.5,18.3,17.5,984.7,20.1,77.8,16.1
2025-06-27 04:00:00,3,13.2,17.9,17.2,984.9,20.0,76.3,15.7
2025-06-27 05:00:00,3,13.0,17.6,17.1,976.3,19.9,75.8,15.5
2025-06-27 06:00:00,3,13.0,17.6,17.1,976.8,20.1,74.8,15.5
2025-06-27 07:00:00,3,13.2,18.1,18.4,976.9,23.1,63.9,15.9
2025-06-27 08:00:00,    3,  12.2,  16.8,  17.9,  985.6,  23.6,  57.4,  14.7
2025-06-27 09:00:00,    3,  12.4,  17.0,  18.0,  985.9,  23.6,  58.2,  14.9
2025-06-27 10:00:00,3,12.7,17.4,18.3,986.0,23.7,59.3,15.3
2025-06-27 11:00:00,3,13.4,18.3,18.6,986.3,23.3,64.0,16.1
2025-06-27 12:00:00,    3,  13.2,  18.1,  18.6,  977.8,  23.6,  62.0,  15.9
2025-06-27 13:00:00,3,14.2,19.4,19.0,986.8,22.8,69.8,17.0
2025-06-27 14:00:00,3,13.8,18.9,19.1,986.6,24.1,62.9,16.6
2025-06-27 15:00:00,    3,  13.7,  18.8,  19.2,  986.8,  24.5,  61.0,  16.5
2025-06-27 16:00:00,    3,  13.3,  18.3,  19.0,  986.7,  24.6,  59.2,  16.1
2025-06-27 17:00:00,    3,  13.3,  18.3,  19.2,  986.6,  25.1,  57.4,  16.1
2025-06-27 18:00:00,    3,  13.7,  18.8,  19.2,  986.7,  24.3,  61.8,  16.5
2025-06-27 19:00:00,    3,  13.5,  18.4,  18.7,  987.0,  23.5,  63.6,  16.2
2025-06-27 20:00:00,    3,  13.3,  18.2,  18.2,  987.6,  22.4,  67.1,  16.0
2025-06-27 21:00:00,3,13.8,18.8,18.3,979.3,21.7,72.3,16.5
2025-06-27 22:00:00,    3,  13.9,  18.9,  18.2,  988.1,  21.2,  75.0,  16.6
2025-06-27 23:00:00,    3,  13.3,  17.9,  16.7,  979.4,  18.4,  84.3,  15.7
2025-06-28 00:00:00,    3,  13.8,  18.7,  17.6,  988.3,  19.8,  80.8,  16.4
2025-06-28 01:00:00,    3,  13.4,  18.0,  16.7,  979.6,  18.3,  85.3,  15.8
2025-06-28 02:00:00,    3,  14.0,  18.8,  17.2,  988.5,  18.4,  88.7,  16.5
2025-06-28 03:00:00,    3,  13.9,  18.7,  17.0,  988.8,  18.1,  89.8,  16.4
2025-06-28 04:00:00,    3,  13.8,  18.6,  17.0,  988.9,  18.2,  88.7,  16.3
2025-06-28 05:00:00,    3,  13.7,  18.4,  17.3,  989.1,  19.2,  82.8,  16.2
2025-06-28 06:00:00,    3,  13.6,  18.4,  17.9,  980.5,  21.0,  74.0,  16.2
2025-06-28 07:00:00,3,13.7,18.8,18.8,980.7,23.3,65.6,16.5
2025-06-28 08:00:00,    3,  13.3,  18.2,  18.6,  980.8,  23.5,  62.8,  16.0
2025-06-28 09:00:00,    3,  12.6,  17.4,  18.9,  989.5,  25.6,  53.0,  15.3
2025-06-28 10:00:00,    3,  12.3,  17.1,  19.2,  989.3,  27.1,  47.5,  15.0
2025-06-28 11:00:00,    3,  12.4,  17.2,  19.0,  980.4,  26.3,  50.2,  15.1
2025-06-28 12:00:00,    3,  11.9,  16.5,  19.1,  979.9,  27.6,  44.7,  14.5
2025-06-28 13:00:00,    3,  12.1,  16.9,  19.8,  979.4,  29.2,  41.5,  14.8
2025-06-28 14:00:00,    3,  12.2,  17.1,  20.0,  978.8,  29.7,  40.9,  15.0
2025-06-28 15:00:00,3,13.3,18.6,20.7,987.4,29.6,44.7,16.3
2025-06-28 16:00:00,3,12.3,17.2,20.1,978.2,29.8,40.9,15.1
2025-06-28 17:00:00,    3,  13.0,  18.2,  20.5,  978.0,  29.6,  43.9,  16.0
2025-06-28 18:00:00,    3,  12.8,  17.9,  20.1,  977.8,  28.7,  45.3,  15.7
2025-06-28 19:00:00,3,12.5,17.4,19.8,986.7,28.3,45.2,15.3
2025-06-28 20:00:00,    3,  13.1,  18.1,  19.5,  987.0,  26.4,  52.5,  15.9
2025-06-28 21:00:00,3,12.7,17.5,18.7,978.5,24.8,55.9,15.4
2025-06-28 22:00:00,    3,  13.3,  18.2,  18.8,  987.2,  24.1,  60.6,  16.0
2025-06-28 23:00:00,    3,  13.5,  18.6,  18.8,  987.5,  23.6,  63.6,  16.3
2025-06-29 00:00:00,    3,  13.3,  18.0,  17.5,  978.8,  20.5,  74.4,  15.8
2025-06-29 01:00:00,3,13.3,18.0,17.4,978.7,20.2,75.8,15.8
2025-06-29 02:00:00,    3,  14.1,  19.2,  18.3,  987.2,  21.2,  76.0,  16.8
2025-06-29 03:00:00,    3,  14.1,  19.0,  17.9,  987.1,  20.1,  80.8,  16.7
2025-06-29 04:00:00,    3,  13.9,  18.8,  17.6,  987.1,  19.7,  81.8,  16.5
2025-06-29 05:00:00,3,13.7,18.6,17.8,987.0,20.5,76.8,16.3
2025-06-29 06:00:00,3,13.5,18.4,18.8,987.1,23.6,63.2,16.2
2025-06-29 07:00:00,3,13.9,19.0,19.1,978.4,23.7,64.9,16.7
2025-06-29 08:00:00,    3,  14.2,  19.7,  20.1,  978.3,  26.0,  58.4,  17.2
2025-06-29 09:00:00,    3,  12.8,  17.7,  19.7,  986.7,  27.7,  47.7,  15.6
2025-06-29 10:00:00,3,12.9,18.0,19.9,978.0,28.1,47.2,15.8
2025-06-29 11:00:00,3,12.4,17.3,20.0,986.4,29.4,42.1,15.2
2025-06-29 12:00:00,    3,  12.2,  17.2,  20.6,  985.9,  31.2,  37.8,  15.1
2025-06-29 13:00:00,3,11.3,15.9,19.8,976.7,30.7,36.0,13.9
2025-06-29 14:00:00,    3,  11.9,  16.8,  20.6,  985.1,  31.9,  35.4,  14.7
2025-06-29 15:00:00,    3,  12.0,  16.9,  20.6,  984.7,  31.8,  35.8,  14.8
2025-06-29 16:00:00,    3,  11.7,  16.5,  20.4,  984.3,  31.7,  35.3,  14.5
2025-06-29 17:00:00,    3,  11.3,  15.9,  19.9,  975.4,  31.2,  35.0,  13.9
2025-06-29 18:00:00,    3,  11.3,  15.8,  19.6,  975.0,  30.4,  36.3,  13.8
2025-06-29 19:00:00,    3,  11.9,  16.6,  19.6,  974.8,  29.0,  41.5,  14.6
2025-06-29 20:00:00,    3,  12.5,  17.3,  19.4,  975.1,  27.4,  47.3,  15.2
2025-06-29 21:00:00,    3,  12.1,  16.8,  18.7,  975.4,  26.0,  49.8,  14.7
2025-06-29 22:00:00,3,11.8,16.2,17.9,975.5,24.6,52.3,14.2
2025-06-29 23:00:00,    3,  11.7,  16.0,  17.3,  975.6,  23.0,  56.9,  14.0
2025-06-30 00:00:00,    3,  11.9,  16.1,  16.6,  975.4,  20.8,  65.5,  14.1
2025-06-30 01:00:00,    3,  12.4,  16.9,  17.5,  983.8,  22.3,  62.5,  14.8
2025-06-30 02:00:00,3,12.4,16.9,17.2,983.6,21.4,66.0,14.8
2025-06-30 03:00:00,3,12.2,16.5,16.7,974.6,20.4,68.9,14.5
2025-06-30 04:00:00,3,12.2,16.5,16.7,974.5,20.4,68.9,14.5
2025-06-30 05:00:00,    3,  13.2,  18.0,  18.0,  974.6,  22.1,  67.5,  15.8
2025-06-30 06:00:00,    3,  12.9,  17.6,  18.2,  983.6,  23.3,  61.5,  15.5
2025-06-30 07:00:00,3,13.1,18.0,19.0,983.5,25.0,56.7,15.8
2025-06-30 08:00:00,    3,  12.7,  17.6,  19.3,  974.4,  26.4,  51.2,  15.5
2025-06-30 09:00:00,    3,  13.5,  18.8,  20.5,  982.8,  28.5,  48.2,  16.5
2025-06-30 10:00:00,3,13.3,18.7,21.0,982.4,30.5,42.7,16.4
2025-06-30 11:00:00,3,12.8,18.0,21.0,982.1,31.6,38.6,15.8
2025-06-30 12:00:00,3,12.4,17.5,20.9,981.5,31.7,37.4,15.4
2025-06-30 13:00:00,3,12.4,17.5,21.2,981.0,32.8,35.2,15.4
2025-06-30 14:00:00,    3,  11.7,  16.5,  20.6,  971.7,  32.5,  33.8,  14.5
2025-06-30 15:00:00,    3,  12.2,  17.3,  21.1,  979.7,  33.0,  34.3,  15.2
2025-06-30 16:00:00,    3,  12.4,  17.5,  21.3,  979.4,  33.1,  34.6,  15.4
2025-06-30 17:00:00,    3,  11.0,  15.5,  20.2,  970.3,  32.6,  31.5,  13.5
2025-06-30 18:00:00,    3,  11.7,  16.5,  20.3,  970.1,  31.6,  35.5,  14.5
2025-06-30 19:00:00,    3,  12.2,  17.1,  20.0,  969.9,  29.6,  41.1,  15.0
2025-06-30 20:00:00,    3,  12.3,  17.0,  19.0,  970.8,  26.7,  48.4,  14.9
2025-06-30 21:00:00,    3,  12.4,  17.2,  19.3,  979.6,  27.3,  47.3,  15.1
2025-06-30 22:00:00,3,11.4,15.8,18.4,979.6,26.7,45.0,13.8
2025-06-30 23:00:00,3,12.6,17.4,18.8,979.5,25.3,53.9,15.3
2025-07-01 00:00:00,    3,  12.8,  17.4,  17.6,  971.1,  21.9,  66.2,  15.3
2025-07-01 01:00:00,    3,  12.7,  17.3,  17.9,  979.7,  22.9,  61.9,  15.2
2025-07-01 02:00:00,    3,  13.0,  17.7,  18.0,  979.4,  22.3,  65.8,  15.6
2025-07-01 03:00:00,    3,  12.9,  17.5,  17.4,  979.4,  21.1,  69.9,  15.4
2025-07-01 04:00:00,3,13.1,17.6,16.7,971.1,18.8,81.1,15.5
2025-07-01 05:00:00,    3,  13.8,  18.8,  18.3,  971.4,  21.7,  72.3,  16.5
2025-07-01 06:00:00,    3,  13.1,  18.0,  18.3,  971.6,  23.0,  63.9,  15.8
2025-07-01 07:00:00,3,13.5,18.7,19.6,980.2,25.8,56.1,16.4
2025-07-01 08:00:00,3,14.3,19.9,20.9,980.3,28.2,52.0,17.4
2025-07-01 09:00:00,3,14.3,20.0,21.5,980.1,30.2,46.6,17.5
2025-07-01 10:00:00,3,12.6,17.7,20.7,971.7,30.8,39.9,15.6
2025-07-01 11:00:00,    3,  13.0,  18.3,  21.5,  971.4,  32.6,  37.2,  16.1
2025-07-01 12:00:00,    3,  11.7,  16.6,  21.4,  979.6,  34.9,  29.7,  14.6
2025-07-01 13:00:00,    3,  11.0,  15.4,  19.3,  979.8,  30.1,  36.0,  13.4
2025-07-01 14:00:00,    3,  11.5,  15.9,  18.5,  971.7,  26.7,  45.3,  13.9
2025-07-01 15:00:00,    3,  12.4,  17.3,  19.8,  971.5,  28.6,  44.1,  15.2
2025-07-01 16:00:00,    3,  13.2,  18.3,  19.8,  971.1,  27.2,  50.7,  16.1
2025-07-01 17:00:00,    3,  12.7,  17.6,  19.9,  970.5,  28.4,  45.5,  15.5
2025-07-01 18:00:00,    3,  14.4,  20.0,  20.9,  979.1,  28.0,  52.9,  17.5
2025-07-01 19:00:00,3,13.7,18.9,19.7,970.9,26.0,56.2,16.6
2025-07-01 20:00:00,3,13.9,19.0,19.3,971.1,24.3,62.6,16.7
2025-07-01 21:00:00,    3,  14.7,  20.3,  20.2,  979.7,  25.3,  62.8,  17.7
2025-07-01 22:00:00,    3,  15.3,  21.1,  20.2,  980.0,  24.1,  70.1,  18.3
2025-07-01 23:00:00,    3,  15.1,  20.7,  19.6,  980.0,  22.8,  74.4,  18.0
2025-07-02 00:00:00,    3,  15.5,  21.1,  19.4,  979.8,  21.7,  81.0,  18.3
2025-07-02 01:00:00,3,13.6,18.3,16.8,971.4,18.1,88.1,16.1
2025-07-02 02:00:00,    3,  13.4,  18.0,  16.5,  971.3,  17.9,  87.5,  15.8
2025-07-02 03:00:00,    3,  13.3,  17.9,  16.2,  971.1,  17.1,  91.5,  15.7
2025-07-02 04:00:00,    3,  14.5,  19.7,  18.1,  979.7,  19.8,  85.0,  17.2
2025-07-02 05:00:00,3,14.0,18.9,17.6,971.4,19.6,82.8,16.6
2025-07-02 06:00:00,3,14.1,19.2,18.1,971.5,20.7,78.4,16.8
2025-07-02 07:00:00,3,13.6,18.7,19.3,971.5,24.9,59.2,16.4
2025-07-02 08:00:00,    3,  13.3,  18.4,  20.1,  971.4,  27.9,  49.0,  16.2
2025-07-02 09:00:00,    3,  12.8,  18.0,  20.8,  979.6,  30.7,  40.7,  15.8
2025-07-02 10:00:00,    3,  11.4,  16.1,  20.5,  979.3,  32.6,  32.7,  14.1
2025-07-02 11:00:00,    3,  10.0,  14.1,  19.6,  970.4,  33.0,  28.1,  12.1
2025-07-02 12:00:00,    3,  10.0,  14.2,  20.1,  969.8,  34.4,  26.1,  12.2
2025-07-02 13:00:00,    3,   9.0,  12.8,  19.4,  969.6,  34.3,  23.6,  10.6
2025-07-02 14:00:00,    3,   8.4,  11.9,  18.8,  969.2,  33.9,  22.4,   9.5
2025-07-02 15:00:00,    3,   9.8,  14.0,  20.5,  976.9,  35.8,  23.9,  12.0
2025-07-02 16:00:00,3,8.9,12.7,19.5,976.4,34.8,22.8,10.5
2025-07-02 17:00:00,3,9.4,13.3,19.6,976.0,34.2,24.7,11.2
2025-07-02 18:00:00,    3,  12.2,  17.1,  20.3,  967.7,  30.5,  39.1,  15.0
2025-07-02 19:00:00,    3,  12.2,  17.1,  19.7,  968.5,  28.7,  43.3,  15.0
2025-07-02 20:00:00,    3,  12.3,  17.2,  19.9,  977.4,  29.1,  42.6,  15.1
2025-07-02 21:00:00,    3,  12.2,  16.8,  18.2,  969.1,  24.6,  54.1,  14.7
2025-07-02 22:00:00,    3,  11.7,  16.0,  17.5,  969.6,  23.7,  54.5,  14.0
2025-07-02 23:00:00,    3,  11.6,  16.0,  17.9,  971.3,  24.9,  50.8,  14.0
2025-07-03 00:00:00,    3,  12.0,  16.5,  18.0,  980.6,  24.2,  54.7,  14.5
2025-07-03 01:00:00,    3,  11.9,  16.3,  17.9,  980.8,  24.4,  53.3,  14.3
2025-07-03 02:00:00,3,14.4,19.5,18.2,971.4,20.2,82.4,17.1
2025-07-03 03:00:00,3,13.2,18.0,17.9,980.8,21.8,68.7,15.8
2025-07-03 04:00:00,3,14.7,19.9,18.2,973.5,19.8,86.0,17.4
2025-07-03 05:00:00,    3,  13.6,  18.4,  17.9,  974.4,  21.0,  74.0,  16.2
2025-07-03 06:00:00,    3,  13.7,  18.6,  18.0,  975.2,  21.1,  74.1,  16.3
2025-07-03 07:00:00,3,13.5,18.4,18.1,975.9,21.7,70.9,16.2
2025-07-03 08:00:00,    3,  13.8,  18.8,  18.2,  985.4,  21.4,  73.6,  16.5
2025-07-03 09:00:00,    3,  13.8,  18.8,  18.0,  977.2,  20.9,  75.9,  16.5
2025-07-03 10:00:00,    3,  13.5,  18.3,  17.9,  986.6,  21.2,  72.7,  16.1
2025-07-03 11:00:00,3,13.6,18.6,18.6,987.1,23.0,66.0,16.3
2025-07-03 12:00:00,3,13.2,18.0,18.3,986.9,22.8,64.7,15.8
2025-07-03 13:00:00,    3,  13.6,  18.6,  18.6,  987.2,  23.1,  65.6,  16.3
2025-07-03 14:00:00,    3,  12.9,  17.7,  18.5,  978.2,  24.1,  59.0,  15.6
2025-07-03 15:00:00,    3,  13.2,  18.1,  18.4,  978.1,  23.2,  63.5,  15.9
2025-07-03 16:00:00,    3,  12.5,  17.1,  17.9,  986.7,  23.2,  60.0,  15.0
2025-07-03 17:00:00,    3,  12.3,  16.9,  18.0,  986.7,  23.7,  57.4,  14.8
2025-07-03 18:00:00,3,12.0,16.4,17.6,986.7,23.3,57.3,14.4
2025-07-03 19:00:00,    3,  12.4,  16.9,  17.4,  977.9,  22.1,  63.3,  14.8
2025-07-03 20:00:00,3,12.0,16.3,17.2,987.0,22.1,61.3,14.3
2025-07-03 21:00:00,3,12.5,17.0,17.3,978.3,21.5,66.1,14.9
2025-07-03 22:00:00,    3,  12.9,  17.5,  17.4,  978.4,  20.9,  70.8,  15.4
2025-07-03 23:00:00,3,13.1,17.7,17.5,978.2,20.9,71.7,15.6
2025-07-04 00:00:00,3,12.1,16.3,16.2,986.7,19.5,71.9,14.3
2025-07-04 01:00:00,3,12.6,17.1,16.7,977.6,19.7,74.3,15.0
2025-07-04 02:00:00,3,11.9,16.1,16.1,977.6,19.4,71.4,14.1
2025-07-04 03:00:00,3,10.9,14.6,14.8,977.7,18.2,69.8,12.6
2025-07-04 04:00:00,    3,  10.3,  13.8,  14.0,  978.2,  17.3,  69.6,  11.7
2025-07-04 05:00:00,    3,   8.9,  12.0,  12.8,  987.8,  17.0,  61.7,   9.6
2025-07-04 06:00:00,    3,   9.1,  12.2,  13.3,  988.0,  18.0,  59.1,   9.9
2025-07-04 07:00:00,    3,   9.1,  12.3,  13.8,  988.5,  19.0,  55.9,  10.0
2025-07-04 08:00:00,    3,  10.7,  14.6,  16.0,  979.7,  21.6,  56.5,  12.6
2025-07-04 09:00:00,3,10.1,13.8,16.0,988.7,22.8,49.5,11.7
2025-07-04 10:00:00,    3,   9.9,  13.5,  16.1,  988.3,  23.4,  46.8,  11.4
2025-07-04 11:00:00,3,9.4,13.0,16.2,979.3,24.4,42.4,10.8
2025-07-04 12:00:00,    3,   9.1,  12.5,  16.0,  979.0,  24.7,  40.0,  10.2
2025-07-04 13:00:00,3,8.1,11.3,15.9,987.4,26.1,33.3,8.7
2025-07-04 14:00:00,3,7.4,10.3,15.9,987.0,27.7,27.7,7.4
2025-07-04 15:00:00,    3,   7.4,  10.2,  15.3,  977.7,  26.1,  30.2,   7.3
2025-07-04 16:00:00,    3,   7.7,  10.7,  16.1,  985.9,  27.7,  28.7,   7.9
2025-07-04 17:00:00,    3,   7.2,  10.0,  15.5,  985.3,  27.0,  27.9,   6.9
2025-07-04 18:00:00,3,7.3,10.0,15.0,976.3,25.8,30.1,7.0
2025-07-04 19:00:00,    3,   7.6,  10.4,  14.7,  976.2,  24.4,  33.9,   7.5
2025-07-04 20:00:00,3,7.5,10.3,14.0,976.3,22.8,37.1,7.4
2025-07-04 21:00:00,    3,   7.6,  10.3,  13.5,  976.1,  21.5,  40.1,   7.4
2025-07-04 22:00:00,    3,   7.7,  10.5,  13.5,  984.7,  21.0,  42.2,   7.7
2025-07-04 23:00:00,    3,   8.1,  11.0,  13.3,  984.6,  19.9,  47.1,   8.3
2025-07-05 00:00:00,3,8.3,11.2,13.2,984.1,19.3,49.9,8.6
2025-07-05 01:00:00,3,8.4,11.3,13.0,983.8,18.6,52.8,8.8
2025-07-05 02:00:00,    3,   8.7,  11.6,  12.1,  974.5,  16.1,  63.1,   9.1
2025-07-05 03:00:00,    3,   8.9,  11.8,  11.5,  974.1,  14.3,  72.3,   9.4
2025-07-05 04:00:00,    3,   9.3,  12.4,  11.9,  973.7,  14.3,  75.8,  10.1
2025-07-05 05:00:00,    3,   9.5,  12.6,  12.5,  973.5,  15.4,  72.1,  10.4
2025-07-05 06:00:00,    3,  10.0,  13.4,  13.6,  973.3,  17.0,  69.1,  11.3
2025-07-05 07:00:00,    3,   9.8,  13.3,  14.9,  973.6,  20.4,  55.5,  11.2
2025-07-05 08:00:00,3,8.6,11.7,15.0,973.3,23.3,40.9,9.3
2025-07-05 09:00:00,    3,   8.6,  11.9,  15.8,  981.5,  25.1,  37.2,   9.5
2025-07-05 10:00:00,    3,   7.9,  10.9,  15.6,  981.1,  26.1,  32.1,   8.2
2025-07-05 11:00:00,    3,   8.4,  11.6,  16.7,  980.8,  27.9,  31.0,   9.2
2025-07-05 12:00:00,3,8.0,11.1,16.2,980.2,27.2,30.8,8.5
2025-07-05 13:00:00,3,8.0,11.1,16.4,970.8,28.1,29.2,8.5
2025-07-05 14:00:00,3,8.2,11.4,16.9,970.0,29.0,28.5,8.9
2025-07-05 15:00:00,3,6.8,9.4,15.6,969.7,28.4,24.3,6.1
2025-07-05 16:00:00,3,6.4,9.0,15.4,969.4,28.4,23.2,5.4
2025-07-05 17:00:00,3,6.1,8.5,14.9,969.4,27.9,22.7,4.7
2025-07-05 18:00:00,    3,   6.6,   9.2,  14.6,  969.6,  26.2,  26.9,   5.7
2025-07-05 19:00:00,    3,   6.8,   9.4,  14.4,  978.2,  25.3,  29.0,   6.0
2025-07-05 20:00:00,    3,   6.8,   9.3,  13.8,  978.3,  23.6,  31.9,   5.9
2025-07-05 21:00:00,    3,   7.0,   9.6,  13.1,  969.8,  21.7,  36.7,   6.3
2025-07-05 22:00:00,    3,   7.3,  10.0,  13.2,  978.3,  21.1,  39.7,   6.9
2025-07-05 23:00:00,    3,   7.8,  10.5,  12.5,  969.8,  18.7,  48.7,   7.7
2025-07-06 00:00:00,    3,   7.8,  10.5,  13.1,  977.8,  20.0,  44.9,   7.7
2025-07-06 01:00:00,3,7.9,10.7,13.0,977.4,19.6,46.7,7.9
2025-07-06 02:00:00,    3,   8.4,  11.3,  13.2,  976.8,  19.1,  51.2,   8.8
2025-07-06 03:00:00,    3,   8.9,  11.8,  12.0,  967.9,  15.4,  67.4,   9.4
2025-07-06 04:00:00,    3,   8.6,  11.5,  11.6,  967.5,  14.9,  67.7,   9.0
2025-07-06 05:00:00,    3,   8.9,  12.0,  12.9,  975.7,  17.4,  60.1,   9.6
2025-07-06 06:00:00,    3,   9.2,  12.5,  13.8,  975.4,  18.8,  57.3,  10.2
2025-07-06 07:00:00,    3,   8.9,  12.1,  14.2,  975.2,  20.4,  50.5,   9.8
2025-07-06 08:00:00,    3,   8.9,  12.1,  15.2,  974.7,  23.0,  43.1,   9.8
2025-07-06 09:00:00,    3,   8.1,  11.2,  15.0,  965.8,  24.2,  37.0,   8.6
2025-07-06 10:00:00,3,7.7,10.5,14.6,965.6,24.1,35.0,7.7
2025-07-06 11:00:00,3,7.3,10.0,13.9,974.2,23.0,35.4,6.9
2025-07-06 12:00:00,    3,   7.8,  10.6,  14.0,  974.2,  22.3,  39.3,   7.8
2025-07-06 13:00:00,3,7.8,10.7,14.1,965.0,22.5,39.1,7.9
2025-07-06 14:00:00,    3,   7.9,  10.8,  14.6,  972.5,  23.5,  37.3,   8.1
2025-07-06 15:00:00,3,8.2,11.3,14.9,963.0,23.8,38.1,8.7
2025-07-06 16:00:00,    3,   8.1,  11.1,  15.1,  970.8,  24.5,  36.1,   8.5
2025-07-06 17:00:00,    3,   7.9,  10.8,  14.6,  962.0,  23.5,  37.3,   8.1
2025-07-06 18:00:00,    3,   9.0,  12.2,  14.7,  962.4,  21.8,  46.7,   9.9
2025-07-06 19:00:00,    3,  10.5,  14.2,  14.8,  962.7,  18.9,  65.1,  12.2
2025-07-06 20:00:00,    3,  12.3,  16.4,  15.0,  963.5,  16.0,  90.2,  14.4
2025-07-06 21:00:00,    3,  12.0,  16.0,  14.5,  972.0,  15.3,  91.9,  14.0
2025-07-06 22:00:00,    3,  10.4,  13.9,  12.7,  963.2,  14.1,  86.0,  11.8
2025-07-06 23:00:00,    3,  10.5,  14.0,  13.3,  971.6,  15.3,  80.7,  12.0
2025-07-07 00:00:00,3,10.5,14.0,12.9,962.7,14.4,84.9,11.9
2025-07-07 01:00:00,3,10.4,13.9,12.9,962.4,14.6,83.3,11.8
2025-07-07 02:00:00,3,10.4,13.9,13.2,970.6,15.2,80.1,11.8
2025-07-07 03:00:00,3,10.3,13.8,13.1,970.0,15.2,79.6,11.7
2025-07-07 04:00:00,3,10.4,13.9,13.2,969.5,15.3,79.6,11.8
2025-07-07 05:00:00,    3,  10.6,  14.1,  13.4,  969.7,  15.4,  80.7,  12.1
2025-07-07 06:00:00,    3,  10.7,  14.3,  13.8,  969.6,  16.2,  77.7,  12.3
2025-07-07 07:00:00,    3,  10.8,  14.4,  14.0,  960.9,  16.4,  77.2,  12.4
2025-07-07 08:00:00,3,11.5,15.5,15.3,960.8,18.3,73.6,13.5
2025-07-07 09:00:00,    3,  10.0,  13.6,  15.1,  960.3,  20.7,  55.6,  11.5
2025-07-07 10:00:00,    3,   9.9,  13.4,  14.7,  960.5,  19.9,  57.6,  11.3
2025-07-07 11:00:00,    3,   9.7,  13.1,  14.5,  960.4,  19.8,  56.8,  11.0
2025-07-07 12:00:00,    3,  11.1,  14.9,  14.4,  960.7,  16.8,  77.8,  12.9
2025-07-07 13:00:00,    3,  10.5,  14.1,  14.9,  960.4,  19.3,  63.0,  12.1
2025-07-07 14:00:00,    3,  10.6,  14.4,  15.5,  960.4,  20.6,  59.3,  12.4
2025-07-07 15:00:00,    3,  10.7,  14.4,  14.8,  969.1,  18.5,  67.6,  12.4
2025-07-07 16:00:00,3,10.3,14.0,14.7,969.5,18.9,63.8,11.9
2025-07-07 17:00:00,3,10.7,14.3,14.3,969.4,17.3,72.4,12.3
2025-07-07 18:00:00,    3,   9.4,  12.6,  13.7,  961.4,  18.5,  59.2,  10.4
2025-07-07 19:00:00,    3,  10.9,  14.6,  13.9,  970.9,  15.9,  80.7,  12.6
2025-07-07 20:00:00,    3,  10.7,  14.2,  13.4,  971.5,  15.3,  81.7,  12.2
2025-07-07 21:00:00,    3,  10.7,  14.3,  13.6,  972.2,  15.5,  81.2,  12.3
2025-07-07 22:00:00,    3,  11.1,  14.7,  13.4,  972.4,  14.5,  88.9,  12.7
2025-07-07 23:00:00,    3,  11.1,  14.7,  13.3,  972.4,  14.2,  90.7,  12.7
2025-07-08 00:00:00,3,11.0,14.5,13.0,972.8,13.8,91.9,12.5
2025-07-08 01:00:00,    3,  10.3,  13.6,  12.5,  973.2,  13.8,  86.0,  11.5
2025-07-08 02:00:00,    3,  10.4,  13.8,  12.6,  973.6,  13.8,  87.1,  11.7
2025-07-08 03:00:00,    3,  10.8,  14.3,  12.7,  973.8,  13.3,  93.7,  12.3
2025-07-08 04:00:00,    3,  10.4,  13.7,  12.1,  974.1,  12.8,  92.4,  11.6
2025-07-08 05:00:00,3,9.4,12.5,11.1,965.8,12.4,86.4,10.2
2025-07-08 06:00:00,3,9.7,12.8,11.6,974.7,13.0,85.3,10.6
2025-07-08 07:00:00,3,9.2,12.2,11.5,975.3,13.5,78.8,9.9
2025-07-08 08:00:00,3,8.8,11.6,11.2,966.8,13.9,73.2,9.2
2025-07-08 09:00:00,3,8.1,10.7,10.2,975.9,13.0,71.1,7.9
2025-07-08 10:00:00,3,7.4,9.9,10.3,967.6,14.5,59.8,6.8
2025-07-08 11:00:00,    3,   7.6,  10.1,  10.8,  976.8,  15.3,  58.0,   7.1
2025-07-08 12:00:00,    3,   7.4,   9.9,  11.1,  977.3,  16.2,  53.6,   6.8
2025-07-08 13:00:00,    3,   7.8,  10.4,  11.3,  977.6,  16.0,  57.0,   7.5
2025-07-08 14:00:00,3,7.4,9.9,11.4,968.9,17.0,51.0,6.8
2025-07-08 15:00:00,    3,   7.4,  10.0,  11.5,  969.1,  17.1,  51.0,   6.9
2025-07-08 16:00:00,    3,   8.7,  11.6,  11.2,  978.5,  13.8,  73.2,   9.1
2025-07-08 17:00:00,3,9.6,12.6,11.6,969.7,13.1,83.6,10.4
2025-07-08 18:00:00,3,10.4,13.9,12.8,979.0,14.3,84.9,11.8
2025-07-08 19:00:00,    3,  10.1,  13.4,  12.2,  970.8,  13.4,  87.1,  11.3
2025-07-08 20:00:00,    3,   8.1,  10.8,  10.9,  980.3,  14.4,  65.8,   8.1
2025-07-08 21:00:00,    3,   9.0,  11.9,  11.0,  972.3,  12.9,  79.8,   9.5
2025-07-08 22:00:00,3,8.7,11.5,10.5,972.8,12.3,80.2,9.0
2025-07-08 23:00:00,    3,   9.5,  12.5,  11.5,  982.1,  13.1,  83.1,  10.3
2025-07-09 00:00:00,3,8.6,11.3,10.1,973.4,11.8,81.8,8.8
2025-07-09 01:00:00,3,8.5,11.1,9.6,973.6,11.0,84.5,8.5
2025-07-09 02:00:00,    3,   8.8,  11.6,  10.8,  982.5,  13.0,  77.1,   9.1
2025-07-09 03:00:00,3,8.8,11.6,10.3,973.8,11.9,82.9,9.1
2025-07-09 04:00:00,3,8.9,11.7,10.4,973.9,11.7,85.2,9.3
2025-07-09 05:00:00,    3,   9.0,  11.9,  10.7,  974.3,  12.3,  83.0,   9.5
2025-07-09 06:00:00,3,9.2,12.2,11.5,974.7,13.5,78.8,9.9
2025-07-09 07:00:00,3,8.7,11.6,11.7,975.4,15.1,67.3,9.1
2025-07-09 08:00:00,    3,   8.3,  11.0,  11.8,  975.2,  16.2,  59.8,   8.4
2025-07-09 09:00:00,    3,   7.9,  10.6,  11.9,  983.9,  17.0,  54.6,   7.8
2025-07-09 10:00:00,3,7.7,10.3,12.3,984.0,18.5,48.3,7.4
2025-07-09 11:00:00,    3,   7.7,  10.3,  12.3,  984.2,  18.3,  48.9,   7.4
2025-07-09 12:00:00,3,7.0,9.5,12.1,975.2,19.2,42.6,6.2
2025-07-09 13:00:00,    3,   7.0,   9.5,  12.3,  975.2,  19.7,  41.3,   6.2
2025-07-09 14:00:00,    3,   7.7,  10.4,  12.9,  984.2,  19.6,  45.7,   7.6
2025-07-09 15:00:00,    3,   7.7,  10.4,  12.8,  975.4,  19.5,  46.0,   7.6
2025-07-09 16:00:00,    3,   7.8,  10.6,  13.2,  975.4,  20.3,  44.4,   7.8
2025-07-09 17:00:00,    3,   8.2,  11.2,  13.7,  984.1,  20.5,  46.3,   8.6
2025-07-09 18:00:00,    3,   7.9,  10.7,  13.1,  984.2,  19.8,  46.4,   8.0
2025-07-09 19:00:00,    3,   8.3,  11.2,  13.0,  984.4,  18.9,  51.1,   8.6
2025-07-09 20:00:00,3,8.5,11.4,12.7,984.7,17.6,56.6,8.9
2025-07-09 21:00:00,    3,   8.4,  11.3,  12.2,  984.8,  16.6,  59.5,   8.7
2025-07-09 22:00:00,    3,   8.4,  11.2,  11.8,  985.1,  15.9,  61.8,   8.6
2025-07-09 23:00:00,    3,   8.4,  11.1,  10.2,  976.4,  12.2,  78.1,   8.5
2025-07-10 00:00:00,    3,   8.1,  10.7,   9.5,  976.3,  11.3,  79.5,   7.9
2025-07-10 01:00:00,3,8.9,11.8,11.0,985.0,13.0,78.7,9.4
2025-07-10 02:00:00,    3,   9.0,  11.8,  10.7,  984.8,  12.4,  81.9,   9.4
2025-07-10 03:00:00,    3,   8.8,  11.6,  10.5,  984.7,  12.1,  82.4,   9.2
2025-07-10 04:00:00,    3,   8.3,  10.8,   8.6,  975.9,   9.2,  92.8,   8.1
2025-07-10 05:00:00,    3,   8.7,  11.5,  10.5,  984.7,  12.3,  80.2,   9.0
2025-07-10 06:00:00,    3,   9.2,  12.1,  11.3,  975.9,  13.3,  79.3,   9.8
2025-07-10 07:00:00,3,9.3,12.5,12.6,976.2,15.9,68.9,10.2
2025-07-10 08:00:00,    3,   9.0,  12.1,  13.6,  985.0,  18.7,  56.2,   9.8
2025-07-10 09:00:00,    3,   9.2,  12.5,  14.5,  976.0,  20.7,  51.0,  10.2
2025-07-10 10:00:00,    3,   8.3,  11.3,  14.1,  984.6,  21.4,  44.1,   8.7
2025-07-10 11:00:00,    3,   7.8,  10.7,  14.0,  984.3,  22.2,  39.8,   7.9
2025-07-10 12:00:00,    3,   8.1,  11.0,  14.6,  984.0,  23.1,  39.0,   8.4
2025-07-10 13:00:00,    3,   7.2,   9.9,  13.9,  983.6,  23.1,  34.9,   6.8
2025-07-10 14:00:00,    3,   7.4,  10.2,  14.3,  983.3,  23.6,  34.8,   7.2
2025-07-10 15:00:00,    3,   7.7,  10.6,  14.8,  983.0,  24.2,  35.0,   7.8
2025-07-10 16:00:00,    3,   8.4,  11.6,  15.5,  982.7,  24.6,  37.4,   9.1
2025-07-10 17:00:00,    3,   7.8,  10.7,  14.5,  973.7,  23.4,  37.3,   8.0
2025-07-10 18:00:00,3,7.3,10.0,14.3,982.2,23.8,34.0,7.0
2025-07-10 19:00:00,3,7.5,10.2,14.0,982.4,22.8,36.8,7.3
2025-07-10 20:00:00,    3,   7.2,   9.8,  12.7,  973.7,  20.3,  41.2,   6.7
2025-07-10 21:00:00,    3,   7.9,  10.6,  12.4,  973.7,  18.2,  50.6,   7.8
2025-07-10 22:00:00,    3,   8.2,  11.0,  11.9,  973.7,  16.4,  58.7,   8.3
2025-07-10 23:00:00,3,8.3,11.2,12.7,982.2,18.0,54.1,8.6
2025-07-11 00:00:00,    3,   8.3,  11.2,  12.3,  973.2,  17.1,  57.3,   8.6
2025-07-11 01:00:00,    3,   8.9,  11.9,  11.7,  973.1,  14.5,  71.9,   9.5
2025-07-11 02:00:00,    3,   9.0,  12.0,  12.7,  981.6,  16.7,  63.3,   9.7
2025-07-11 03:00:00,    3,   9.2,  12.3,  12.7,  981.3,  16.5,  65.4,  10.0
2025-07-11 04:00:00,    3,   9.4,  12.4,  11.4,  972.4,  13.0,  82.5,  10.1
2025-07-11 05:00:00,3,9.7,13.0,13.0,981.1,16.1,70.8,10.8
2025-07-11 06:00:00,3,9.7,13.0,13.1,972.6,16.3,69.9,10.8
2025-07-11 07:00:00,    3,   9.4,  12.6,  13.7,  972.5,  18.3,  59.9,  10.4
2025-07-11 08:00:00,    3,   9.8,  13.3,  14.7,  981.4,  19.9,  57.2,  11.2
2025-07-11 09:00:00,    3,   9.6,  13.1,  15.1,  972.2,  21.3,  51.5,  10.9
2025-07-11 10:00:00,3,9.9,13.5,15.9,980.7,22.8,48.6,11.4
2025-07-11 11:00:00,3,9.7,13.3,16.0,980.6,23.3,46.5,11.2
2025-07-11 12:00:00,    3,   9.4,  12.8,  15.6,  971.3,  23.1,  45.2,  10.6
2025-07-11 13:00:00,    3,  10.0,  13.7,  16.4,  979.5,  23.9,  46.0,  11.6
2025-07-11 14:00:00,3,9.6,13.1,15.7,970.5,23.0,46.7,11.0
2025-07-11 15:00:00,    3,   9.0,  12.4,  15.5,  978.9,  23.5,  42.7,  10.1
2025-07-11 16:00:00,    3,   9.0,  12.4,  15.5,  978.7,  23.6,  42.4,  10.1
2025-07-11 17:00:00,3,8.4,11.5,15.1,969.8,23.7,39.2,9.0
2025-07-11 18:00:00,    3,   8.5,  11.6,  15.0,  978.4,  23.3,  40.7,   9.2
2025-07-11 19:00:00,    3,   8.7,  11.8,  14.5,  969.8,  21.7,  45.4,   9.4
2025-07-11 20:00:00,    3,   9.3,  12.5,  14.3,  978.9,  20.0,  53.6,  10.3
2025-07-11 21:00:00,3,9.0,12.1,13.5,979.1,18.7,56.2,9.8
2025-07-11 22:00:00,    3,   9.0,  12.0,  13.0,  979.0,  17.6,  59.8,   9.7
2025-07-11 23:00:00,3,9.2,12.3,12.8,978.8,16.6,65.0,10.0
2025-07-12 00:00:00,    3,   9.1,  12.1,  11.9,  969.9,  14.7,  72.4,   9.8
2025-07-12 01:00:00,    3,   8.9,  11.7,  11.1,  969.5,  13.4,  76.2,   9.3
2025-07-12 02:00:00,    3,   9.2,  12.3,  12.4,  978.1,  15.6,  69.3,  10.0
2025-07-12 03:00:00,    3,   9.3,  12.3,  11.4,  968.9,  13.2,  80.9,  10.0
2025-07-12 04:00:00,    3,   9.4,  12.4,  11.4,  968.8,  13.1,  82.0,  10.1
2025-07-12 05:00:00,    3,   9.5,  12.7,  12.9,  977.4,  16.3,  68.5,  10.5
2025-07-12 06:00:00,    3,   9.2,  12.5,  13.7,  977.3,  18.6,  58.0,  10.2
2025-07-12 07:00:00,    3,   9.6,  13.0,  14.6,  977.2,  20.3,  54.4,  10.8
2025-07-12 08:00:00,    3,   9.8,  13.3,  15.0,  968.4,  20.8,  54.1,  11.2
2025-07-12 09:00:00,3,8.5,11.6,14.2,968.0,21.5,45.0,9.1
2025-07-12 10:00:00,    3,   9.0,  12.3,  14.9,  976.7,  22.0,  46.4,  10.0
2025-07-12 11:00:00,    3,   8.2,  11.2,  14.5,  967.6,  22.8,  40.2,   8.6
2025-07-12 12:00:00,    3,   8.0,  11.0,  14.9,  975.8,  24.1,  36.5,   8.3
2025-07-12 13:00:00,    3,   8.8,  12.1,  15.7,  975.6,  24.5,  39.4,   9.8
2025-07-12 14:00:00,    3,   8.5,  11.6,  15.4,  975.4,  24.3,  38.3,   9.2
2025-07-12 15:00:00,3,8.2,11.3,15.3,975.3,24.7,36.1,8.7
2025-07-12 16:00:00,    3,   8.3,  11.4,  15.2,  966.4,  24.2,  37.7,   8.9
2025-07-12 17:00:00,    3,   8.4,  11.6,  15.4,  966.0,  24.6,  37.4,   9.1
2025-07-12 18:00:00,3,8.6,11.8,15.3,965.8,23.9,39.7,9.4
2025-07-12 19:00:00,    3,   9.4,  12.8,  15.5,  974.6,  22.9,  45.8,  10.6
2025-07-12 20:00:00,    3,   9.7,  13.1,  15.0,  974.8,  21.0,  52.8,  11.0
2025-07-12 21:00:00,3,9.5,12.7,13.6,966.4,18.0,61.5,10.5
2025-07-12 22:00:00,3,9.5,12.8,13.3,966.5,17.2,65.1,10.6
2025-07-12 23:00:00,3,10.0,13.4,14.2,975.1,18.4,63.3,11.3
2025-07-13 00:00:00,3,9.9,13.3,13.4,975.0,16.7,70.0,11.2
2025-07-13 01:00:00,3,10.0,13.4,13.6,974.7,16.9,69.5,11.3
2025-07-13 02:00:00,    3,   9.3,  12.3,  11.2,  965.8,  12.8,  83.1,  10.0
2025-07-13 03:00:00,    3,   9.1,  12.0,  11.0,  965.9,  12.8,  80.8,   9.6
2025-07-13 04:00:00,3,9.3,12.3,11.2,965.9,12.8,83.1,10.0
2025-07-13 05:00:00,    3,   9.9,  13.1,  12.6,  974.6,  14.9,  77.5,  11.0
2025-07-13 06:00:00,    3,   9.7,  13.0,  13.0,  966.1,  16.2,  70.3,  10.8
2025-07-13 07:00:00,3,9.7,13.1,14.4,975.0,19.5,57.5,10.9
2025-07-13 08:00:00,3,9.2,12.5,15.2,966.3,22.6,45.7,10.3
2025-07-13 09:00:00,3,9.6,13.1,16.2,975.0,24.2,43.5,11.0
2025-07-13 10:00:00,3,9.2,12.7,16.6,974.8,26.0,37.8,10.5
2025-07-13 11:00:00,    3,   8.7,  12.0,  16.3,  974.5,  26.3,  35.2,   9.7
2025-07-13 12:00:00,    3,   8.8,  12.3,  17.1,  974.2,  28.2,  32.1,  10.0
2025-07-13 13:00:00,    3,   8.2,  11.5,  16.9,  974.0,  28.8,  29.0,   9.0
2025-07-13 14:00:00,    3,   9.0,  12.5,  17.5,  974.0,  28.9,  31.4,  10.3
2025-07-13 15:00:00,3,9.0,12.6,17.7,965.3,29.4,30.8,10.4
2025-07-13 16:00:00,    3,   8.7,  12.2,  17.6,  965.0,  29.7,  29.2,   9.9
2025-07-13 17:00:00,    3,   8.8,  12.3,  17.2,  965.0,  28.6,  31.4,  10.0
2025-07-13 18:00:00,3,9.5,13.2,17.5,973.7,27.8,35.4,11.1
2025-07-13 19:00:00,3,9.7,13.5,17.2,974.1,26.6,38.7,11.4
2025-07-13 20:00:00,    3,  10.0,  13.9,  17.1,  975.0,  25.9,  41.4,  11.8
2025-07-13 21:00:00,    3,  10.4,  14.3,  16.7,  975.4,  23.9,  48.2,  12.3
2025-07-13 22:00:00,3,11.4,15.6,17.1,975.6,23.0,55.4,13.6
2025-07-13 23:00:00,    3,  12.8,  17.3,  17.1,  976.2,  20.4,  72.1,  15.2
2025-07-14 00:00:00,3,12.2,16.5,16.3,976.2,19.5,72.8,14.5
2025-07-14 01:00:00,3,12.1,16.4,16.5,976.2,20.0,70.2,14.4
2025-07-14 02:00:00,    3,  11.9,  16.1,  16.4,  968.1,  20.3,  67.5,  14.1
2025-07-14 03:00:00,    3,  12.0,  16.1,  15.7,  968.3,  18.5,  75.5,  14.1
2025-07-14 04:00:00,    3,  12.0,  16.1,  15.7,  969.2,  18.3,  76.5,  14.1
2025-07-14 05:00:00,    3,  12.0,  16.2,  16.5,  969.5,  20.4,  67.6,  14.2
2025-07-14 06:00:00,    3,  12.2,  16.5,  16.6,  970.1,  20.3,  69.3,  14.5
2025-07-14 07:00:00,3,12.6,17.1,17.1,970.7,20.8,69.4,15.0
2025-07-14 08:00:00,    3,  13.6,  18.4,  17.6,  971.3,  20.1,  78.3,  16.2
2025-07-14 09:00:00,3,13.4,18.3,18.2,980.2,22.2,68.4,16.1
2025-07-14 10:00:00,    3,  12.8,  17.5,  18.3,  980.3,  23.7,  59.7,  15.4
2025-07-14 11:00:00,    3,  13.7,  18.7,  18.4,  972.5,  22.2,  69.7,  16.4
2025-07-14 12:00:00,    3,  13.3,  18.2,  18.6,  980.7,  23.6,  62.4,  16.0
2025-07-14 13:00:00,    3,  12.2,  16.6,  17.7,  972.6,  23.4,  57.7,  14.6
2025-07-14 14:00:00,    3,  14.3,  19.4,  18.5,  981.6,  21.5,  75.6,  17.0
2025-07-14 15:00:00,    3,  13.5,  18.3,  17.5,  982.1,  20.1,  77.8,  16.1
2025-07-14 16:00:00,    3,  14.0,  19.0,  18.6,  981.1,  22.2,  71.0,  16.7
2025-07-14 17:00:00,    3,  13.8,  18.8,  18.6,  981.4,  22.5,  68.9,  16.5
2025-07-14 18:00:00,    3,  14.0,  19.0,  18.6,  981.5,  22.2,  71.0,  16.7
2025-07-14 19:00:00,    3,  15.6,  21.1,  18.9,  973.1,  20.1,  89.4,  18.3
2025-07-14 20:00:00,    3,  14.9,  20.0,  17.9,  973.3,  18.6,  93.3,  17.5
2025-07-14 21:00:00,3,13.8,18.7,17.3,973.6,19.0,84.9,16.4
2025-07-14 22:00:00,3,15.1,20.4,18.5,982.2,19.8,88.2,17.8
2025-07-14 23:00:00,    3,  13.4,  18.0,  16.4,  973.3,  17.4,  90.3,  15.8
2025-07-15 00:00:00,    3,  13.2,  17.7,  16.2,  973.4,  17.1,  90.9,  15.6
2025-07-15 01:00:00,    3,  12.6,  16.9,  15.4,  973.5,  16.3,  90.8,  14.8
2025-07-15 02:00:00,    3,  12.9,  17.2,  15.4,  973.3,  16.0,  94.4,  15.1
2025-07-15 03:00:00,    3,  12.1,  16.0,  14.1,  973.1,  14.3,  98.1,  14.0
2025-07-15 04:00:00,    3,  11.8,  15.6,  13.7,  973.2,  13.8,  98.7,  13.6
2025-07-15 05:00:00,    3,  12.4,  16.5,  14.9,  973.0,  15.6,  93.2,  14.5
2025-07-15 06:00:00,3,13.6,18.3,17.1,972.9,19.0,83.3,16.1
2025-07-15 07:00:00,    3,  13.7,  18.7,  18.4,  981.4,  22.2,  69.7,  16.4
2025-07-15 08:00:00,    3,  11.0,  15.0,  16.7,  981.8,  22.9,  53.6,  13.0
2025-07-15 09:00:00,    3,  10.8,  14.8,  17.0,  981.8,  24.0,  49.5,  12.8
2025-07-15 10:00:00,    3,  11.3,  15.5,  17.1,  981.7,  23.3,  54.1,  13.5
2025-07-15 11:00:00,    3,  10.2,  14.0,  16.3,  981.2,  23.4,  48.4,  11.9
2025-07-15 12:00:00,    3,  10.2,  14.0,  16.5,  972.7,  24.0,  46.7,  11.9
2025-07-15 13:00:00,    3,   9.5,  13.1,  16.4,  972.4,  25.1,  40.9,  10.9
2025-07-15 14:00:00,    3,  10.4,  14.3,  16.9,  980.8,  24.3,  47.1,  12.3
2025-07-15 15:00:00,    3,  10.2,  14.0,  16.6,  980.8,  24.3,  45.8,  11.9
2025-07-15 16:00:00,3,9.8,13.5,16.2,972.0,23.9,45.4,11.4
2025-07-15 17:00:00,    3,  10.2,  14.0,  16.1,  980.9,  22.8,  50.2,  11.9
2025-07-15 18:00:00,    3,  10.1,  13.8,  15.9,  981.0,  22.4,  50.7,  11.7
2025-07-15 19:00:00,    3,   9.8,  13.3,  15.2,  972.7,  21.3,  52.5,  11.2
2025-07-15 20:00:00,    3,   9.5,  12.9,  14.5,  973.2,  20.1,  54.7,  10.7
2025-07-15 21:00:00,    3,   9.6,  13.0,  14.3,  973.5,  19.5,  57.1,  10.8
2025-07-15 22:00:00,    3,   9.7,  13.1,  14.1,  973.7,  18.8,  60.1,  10.9
2025-07-15 23:00:00,    3,   9.8,  13.1,  13.9,  973.4,  18.1,  63.2,  11.0
2025-07-16 00:00:00,    3,   9.7,  13.1,  13.8,  973.3,  17.9,  63.6,  10.9
2025-07-16 01:00:00,    3,   9.3,  12.5,  13.6,  981.5,  18.4,  58.8,  10.2
2025-07-16 02:00:00,    3,   9.4,  12.5,  13.0,  972.7,  16.9,  65.0,  10.3
2025-07-16 03:00:00,3,9.5,12.7,13.3,972.2,17.2,64.7,10.5
2025-07-16 04:00:00,    3,   9.7,  13.0,  13.3,  972.0,  16.9,  67.3,  10.8
2025-07-16 05:00:00,3,9.5,12.8,13.4,971.8,17.3,64.7,10.6
2025-07-16 06:00:00,    3,   9.5,  12.7,  13.5,  971.6,  17.7,  62.7,  10.5
2025-07-16 07:00:00,    3,   9.5,  12.8,  13.6,  971.6,  17.9,  62.3,  10.6
2025-07-16 08:00:00,    3,   9.1,  12.3,  14.0,  971.5,  19.8,  53.1,  10.0
2025-07-16 09:00:00,    3,   8.8,  11.9,  14.0,  971.2,  20.3,  49.8,   9.5
2025-07-16 10:00:00,3,9.0,12.3,14.6,979.1,21.1,49.1,10.0
2025-07-16 11:00:00,    3,  10.9,  14.7,  15.0,  979.4,  18.7,  68.1,  12.7
2025-07-16 12:00:00,3,11.0,14.9,15.3,978.8,19.1,67.3,12.9
2025-07-16 13:00:00,    3,   9.7,  13.2,  15.0,  969.5,  20.8,  53.8,  11.1
2025-07-16 14:00:00,    3,   9.6,  13.1,  15.3,  969.0,  22.0,  49.6,  11.0
2025-07-16 15:00:00,3,10.4,14.1,15.7,976.5,21.3,55.7,12.1
2025-07-16 16:00:00,3,12.4,16.8,16.1,968.8,18.5,78.5,14.7
2025-07-16 17:00:00,3,12.9,17.3,15.9,977.0,17.0,89.1,15.2
2025-07-16 18:00:00,3,12.2,16.4,15.8,977.1,18.3,78.0,14.4
2025-07-16 19:00:00,    3,  11.6,  15.6,  15.1,  977.6,  17.6,  77.4,  13.6
2025-07-16 20:00:00,    3,  11.6,  15.6,  14.9,  978.5,  17.0,  80.4,  13.6
2025-07-16 21:00:00,3,11.4,15.2,14.1,970.8,15.6,85.6,13.2
2025-07-16 22:00:00,3,12.0,15.9,14.2,979.7,14.6,95.6,13.9
2025-07-16 23:00:00,    3,  11.7,  15.6,  13.9,  980.0,  14.4,  94.9,  13.6
2025-07-17 00:00:00,    3,  11.4,  15.1,  13.5,  971.5,  14.2,  93.1,  13.1
2025-07-17 01:00:00,    3,  11.0,  14.5,  13.0,  980.1,  13.8,  91.9,  12.5
2025-07-17 02:00:00,    3,  10.9,  14.4,  12.7,  971.4,  13.1,  95.5,  12.4
2025-07-17 03:00:00,    3,  10.8,  14.3,  12.7,  971.6,  13.2,  94.3,  12.3
2025-07-17 04:00:00,3,11.0,14.5,12.8,980.3,13.2,95.5,12.5
2025-07-17 05:00:00,    3,  11.2,  14.8,  13.2,  980.8,  13.7,  94.3,  12.8
2025-07-17 06:00:00,    3,  10.6,  14.1,  13.2,  972.3,  14.8,  83.9,  12.1
2025-07-17 07:00:00,    3,  10.5,  14.0,  13.6,  972.9,  16.1,  76.6,  12.0
2025-07-17 08:00:00,    3,  11.1,  14.9,  14.7,  973.1,  17.5,  74.4,  12.9
2025-07-17 09:00:00,    3,  11.1,  14.9,  15.1,  982.0,  18.6,  69.4,  12.9
2025-07-17 10:00:00,    3,  10.2,  13.7,  14.3,  981.8,  18.4,  64.5,  11.6
2025-07-17 11:00:00,    3,   9.8,  13.3,  14.6,  981.5,  19.6,  58.3,  11.2
2025-07-17 12:00:00,3,10.2,13.9,15.8,981.0,22.1,52.0,11.8
2025-07-17 13:00:00,    3,   9.1,  12.4,  14.9,  971.9,  21.9,  47.0,  10.1
2025-07-17 14:00:00,    3,   9.3,  12.7,  15.8,  980.4,  23.8,  43.0,  10.5
2025-07-17 15:00:00,    3,   9.4,  12.8,  15.5,  980.2,  22.9,  45.8,  10.6
2025-07-17 16:00:00,    3,   8.8,  12.0,  15.1,  971.2,  23.1,  42.6,   9.7
2025-07-17 17:00:00,    3,   9.1,  12.5,  15.1,  979.9,  22.3,  46.2,  10.2
2025-07-17 18:00:00,    3,   8.7,  11.8,  14.6,  971.1,  22.1,  44.3,   9.4
2025-07-17 19:00:00,    3,   9.0,  12.3,  14.5,  971.2,  21.0,  49.4,  10.0
2025-07-17 20:00:00,    3,   9.6,  12.9,  13.8,  971.3,  18.2,  61.5,  10.7
2025-07-17 21:00:00,3,9.7,13.0,13.5,971.6,17.4,65.2,10.8
2025-07-17 22:00:00,3,9.7,13.0,13.2,971.2,16.6,68.5,10.8
2025-07-17 23:00:00,3,9.8,13.1,12.3,971.1,14.3,80.0,10.9
2025-07-18 00:00:00,3,9.3,12.4,11.7,970.9,13.9,77.8,10.1
2025-07-18 01:00:00,3,10.1,13.4,12.6,970.7,14.5,81.1,11.3
2025-07-18 02:00:00,    3,  10.1,  13.4,  12.8,  979.2,  14.9,  79.0,  11.3
2025-07-18 03:00:00,3,9.8,13.0,11.4,970.2,12.3,90.5,10.8
2025-07-18 04:00:00,3,10.2,13.6,12.7,978.8,14.3,83.2,11.5
2025-07-18 05:00:00,    3,  10.2,  13.5,  12.7,  970.2,  14.5,  81.6,  11.4
2025-07-18 06:00:00,    3,  10.3,  13.9,  13.9,  978.9,  17.1,  71.0,  11.8
2025-07-18 07:00:00,    3,  10.3,  14.0,  14.9,  979.0,  19.4,  61.8,  11.9
2025-07-18 08:00:00,    3,  10.6,  14.4,  15.8,  978.9,  21.2,  57.2,  12.4
2025-07-18 09:00:00,3,9.3,12.7,15.4,969.9,22.8,45.7,10.5
2025-07-18 10:00:00,    3,   9.4,  12.8,  15.5,  969.6,  22.9,  45.8,  10.6
2025-07-18 11:00:00,    3,   9.8,  13.5,  16.9,  978.0,  25.6,  41.1,  11.4
2025-07-18 12:00:00,3,9.6,13.2,16.5,977.8,25.0,41.7,11.1
2025-07-18 13:00:00,    3,   8.9,  12.3,  16.0,  968.6,  25.1,  38.5,  10.0
2025-07-18 14:00:00,    3,   9.0,  12.4,  16.4,  968.5,  26.2,  36.3,  10.1
2025-07-18 15:00:00,    3,   9.1,  12.5,  16.7,  976.8,  26.5,  36.2,  10.3
2025-07-18 16:00:00,    3,   9.2,  12.8,  16.9,  976.5,  26.8,  36.3,  10.6
2025-07-18 17:00:00,    3,   9.6,  13.2,  17.0,  976.2,  26.4,  38.4,  11.1
2025-07-18 18:00:00,3,9.1,12.5,16.1,967.5,25.1,39.3,10.3
2025-07-18 19:00:00,    3,   9.5,  13.0,  15.7,  967.5,  23.2,  45.5,  10.8
2025-07-18 20:00:00,    3,   9.5,  13.0,  15.1,  967.7,  21.6,  50.2,  10.8
2025-07-18 21:00:00,3,9.8,13.4,15.4,976.5,21.6,51.9,11.3
2025-07-18 22:00:00,3,9.8,13.3,14.8,976.4,20.1,56.5,11.2
2025-07-18 23:00:00,3,10.1,13.5,13.5,967.6,16.7,70.9,11.4
2025-07-19 00:00:00,3,10.6,14.2,14.3,975.9,17.4,71.5,12.2
2025-07-19 01:00:00,    3,  10.1,  13.4,  13.0,  966.8,  15.4,  76.5,  11.3
2025-07-19 02:00:00,    3,  10.7,  14.2,  13.7,  975.1,  15.9,  78.6,  12.2
2025-07-19 03:00:00,    3,  10.7,  14.2,  13.4,  974.9,  15.2,  82.3,  12.2
2025-07-19 04:00:00,3,9.8,13.0,12.1,966.1,13.9,81.5,10.8
2025-07-19 05:00:00,    3,  11.3,  15.1,  14.5,  966.0,  16.8,  78.8,  13.1
2025-07-19 06:00:00,    3,  10.2,  13.7,  14.1,  965.7,  17.9,  66.6,  11.6
2025-07-19 07:00:00,    3,  10.5,  14.3,  15.6,  965.3,  20.8,  58.2,  12.3
2025-07-19 08:00:00,    3,  10.4,  14.3,  16.6,  973.6,  23.7,  48.8,  12.3
2025-07-19 09:00:00,3,10.6,14.6,16.9,964.1,24.1,48.6,12.6
2025-07-19 10:00:00,3,10.6,14.7,18.1,972.4,27.4,40.2,12.7
2025-07-19 11:00:00,    3,  10.5,  14.6,  18.3,  972.4,  28.2,  38.1,  12.6
2025-07-19 12:00:00,    3,  10.7,  15.0,  19.0,  971.8,  29.7,  35.9,  13.0
2025-07-19 13:00:00,    3,  10.1,  14.1,  18.8,  971.6,  30.4,  32.5,  12.1
2025-07-19 14:00:00,3,10.0,14.0,18.7,971.3,30.4,32.3,12.0
2025-07-19 15:00:00,    3,  10.8,  15.1,  18.9,  963.3,  29.2,  37.2,  13.1
2025-07-19 16:00:00,    3,  11.5,  15.9,  18.3,  964.0,  26.3,  46.4,  13.9
2025-07-19 17:00:00,3,11.0,15.1,17.5,965.2,25.1,47.3,13.1
2025-07-19 18:00:00,3,13.6,18.4,17.8,965.1,20.9,74.5,16.2
2025-07-19 19:00:00,3,13.2,17.9,17.4,965.1,20.6,73.5,15.7
2025-07-19 20:00:00,3,13.5,18.2,17.2,965.4,19.3,81.2,16.0
2025-07-19 21:00:00,    3,  13.4,  18.0,  16.7,  965.4,  18.3,  85.3,  15.8
2025-07-19 22:00:00,    3,  13.5,  18.2,  17.2,  973.7,  19.4,  80.7,  16.0
2025-07-19 23:00:00,    3,  13.4,  18.1,  17.0,  973.3,  18.9,  82.7,  15.9
2025-07-20 00:00:00,    3,  12.2,  16.3,  15.1,  964.6,  16.5,  86.8,  14.3
2025-07-20 01:00:00,    3,  11.9,  15.9,  14.3,  964.0,  15.0,  93.1,  13.9
2025-07-20 02:00:00,    3,  12.2,  16.2,  14.5,  963.8,  15.1,  94.4,  14.2
2025-07-20 03:00:00,    3,  12.1,  16.0,  14.1,  963.3,  14.4,  97.4,  14.0
2025-07-20 04:00:00,    3,  13.0,  17.4,  15.6,  971.8,  16.1,  95.0,  15.3
2025-07-20 05:00:00,3,13.1,17.6,16.2,971.7,17.4,88.6,15.5
2025-07-20 06:00:00,3,12.8,17.3,16.6,971.5,19.1,78.1,15.2
2025-07-20 07:00:00,    3,  13.4,  18.1,  16.9,  963.1,  18.6,  84.3,  15.9
2025-07-20 08:00:00,    3,  12.8,  17.5,  17.9,  971.3,  22.6,  63.8,  15.4
2025-07-20 09:00:00,    3,  12.6,  17.4,  18.6,  971.1,  24.9,  55.2,  15.3
2025-07-20 10:00:00,    3,  11.6,  16.0,  18.3,  970.6,  26.0,  47.6,  14.0
2025-07-20 11:00:00,3,12.1,16.8,19.1,961.4,27.5,45.6,14.7
2025-07-20 12:00:00,    3,  12.4,  17.3,  19.5,  960.9,  27.8,  46.2,  15.2
2025-07-20 13:00:00,    3,  12.3,  17.1,  19.6,  960.3,  28.4,  44.1,  15.0
2025-07-20 14:00:00,3,12.2,17.0,19.7,960.1,28.9,42.5,14.9
2025-07-20 15:00:00,3,12.4,17.3,19.7,959.5,28.5,44.4,15.2
2025-07-20 16:00:00,3,12.2,17.1,20.0,967.8,29.8,40.7,15.0
2025-07-20 17:00:00,    3,  13.2,  18.3,  19.8,  959.7,  27.2,  50.7,  16.1
2025-07-20 18:00:00,    3,  12.8,  17.7,  19.7,  968.2,  27.8,  47.4,  15.6
2025-07-20 19:00:00,    3,  13.2,  18.0,  17.7,  970.5,  21.3,  70.9,  15.8
2025-07-20 20:00:00,3,14.0,18.9,17.8,962.4,20.0,80.8,16.6
2025-07-20 21:00:00,    3,  14.3,  19.3,  17.5,  962.4,  18.8,  88.7,  16.9
2025-07-20 22:00:00,    3,  14.7,  19.8,  17.8,  962.5,  18.9,  90.4,  17.3
2025-07-20 23:00:00,    3,  14.3,  19.2,  17.2,  963.1,  17.9,  93.3,  16.8
2025-07-21 00:00:00,    3,  14.7,  19.9,  18.0,  971.6,  19.1,  89.9,  17.4
2025-07-21 01:00:00,3,14.8,20.0,18.0,971.4,18.9,91.6,17.5
2025-07-21 02:00:00,3,13.9,18.8,17.3,971.4,18.9,86.0,16.5
2025-07-21 03:00:00,3,13.7,18.4,16.9,971.3,18.2,88.1,16.2
2025-07-21 04:00:00,    3,  13.5,  18.1,  16.2,  962.8,  16.9,  93.8,  15.9
2025-07-21 05:00:00,    3,  13.6,  18.2,  16.6,  970.4,  17.6,  90.3,  16.0
2025-07-21 06:00:00,    3,  13.2,  17.7,  16.4,  971.7,  17.9,  86.4,  15.6
2025-07-21 07:00:00,3,13.3,17.9,16.6,971.0,18.3,84.8,15.7
2025-07-21 08:00:00,    3,  13.4,  18.0,  16.4,  963.1,  17.4,  90.3,  15.8
2025-07-21 09:00:00,    3,  13.6,  18.3,  16.7,  963.1,  17.8,  89.8,  16.1
2025-07-21 10:00:00,    3,  13.8,  18.7,  17.4,  971.6,  19.2,  83.8,  16.4
2025-07-21 11:00:00,    3,  13.1,  17.7,  17.0,  971.8,  19.6,  77.7,  15.6
2025-07-21 12:00:00,    3,  12.9,  17.4,  16.9,  963.1,  19.7,  75.7,  15.3
2025-07-21 13:00:00,    3,  12.6,  17.3,  18.0,  970.6,  23.1,  61.1,  15.2
2025-07-21 14:00:00,    3,  11.3,  15.5,  17.1,  970.2,  23.2,  54.4,  13.5
2025-07-21 15:00:00,    3,  10.6,  14.5,  16.1,  962.1,  22.1,  54.5,  12.5
2025-07-21 16:00:00,    3,  11.0,  15.1,  16.7,  962.4,  22.9,  54.0,  13.1
2025-07-21 17:00:00,    3,  10.1,  13.8,  15.8,  962.0,  22.4,  50.7,  11.7
2025-07-21 18:00:00,    3,  12.7,  17.1,  15.9,  971.6,  17.5,  85.3,  15.0
2025-07-21 19:00:00,    3,  13.0,  17.4,  15.9,  971.8,  16.8,  90.9,  15.3
2025-07-21 20:00:00,3,11.1,14.9,14.5,963.8,17.0,76.8,12.9
2025-07-21 21:00:00,    3,  11.4,  15.3,  14.5,  964.1,  16.3,  82.4,  13.3
2025-07-21 22:00:00,3,12.0,16.0,15.0,972.8,16.7,84.1,14.0
2025-07-21 23:00:00,    3,  11.7,  15.7,  14.8,  972.9,  16.6,  83.0,  13.7
2025-07-22 00:00:00,    3,  11.4,  15.3,  14.5,  964.4,  16.5,  81.4,  13.3
2025-07-22 01:00:00,    3,  11.5,  15.4,  14.5,  964.8,  16.2,  83.5,  13.4
2025-07-22 02:00:00,    3,  11.1,  14.9,  14.2,  965.2,  16.2,  80.8,  12.9
2025-07-22 03:00:00,3,11.4,15.3,14.7,973.7,16.8,79.8,13.3
2025-07-22 04:00:00,3,10.8,14.4,13.9,965.1,16.2,78.2,12.4
2025-07-22 05:00:00,3,11.6,15.5,14.8,974.2,16.9,80.4,13.5
2025-07-22 06:00:00,3,11.4,15.3,14.4,965.7,16.2,82.9,13.3
2025-07-22 07:00:00,    3,  12.0,  16.1,  15.2,  966.1,  16.9,  83.6,  14.1
2025-07-22 08:00:00,    3,  12.6,  16.9,  15.6,  967.1,  17.1,  86.3,  14.8
2025-07-22 09:00:00,    3,  12.8,  17.2,  15.9,  967.6,  17.2,  87.5,  15.1
2025-07-22 10:00:00,    3,  12.2,  16.4,  15.7,  976.5,  17.9,  80.0,  14.4
2025-07-22 11:00:00,3,10.5,14.2,15.1,976.6,19.6,62.3,12.2
2025-07-22 12:00:00,    3,  11.5,  15.5,  15.9,  976.8,  19.8,  67.0,  13.5
2025-07-22 13:00:00,    3,  10.9,  14.8,  16.2,  976.6,  21.8,  56.6,  12.8
2025-07-22 14:00:00,    3,  11.0,  15.0,  16.7,  976.6,  22.8,  53.9,  13.0
2025-07-22 15:00:00,3,10.7,14.6,15.8,968.1,21.1,58.3,12.6
2025-07-22 16:00:00,    3,  10.2,  14.0,  15.7,  968.3,  21.6,  54.0,  11.9
2025-07-22 17:00:00,    3,  11.0,  14.9,  15.7,  977.5,  20.1,  63.2,  12.9
2025-07-22 18:00:00,    3,   9.6,  13.0,  14.7,  968.9,  20.5,  53.7,  10.8
2025-07-22 19:00:00,    3,  11.7,  15.8,  15.5,  978.0,  18.2,  75.5,  13.8
2025-07-22 20:00:00,3,11.1,15.0,15.0,969.9,18.3,71.2,13.0
2025-07-22 21:00:00,    3,  10.4,  14.0,  14.5,  978.6,  18.3,  66.7,  12.0
2025-07-22 22:00:00,    3,  10.4,  14.0,  14.4,  978.8,  18.3,  66.2,  11.9
2025-07-22 23:00:00,    3,  10.4,  14.0,  14.4,  978.9,  18.2,  66.6,  11.9
2025-07-23 00:00:00,3,10.8,14.4,13.8,970.1,16.0,79.2,12.4
2025-07-23 01:00:00,    3,  10.7,  14.4,  14.4,  978.3,  17.4,  72.4,  12.4
2025-07-23 02:00:00,    3,  10.4,  13.8,  12.8,  969.5,  14.3,  84.3,  11.7
2025-07-23 03:00:00,    3,  10.3,  13.6,  12.1,  969.3,  13.0,  90.6,  11.5
2025-07-23 04:00:00,    3,  10.5,  14.0,  13.1,  978.0,  14.8,  82.8,  11.9
2025-07-23 05:00:00,3,10.5,14.0,13.3,978.0,15.3,80.1,11.9
2025-07-23 06:00:00,3,10.8,14.5,14.3,978.0,17.2,73.8,12.5
2025-07-23 07:00:00,3,10.4,14.0,14.5,969.3,18.4,65.8,11.9
2025-07-23 08:00:00,3,10.3,14.0,15.0,977.9,19.7,60.7,11.9
2025-07-23 09:00:00,    3,   9.0,  12.3,  14.9,  977.6,  22.1,  46.1,  10.0
2025-07-23 10:00:00,    3,   8.7,  11.9,  15.0,  968.7,  23.0,  42.2,   9.5
2025-07-23 11:00:00,    3,   8.0,  10.9,  14.5,  968.5,  23.2,  38.2,   8.2
2025-07-23 12:00:00,    3,   7.9,  10.7,  14.3,  968.2,  23.0,  38.2,   8.0
2025-07-23 13:00:00,    3,   8.8,  12.0,  15.0,  976.6,  22.9,  42.8,   9.6
2025-07-23 14:00:00,3,8.5,11.6,15.4,967.3,24.5,37.8,9.2
2025-07-23 15:00:00,3,9.3,12.7,15.9,976.2,24.1,42.3,10.5
2025-07-23 16:00:00,    3,   9.3,  12.7,  15.8,  975.8,  23.9,  42.8,  10.5
2025-07-23 17:00:00,3,9.2,12.5,15.4,966.8,23.1,44.3,10.3
2025-07-23 18:00:00,    3,   9.1,  12.5,  15.1,  967.0,  22.4,  45.9,  10.2
2025-07-23 19:00:00,3,9.7,13.1,15.1,975.7,21.2,52.1,11.0
2025-07-23 20:00:00,    3,  10.1,  13.6,  14.7,  975.8,  19.5,  59.8,  11.5
2025-07-23 21:00:00,    3,  10.4,  14.0,  14.7,  975.9,  18.9,  64.2,  12.0
2025-07-23 22:00:00,    3,  10.3,  13.9,  14.1,  967.2,  17.5,  69.2,  11.8
2025-07-23 23:00:00,3,10.8,14.5,14.7,975.9,18.2,69.3,12.5
2025-07-24 00:00:00,    3,  10.9,  14.6,  14.7,  975.6,  18.0,  70.7,  12.6
2025-07-24 01:00:00,    3,  11.1,  14.9,  14.6,  975.5,  17.2,  75.8,  12.9
2025-07-24 02:00:00,    3,  11.2,  15.0,  14.0,  966.7,  15.5,  85.0,  13.0
2025-07-24 03:00:00,3,11.3,15.1,14.4,975.4,16.5,80.3,13.1
2025-07-24 04:00:00,3,10.9,14.5,13.6,966.5,15.4,82.8,12.5
2025-07-24 05:00:00,    3,  11.0,  14.7,  13.7,  966.6,  15.2,  85.0,  12.7
2025-07-24 06:00:00,3,11.9,15.9,14.9,975.9,16.6,84.1,13.9
2025-07-24 07:00:00,    3,  12.1,  16.2,  15.5,  976.1,  17.7,  79.9,  14.2
2025-07-24 08:00:00,    3,  11.3,  15.2,  15.5,  967.6,  19.2,  68.2,  13.2
2025-07-24 09:00:00,    3,  12.0,  16.2,  16.3,  976.4,  19.9,  69.7,  14.2
2025-07-24 10:00:00,3,11.7,15.7,15.4,968.2,18.2,75.0,13.7
2025-07-24 11:00:00,3,12.7,17.1,16.4,977.1,18.7,79.1,15.0
2025-07-24 12:00:00,3,12.9,17.5,17.1,977.2,20.1,74.4,15.4
2025-07-24 13:00:00,3,12.7,17.0,15.4,977.2,16.2,92.0,14.9
2025-07-24 14:00:00,    3,  12.1,  16.4,  16.5,  968.5,  20.1,  69.7,  14.4
2025-07-24 15:00:00,    3,  11.0,  14.9,  16.0,  968.4,  21.0,  59.8,  12.9
2025-07-24 16:00:00,    3,  12.1,  16.5,  17.3,  977.1,  22.2,  61.7,  14.5
2025-07-24 17:00:00,3,10.6,14.4,16.1,968.5,22.0,54.4,12.4
2025-07-24 18:00:00,3,11.1,15.0,15.6,968.4,19.8,64.8,13.0
2025-07-24 19:00:00,    3,  11.5,  15.5,  15.3,  969.1,  18.3,  73.6,  13.5
2025-07-24 20:00:00,    3,  12.1,  16.3,  15.6,  969.4,  17.8,  80.0,  14.3
2025-07-24 21:00:00,3,11.8,15.9,15.6,978.4,18.5,74.6,13.9
2025-07-24 22:00:00,    3,  11.9,  16.0,  15.1,  969.8,  17.0,  82.5,  14.0
2025-07-24 23:00:00,    3,  11.8,  15.8,  14.7,  969.9,  16.1,  86.2,  13.8
2025-07-25 00:00:00,    3,  11.7,  15.6,  14.3,  969.9,  15.4,  89.0,  13.6
2025-07-25 01:00:00,    3,  12.5,  16.6,  15.1,  978.7,  16.0,  91.4,  14.6
2025-07-25 02:00:00,    3,  12.3,  16.4,  14.8,  978.3,  15.3,  94.4,  14.4
2025-07-25 03:00:00,    3,  11.8,  15.7,  14.0,  969.5,  14.5,  94.9,  13.7
2025-07-25 04:00:00,    3,  12.4,  16.5,  14.7,  978.4,  15.1,  96.2,  14.5
2025-07-25 05:00:00,3,11.9,15.8,14.1,969.8,14.6,94.9,13.8
2025-07-25 06:00:00,    3,  12.2,  16.2,  14.6,  970.0,  15.2,  93.7,  14.2
2025-07-25 07:00:00,    3,  13.0,  17.4,  15.6,  979.1,  16.1,  95.0,  15.3
2025-07-25 08:00:00,    3,  12.2,  16.3,  15.3,  970.3,  17.0,  84.1,  14.3
2025-07-25 09:00:00,    3,  12.4,  16.8,  16.0,  979.3,  18.3,  79.5,  14.7
2025-07-25 10:00:00,    3,  12.5,  16.9,  16.5,  979.4,  19.4,  74.7,  14.8
2025-07-25 11:00:00,    3,  12.8,  17.3,  17.0,  979.6,  20.3,  72.5,  15.2
2025-07-25 12:00:00,    3,  12.1,  16.4,  16.5,  970.5,  20.1,  69.7,  14.4
2025-07-25 13:00:00,    3,  12.4,  16.8,  16.7,  970.2,  20.1,  71.1,  14.7
2025-07-25 14:00:00,    3,  12.1,  16.5,  17.1,  970.1,  21.7,  63.6,  14.5
2025-07-25 15:00:00,    3,  11.0,  15.1,  16.8,  978.4,  23.0,  53.6,  13.1
2025-07-25 16:00:00,    3,  11.6,  15.8,  17.1,  978.4,  22.8,  56.8,  13.8
2025-07-25 17:00:00,    3,  12.3,  16.5,  15.9,  978.6,  18.3,  78.5,  14.5
2025-07-25 18:00:00,3,13.4,18.1,17.1,978.8,19.4,80.2,15.9
2025-07-25 19:00:00,    3,  13.0,  17.5,  16.8,  979.0,  19.4,  77.7,  15.4
2025-07-25 20:00:00,    3,  12.7,  17.1,  16.1,  970.7,  18.1,  82.1,  15.0
2025-07-25 21:00:00,    3,  12.8,  17.2,  16.2,  979.6,  18.2,  82.1,  15.1
2025-07-25 22:00:00,    3,  12.7,  17.1,  16.2,  979.7,  18.3,  81.1,  15.0
2025-07-25 23:00:00,    3,  13.0,  17.4,  16.2,  979.8,  17.8,  85.3,  15.3
2025-07-26 00:00:00,    3,  13.1,  17.5,  15.8,  979.6,  16.6,  92.6,  15.4
2025-07-26 01:00:00,3,12.3,16.3,14.5,970.7,14.8,96.8,14.3
2025-07-26 02:00:00,    3,  13.0,  17.3,  15.5,  979.1,  16.0,  95.0,  15.2
2025-07-26 03:00:00,3,12.0,15.9,14.2,970.2,14.7,94.9,13.9
2025-07-26 04:00:00,    3,  11.7,  15.6,  14.0,  970.0,  14.6,  93.7,  13.6
2025-07-26 05:00:00,    3,  12.8,  17.2,  15.7,  978.4,  16.7,  90.3,  15.1
2025-07-26 06:00:00,    3,  12.9,  17.3,  15.7,  978.9,  16.5,  92.0,  15.2
2025-07-26 07:00:00,    3,  13.5,  18.1,  16.4,  978.5,  17.3,  91.5,  15.9
2025-07-26 08:00:00,    3,  12.8,  17.2,  16.2,  970.1,  18.1,  82.6,  15.1
2025-07-26 09:00:00,    3,  12.5,  16.9,  16.2,  970.4,  18.7,  78.1,  14.8
2025-07-26 10:00:00,    3,  13.2,  18.0,  17.6,  978.9,  20.9,  72.6,  15.8
2025-07-26 11:00:00,    3,  12.2,  16.6,  17.4,  969.6,  22.3,  61.7,  14.6
2025-07-26 12:00:00,    3,  12.2,  16.8,  17.9,  969.0,  23.7,  57.1,  14.7
2025-07-26 13:00:00,    3,  11.5,  15.6,  16.2,  969.1,  20.6,  64.2,  13.6
2025-07-26 14:00:00,    3,  13.8,  18.6,  17.0,  977.8,  18.2,  88.7,  16.3
2025-07-26 15:00:00,    3,  10.7,  14.5,  15.9,  969.0,  21.3,  57.2,  12.5
2025-07-26 16:00:00,3,11.9,16.1,16.5,968.9,20.7,65.9,14.1
2025-07-26 17:00:00,    3,  13.9,  18.8,  17.3,  969.1,  18.8,  86.5,  16.5
2025-07-26 18:00:00,    3,  14.4,  19.4,  17.6,  978.2,  18.6,  90.4,  17.0
2025-07-26 19:00:00,3,14.2,19.2,17.3,969.6,18.3,91.0,16.8
2025-07-26 20:00:00,    3,  14.1,  19.0,  17.3,  978.4,  18.5,  89.3,  16.7
2025-07-26 21:00:00,3,13.3,17.9,16.2,970.0,17.2,90.9,15.7
2025-07-26 22:00:00,3,13.6,18.3,16.6,978.7,17.6,90.9,16.1
2025-07-26 23:00:00,    3,  13.6,  18.2,  16.4,  978.7,  17.0,  93.8,  16.0
2025-07-27 00:00:00,    3,  13.1,  17.5,  15.6,  969.6,  16.1,  95.6,  15.4
2025-07-27 01:00:00,3,13.3,17.9,16.0,978.1,16.6,94.4,15.7
2025-07-27 02:00:00,    3,  13.3,  17.7,  15.7,  977.7,  16.0,  97.5,  15.6
2025-07-27 03:00:00,3,13.1,17.5,15.6,977.4,15.9,96.8,15.4
2025-07-27 04:00:00,3,12.9,17.2,15.5,977.4,16.1,93.8,15.1
2025-07-27 05:00:00,3,13.2,17.6,15.7,977.4,16.0,96.8,15.5
2025-07-27 06:00:00,3,13.4,17.9,15.9,977.4,16.2,96.9,15.7
2025-07-27 07:00:00,    3,  12.9,  17.2,  15.6,  968.8,  16.4,  92.0,  15.1
2025-07-27 08:00:00,    3,  13.8,  18.6,  17.1,  968.6,  18.5,  87.0,  16.3
2025-07-27 09:00:00,    3,  13.3,  18.0,  17.1,  968.1,  19.5,  79.2,  15.8
2025-07-27 10:00:00,3,13.7,18.6,17.5,976.6,19.8,80.2,16.3
2025-07-27 11:00:00,    3,  12.8,  17.2,  16.0,  967.8,  17.5,  85.8,  15.1
2025-07-27 12:00:00,3,12.3,16.6,16.3,967.3,19.3,74.2,14.6
2025-07-27 13:00:00,3,12.4,16.6,15.5,976.3,16.9,86.3,14.6
2025-07-27 14:00:00,    3,  13.4,  18.1,  17.2,  966.9,  19.6,  79.2,  15.9
2025-07-27 15:00:00,    3,  12.9,  17.4,  16.8,  966.4,  19.5,  76.7,  15.3
2025-07-27 16:00:00,    3,  12.8,  17.3,  16.8,  966.2,  19.6,  75.7,  15.2
2025-07-27 17:00:00,3,14.1,19.0,17.6,974.6,19.2,85.4,16.7
2025-07-27 18:00:00,3,12.1,16.2,15.3,966.2,17.2,82.5,14.2
2025-07-27 19:00:00,    3,  11.8,  15.6,  13.8,  974.7,  14.1,  96.8,  13.6
2025-07-27 20:00:00,3,11.9,15.8,13.9,975.6,14.1,98.1,13.8
2025-07-27 21:00:00,3,11.7,15.6,13.9,975.3,14.5,94.3,13.6
2025-07-27 22:00:00,3,11.4,15.2,13.6,966.2,14.2,93.7,13.2
2025-07-27 23:00:00,    3,  11.9,  15.8,  14.1,  975.1,  14.5,  95.6,  13.8
2025-07-28 00:00:00,    3,  12.0,  16.0,  14.2,  975.0,  14.6,  96.2,  14.0
2025-07-28 01:00:00,    3,  11.6,  15.4,  13.8,  965.7,  14.4,  93.7,  13.4
2025-07-28 02:00:00,    3,  11.9,  15.8,  14.1,  974.5,  14.6,  94.9,  13.8
2025-07-28 03:00:00,3,11.6,15.4,13.5,974.5,13.8,97.4,13.4
2025-07-28 04:00:00,3,11.8,15.7,13.8,975.0,13.9,98.7,13.7
2025-07-28 05:00:00,3,11.6,15.4,13.5,975.3,13.8,97.4,13.4
2025-07-28 06:00:00,    3,  11.8,  15.7,  13.8,  976.0,  14.1,  97.4,  13.7
2025-07-28 07:00:00,3,11.9,15.8,14.0,976.6,14.3,96.8,13.8
2025-07-28 08:00:00,    3,  11.3,  15.0,  13.7,  967.8,  14.7,  89.5,  13.0
2025-07-28 09:00:00,3,11.9,15.8,14.2,977.4,14.8,93.7,13.8
2025-07-28 10:00:00,    3,  10.8,  14.4,  13.5,  969.1,  15.1,  83.9,  12.4
2025-07-28 11:00:00,    3,  11.3,  15.1,  14.0,  969.6,  15.3,  86.7,  13.1
2025-07-28 12:00:00,    3,  11.0,  14.7,  14.5,  978.8,  17.3,  74.4,  12.7
2025-07-28 13:00:00,    3,  10.4,  14.0,  14.4,  978.7,  18.1,  67.5,  12.0
2025-07-28 14:00:00,    3,  10.0,  13.2,  12.1,  979.1,  13.6,  84.8,  11.1
2025-07-28 15:00:00,3,10.9,14.5,13.9,970.6,16.1,79.2,12.5
2025-07-28 16:00:00,3,11.0,14.7,14.4,979.3,17.1,75.3,12.7
2025-07-28 17:00:00,    3,  11.2,  15.0,  14.1,  970.9,  15.7,  84.0,  13.0
2025-07-28 18:00:00,    3,  11.1,  14.9,  14.2,  979.9,  16.2,  80.8,  12.9
2025-07-28 19:00:00,    3,  11.0,  14.6,  13.6,  971.6,  15.2,  84.5,  12.6
2025-07-28 20:00:00,    3,  11.4,  15.2,  13.8,  981.1,  14.8,  90.1,  13.2
2025-07-28 21:00:00,    3,  11.3,  15.0,  13.6,  981.4,  14.5,  90.7,  13.0
2025-07-28 22:00:00,3,11.2,14.9,13.5,981.4,14.3,91.3,12.9
2025-07-28 23:00:00,    3,  11.0,  14.6,  13.1,  972.8,  13.9,  91.9,  12.6
2025-07-29 00:00:00,    3,  11.5,  15.2,  13.6,  981.7,  14.1,  94.3,  13.2
2025-07-29 01:00:00,    3,  10.7,  14.2,  12.9,  973.0,  13.9,  89.5,  12.2
2025-07-29 02:00:00,    3,  10.8,  14.3,  12.9,  973.0,  13.8,  90.6,  12.3
2025-07-29 03:00:00,    3,  10.8,  14.3,  12.8,  973.0,  13.5,  92.4,  12.3
2025-07-29 04:00:00,    3,  10.8,  14.3,  12.9,  981.8,  13.8,  90.6,  12.3
2025-07-29 05:00:00,3,10.7,14.2,12.8,972.8,13.7,90.6,12.2
2025-07-29 06:00:00,    3,  10.9,  14.4,  13.1,  972.9,  14.1,  89.5,  12.4
2025-07-29 07:00:00,    3,  10.7,  14.2,  13.3,  973.3,  14.9,  83.9,  12.2
2025-07-29 08:00:00,    3,  10.6,  14.1,  13.5,  973.4,  15.7,  79.1,  12.1
2025-07-29 09:00:00,    3,  11.4,  15.3,  15.0,  982.2,  17.6,  75.9,  13.3
2025-07-29 10:00:00,    3,  10.9,  14.7,  14.7,  982.0,  17.7,  72.5,  12.7
2025-07-29 11:00:00,    3,  10.2,  13.8,  14.7,  972.7,  19.2,  61.8,  11.7
2025-07-29 12:00:00,3,10.8,14.6,14.9,972.5,18.6,68.1,12.6
2025-07-29 13:00:00,3,9.9,13.4,14.7,981.1,19.7,58.3,11.3
2025-07-29 14:00:00,3,8.6,11.6,14.2,972.0,21.1,46.5,9.2
2025-07-29 15:00:00,    3,   7.8,  10.6,  13.8,  971.8,  21.9,  40.2,   7.8
2025-07-29 16:00:00,    3,   8.3,  11.3,  14.4,  980.2,  22.2,  42.0,   8.7
2025-07-29 17:00:00,    3,   7.2,   9.8,  13.3,  971.3,  21.7,  37.8,   6.7
2025-07-29 18:00:00,    3,   9.2,  12.5,  14.1,  971.6,  19.6,  54.5,  10.2
2025-07-29 19:00:00,    3,  11.0,  14.7,  14.2,  980.6,  16.6,  77.7,  12.7
2025-07-29 20:00:00,    3,  10.6,  14.2,  13.8,  980.7,  16.3,  76.7,  12.2
2025-07-29 21:00:00,    3,  10.6,  14.1,  13.8,  980.8,  16.4,  75.7,  12.1
2025-07-29 22:00:00,    3,  10.3,  13.8,  13.6,  980.4,  16.5,  73.2,  11.7
2025-07-29 23:00:00,    3,  10.0,  13.3,  12.6,  971.9,  14.6,  80.0,  11.2
2025-07-30 00:00:00,    3,   9.9,  13.1,  12.5,  971.7,  14.6,  79.0,  11.0
2025-07-30 01:00:00,3,10.2,13.6,12.7,971.4,14.5,82.2,11.5
2025-07-30 02:00:00,    3,  10.3,  13.7,  12.6,  970.8,  14.1,  84.9,  11.6
2025-07-30 03:00:00,    3,   9.9,  13.2,  12.7,  970.9,  14.9,  78.0,  11.1
2025-07-30 04:00:00,3,9.9,13.1,12.4,970.8,14.4,80.0,11.0
2025-07-30 05:00:00,    3,  10.0,  13.2,  12.6,  970.9,  14.7,  79.0,  11.1
2025-07-30 06:00:00,    3,   9.9,  13.2,  12.8,  971.2,  15.1,  77.0,  11.1
2025-07-30 07:00:00,    3,  11.6,  15.4,  14.0,  980.1,  14.9,  90.7,  13.4
2025-07-30 08:00:00,    3,  11.7,  15.5,  13.9,  980.6,  14.6,  93.1,  13.5
2025-07-30 09:00:00,    3,  11.5,  15.3,  13.9,  980.6,  14.8,  90.7,  13.3
2025-07-30 10:00:00,    3,  11.8,  15.7,  14.1,  972.1,  14.8,  93.1,  13.7
2025-07-30 11:00:00,    3,  11.6,  15.5,  14.2,  980.9,  15.2,  89.6,  13.5
2025-07-30 12:00:00,    3,  11.3,  15.1,  14.2,  972.3,  16.0,  82.9,  13.1
2025-07-30 13:00:00,3,10.7,14.3,14.3,980.8,17.4,72.0,12.3
2025-07-30 14:00:00,    3,  10.1,  13.7,  14.7,  980.6,  19.4,  60.6,  11.6
2025-07-30 15:00:00,    3,   8.7,  11.8,  13.9,  971.8,  20.3,  49.5,   9.4
2025-07-30 16:00:00,    3,   9.4,  12.8,  14.8,  980.0,  20.9,  51.7,  10.6
2025-07-30 17:00:00,    3,   9.6,  13.1,  14.5,  971.5,  20.0,  55.7,  10.9
2025-07-30 18:00:00,    3,   9.8,  13.2,  14.6,  980.4,  19.9,  56.8,  11.1
2025-07-30 19:00:00,    3,  10.4,  14.0,  14.3,  971.8,  17.9,  68.4,  12.0
2025-07-30 20:00:00,3,10.5,14.0,13.4,972.3,15.5,79.6,12.0
2025-07-30 21:00:00,    3,  10.4,  13.9,  13.1,  972.5,  15.0,  81.2,  11.8
2025-07-30 22:00:00,    3,  10.3,  13.7,  12.8,  972.6,  14.6,  82.2,  11.6
2025-07-30 23:00:00,    3,  10.0,  13.3,  12.4,  972.5,  14.0,  83.2,  11.2
2025-07-31 00:00:00,    3,  10.0,  13.3,  12.4,  972.4,  14.1,  82.7,  11.2
2025-07-31 01:00:00,3,10.1,13.4,12.6,980.9,14.5,81.1,11.3
2025-07-31 02:00:00,    3,  10.4,  13.9,  13.0,  980.6,  14.6,  83.3,  11.8
2025-07-31 03:00:00,    3,  10.6,  14.0,  13.2,  980.5,  14.9,  82.8,  12.0
2025-07-31 04:00:00,    3,  10.7,  14.2,  13.3,  980.4,  14.9,  83.9,  12.2
2025-07-31 05:00:00,    3,  11.0,  14.6,  13.6,  980.3,  15.2,  84.5,  12.6
2025-07-31 06:00:00,3,11.0,14.6,13.8,971.9,15.5,82.8,12.6
2025-07-31 07:00:00,3,11.3,15.1,13.9,972.1,15.1,87.8,13.1
2025-07-31 08:00:00,3,12.6,16.8,15.1,981.0,15.8,93.2,14.7
2025-07-31 09:00:00,    3,  11.9,  16.0,  15.5,  972.1,  18.1,  77.0,  14.0
2025-07-31 10:00:00,3,12.7,17.2,17.0,980.7,20.3,72.0,15.1
2025-07-31 11:00:00,    3,  10.7,  14.5,  15.8,  980.6,  21.1,  57.9,  12.5
2025-07-31 12:00:00,    3,  10.3,  14.0,  15.3,  980.4,  20.6,  57.4,  11.9
2025-07-31 13:00:00,    3,   9.7,  13.1,  15.0,  971.4,  21.0,  52.8,  11.0
2025-07-31 14:00:00,    3,  11.2,  15.3,  16.7,  979.8,  22.5,  56.0,  13.3
2025-07-31 15:00:00,    3,  10.6,  14.4,  16.1,  970.8,  22.2,  53.8,  12.4
2025-07-31 16:00:00,    3,  10.2,  14.0,  15.7,  970.5,  21.8,  53.3,  11.9
2025-07-31 17:00:00,    3,  10.3,  14.0,  16.1,  978.6,  22.6,  51.1,  12.0
2025-07-31 18:00:00,    3,  10.5,  14.3,  16.1,  978.7,  22.1,  53.8,  12.3
2025-07-31 19:00:00,3,10.6,14.4,15.4,970.2,20.1,61.2,12.4
2025-07-31 20:00:00,    3,  11.1,  15.1,  16.0,  978.7,  20.6,  62.1,  13.1
2025-07-31 21:00:00,    3,  12.3,  16.5,  15.9,  978.7,  18.3,  78.5,  14.5
2025-07-31 22:00:00,    3,  12.5,  16.8,  15.9,  978.1,  17.8,  82.1,  14.7
2025-07-31 23:00:00,3,11.2,15.0,14.7,969.5,17.5,74.9,13.0
2025-08-01 00:00:00,3,11.1,14.9,14.5,969.1,16.9,77.3,12.9
2025-08-01 01:00:00,    3,  11.0,  14.7,  14.6,  968.7,  17.5,  73.4,  12.7
2025-08-01 02:00:00,    3,  11.3,  15.2,  14.6,  968.3,  16.9,  78.8,  13.2
2025-08-01 03:00:00,    3,  12.5,  16.8,  15.4,  976.7,  16.6,  88.5,  14.7
2025-08-01 04:00:00,    3,  12.3,  16.4,  15.2,  976.5,  16.6,  86.8,  14.4
2025-08-01 05:00:00,    3,  12.2,  16.2,  14.8,  967.3,  15.7,  90.8,  14.2
2025-08-01 06:00:00,    3,  12.9,  17.2,  15.3,  976.4,  15.7,  96.2,  15.1
2025-08-01 07:00:00,    3,  12.8,  17.1,  15.5,  976.7,  16.4,  91.4,  15.0
2025-08-01 08:00:00,3,11.7,15.6,14.2,976.5,15.1,90.7,13.6
2025-08-01 09:00:00,    3,  12.0,  16.1,  15.3,  967.7,  17.2,  82.0,  14.1
2025-08-01 10:00:00,    3,  13.2,  17.9,  17.4,  976.0,  20.6,  73.5,  15.7
2025-08-01 11:00:00,    3,  12.9,  17.5,  17.0,  975.6,  19.9,  75.3,  15.4
2025-08-01 12:00:00,3,11.9,16.1,16.6,966.4,20.9,65.1,14.1
2025-08-01 13:00:00,    3,  10.9,  14.7,  14.6,  975.1,  17.7,  72.5,  12.7
2025-08-01 14:00:00,    3,  11.4,  15.3,  15.3,  966.7,  18.5,  71.7,  13.3
2025-08-01 15:00:00,    3,  11.9,  16.1,  15.9,  966.6,  19.0,  73.2,  14.1
2025-08-01 16:00:00,    3,  11.4,  15.4,  16.0,  974.6,  20.2,  64.9,  13.4
2025-08-01 17:00:00,3,12.0,16.1,15.7,966.1,18.5,75.5,14.1
2025-08-01 18:00:00,    3,  11.7,  15.7,  15.1,  966.2,  17.3,  79.4,  13.7
2025-08-01 19:00:00,3,12.3,16.4,15.2,966.7,16.6,86.8,14.4
2025-08-01 20:00:00,3,11.7,15.7,15.1,975.4,17.3,79.4,13.7
2025-08-01 21:00:00,    3,  11.9,  15.9,  14.4,  966.9,  15.2,  91.9,  13.9
2025-08-01 22:00:00,    3,  11.9,  15.9,  14.9,  975.7,  16.5,  84.6,  13.9
2025-08-01 23:00:00,    3,  11.7,  15.6,  14.0,  967.1,  14.7,  93.1,  13.6
2025-08-02 00:00:00,    3,  12.3,  16.4,  14.9,  975.8,  15.8,  91.4,  14.4
2025-08-02 01:00:00,3,12.5,16.6,15.0,975.2,15.5,94.4,14.6
2025-08-02 02:00:00,3,11.4,15.1,13.4,966.1,14.0,94.3,13.1
2025-08-02 03:00:00,3,11.8,15.7,13.9,966.1,14.3,96.2,13.7
2025-08-02 04:00:00,3,11.5,15.3,13.8,966.1,14.7,91.3,13.3
2025-08-02 05:00:00,    3,  12.0,  16.0,  14.5,  974.7,  15.2,  92.5,  14.0
2025-08-02 06:00:00,    3,  11.7,  15.5,  13.9,  966.1,  14.6,  93.1,  13.5
2025-08-02 07:00:00,    3,  12.1,  16.1,  14.2,  966.4,  14.3,  98.7,  14.1
2025-08-02 08:00:00,    3,  11.6,  15.4,  13.9,  967.0,  14.7,  91.9,  13.4
2025-08-02 09:00:00,3,11.3,15.0,13.9,967.3,15.3,86.1,13.0
2025-08-02 10:00:00,3,10.8,14.4,13.9,967.4,16.2,78.2,12.4
2025-08-02 11:00:00,3,10.3,13.8,13.7,968.0,16.7,72.3,11.7
2025-08-02 12:00:00,    3,  10.5,  14.1,  14.2,  967.9,  17.4,  71.0,  12.1
2025-08-02 13:00:00,    3,  10.0,  13.5,  14.2,  976.9,  18.4,  63.7,  11.4
2025-08-02 14:00:00,    3,   9.7,  13.1,  14.4,  976.9,  19.4,  58.2,  11.0
2025-08-02 15:00:00,    3,   9.5,  12.7,  13.5,  968.7,  17.8,  62.3,  10.5
2025-08-02 16:00:00,    3,   9.5,  12.8,  14.1,  977.7,  19.1,  57.8,  10.6
2025-08-02 17:00:00,3,10.2,13.8,14.8,977.6,19.4,61.0,11.7
2025-08-02 18:00:00,    3,  12.1,  16.2,  15.3,  969.5,  17.0,  83.6,  14.2
2025-08-02 19:00:00,    3,  11.0,  14.8,  14.8,  978.4,  17.9,  72.1,  12.8
2025-08-02 20:00:00,    3,  11.1,  14.8,  13.6,  970.4,  14.9,  87.2,  12.8
2025-08-02 21:00:00,    3,  10.4,  13.9,  13.7,  979.4,  16.4,  74.2,  11.8
2025-08-02 22:00:00,    3,  10.7,  14.3,  13.9,  979.9,  16.2,  77.7,  12.3
2025-08-02 23:00:00,    3,  10.8,  14.4,  13.8,  980.1,  15.9,  79.7,  12.4
2025-08-03 00:00:00,    3,  10.9,  14.5,  13.3,  971.7,  14.5,  87.8,  12.5
2025-08-03 01:00:00,    3,  11.0,  14.6,  13.7,  980.5,  15.4,  83.4,  12.6
2025-08-03 02:00:00,    3,  11.0,  14.6,  13.6,  980.6,  15.2,  84.5,  12.6
2025-08-03 03:00:00,    3,  10.8,  14.3,  13.3,  980.7,  14.8,  85.0,  12.3
2025-08-03 04:00:00,    3,  11.2,  14.8,  13.2,  972.3,  13.8,  93.7,  12.8
2025-08-03 05:00:00,    3,  10.8,  14.3,  13.2,  981.3,  14.6,  86.1,  12.3
2025-08-03 06:00:00,    3,  10.7,  14.2,  13.3,  981.9,  15.0,  83.3,  12.2
2025-08-03 07:00:00,    3,  10.5,  14.0,  13.7,  982.1,  16.3,  75.7,  12.0
2025-08-03 08:00:00,3,10.4,13.9,13.5,982.2,16.0,76.1,11.8
2025-08-03 09:00:00,    3,   9.6,  12.9,  13.2,  982.7,  16.6,  68.1,  10.7
2025-08-03 10:00:00,3,9.9,13.2,13.2,983.1,16.2,71.7,11.1
2025-08-03 11:00:00,    3,   9.2,  12.3,  12.8,  983.2,  16.6,  65.0,  10.0
2025-08-03 12:00:00,    3,  10.3,  13.8,  13.4,  983.7,  15.8,  76.6,  11.7
2025-08-03 13:00:00,    3,  10.3,  13.8,  13.5,  974.9,  16.1,  75.1,  11.7
2025-08-03 14:00:00,3,9.9,13.2,13.3,974.9,16.6,69.9,11.1
2025-08-03 15:00:00,3,10.0,13.4,13.6,983.8,16.8,70.0,11.3
2025-08-03 16:00:00,    3,   9.8,  13.1,  13.3,  975.1,  16.7,  68.6,  10.9
2025-08-03 17:00:00,    3,   9.5,  12.7,  13.2,  975.2,  16.9,  65.9,  10.5
2025-08-03 18:00:00,    3,   9.7,  13.1,  13.3,  975.1,  16.8,  68.1,  10.9
2025-08-03 19:00:00,    3,   9.1,  12.1,  12.7,  984.3,  16.6,  64.1,   9.8
2025-08-03 20:00:00,    3,   8.8,  11.8,  12.4,  984.7,  16.3,  63.6,   9.4
2025-08-03 21:00:00,    3,   8.7,  11.6,  12.1,  985.0,  15.8,  64.8,   9.2
2025-08-03 22:00:00,    3,   9.0,  12.0,  12.1,  984.6,  15.2,  69.6,   9.7
2025-08-03 23:00:00,3,9.3,12.3,11.8,984.6,14.1,76.3,10.0
2025-08-04 00:00:00,3,9.2,12.2,11.7,984.1,14.1,75.8,9.9
2025-08-04 01:00:00,    3,   9.4,  12.5,  11.4,  975.3,  13.0,  83.1,  10.2
2025-08-04 02:00:00,    3,   9.4,  12.4,  11.4,  974.8,  13.2,  81.4,  10.1
2025-08-04 03:00:00,    3,   9.5,  12.6,  12.0,  983.3,  14.1,  78.4,  10.4
2025-08-04 04:00:00,3,9.3,12.4,11.7,974.6,13.8,78.3,10.1
2025-08-04 05:00:00,3,9.6,12.8,12.0,974.7,14.0,79.9,10.6
2025-08-04 06:00:00,3,10.9,14.4,13.0,984.0,13.8,91.2,12.4
2025-08-04 07:00:00,    3,  11.1,  14.7,  13.3,  984.0,  14.1,  91.3,  12.7
2025-08-04 08:00:00,    3,  11.1,  14.7,  13.2,  975.4,  13.9,  92.5,  12.7
2025-08-04 09:00:00,3,11.2,14.9,13.7,975.4,14.9,87.8,12.9
2025-08-04 10:00:00,    3,  11.7,  15.6,  14.8,  984.0,  16.7,  81.9,  13.6
2025-08-04 11:00:00,    3,  12.1,  16.3,  15.7,  975.3,  18.1,  78.5,  14.3
2025-08-04 12:00:00,    3,  12.5,  16.9,  16.2,  983.8,  18.5,  79.0,  14.8
2025-08-04 13:00:00,    3,  13.5,  18.1,  16.6,  984.1,  17.9,  88.1,  15.9
2025-08-04 14:00:00,    3,  12.3,  16.8,  16.8,  974.9,  20.6,  68.9,  14.7
2025-08-04 15:00:00,    3,  12.4,  16.9,  17.1,  983.4,  21.1,  67.3,  14.8
2025-08-04 16:00:00,3,13.2,18.0,17.9,983.0,21.9,68.3,15.8
2025-08-04 17:00:00,    3,  12.3,  16.8,  17.4,  982.5,  22.1,  62.9,  14.7
2025-08-04 18:00:00,    3,  11.5,  15.7,  16.7,  974.0,  21.8,  60.0,  13.7
2025-08-04 19:00:00,    3,  11.5,  15.6,  16.2,  974.0,  20.6,  64.2,  13.6
2025-08-04 20:00:00,    3,  12.4,  16.8,  16.7,  982.8,  20.1,  71.1,  14.7
2025-08-04 21:00:00,    3,  12.1,  16.2,  15.7,  974.0,  18.2,  77.5,  14.2
2025-08-04 22:00:00,    3,  12.4,  16.8,  16.2,  982.6,  18.9,  76.6,  14.7
2025-08-04 23:00:00,    3,  12.3,  16.5,  16.0,  982.0,  18.5,  77.5,  14.5
2025-08-05 00:00:00,    3,  11.8,  15.9,  15.8,  981.7,  19.0,  72.3,  13.9
2025-08-05 01:00:00,    3,  11.7,  15.8,  15.4,  981.4,  18.1,  76.0,  13.8
2025-08-05 02:00:00,    3,  11.7,  15.7,  15.2,  981.2,  17.7,  77.4,  13.7
2025-08-05 03:00:00,    3,  11.3,  15.0,  13.6,  972.4,  14.5,  90.7,  13.0
2025-08-05 04:00:00,3,11.5,15.3,13.6,972.2,14.1,94.9,13.3
2025-08-05 05:00:00,    3,  11.5,  15.3,  13.9,  972.0,  14.8,  90.7,  13.3
2025-08-05 06:00:00,    3,  11.9,  16.0,  15.7,  980.4,  18.6,  74.6,  14.0
2025-08-05 07:00:00,    3,  12.5,  17.0,  16.8,  980.4,  20.1,  72.0,  14.9
2025-08-05 08:00:00,    3,  13.0,  17.6,  17.2,  980.5,  20.2,  74.4,  15.5
2025-08-05 09:00:00,    3,  13.0,  17.7,  17.8,  980.5,  21.9,  67.4,  15.6
2025-08-05 10:00:00,    3,  13.2,  18.2,  19.0,  981.2,  24.6,  58.8,  16.0
2025-08-05 11:00:00,    3,  13.2,  18.1,  18.4,  981.5,  23.2,  63.5,  15.9
2025-08-05 12:00:00,    3,  11.6,  15.9,  17.8,  972.6,  24.8,  50.7,  13.9
2025-08-05 13:00:00,    3,  12.4,  17.1,  18.2,  981.4,  24.0,  57.1,  15.0
2025-08-05 14:00:00,3,12.7,17.3,17.6,973.1,22.1,64.9,15.2
2025-08-05 15:00:00,    3,  11.9,  16.3,  17.3,  973.5,  22.7,  59.1,  14.3
2025-08-05 16:00:00,    3,  11.9,  16.3,  17.6,  982.4,  23.3,  57.0,  14.3
2025-08-05 17:00:00,3,9.7,13.2,15.8,983.0,23.1,46.7,11.1
2025-08-05 18:00:00,3,8.7,11.9,14.5,975.1,21.6,46.0,9.5
2025-08-05 19:00:00,    3,   9.6,  13.1,  14.9,  984.4,  20.9,  52.7,  10.9
2025-08-05 20:00:00,    3,   9.2,  12.5,  13.9,  976.6,  19.1,  56.3,  10.2
2025-08-05 21:00:00,    3,   9.4,  12.6,  13.4,  977.3,  17.6,  62.6,  10.4
2025-08-05 22:00:00,    3,   9.4,  12.6,  13.2,  986.9,  17.0,  65.1,  10.4
2025-08-05 23:00:00,    3,   9.3,  12.4,  12.6,  978.6,  15.9,  68.4,  10.1
2025-08-06 00:00:00,    3,   9.3,  12.4,  12.2,  979.2,  15.1,  72.0,  10.1
2025-08-06 01:00:00,    3,   8.7,  11.6,  11.9,  979.3,  15.3,  66.9,   9.2
2025-08-06 02:00:00,3,9.2,12.3,12.0,988.3,14.7,73.4,10.0
2025-08-06 03:00:00,3,9.0,11.8,10.7,979.6,12.3,82.4,9.4
2025-08-06 04:00:00,    3,   9.2,  12.1,  11.4,  988.7,  13.4,  78.8,   9.8
2025-08-06 05:00:00,    3,   9.2,  12.1,  11.1,  988.9,  12.8,  81.9,   9.8
2025-08-06 06:00:00,    3,   8.9,  11.8,  11.5,  988.7,  14.1,  73.3,   9.4
2025-08-06 07:00:00,    3,   8.7,  11.6,  12.2,  989.0,  16.0,  64.0,   9.2
2025-08-06 08:00:00,3,8.7,11.6,12.1,979.9,16.0,63.5,9.1
2025-08-06 09:00:00,    3,   8.4,  11.3,  12.6,  979.8,  17.5,  56.6,   8.8
2025-08-06 10:00:00,    3,   9.1,  12.2,  13.4,  979.4,  18.3,  58.0,   9.9
2025-08-06 11:00:00,3,8.2,11.0,13.1,978.8,19.2,49.5,8.4
2025-08-06 12:00:00,    3,   8.7,  11.8,  14.3,  987.2,  21.0,  47.4,   9.4
2025-08-06 13:00:00,    3,   7.8,  10.6,  13.3,  977.5,  20.5,  43.9,   7.8
2025-08-06 14:00:00,    3,   8.5,  11.6,  14.2,  977.0,  21.3,  45.6,   9.1
2025-08-06 15:00:00,3,9.1,12.5,15.0,985.5,21.9,47.3,10.2
2025-08-06 16:00:00,    3,   9.4,  12.9,  15.3,  984.7,  22.1,  48.4,  10.7
2025-08-06 17:00:00,    3,   8.7,  11.8,  14.6,  984.4,  22.0,  44.6,   9.4
2025-08-06 18:00:00,    3,   8.6,  11.7,  14.2,  984.2,  21.1,  46.8,   9.3
2025-08-06 19:00:00,    3,   8.6,  11.6,  13.6,  984.2,  19.5,  51.3,   9.2
2025-08-06 20:00:00,3,9.0,12.1,13.3,984.3,18.0,58.7,9.8
2025-08-06 21:00:00,3,9.0,12.0,12.3,975.4,15.8,67.0,9.7
2025-08-06 22:00:00,    3,   9.1,  12.1,  12.6,  983.9,  16.3,  65.3,   9.8
2025-08-06 23:00:00,    3,   8.9,  11.9,  12.0,  983.7,  15.3,  68.3,   9.5
2025-08-07 00:00:00,    3,   8.9,  11.6,  10.4,  974.5,  11.8,  84.1,   9.2
2025-08-07 01:00:00,3,8.6,11.3,9.7,974.5,11.0,85.7,8.7
2025-08-07 02:00:00,    3,   9.2,  12.1,  11.0,  983.2,  12.6,  83.0,   9.8
2025-08-07 03:00:00,    3,   9.4,  12.4,  10.7,  982.6,  11.5,  91.1,  10.1
2025-08-07 04:00:00,3,9.4,12.4,10.6,982.5,11.3,92.3,10.1
2025-08-07 05:00:00,    3,   9.5,  12.5,  10.9,  982.7,  11.8,  89.9,  10.2
2025-08-07 06:00:00,    3,   9.9,  13.1,  11.9,  982.7,  13.2,  85.9,  10.9
2025-08-07 07:00:00,    3,   9.9,  13.2,  12.6,  974.0,  14.8,  78.5,  11.1
2025-08-07 08:00:00,3,9.6,13.0,13.9,973.7,18.3,61.6,10.8
2025-08-07 09:00:00,3,9.8,13.2,14.8,973.7,20.4,55.1,11.1
2025-08-07 10:00:00,    3,   9.2,  12.5,  15.0,  973.3,  22.0,  47.4,  10.3
2025-08-07 11:00:00,3,8.6,11.8,15.3,973.6,23.9,39.7,9.4
2025-08-07 12:00:00,    3,   8.6,  11.9,  15.6,  972.8,  24.7,  38.1,   9.5
2025-08-07 13:00:00,    3,   9.0,  12.4,  16.1,  972.6,  25.3,  38.3,  10.1
2025-08-07 14:00:00,    3,  10.1,  14.0,  17.3,  972.4,  26.2,  41.0,  11.9
2025-08-07 15:00:00,    3,  10.7,  14.8,  17.9,  972.3,  26.5,  42.7,  12.8
2025-08-07 16:00:00,    3,  10.5,  14.5,  17.6,  972.1,  26.3,  42.4,  12.5
2025-08-07 17:00:00,    3,  10.6,  14.6,  17.4,  972.0,  25.5,  44.7,  12.6
2025-08-07 18:00:00,    3,   9.8,  13.5,  16.7,  980.9,  25.0,  42.5,  11.4
2025-08-07 19:00:00,    3,   9.9,  13.6,  16.1,  981.2,  23.2,  47.7,  11.5
2025-08-07 20:00:00,    3,  10.5,  14.2,  15.7,  981.6,  21.2,  56.4,  12.2
2025-08-07 21:00:00,    3,  10.6,  14.3,  15.5,  981.6,  20.4,  59.7,  12.3
2025-08-07 22:00:00,    3,  11.2,  15.1,  15.2,  981.6,  18.6,  70.3,  13.1
2025-08-07 23:00:00,    3,  10.5,  14.0,  13.5,  973.3,  15.7,  78.6,  12.0
2025-08-08 00:00:00,    3,  10.7,  14.2,  13.4,  973.4,  15.2,  82.3,  12.2
2025-08-08 01:00:00,    3,  10.1,  13.4,  12.4,  973.3,  13.9,  84.3,  11.3
2025-08-08 02:00:00,    3,  10.1,  13.4,  12.0,  973.0,  12.9,  90.0,  11.3
2025-08-08 03:00:00,    3,  10.5,  14.0,  13.2,  981.6,  15.1,  81.2,  11.9
2025-08-08 04:00:00,3,10.2,13.5,11.6,973.3,12.0,96.1,11.4
2025-08-08 05:00:00,3,9.7,12.8,11.5,973.6,12.7,87.0,10.6
2025-08-08 06:00:00,3,10.3,13.7,12.8,973.9,14.6,82.2,11.6
2025-08-08 07:00:00,3,10.3,14.0,14.7,982.6,18.9,63.8,11.9
2025-08-08 08:00:00,    3,  11.2,  15.3,  16.6,  974.0,  22.0,  57.8,  13.3
2025-08-08 09:00:00,    3,  11.5,  15.8,  17.8,  974.0,  24.7,  50.7,  13.8
2025-08-08 10:00:00,    3,  11.0,  15.2,  18.3,  982.6,  27.1,  42.3,  13.2
2025-08-08 11:00:00,3,11.0,15.3,18.7,982.5,28.3,39.7,13.3
2025-08-08 12:00:00,    3,   9.6,  13.4,  18.3,  973.5,  30.0,  31.6,  11.3
2025-08-08 13:00:00,    3,  11.4,  15.9,  19.4,  982.1,  29.6,  38.3,  13.9
2025-08-08 14:00:00,    3,  11.0,  15.4,  19.3,  972.9,  30.1,  36.0,  13.4
2025-08-08 15:00:00,    3,  10.0,  14.0,  18.5,  973.1,  29.7,  33.4,  11.9
2025-08-08 16:00:00,    3,   9.2,  12.9,  17.8,  982.0,  29.2,  31.7,  10.7
2025-08-08 17:00:00,    3,   9.4,  13.1,  17.6,  973.5,  28.4,  33.7,  10.9
2025-08-08 18:00:00,    3,   9.2,  12.8,  17.3,  982.4,  27.9,  34.0,  10.6
2025-08-08 19:00:00,    3,   9.3,  12.9,  16.8,  982.7,  26.4,  37.4,  10.7
2025-08-08 20:00:00,3,10.4,14.2,15.9,974.6,21.7,54.7,12.2
2025-08-08 21:00:00,3,11.3,15.3,15.8,974.7,19.9,65.7,13.3
2025-08-08 22:00:00,3,10.7,14.5,16.0,983.2,21.5,56.5,12.5
2025-08-08 23:00:00,    3,  11.2,  15.2,  15.8,  983.1,  19.9,  65.3,  13.2
2025-08-09 00:00:00,    3,  11.3,  15.1,  14.5,  974.7,  16.8,  78.8,  13.1
2025-08-09 01:00:00,    3,  11.2,  15.0,  14.1,  974.3,  15.7,  84.0,  13.0
2025-08-09 02:00:00,    3,  10.8,  14.4,  13.4,  974.1,  14.8,  85.5,  12.4
2025-08-09 03:00:00,    3,  11.0,  14.8,  14.6,  982.5,  17.4,  74.4,  12.8
2025-08-09 04:00:00,3,10.9,14.6,14.3,982.6,17.0,75.3,12.6
2025-08-09 05:00:00,3,11.2,15.0,14.4,983.0,16.5,79.8,13.0
2025-08-09 06:00:00,    3,  11.2,  15.1,  15.1,  983.2,  18.2,  72.1,  13.1
2025-08-09 07:00:00,3,11.8,16.0,16.3,974.8,20.2,67.5,14.0
2025-08-09 08:00:00,    3,  11.0,  15.1,  17.4,  974.8,  24.7,  48.4,  13.1
2025-08-09 09:00:00,3,13.2,18.2,19.6,983.2,26.5,52.5,16.0
2025-08-09 10:00:00,    3,  12.4,  17.3,  19.8,  982.9,  28.5,  44.4,  15.2
2025-08-09 11:00:00,    3,  11.3,  15.9,  19.8,  982.6,  30.6,  36.2,  13.9
2025-08-09 12:00:00,    3,   8.8,  12.5,  18.5,  973.7,  32.1,  26.0,  10.2
2025-08-09 13:00:00,    3,  11.5,  16.2,  20.4,  982.3,  32.0,  34.1,  14.2
2025-08-09 14:00:00,3,10.6,14.9,19.7,973.3,32.1,31.1,12.9
2025-08-09 15:00:00,    3,  11.0,  15.5,  19.9,  973.2,  31.8,  32.9,  13.5
2025-08-09 16:00:00,    3,  12.9,  18.2,  21.1,  973.2,  31.4,  39.6,  16.0
2025-08-09 17:00:00,    3,  12.5,  17.5,  20.5,  973.4,  30.7,  39.6,  15.4
2025-08-09 18:00:00,    3,  11.9,  16.6,  19.6,  973.9,  29.2,  41.0,  14.6
2025-08-09 19:00:00,    3,  12.2,  17.0,  19.5,  982.8,  28.1,  44.6,  14.9
2025-08-09 20:00:00,    3,  12.0,  16.5,  18.2,  975.0,  25.0,  52.1,  14.5
2025-08-09 21:00:00,    3,  13.0,  17.7,  18.2,  975.3,  22.9,  63.5,  15.6
2025-08-09 22:00:00,    3,  12.8,  17.4,  17.4,  975.8,  21.1,  69.5,  15.3
2025-08-09 23:00:00,3,12.7,17.3,17.5,976.0,21.7,66.5,15.2
2025-08-10 00:00:00,    3,  12.3,  16.8,  17.6,  984.8,  22.7,  60.6,  14.7
2025-08-10 01:00:00,3,12.7,17.3,17.5,985.3,21.7,66.5,15.2
2025-08-10 02:00:00,    3,  12.3,  16.8,  16.8,  985.8,  20.6,  68.9,  14.7
2025-08-10 03:00:00,    3,  12.2,  16.4,  16.1,  977.5,  19.0,  74.6,  14.4
2025-08-10 04:00:00,3,11.5,15.5,15.6,986.7,19.0,70.4,13.5
2025-08-10 05:00:00,    3,  11.4,  15.4,  15.4,  987.3,  18.5,  72.2,  13.4
2025-08-10 06:00:00,    3,  11.0,  14.9,  15.3,  979.0,  19.2,  66.9,  12.9
2025-08-10 07:00:00,3,10.9,14.7,15.5,988.4,20.0,62.8,12.7
2025-08-10 08:00:00,3,10.9,14.8,16.0,988.7,21.1,59.1,12.8
2025-08-10 09:00:00,3,11.2,15.3,16.6,980.0,22.2,57.1,13.3
2025-08-10 10:00:00,3,11.2,15.4,17.1,980.2,23.3,53.7,13.4
2025-08-10 11:00:00,3,10.9,15.0,17.2,989.0,24.3,49.3,13.0
2025-08-10 12:00:00,    3,  10.8,  14.8,  17.3,  988.9,  24.8,  47.2,  12.8
2025-08-10 13:00:00,    3,  10.6,  14.6,  17.3,  979.9,  25.3,  45.2,  12.6
2025-08-10 14:00:00,    3,  10.0,  13.8,  17.0,  979.6,  25.5,  42.1,  11.7
2025-08-10 15:00:00,    3,  10.7,  14.8,  17.9,  988.3,  26.4,  42.9,  12.8
2025-08-10 16:00:00,3,10.5,14.5,17.7,988.0,26.4,42.1,12.5
2025-08-10 17:00:00,3,9.8,13.5,17.1,987.5,26.2,39.6,11.4
2025-08-10 18:00:00,    3,   9.8,  13.4,  16.4,  978.9,  24.5,  43.5,  11.3
2025-08-10 19:00:00,    3,  10.3,  14.0,  16.2,  978.9,  22.8,  50.5,  12.0
2025-08-10 20:00:00,    3,  10.1,  13.7,  15.4,  979.2,  21.2,  54.2,  11.6
2025-08-10 21:00:00,3,8.2,11.1,13.7,988.2,20.6,45.7,8.5
2025-08-10 22:00:00,    3,   9.3,  12.5,  13.4,  979.3,  17.8,  61.0,  10.2
2025-08-10 23:00:00,    3,   9.5,  12.7,  12.9,  979.2,  16.2,  68.9,  10.5
2025-08-11 00:00:00,3,9.2,12.4,13.2,987.9,17.4,62.2,10.1
2025-08-11 01:00:00,3,9.2,12.3,12.8,987.6,16.7,64.6,10.0
2025-08-11 02:00:00,3,8.7,11.5,11.2,978.4,14.0,71.8,9.0
2025-08-11 03:00:00,    3,   9.1,  12.0,  11.7,  978.1,  14.2,  74.3,   9.7
2025-08-11 04:00:00,    3,   9.1,  12.1,  12.0,  986.8,  14.9,  71.5,   9.8
2025-08-11 05:00:00,    3,   9.0,  12.0,  11.9,  977.9,  15.0,  70.1,   9.6
2025-08-11 06:00:00,    3,   9.6,  12.9,  13.4,  978.0,  17.3,  65.1,  10.7
2025-08-11 07:00:00,    3,   9.9,  13.3,  14.1,  987.0,  18.4,  62.8,  11.2
2025-08-11 08:00:00,3,10.2,13.9,15.0,986.7,20.0,59.2,11.8
2025-08-11 09:00:00,3,10.7,14.6,16.3,977.3,22.2,54.5,12.6
2025-08-11 10:00:00,3,11.5,15.8,17.6,977.0,24.1,52.6,13.8
2025-08-11 11:00:00,3,11.7,16.2,18.3,976.6,25.7,49.0,14.2
2025-08-11 12:00:00,3,10.9,15.1,18.0,984.9,26.4,43.8,13.1
2025-08-11 13:00:00,    3,  11.5,  16.0,  18.7,  975.6,  27.3,  44.1,  14.0
2025-08-11 14:00:00,    3,  11.0,  15.3,  18.5,  975.1,  27.7,  41.1,  13.3
2025-08-11 15:00:00,    3,   9.9,  13.9,  18.1,  983.3,  28.6,  35.4,  11.8
2025-08-11 16:00:00,3,10.0,14.0,18.2,982.8,28.7,35.4,11.9
2025-08-11 17:00:00,3,10.0,14.0,18.0,982.5,28.2,36.4,11.9
2025-08-11 18:00:00,3,10.6,14.6,17.5,973.7,25.9,43.7,12.6
2025-08-11 19:00:00,    3,  10.7,  14.6,  16.6,  973.8,  23.1,  51.6,  12.6
2025-08-11 20:00:00,    3,  11.0,  14.9,  16.0,  974.1,  20.9,  60.2,  12.9
2025-08-11 21:00:00,    3,  11.0,  14.9,  15.7,  974.0,  20.2,  62.8,  12.9
2025-08-11 22:00:00,3,11.1,15.1,16.4,982.7,21.8,57.7,13.1
2025-08-11 23:00:00,    3,  11.0,  14.8,  14.6,  973.9,  17.5,  73.9,  12.8
2025-08-12 00:00:00,3,11.9,16.0,15.7,982.4,18.6,74.6,14.0
2025-08-12 01:00:00,3,11.8,15.8,15.1,982.2,17.2,80.4,13.8
2025-08-12 02:00:00,    3,  11.6,  15.6,  14.9,  981.8,  16.9,  80.9,  13.6
2025-08-12 03:00:00,3,11.6,15.5,14.6,981.6,16.4,83.0,13.5
2025-08-12 04:00:00,3,11.9,15.8,14.5,981.7,15.5,89.6,13.8
2025-08-12 05:00:00,3,11.3,15.1,14.1,981.8,15.6,85.1,13.1
2025-08-12 06:00:00,    3,  11.3,  15.2,  15.1,  981.8,  18.2,  72.6,  13.2
2025-08-12 07:00:00,    3,  11.8,  16.0,  16.1,  972.9,  19.7,  69.6,  14.0
2025-08-12 08:00:00,    3,  11.9,  16.2,  16.8,  972.8,  21.4,  63.5,  14.2
2025-08-12 09:00:00,    3,  12.2,  16.8,  17.8,  972.7,  23.5,  57.8,  14.7
2025-08-12 10:00:00,    3,  13.7,  18.9,  19.8,  981.0,  26.1,  55.9,  16.6
2025-08-12 11:00:00,    3,  14.0,  19.4,  20.5,  980.8,  27.8,  51.9,  17.0
2025-08-12 12:00:00,    3,  13.9,  19.4,  20.9,  971.6,  28.9,  48.7,  17.0
2025-08-12 13:00:00,    3,  14.0,  19.7,  21.3,  971.4,  30.0,  46.3,  17.2
2025-08-12 14:00:00,    3,  14.6,  20.5,  21.9,  971.0,  30.8,  46.2,  17.9
2025-08-12 15:00:00,    3,  13.3,  18.7,  21.2,  979.1,  30.9,  41.8,  16.4
2025-08-12 16:00:00,3,14.1,19.8,21.7,970.1,31.3,43.2,17.3
2025-08-12 17:00:00,    3,  13.8,  19.4,  21.4,  978.3,  30.6,  44.1,  17.0
2025-08-12 18:00:00,    3,  13.9,  19.4,  21.1,  978.1,  29.6,  46.7,  17.0
2025-08-12 19:00:00,3,15.0,20.8,21.1,969.6,27.5,56.6,18.1
2025-08-12 20:00:00,    3,  13.8,  19.0,  19.7,  970.0,  25.6,  57.9,  16.7
2025-08-12 21:00:00,    3,  13.8,  18.9,  19.0,  970.2,  23.8,  64.1,  16.6
2025-08-12 22:00:00,    3,  13.8,  18.9,  18.6,  970.1,  22.6,  68.9,  16.6
2025-08-12 23:00:00,    3,  14.0,  19.0,  18.3,  970.0,  21.4,  74.6,  16.7
2025-08-13 00:00:00,    3,  14.0,  18.9,  17.7,  970.0,  19.7,  82.3,  16.6
2025-08-13 01:00:00,    3,  14.9,  20.3,  19.1,  978.7,  21.8,  77.5,  17.7
2025-08-13 02:00:00,3,14.7,20.0,18.9,978.7,21.6,77.5,17.5
2025-08-13 03:00:00,    3,  13.3,  17.9,  16.3,  970.3,  17.4,  89.7,  15.7
2025-08-13 04:00:00,    3,  13.5,  18.1,  16.5,  970.6,  17.6,  89.8,  15.9
2025-08-13 05:00:00,    3,  13.0,  17.4,  15.9,  970.9,  16.9,  90.3,  15.3
2025-08-13 06:00:00,3,14.0,19.0,18.3,971.3,21.4,74.6,16.7
2025-08-13 07:00:00,    3,  13.5,  18.4,  18.7,  979.9,  23.4,  64.0,  16.2
2025-08-13 08:00:00,3,13.9,19.2,19.8,980.3,25.9,57.3,16.8
2025-08-13 09:00:00,    3,  13.8,  19.3,  20.7,  980.6,  28.5,  49.5,  16.9
2025-08-13 10:00:00,    3,  11.0,  15.4,  19.5,  972.2,  30.7,  34.8,  13.4
2025-08-13 11:00:00,3,11.5,16.1,19.8,980.7,30.5,36.9,14.1
2025-08-13 12:00:00,3,12.4,17.5,20.9,980.6,31.7,37.4,15.4
2025-08-13 13:00:00,3,11.7,16.5,20.6,980.3,32.3,34.1,14.5
2025-08-13 14:00:00,3,10.8,15.2,20.1,980.1,32.6,30.9,13.2
2025-08-13 15:00:00,    3,  10.2,  14.4,  19.9,  971.2,  33.3,  28.2,  12.4
2025-08-13 16:00:00,    3,  11.3,  15.9,  20.4,  971.0,  32.8,  31.9,  13.9
2025-08-13 17:00:00,    3,  10.8,  15.2,  19.7,  970.8,  31.6,  32.6,  13.2
2025-08-13 18:00:00,3,11.9,16.6,20.1,979.3,30.6,37.8,14.6
2025-08-13 19:00:00,    3,  12.1,  16.8,  19.2,  971.0,  27.6,  45.3,  14.7
2025-08-13 20:00:00,    3,  12.2,  17.0,  19.4,  979.8,  27.9,  45.1,  14.9
2025-08-13 21:00:00,    3,  12.9,  17.9,  19.3,  979.9,  26.1,  52.7,  15.7
2025-08-13 22:00:00,    3,  12.9,  17.5,  17.6,  971.8,  21.5,  68.2,  15.4
2025-08-13 23:00:00,    3,  12.8,  17.4,  17.1,  971.8,  20.4,  72.5,  15.3
2025-08-14 00:00:00,    3,  12.5,  16.9,  16.4,  971.6,  19.1,  76.1,  14.8
2025-08-14 01:00:00,    3,  12.8,  17.2,  16.3,  971.6,  18.5,  80.6,  15.1
2025-08-14 02:00:00,3,13.6,18.4,17.7,980.4,20.4,76.8,16.2
2025-08-14 03:00:00,    3,  12.2,  16.4,  15.5,  972.5,  17.4,  82.5,  14.4
2025-08-14 04:00:00,3,13.3,18.0,17.2,981.3,19.7,78.2,15.8
2025-08-14 05:00:00,    3,  12.3,  16.4,  15.3,  972.9,  16.8,  85.7,  14.4
2025-08-14 06:00:00,3,13.3,17.9,16.7,973.2,18.6,83.2,15.7
2025-08-14 07:00:00,3,13.5,18.3,17.8,973.4,21.1,73.1,16.1
2025-08-14 08:00:00,3,12.7,17.4,18.3,973.8,24.0,58.3,15.3
2025-08-14 09:00:00,    3,  13.2,  18.3,  19.7,  973.4,  26.7,  52.2,  16.1
2025-08-14 10:00:00,3,14.8,20.7,21.4,981.8,28.7,52.4,18.0
2025-08-14 11:00:00,3,13.4,18.8,20.9,981.8,30.0,44.2,16.5
2025-08-14 12:00:00,3,11.5,16.1,19.9,972.9,30.9,36.0,14.1
2025-08-14 13:00:00,3,12.2,17.2,20.7,972.7,31.9,36.3,15.1
2025-08-14 14:00:00,3,12.6,17.7,21.2,972.4,32.5,36.2,15.6
2025-08-14 15:00:00,    3,  13.0,  18.3,  21.6,  972.3,  33.0,  36.4,  16.1
2025-08-14 16:00:00,    3,  13.2,  18.7,  21.6,  971.8,  32.5,  38.1,  16.4
2025-08-14 17:00:00,    3,  14.6,  20.5,  22.3,  980.4,  31.9,  43.4,  17.9
2025-08-14 18:00:00,    3,  14.8,  20.7,  21.8,  972.2,  30.2,  48.1,  18.0
2025-08-14 19:00:00,3,14.7,20.5,21.4,972.7,28.9,51.5,17.9
2025-08-14 20:00:00,    3,  14.6,  20.3,  21.1,  981.6,  28.3,  52.7,  17.7
2025-08-14 21:00:00,    3,  14.4,  19.9,  20.1,  973.6,  25.8,  59.8,  17.4
2025-08-14 22:00:00,    3,  14.7,  20.2,  19.8,  974.0,  24.4,  65.8,  17.6
2025-08-14 23:00:00,    3,  15.0,  20.7,  20.4,  982.5,  25.3,  64.0,  18.0
2025-08-15 00:00:00,    3,  15.4,  21.2,  20.3,  982.5,  24.3,  69.7,  18.4
2025-08-15 01:00:00,    3,  14.5,  19.8,  18.6,  974.0,  21.2,  78.4,  17.3
2025-08-15 02:00:00,    3,  15.9,  21.7,  19.9,  982.6,  22.2,  81.1,  18.8
2025-08-15 03:00:00,3,15.8,21.6,19.8,982.5,22.0,81.6,18.7
2025-08-15 04:00:00,    3,  14.8,  20.0,  18.0,  974.3,  18.9,  91.6,  17.5
2025-08-15 05:00:00,    3,  15.4,  20.9,  19.1,  983.1,  21.1,  83.5,  18.2
2025-08-15 06:00:00,    3,  15.3,  20.9,  19.5,  983.5,  22.3,  77.6,  18.2
2025-08-15 07:00:00,    3,  15.2,  20.9,  20.1,  983.7,  24.1,  69.6,  18.2
2025-08-15 08:00:00,    3,  15.0,  20.8,  20.8,  983.9,  26.5,  60.0,  18.1
2025-08-15 09:00:00,    3,  14.6,  20.3,  21.0,  975.4,  28.1,  53.3,  17.7
2025-08-15 10:00:00,3,15.2,21.3,22.1,975.4,30.2,49.6,18.5
2025-08-15 11:00:00,3,14.2,19.9,21.8,975.1,31.2,43.7,17.4
2025-08-15 12:00:00,    3,  14.4,  20.3,  22.2,  983.3,  32.0,  42.6,  17.7
2025-08-15 13:00:00,    3,  13.1,  18.4,  21.4,  974.2,  32.2,  38.3,  16.2
2025-08-15 14:00:00,3,14.5,20.5,22.5,982.4,32.6,41.7,17.9
2025-08-15 15:00:00,3,15.0,21.2,22.9,982.3,32.9,42.3,18.4
2025-08-15 16:00:00,    3,  13.6,  19.2,  21.9,  982.2,  32.7,  38.7,  16.8
2025-08-15 17:00:00,    3,  14.8,  20.7,  21.8,  982.6,  30.2,  48.1,  18.0
2025-08-15 18:00:00,    3,  13.6,  18.9,  20.5,  982.5,  28.5,  48.5,  16.6
2025-08-15 19:00:00,    3,  14.5,  20.2,  20.8,  982.4,  27.5,  54.8,  17.6
2025-08-15 20:00:00,    3,  15.5,  21.5,  21.3,  982.9,  27.3,  59.1,  18.6
2025-08-15 21:00:00,    3,  15.9,  22.0,  21.4,  983.1,  26.5,  63.5,  19.0
2025-08-15 22:00:00,3,15.8,21.7,20.6,974.8,24.4,71.0,18.8
2025-08-15 23:00:00,    3,  15.3,  20.9,  19.9,  975.0,  23.4,  72.6,  18.2
2025-08-16 00:00:00,    3,  14.9,  20.4,  19.5,  974.7,  22.9,  73.0,  17.8
2025-08-16 01:00:00,3,14.8,20.2,19.0,974.6,21.8,77.1,17.6
2025-08-16 02:00:00,    3,  14.0,  19.0,  18.5,  983.1,  22.0,  71.9,  16.7
2025-08-16 03:00:00,    3,  13.8,  18.8,  18.2,  983.1,  21.6,  72.7,  16.5
2025-08-16 04:00:00,    3,  13.7,  18.6,  17.9,  983.2,  20.9,  75.0,  16.3
2025-08-16 05:00:00,    3,  13.8,  18.7,  17.7,  974.4,  20.1,  79.3,  16.4
2025-08-16 06:00:00,    3,  13.7,  18.7,  18.1,  974.9,  21.2,  74.1,  16.4
2025-08-16 07:00:00,    3,  13.4,  18.3,  18.2,  983.8,  22.2,  68.4,  16.1
2025-08-16 08:00:00,    3,  12.9,  17.7,  18.4,  984.2,  23.6,  60.8,  15.6
2025-08-16 09:00:00,3,14.1,19.3,19.2,975.3,23.6,66.1,16.9
2025-08-16 10:00:00,3,13.7,18.8,19.2,975.2,24.4,61.4,16.5
2025-08-16 11:00:00,3,13.8,19.2,20.1,983.6,26.7,54.6,16.8
2025-08-16 12:00:00,3,14.2,19.7,20.5,974.2,27.3,54.1,17.2
2025-08-16 13:00:00,    3,  13.4,  18.6,  20.0,  973.7,  27.3,  51.1,  16.3
2025-08-16 14:00:00,3,13.7,19.0,20.3,973.0,27.6,51.5,16.7
2025-08-16 15:00:00,    3,  13.3,  18.4,  20.0,  972.7,  27.6,  49.9,  16.2
2025-08-16 16:00:00,    3,  13.5,  18.7,  20.0,  972.5,  27.2,  51.7,  16.4
2025-08-16 17:00:00,    3,  13.0,  18.0,  19.5,  972.4,  26.7,  51.2,  15.8
2025-08-16 18:00:00,3,13.3,18.3,19.2,972.8,25.3,56.7,16.1
2025-08-16 19:00:00,    3,  12.0,  16.4,  17.8,  982.0,  23.8,  55.6,  14.4
2025-08-16 20:00:00,3,11.8,16.1,17.2,982.7,22.6,58.7,14.1
2025-08-16 21:00:00,    3,  11.7,  15.9,  16.7,  973.9,  21.5,  61.9,  13.9
2025-08-16 22:00:00,    3,  11.7,  15.9,  16.6,  974.1,  21.1,  63.5,  13.9
2025-08-16 23:00:00,    3,  11.5,  15.5,  15.9,  974.1,  19.8,  67.0,  13.5
2025-08-17 00:00:00,    3,  11.6,  15.6,  15.5,  982.8,  18.5,  73.1,  13.6
2025-08-17 01:00:00,    3,  11.5,  15.5,  15.1,  982.7,  17.5,  77.4,  13.5
2025-08-17 02:00:00,    3,  11.4,  15.3,  14.6,  973.8,  16.6,  80.8,  13.3
2025-08-17 03:00:00,    3,  11.3,  15.1,  14.4,  973.8,  16.4,  80.8,  13.1
2025-08-17 04:00:00,    3,  11.2,  15.0,  14.1,  982.7,  15.9,  82.9,  13.0
2025-08-17 05:00:00,    3,  11.0,  14.7,  14.0,  973.7,  16.1,  80.2,  12.7
2025-08-17 06:00:00,    3,  10.9,  14.6,  14.2,  982.8,  16.6,  77.2,  12.6
2025-08-17 07:00:00,    3,  11.0,  14.7,  14.4,  982.9,  17.1,  75.3,  12.7
2025-08-17 08:00:00,3,11.0,14.7,14.5,973.9,17.4,73.9,12.7
2025-08-17 09:00:00,    3,  11.1,  15.0,  15.5,  982.7,  19.5,  66.1,  13.0
2025-08-17 10:00:00,    3,  11.3,  15.3,  16.0,  982.5,  20.5,  63.3,  13.3
2025-08-17 11:00:00,3,11.3,15.4,16.3,982.4,21.0,61.8,13.4
2025-08-17 12:00:00,3,11.3,15.3,16.2,982.4,21.0,61.4,13.3
2025-08-17 13:00:00,3,10.9,14.8,16.2,982.2,21.7,56.9,12.8
2025-08-17 14:00:00,3,10.9,14.8,16.4,981.8,22.2,55.2,12.8
2025-08-17 15:00:00,    3,   9.9,  13.5,  15.8,  972.5,  22.6,  49.1,  11.4
2025-08-17 16:00:00,    3,   9.9,  13.5,  16.1,  981.0,  23.4,  46.8,  11.4
2025-08-17 17:00:00,    3,   9.8,  13.4,  16.0,  981.2,  23.3,  46.8,  11.3
2025-08-17 18:00:00,    3,   9.8,  13.4,  15.8,  981.1,  22.6,  48.8,  11.3
2025-08-17 19:00:00,    3,  10.0,  13.6,  15.1,  972.7,  20.6,  55.9,  11.5
2025-08-17 20:00:00,    3,   7.2,   9.8,  12.5,  981.8,  19.7,  42.4,   6.6
2025-08-17 21:00:00,    3,   8.5,  11.5,  13.1,  982.2,  18.5,  53.9,   9.0
2025-08-17 22:00:00,    3,   9.4,  12.5,  13.0,  982.4,  16.8,  65.5,  10.3
2025-08-17 23:00:00,    3,   9.1,  12.1,  12.4,  973.6,  15.8,  67.5,   9.8
2025-08-18 00:00:00,    3,   9.4,  12.5,  12.1,  973.6,  14.6,  74.9,  10.2
2025-08-18 01:00:00,3,9.4,12.5,11.7,973.2,13.8,78.9,10.2
2025-08-18 02:00:00,3,9.4,12.5,11.6,973.0,13.5,80.4,10.2
2025-08-18 03:00:00,3,9.3,12.3,11.3,972.8,13.1,81.4,10.0
2025-08-18 04:00:00,    3,   9.3,  12.2,  10.9,  972.7,  12.2,  85.8,   9.9
2025-08-18 05:00:00,3,9.4,12.5,11.1,981.8,12.4,86.4,10.2
2025-08-18 06:00:00,3,9.7,12.8,11.9,972.9,13.7,81.5,10.6
2025-08-18 07:00:00,    3,   9.8,  13.1,  12.8,  973.2,  15.5,  74.0,  10.9
2025-08-18 08:00:00,    3,   9.9,  13.3,  13.7,  982.0,  17.4,  66.9,  11.2
2025-08-18 09:00:00,    3,   9.9,  13.4,  14.4,  982.0,  19.0,  60.9,  11.3
2025-08-18 10:00:00,    3,   9.7,  13.1,  15.0,  972.9,  21.0,  52.8,  11.0
2025-08-18 11:00:00,    3,   9.0,  12.2,  14.9,  981.5,  22.1,  45.8,   9.9
2025-08-18 12:00:00,    3,   9.4,  13.0,  16.1,  981.1,  24.2,  42.9,  10.8
2025-08-18 13:00:00,    3,   9.0,  12.4,  15.9,  980.7,  24.6,  40.0,  10.1
2025-08-18 14:00:00,3,8.8,12.2,16.1,971.4,25.6,37.1,9.9
2025-08-18 15:00:00,3,8.4,11.6,15.8,970.9,25.6,35.4,9.2
2025-08-18 16:00:00,    3,   8.9,  12.3,  16.3,  970.6,  25.8,  37.0,  10.0
2025-08-18 17:00:00,    3,   8.9,  12.2,  16.0,  970.5,  25.2,  38.0,   9.9
2025-08-18 18:00:00,    3,   9.7,  13.4,  16.5,  979.1,  24.6,  43.3,  11.3
2025-08-18 19:00:00,3,9.2,12.5,15.3,970.6,22.8,45.1,10.3
2025-08-18 20:00:00,    3,  10.4,  14.1,  15.7,  979.5,  21.3,  55.7,  12.1
2025-08-18 21:00:00,    3,  10.3,  14.0,  15.2,  979.4,  20.3,  58.5,  11.9
2025-08-18 22:00:00,    3,  10.0,  13.6,  14.8,  979.1,  19.9,  58.4,  11.5
2025-08-18 23:00:00,    3,  10.2,  13.8,  14.4,  979.0,  18.4,  65.0,  11.7
2025-08-19 00:00:00,    3,  10.1,  13.6,  14.1,  978.9,  18.0,  65.7,  11.5
2025-08-19 01:00:00,    3,  10.6,  14.1,  13.7,  978.6,  16.1,  77.1,  12.1
2025-08-19 02:00:00,    3,   9.5,  12.5,  11.8,  969.9,  13.9,  78.9,  10.3
2025-08-19 03:00:00,    3,  10.5,  14.0,  13.1,  978.4,  14.8,  82.8,  11.9
2025-08-19 04:00:00,3,10.4,13.9,13.1,978.2,15.0,81.2,11.8
2025-08-19 05:00:00,    3,  10.7,  14.1,  12.9,  978.3,  14.1,  87.7,  12.1
2025-08-19 06:00:00,3,10.5,14.0,13.6,978.1,15.9,77.6,12.0
2025-08-19 07:00:00,    3,  10.8,  14.6,  14.9,  978.2,  18.6,  68.1,  12.6
2025-08-19 08:00:00,3,10.8,14.7,15.9,978.0,21.1,58.7,12.7
2025-08-19 09:00:00,3,10.2,14.0,16.1,968.9,22.7,50.5,11.9
2025-08-19 10:00:00,3,10.5,14.4,17.2,977.4,25.1,45.2,12.4
2025-08-19 11:00:00,3,8.7,12.0,16.0,968.2,25.7,36.2,9.6
2025-08-19 12:00:00,    3,  10.0,  13.9,  17.6,  967.6,  27.4,  37.9,  11.8
2025-08-19 13:00:00,    3,   9.5,  13.2,  17.3,  967.0,  27.3,  36.4,  11.1
2025-08-19 14:00:00,    3,   9.6,  13.3,  17.5,  966.5,  27.8,  35.6,  11.2
2025-08-19 15:00:00,    3,  10.3,  14.3,  18.3,  974.7,  28.5,  36.8,  12.3
2025-08-19 16:00:00,    3,  10.2,  14.1,  18.0,  965.5,  28.1,  37.1,  12.1
2025-08-19 17:00:00,    3,   9.9,  13.7,  17.5,  965.5,  27.2,  37.9,  11.6
2025-08-19 18:00:00,    3,  10.0,  13.8,  17.0,  965.6,  25.6,  41.9,  11.7
2025-08-19 19:00:00,    3,  10.2,  14.0,  16.8,  974.5,  24.7,  45.1,  12.0
2025-08-19 20:00:00,3,10.3,14.0,16.0,966.4,22.3,52.1,12.0
2025-08-19 21:00:00,3,10.6,14.3,15.5,966.0,20.6,58.9,12.3
2025-08-19 22:00:00,3,10.5,14.3,15.6,974.1,20.9,57.9,12.3
2025-08-19 23:00:00,    3,  10.8,  14.5,  14.5,  965.6,  17.5,  72.5,  12.5
2025-08-20 00:00:00,    3,  11.7,  15.7,  15.5,  973.8,  18.4,  74.1,  13.7
2025-08-20 01:00:00,3,11.8,15.8,15.0,973.5,17.1,80.9,13.8
2025-08-20 02:00:00,    3,  11.6,  15.5,  14.8,  973.1,  16.8,  80.9,  13.5
2025-08-20 03:00:00,3,10.7,14.2,13.0,964.4,14.3,87.2,12.2
2025-08-20 04:00:00,    3,  10.7,  14.1,  13.0,  964.2,  14.2,  87.2,  12.1
2025-08-20 05:00:00,    3,  10.6,  14.1,  13.2,  964.6,  14.9,  83.3,  12.1
2025-08-20 06:00:00,    3,  11.3,  15.1,  14.0,  964.5,  15.4,  86.2,  13.1
2025-08-20 07:00:00,3,11.6,15.6,15.0,964.7,17.3,78.9,13.6
2025-08-20 08:00:00,    3,  11.3,  15.3,  15.8,  964.8,  20.0,  65.3,  13.3
2025-08-20 09:00:00,    3,  12.0,  16.3,  16.9,  965.0,  21.5,  63.6,  14.3
2025-08-20 10:00:00,3,13.1,18.0,18.5,973.4,23.6,61.6,15.8
2025-08-20 11:00:00,    3,  11.5,  15.8,  17.5,  964.4,  23.9,  53.2,  13.8
2025-08-20 12:00:00,3,11.9,16.4,18.2,964.1,25.1,51.5,14.4
2025-08-20 13:00:00,    3,  12.9,  17.7,  18.7,  972.6,  24.7,  57.0,  15.6
2025-08-20 14:00:00,    3,  12.8,  17.6,  18.5,  972.2,  24.0,  59.0,  15.5
2025-08-20 15:00:00,    3,  14.3,  19.4,  18.1,  963.4,  20.2,  81.8,  17.0
2025-08-20 16:00:00,    3,  13.5,  18.4,  18.5,  971.5,  22.8,  66.3,  16.2
2025-08-20 17:00:00,    3,  13.4,  18.3,  18.1,  971.3,  22.0,  69.2,  16.1
2025-08-20 18:00:00,3,13.1,17.9,17.7,971.1,21.5,69.5,15.7
2025-08-20 19:00:00,    3,  14.6,  19.8,  18.3,  962.9,  20.2,  83.4,  17.3
2025-08-20 20:00:00,    3,  13.5,  18.3,  17.7,  971.7,  20.7,  74.9,  16.1
2025-08-20 21:00:00,    3,  13.3,  18.0,  17.4,  971.8,  20.4,  74.9,  15.8
2025-08-20 22:00:00,    3,  13.5,  18.2,  17.4,  971.4,  19.9,  78.2,  16.0
2025-08-20 23:00:00,3,13.6,18.3,17.0,962.2,18.7,84.8,16.1
2025-08-21 00:00:00,3,13.1,17.6,16.5,970.6,18.2,84.2,15.5
2025-08-21 01:00:00,3,13.3,17.9,16.6,970.5,18.1,85.9,15.7
2025-08-21 02:00:00,3,13.4,18.0,16.5,970.2,17.9,87.5,15.8
2025-08-21 03:00:00,3,12.6,17.0,15.9,961.4,17.7,83.7,14.9
2025-08-21 04:00:00,3,12.2,16.4,15.5,961.0,17.3,83.1,14.4
2025-08-21 05:00:00,    3,  12.2,  16.3,  15.5,  961.3,  17.5,  81.5,  14.3
2025-08-21 06:00:00,    3,  12.2,  16.3,  15.5,  961.5,  17.6,  81.0,  14.3
2025-08-21 07:00:00,    3,  12.1,  16.2,  15.5,  961.8,  17.6,  80.5,  14.2
2025-08-21 08:00:00,    3,  12.1,  16.3,  15.7,  970.9,  18.1,  78.5,  14.3
2025-08-21 09:00:00,    3,  12.6,  17.0,  16.4,  962.5,  19.1,  76.6,  14.9
2025-08-21 10:00:00,    3,  12.2,  16.4,  16.2,  962.7,  19.3,  73.3,  14.4
2025-08-21 11:00:00,    3,  12.2,  16.5,  16.5,  962.8,  19.9,  71.0,  14.5
2025-08-21 12:00:00,    3,  11.7,  15.8,  16.1,  962.9,  19.9,  67.9,  13.8
2025-08-21 13:00:00,    3,  11.5,  15.7,  16.6,  971.4,  21.6,  60.7,  13.7
2025-08-21 14:00:00,    3,  11.6,  15.8,  16.6,  971.5,  21.3,  62.3,  13.8
2025-08-21 15:00:00,    3,  11.7,  15.8,  16.2,  963.1,  20.2,  66.6,  13.8
2025-08-21 16:00:00,    3,  13.0,  17.5,  16.7,  972.0,  19.0,  79.6,  15.4
2025-08-21 17:00:00,3,13.4,18.1,16.8,971.9,18.5,84.8,15.9
2025-08-21 18:00:00,    3,  13.3,  17.9,  16.5,  963.8,  18.0,  86.4,  15.7
2025-08-21 19:00:00,    3,  13.6,  18.2,  16.4,  964.5,  17.2,  92.7,  16.0
2025-08-21 20:00:00,    3,  13.0,  17.4,  15.5,  965.3,  16.0,  95.6,  15.3
2025-08-21 21:00:00,    3,  13.3,  17.9,  16.7,  974.4,  18.5,  83.7,  15.7
2025-08-21 22:00:00,    3,  12.6,  16.9,  15.6,  966.2,  17.0,  86.9,  14.8
2025-08-21 23:00:00,    3,  11.5,  15.4,  14.4,  966.7,  16.1,  84.0,  13.4
2025-08-22 00:00:00,3,10.4,13.9,13.4,967.2,15.8,77.1,11.8
2025-08-22 01:00:00,3,10.0,13.3,13.2,967.7,16.1,72.7,11.2
2025-08-22 02:00:00,3,9.6,12.8,12.8,968.2,15.8,71.2,10.6
2025-08-22 03:00:00,3,9.5,12.6,12.6,968.6,15.7,70.7,10.4
2025-08-22 04:00:00,    3,   9.2,  12.3,  12.3,  969.0,  15.3,  70.6,  10.0
2025-08-22 05:00:00,3,9.6,12.8,12.4,978.6,14.9,75.4,10.6
2025-08-22 06:00:00,    3,   9.5,  12.7,  12.5,  979.3,  15.2,  73.5,  10.5
2025-08-22 07:00:00,    3,   9.2,  12.3,  12.3,  970.7,  15.4,  70.2,  10.0
2025-08-22 08:00:00,    3,   8.9,  11.9,  12.2,  971.0,  15.9,  65.7,   9.5
2025-08-22 09:00:00,    3,   8.9,  12.0,  12.9,  980.4,  17.3,  60.5,   9.6
2025-08-22 10:00:00,3,8.9,12.0,12.9,980.5,17.5,59.7,9.6
2025-08-22 11:00:00,3,8.8,11.9,13.1,971.6,18.1,57.1,9.5
2025-08-22 12:00:00,3,8.7,11.8,13.5,971.3,19.1,53.3,9.4
2025-08-22 13:00:00,3,8.8,11.9,13.7,980.2,19.5,52.4,9.5
2025-08-22 14:00:00,3,8.0,10.9,13.5,980.0,20.5,45.1,8.2
2025-08-22 15:00:00,3,8.0,10.9,13.2,979.9,19.8,47.1,8.2
2025-08-22 16:00:00,3,8.0,10.8,12.8,971.2,19.0,49.1,8.1
2025-08-22 17:00:00,3,7.4,10.0,12.4,979.9,19.2,45.0,7.0
2025-08-22 18:00:00,3,7.1,9.6,11.8,979.9,18.3,45.7,6.4
2025-08-22 19:00:00,    3,   7.1,   9.5,  11.1,  980.6,  16.9,  49.2,   6.2
2025-08-22 20:00:00,3,7.4,9.9,10.7,981.1,15.3,56.8,6.8
2025-08-22 21:00:00,    3,   7.0,   9.4,   9.9,  972.5,  14.3,  57.3,   6.0
2025-08-22 22:00:00,    3,   7.1,   9.4,   9.2,  972.6,  12.7,  64.1,   6.1
2025-08-22 23:00:00,    3,   7.1,   9.4,   9.2,  981.6,  12.7,  64.1,   6.1
2025-08-23 00:00:00,    3,   7.2,   9.6,   9.6,  981.7,  13.3,  62.5,   6.3
2025-08-23 01:00:00,    3,   7.2,   9.6,   9.6,  981.4,  13.2,  62.9,   6.3
2025-08-23 02:00:00,    3,   8.0,  10.5,   9.5,  972.2,  11.5,  77.4,   7.7
2025-08-23 03:00:00,3,7.8,10.3,9.4,972.1,11.8,74.4,7.4
2025-08-23 04:00:00,    3,   8.0,  10.5,   9.9,  980.9,  12.5,  72.5,   7.7
2025-08-23 05:00:00,3,8.3,11.0,10.0,981.2,12.1,77.5,8.3
2025-08-23 06:00:00,    3,   8.2,  10.8,  10.3,  981.4,  13.0,  72.1,   8.1
2025-08-23 07:00:00,    3,   7.6,  10.1,  10.3,  981.5,  14.1,  62.7,   7.1
2025-08-23 08:00:00,3,8.2,10.8,10.7,973.0,14.0,67.5,8.1
2025-08-23 09:00:00,    3,   8.1,  10.9,  11.8,  982.0,  16.3,  58.6,   8.2
2025-08-23 10:00:00,3,7.6,10.2,12.1,981.9,18.0,49.5,7.3
2025-08-23 11:00:00,3,6.8,9.2,11.1,972.9,17.4,46.0,5.7
2025-08-23 12:00:00,    3,   6.6,   8.9,  11.5,  972.7,  18.7,  41.3,   5.3
2025-08-23 13:00:00,    3,   7.1,   9.6,  12.3,  972.6,  19.6,  41.8,   6.3
2025-08-23 14:00:00,3,8.0,10.8,13.0,981.2,19.3,48.2,8.1
2025-08-23 15:00:00,    3,   7.9,  10.7,  13.1,  981.0,  19.7,  46.7,   8.0
2025-08-23 16:00:00,    3,   8.2,  11.0,  13.1,  981.0,  19.2,  49.5,   8.4
2025-08-23 17:00:00,    3,   8.0,  10.8,  12.8,  981.0,  18.8,  49.7,   8.1
2025-08-23 18:00:00,    3,   8.1,  11.0,  12.6,  981.2,  18.2,  52.4,   8.3
2025-08-23 19:00:00,    3,   8.3,  11.2,  12.5,  981.8,  17.6,  55.5,   8.6
2025-08-23 20:00:00,    3,   8.1,  10.9,  12.0,  973.4,  16.8,  56.8,   8.2
2025-08-23 21:00:00,    3,   8.6,  11.5,  12.1,  982.8,  16.2,  62.3,   9.0
2025-08-23 22:00:00,    3,   8.8,  11.7,  12.0,  982.8,  15.4,  66.9,   9.3
2025-08-23 23:00:00,    3,   8.6,  11.4,  11.5,  974.0,  14.9,  67.3,   8.9
2025-08-24 00:00:00,3,9.1,12.0,11.9,982.8,14.8,71.5,9.7
2025-08-24 01:00:00,    3,   8.8,  11.6,  10.8,  973.5,  13.0,  77.1,   9.1
2025-08-24 02:00:00,3,8.8,11.6,10.7,973.5,12.8,78.2,9.1
2025-08-24 03:00:00,3,8.5,11.3,10.2,973.3,12.1,79.7,8.7
2025-08-24 04:00:00,3,9.1,12.0,10.8,982.2,12.4,83.0,9.6
2025-08-24 05:00:00,    3,   9.0,  11.9,  10.6,  982.3,  12.0,  84.6,   9.5
2025-08-24 06:00:00,    3,   9.4,  12.5,  11.2,  973.8,  12.5,  85.8,  10.2
2025-08-24 07:00:00,    3,   9.2,  12.2,  11.6,  973.8,  13.9,  76.8,   9.9
2025-08-24 08:00:00,    3,   8.7,  11.6,  12.0,  973.8,  15.7,  64.8,   9.1
2025-08-24 09:00:00,    3,   8.6,  11.5,  12.3,  983.0,  16.7,  60.4,   9.0
2025-08-24 10:00:00,3,8.2,11.0,12.4,973.8,17.7,54.0,8.3
2025-08-24 11:00:00,    3,   8.0,  10.7,  12.8,  973.7,  19.0,  48.8,   8.0
2025-08-24 12:00:00,3,7.3,9.8,12.4,973.5,19.5,43.3,6.7
2025-08-24 13:00:00,    3,   8.1,  11.0,  13.3,  982.1,  20.0,  46.8,   8.3
2025-08-24 14:00:00,    3,   6.8,   9.3,  12.5,  972.7,  20.6,  38.2,   5.9
2025-08-24 15:00:00,3,6.6,8.9,12.5,981.6,21.0,35.8,5.3
2025-08-24 16:00:00,3,6.9,9.4,12.9,972.5,21.3,37.1,6.1
2025-08-24 17:00:00,3,6.7,9.0,12.4,981.4,20.7,37.0,5.5
2025-08-24 18:00:00,    3,   6.6,   8.9,  11.7,  972.5,  19.1,  40.2,   5.3
2025-08-24 19:00:00,    3,   6.8,   9.1,  11.0,  973.0,  17.3,  46.0,   5.6
2025-08-24 20:00:00,3,7.2,9.6,11.2,982.3,16.8,50.2,6.4
2025-08-24 21:00:00,    3,   7.2,   9.6,  10.7,  982.3,  15.7,  53.5,   6.3
2025-08-24 22:00:00,    3,   7.1,   9.4,   9.8,  973.8,  14.1,  58.1,   6.0
2025-08-24 23:00:00,    3,   7.7,  10.1,   9.5,  973.7,  12.2,  71.0,   7.1
2025-08-25 00:00:00,    3,   7.2,   9.4,   8.2,  973.8,  10.4,  74.6,   6.1
2025-08-25 01:00:00,    3,   7.8,  10.2,   9.5,  982.6,  12.1,  72.4,   7.3
2025-08-25 02:00:00,3,7.3,9.6,7.4,973.7,8.6,85.4,6.3
2025-08-25 03:00:00,    3,   7.6,   9.9,   7.6,  973.7,   8.4,  89.6,   6.8
2025-08-25 04:00:00,3,7.5,9.8,7.2,973.5,7.9,91.5,6.6
2025-08-25 05:00:00,    3,   7.1,   9.2,   6.4,  973.7,   7.2,  90.2,   5.7
2025-08-25 06:00:00,    3,   7.6,  10.0,   8.1,  973.8,   9.5,  83.8,   6.9
2025-08-25 07:00:00,3,7.5,10.0,9.6,973.7,12.7,67.7,6.9
2025-08-25 08:00:00,    3,   8.1,  10.8,  11.4,  973.6,  15.6,  60.9,   8.1
2025-08-25 09:00:00,    3,   7.5,  10.1,  12.0,  982.7,  18.1,  48.5,   7.1
2025-08-25 10:00:00,    3,   6.6,   8.9,  12.0,  973.6,  19.9,  38.3,   5.3
2025-08-25 11:00:00,3,6.8,9.2,12.6,973.0,20.9,37.3,5.8
2025-08-25 12:00:00,3,6.5,8.9,12.7,981.4,21.5,34.5,5.2
2025-08-25 13:00:00,3,6.8,9.3,13.6,971.9,23.2,32.6,5.9
2025-08-25 14:00:00,    3,   6.9,   9.5,  13.7,  971.1,  23.3,  33.1,   6.2
2025-08-25 15:00:00,3,7.0,9.6,13.9,979.5,23.6,32.7,6.3
2025-08-25 16:00:00,    3,   6.9,   9.5,  13.9,  979.0,  23.7,  32.3,   6.2
2025-08-25 17:00:00,    3,   6.7,   9.2,  13.4,  978.5,  22.9,  32.8,   5.7
2025-08-25 18:00:00,    3,   7.0,   9.5,  12.8,  969.6,  21.0,  38.1,   6.2
2025-08-25 19:00:00,    3,   7.0,   9.4,  12.2,  970.0,  19.5,  41.5,   6.1
2025-08-25 20:00:00,    3,   6.7,   9.0,  11.9,  979.0,  19.3,  40.3,   5.5
2025-08-25 21:00:00,3,7.3,9.8,10.8,970.1,15.7,54.6,6.6
2025-08-25 22:00:00,    3,   7.3,   9.7,  10.8,  978.8,  15.8,  53.9,   6.5
2025-08-25 23:00:00,    3,   7.7,  10.3,  10.8,  978.8,  15.0,  60.3,   7.4
2025-08-26 00:00:00,3,7.6,10.1,10.4,978.6,14.2,62.3,7.1
2025-08-26 01:00:00,    3,   8.1,  10.7,  10.1,  978.3,  12.7,  72.5,   7.9
2025-08-26 02:00:00,    3,   8.3,  11.0,   9.8,  978.2,  11.6,  80.1,   8.3
2025-08-26 03:00:00,3,7.5,9.8,8.0,969.5,9.3,83.8,6.7
2025-08-26 04:00:00,    3,   8.1,  10.6,   9.4,  978.0,  11.3,  79.0,   7.8
2025-08-26 05:00:00,    3,   8.0,  10.5,   9.2,  978.0,  11.0,  80.0,   7.7
2025-08-26 06:00:00,3,7.9,10.4,9.6,977.9,12.0,74.4,7.6
2025-08-26 07:00:00,3,8.2,11.0,11.2,978.0,14.7,65.4,8.3
2025-08-26 08:00:00,3,9.4,12.6,13.6,969.2,18.2,60.3,10.4
2025-08-26 09:00:00,    3,   9.4,  12.8,  14.6,  969.1,  20.4,  53.3,  10.6
2025-08-26 10:00:00,    3,   9.6,  13.1,  15.6,  968.5,  22.8,  47.0,  10.9
2025-08-26 11:00:00,    3,   8.7,  12.0,  15.7,  968.1,  24.8,  38.2,   9.6
2025-08-26 12:00:00,    3,   9.7,  13.4,  17.1,  976.1,  26.4,  38.9,  11.3
2025-08-26 13:00:00,3,7.9,11.0,16.2,967.1,27.8,29.3,8.3
2025-08-26 14:00:00,3,5.8,8.0,14.9,966.6,28.7,20.3,3.8
2025-08-26 15:00:00,3,8.2,11.4,16.7,966.1,28.3,29.6,8.9
2025-08-26 16:00:00,    3,   9.4,  13.1,  17.3,  974.4,  27.6,  35.3,  10.9
2025-08-26 17:00:00,3,9.4,13.1,17.2,974.1,27.2,36.1,10.9
2025-08-26 18:00:00,    3,   9.4,  13.0,  16.6,  974.2,  25.8,  39.0,  10.8
2025-08-26 19:00:00,    3,   9.7,  13.3,  15.8,  966.0,  22.9,  47.6,  11.2
2025-08-26 20:00:00,3,10.0,13.7,16.2,974.4,23.6,46.9,11.6
2025-08-26 21:00:00,3,10.7,14.6,15.9,966.5,21.4,57.2,12.6
2025-08-26 22:00:00,3,10.6,14.5,16.8,975.5,23.9,48.9,12.5
2025-08-26 23:00:00,    3,  12.5,  17.1,  17.3,  976.2,  21.5,  66.5,  15.0
2025-08-27 00:00:00,    3,  13.5,  18.2,  17.4,  976.3,  19.9,  78.2,  16.0
2025-08-27 01:00:00,3,13.5,18.2,17.2,975.9,19.4,80.7,16.0
2025-08-27 02:00:00,    3,  13.3,  18.0,  17.1,  975.7,  19.4,  79.7,  15.8
2025-08-27 03:00:00,    3,  12.8,  17.3,  16.7,  975.7,  19.4,  76.7,  15.2
2025-08-27 04:00:00,3,12.9,17.4,16.4,975.6,18.3,82.7,15.3
2025-08-27 05:00:00,    3,  13.1,  17.6,  16.5,  975.5,  18.4,  83.2,  15.5
2025-08-27 06:00:00,    3,  13.0,  17.5,  16.9,  975.7,  19.5,  77.2,  15.4
2025-08-27 07:00:00,3,13.1,17.7,17.0,975.7,19.6,77.7,15.6
2025-08-27 08:00:00,    3,  13.2,  18.0,  17.5,  975.6,  20.7,  73.5,  15.8
2025-08-27 09:00:00,    3,  13.1,  17.9,  18.1,  966.9,  22.5,  65.4,  15.7
2025-08-27 10:00:00,    3,  13.5,  18.6,  19.1,  966.7,  24.5,  60.3,  16.3
2025-08-27 11:00:00,3,13.7,18.7,18.7,967.0,23.0,66.4,16.4
2025-08-27 12:00:00,    3,  13.8,  18.9,  18.8,  966.3,  23.2,  66.4,  16.6
2025-08-27 13:00:00,    3,  15.1,  20.7,  19.8,  974.4,  23.7,  70.4,  18.0
2025-08-27 14:00:00,    3,  14.6,  20.2,  20.0,  974.2,  24.9,  63.9,  17.6
2025-08-27 15:00:00,3,12.6,17.3,18.5,973.9,24.6,55.8,15.2
2025-08-27 16:00:00,    3,  14.1,  19.2,  18.5,  965.2,  21.9,  72.8,  16.8
2025-08-27 17:00:00,    3,  13.5,  18.4,  18.7,  973.6,  23.5,  63.6,  16.2
2025-08-27 18:00:00,    3,  14.2,  19.4,  19.1,  973.2,  23.4,  67.3,  17.0
2025-08-27 19:00:00,    3,  14.2,  19.3,  18.2,  965.0,  20.8,  78.4,  16.9
2025-08-27 20:00:00,    3,  14.4,  19.5,  18.4,  973.2,  21.0,  78.4,  17.1
2025-08-27 21:00:00,3,15.0,20.3,18.1,964.3,19.0,92.2,17.7
2025-08-27 22:00:00,    3,  14.5,  19.5,  17.6,  963.9,  18.7,  90.4,  17.1
2025-08-27 23:00:00,    3,  14.2,  19.0,  17.0,  962.7,  17.5,  95.1,  16.7
2025-08-28 00:00:00,    3,  14.8,  19.9,  17.6,  962.0,  18.1,  95.7,  17.4
2025-08-28 01:00:00,    3,  14.7,  19.8,  17.4,  961.4,  17.7,  97.5,  17.3
2025-08-28 02:00:00,    3,  15.4,  20.8,  18.4,  972.1,  19.0,  94.5,  18.1
2025-08-28 03:00:00,3,14.1,18.9,16.9,971.4,17.5,94.5,16.6
2025-08-28 04:00:00,3,14.8,19.9,17.5,970.3,17.7,98.1,17.4
2025-08-28 05:00:00,3,14.6,19.7,17.3,970.4,17.5,98.1,17.2
2025-08-28 06:00:00,3,13.9,18.7,16.7,962.3,17.3,94.4,16.4
2025-08-28 07:00:00,3,14.4,19.3,17.2,971.2,17.7,95.1,16.9
2025-08-28 08:00:00,    3,  14.8,  19.9,  17.7,  971.2,  18.2,  95.1,  17.4
2025-08-28 09:00:00,    3,  14.0,  18.8,  16.9,  962.7,  17.8,  92.1,  16.5
2025-08-28 10:00:00,3,14.6,19.7,17.6,971.2,18.2,93.9,17.2
2025-08-28 11:00:00,3,13.7,18.4,17.2,962.7,19.1,83.3,16.2
2025-08-28 12:00:00,3,14.2,19.3,17.9,971.4,19.9,82.9,16.9
2025-08-28 13:00:00,    3,  12.7,  17.2,  17.2,  962.5,  21.0,  69.0,  15.1
2025-08-28 14:00:00,    3,  12.2,  16.5,  17.0,  962.0,  21.3,  65.2,  14.5
2025-08-28 15:00:00,    3,  12.4,  16.9,  17.0,  970.4,  21.0,  67.7,  14.8
2025-08-28 16:00:00,    3,  12.3,  16.8,  16.9,  970.6,  20.8,  68.1,  14.7
2025-08-28 17:00:00,    3,  12.1,  16.4,  16.6,  970.3,  20.4,  68.4,  14.4
2025-08-28 18:00:00,    3,  12.3,  16.6,  16.3,  961.3,  19.3,  74.2,  14.6
2025-08-28 19:00:00,3,12.6,17.0,16.4,970.3,19.2,76.1,14.9
2025-08-28 20:00:00,3,12.7,17.1,15.8,961.5,17.2,86.9,15.0
2025-08-28 21:00:00,    3,  12.9,  17.4,  16.3,  969.3,  18.0,  84.2,  15.3
2025-08-28 22:00:00,3,13.0,17.4,15.9,969.1,17.1,89.1,15.3
2025-08-28 23:00:00,3,12.8,17.1,15.3,960.9,15.8,95.0,15.0
2025-08-29 00:00:00,3,12.8,17.1,15.4,960.6,16.1,93.2,15.0
2025-08-29 01:00:00,    3,  13.1,  17.5,  15.7,  960.4,  16.3,  94.4,  15.4
2025-08-29 02:00:00,    3,  13.0,  17.4,  15.5,  969.3,  15.8,  96.8,  15.3
2025-08-29 03:00:00,    3,  11.9,  15.8,  14.1,  961.3,  14.6,  94.9,  13.8
2025-08-29 04:00:00,3,11.9,15.8,14.1,961.5,14.7,94.3,13.8
2025-08-29 05:00:00,3,11.9,15.9,14.3,970.1,15.0,93.1,13.9
2025-08-29 06:00:00,3,11.5,15.3,13.9,961.5,14.9,90.1,13.3
2025-08-29 07:00:00,3,11.2,15.0,14.1,961.6,15.8,83.4,13.0
2025-08-29 08:00:00,    3,  10.9,  14.6,  14.5,  961.1,  17.5,  72.9,  12.6
2025-08-29 09:00:00,    3,   9.7,  13.1,  14.1,  961.1,  18.8,  60.1,  10.9
2025-08-29 10:00:00,    3,   9.0,  12.2,  14.2,  969.1,  20.4,  50.9,   9.9
2025-08-29 11:00:00,    3,   8.7,  11.7,  13.7,  960.2,  19.9,  50.4,   9.3
2025-08-29 12:00:00,    3,   8.4,  11.5,  14.2,  968.1,  21.4,  45.0,   9.0
2025-08-29 13:00:00,    3,   9.8,  13.4,  15.9,  967.7,  23.2,  47.1,  11.3
2025-08-29 14:00:00,    3,   8.9,  12.2,  15.2,  959.2,  23.1,  43.1,   9.9
2025-08-29 15:00:00,    3,   8.8,  12.0,  15.0,  967.3,  22.8,  43.0,   9.6
2025-08-29 16:00:00,    3,   9.0,  12.3,  15.1,  967.3,  22.7,  44.5,  10.0
2025-08-29 17:00:00,3,9.8,13.3,15.5,958.4,22.2,49.7,11.2
2025-08-29 18:00:00,    3,   9.3,  12.7,  14.9,  967.2,  21.4,  49.8,  10.5
2025-08-29 19:00:00,    3,  10.5,  14.0,  13.5,  968.4,  15.7,  78.6,  12.0
2025-08-29 20:00:00,3,11.3,15.0,13.7,968.8,14.7,89.5,13.0
2025-08-29 21:00:00,3,10.9,14.5,13.3,961.0,14.6,87.2,12.5
2025-08-29 22:00:00,3,11.1,14.7,13.4,961.0,14.4,89.5,12.7
2025-08-29 23:00:00,    3,  10.7,  14.1,  12.9,  961.0,  14.0,  88.3,  12.1
2025-08-30 00:00:00,3,10.7,14.2,12.8,961.5,13.6,91.2,12.2
2025-08-30 01:00:00,    3,  10.6,  14.0,  13.1,  970.1,  14.7,  83.8,  12.0
2025-08-30 02:00:00,    3,  10.4,  13.9,  13.2,  970.4,  15.2,  80.1,  11.8
2025-08-30 03:00:00,    3,  10.4,  13.9,  13.0,  970.8,  14.8,  82.2,  11.8
2025-08-30 04:00:00,    3,  10.4,  13.9,  13.0,  971.0,  14.6,  83.3,  11.8
2025-08-30 05:00:00,    3,  10.4,  13.8,  12.6,  963.0,  14.0,  86.0,  11.7
2025-08-30 06:00:00,3,10.6,14.1,13.2,972.5,14.8,83.9,12.1
2025-08-30 07:00:00,3,10.6,14.1,13.4,973.3,15.4,80.7,12.1
2025-08-30 08:00:00,3,10.6,14.1,13.4,965.1,15.4,80.7,12.1
2025-08-30 09:00:00,    3,  10.6,  14.1,  13.9,  965.6,  16.6,  74.7,  12.1
2025-08-30 10:00:00,3,10.4,14.0,14.3,965.8,17.8,68.8,12.0
2025-08-30 11:00:00,3,11.0,14.8,14.9,974.5,18.1,71.2,12.8
2025-08-30 12:00:00,    3,   9.8,  13.2,  14.6,  965.7,  19.8,  57.2,  11.1
2025-08-30 13:00:00,    3,  10.3,  13.9,  14.7,  965.9,  19.2,  62.2,  11.8
2025-08-30 14:00:00,    3,   8.7,  11.8,  14.3,  966.1,  21.3,  46.5,   9.4
2025-08-30 15:00:00,    3,   9.9,  13.4,  14.8,  966.5,  20.1,  56.9,  11.3
2025-08-30 16:00:00,3,10.0,13.5,14.5,966.8,19.2,60.6,11.4
2025-08-30 17:00:00,    3,   9.4,  12.8,  14.7,  975.3,  20.8,  52.0,  10.6
2025-08-30 18:00:00,    3,   9.6,  13.1,  14.5,  975.5,  19.9,  56.1,  10.9
2025-08-30 19:00:00,3,10.4,14.0,13.9,967.7,17.0,71.9,11.9
2025-08-30 20:00:00,    3,  10.5,  14.0,  14.2,  976.6,  17.5,  70.1,  12.0
2025-08-30 21:00:00,3,10.0,13.2,12.3,968.2,13.9,83.2,11.1
2025-08-30 22:00:00,    3,  10.5,  14.0,  13.6,  976.8,  15.9,  77.6,  12.0
2025-08-30 23:00:00,    3,  10.3,  13.7,  12.3,  968.2,  13.2,  90.0,  11.6
2025-08-31 00:00:00,    3,   9.8,  12.9,  11.3,  968.3,  12.1,  91.1,  10.7
2025-08-31 01:00:00,    3,  10.5,  13.9,  12.6,  976.7,  13.7,  88.3,  11.8
2025-08-31 02:00:00,    3,   9.5,  12.5,  10.3,  968.2,  10.4,  98.7,  10.2
2025-08-31 03:00:00,    3,   9.6,  12.6,  10.5,  968.0,  10.7,  98.0,  10.4
2025-08-31 04:00:00,3,10.0,13.2,11.7,976.5,12.5,91.2,11.1
2025-08-31 05:00:00,3,10.0,13.2,11.6,976.5,12.3,92.4,11.1
2025-08-31 06:00:00,    3,   9.6,  12.6,  10.8,  967.9,  11.4,  93.6,  10.4
2025-08-31 07:00:00,    3,  10.3,  13.7,  13.2,  976.5,  15.4,  78.1,  11.6
2025-08-31 08:00:00,3,10.7,14.4,14.6,968.1,17.9,70.2,12.4
2025-08-31 09:00:00,    3,  11.1,  15.1,  15.8,  976.7,  20.2,  63.7,  13.1
2025-08-31 10:00:00,    3,  10.1,  13.8,  15.3,  967.7,  21.0,  55.3,  11.7
2025-08-31 11:00:00,    3,  11.2,  15.3,  16.7,  975.9,  22.3,  56.7,  13.3
2025-08-31 12:00:00,    3,  11.4,  15.5,  16.7,  975.7,  22.1,  58.2,  13.5
2025-08-31 13:00:00,    3,  11.6,  15.8,  17.0,  975.4,  22.5,  57.9,  13.8
2025-08-31 14:00:00,3,11.8,16.1,17.5,974.8,23.6,55.2,14.1
2025-08-31 15:00:00,    3,  11.2,  15.4,  17.2,  974.3,  23.7,  52.4,  13.4
2025-08-31 16:00:00,3,11.4,15.6,17.1,974.1,23.2,54.8,13.6
2025-08-31 17:00:00,3,11.2,15.3,16.9,973.1,23.1,54.0,13.3
2025-08-31 18:00:00,3,11.4,15.5,16.3,964.1,21.0,62.2,13.5
2025-08-31 19:00:00,    3,  11.7,  15.8,  15.5,  964.1,  18.3,  75.0,  13.8
2025-08-31 20:00:00,    3,  11.7,  15.7,  14.9,  963.9,  16.8,  81.9,  13.7
2025-08-31 21:00:00,    3,  11.5,  15.5,  15.3,  972.3,  18.2,  74.0,  13.5
2025-08-31 22:00:00,    3,  11.4,  15.2,  14.0,  963.6,  15.3,  87.3,  13.2
2025-08-31 23:00:00,3,11.0,14.6,13.4,963.3,14.7,87.2,12.6
2025-09-01 00:00:00,3,11.4,15.2,14.1,971.4,15.5,86.2,13.2
2025-09-01 01:00:00,    3,  11.3,  15.1,  14.1,  971.2,  15.7,  84.5,  13.1
2025-09-01 02:00:00,    3,  10.9,  14.6,  13.9,  971.7,  15.9,  80.7,  12.6
2025-09-01 03:00:00,    3,  10.7,  14.3,  13.5,  971.7,  15.4,  81.7,  12.3
2025-09-01 04:00:00,    3,  11.0,  14.7,  13.7,  971.6,  15.2,  85.0,  12.7
2025-09-01 05:00:00,    3,  11.1,  14.8,  13.7,  963.4,  15.0,  86.7,  12.8
2025-09-01 06:00:00,    3,  11.8,  15.7,  14.6,  963.8,  16.0,  86.2,  13.7
2025-09-01 07:00:00,    3,  11.2,  15.1,  14.7,  964.2,  17.4,  75.8,  13.1
2025-09-01 08:00:00,    3,  11.1,  14.9,  14.5,  965.2,  17.1,  76.3,  12.9
2025-09-01 09:00:00,3,11.5,15.5,15.0,974.4,17.4,77.9,13.5
2025-09-01 10:00:00,    3,  11.6,  15.6,  15.2,  974.5,  17.7,  76.9,  13.6
2025-09-01 11:00:00,    3,  12.0,  16.1,  15.6,  965.7,  18.2,  77.0,  14.1
2025-09-01 12:00:00,3,12.0,16.1,15.8,974.4,18.7,74.6,14.1
2025-09-01 13:00:00,    3,  11.3,  15.2,  15.4,  965.8,  19.1,  68.6,  13.2
2025-09-01 14:00:00,    3,  12.1,  16.3,  16.1,  974.5,  19.2,  73.2,  14.3
2025-09-01 15:00:00,3,11.8,15.9,15.9,965.3,19.2,71.4,13.9
2025-09-01 16:00:00,    3,  11.8,  15.9,  15.8,  965.2,  18.9,  72.7,  13.9
2025-09-01 17:00:00,3,12.6,17.0,16.2,973.7,18.5,79.5,14.9
2025-09-01 18:00:00,3,12.6,17.0,16.1,973.4,18.1,81.6,14.9
2025-09-01 19:00:00,    3,  12.3,  16.4,  15.3,  964.7,  16.7,  86.3,  14.4
2025-09-01 20:00:00,    3,  12.4,  16.6,  15.5,  965.5,  16.9,  86.3,  14.6
2025-09-01 21:00:00,    3,  12.5,  16.8,  15.3,  966.1,  16.3,  90.2,  14.7
2025-09-01 22:00:00,    3,  12.2,  16.3,  14.8,  966.3,  15.7,  91.4,  14.3
2025-09-01 23:00:00,3,12.3,16.4,14.9,974.4,15.8,91.4,14.4
2025-09-02 00:00:00,    3,  11.8,  15.7,  14.2,  965.9,  15.0,  91.9,  13.7
2025-09-02 01:00:00,    3,  11.8,  15.7,  14.4,  975.0,  15.5,  89.0,  13.7
2025-09-02 02:00:00,3,11.8,15.7,14.3,974.8,15.3,90.2,13.7
2025-09-02 03:00:00,3,11.4,15.2,13.9,974.8,15.0,89.0,13.2
2025-09-02 04:00:00,3,11.3,15.1,13.9,974.8,15.1,87.8,13.1
2025-09-02 05:00:00,3,11.7,15.5,14.0,975.2,14.7,92.5,13.5
2025-09-02 06:00:00,3,11.6,15.5,14.1,975.5,14.9,91.3,13.5
2025-09-02 07:00:00,3,11.8,15.8,14.5,975.6,15.7,88.5,13.8
2025-09-02 08:00:00,    3,  11.1,  14.8,  14.3,  966.8,  16.6,  78.2,  12.8
2025-09-02 09:00:00,    3,   9.9,  13.2,  13.7,  967.2,  17.6,  65.6,  11.1
2025-09-02 10:00:00,    3,  10.3,  13.8,  14.0,  976.2,  17.3,  69.6,  11.7
2025-09-02 11:00:00,    3,   9.8,  13.2,  14.1,  967.1,  18.5,  62.0,  11.1
2025-09-02 12:00:00,    3,  10.1,  13.6,  13.9,  967.0,  17.5,  67.8,  11.5
2025-09-02 13:00:00,    3,   9.4,  12.7,  14.0,  966.5,  19.1,  57.4,  10.5
2025-09-02 14:00:00,    3,  11.1,  14.9,  14.7,  966.7,  17.5,  74.4,  12.9
2025-09-02 15:00:00,    3,  11.3,  15.3,  15.5,  975.1,  19.0,  69.5,  13.3
2025-09-02 16:00:00,3,11.5,15.5,15.5,966.4,18.9,70.9,13.5
2025-09-02 17:00:00,3,10.4,14.0,14.5,966.7,18.4,65.8,11.9
2025-09-02 18:00:00,    3,  11.3,  15.2,  14.7,  975.5,  17.1,  77.8,  13.2
2025-09-02 19:00:00,    3,  10.5,  14.0,  13.4,  967.1,  15.7,  78.1,  11.9
2025-09-02 20:00:00,    3,  10.3,  13.7,  12.9,  967.3,  14.9,  80.6,  11.6
2025-09-02 21:00:00,3,10.3,13.7,12.6,967.6,14.1,84.9,11.6
2025-09-02 22:00:00,    3,  10.4,  13.8,  13.0,  976.3,  14.8,  81.7,  11.7
2025-09-02 23:00:00,    3,  10.3,  13.7,  12.7,  976.5,  14.2,  84.3,  11.6
2025-09-03 00:00:00,    3,   9.9,  13.1,  11.8,  967.7,  13.0,  87.6,  11.0
2025-09-03 01:00:00,3,10.5,14.0,12.9,976.2,14.3,85.5,11.9
2025-09-03 02:00:00,3,10.2,13.5,12.6,976.2,14.2,83.2,11.4
2025-09-03 03:00:00,3,10.4,13.8,12.0,967.6,12.4,95.5,11.7
2025-09-03 04:00:00,3,10.2,13.6,12.6,976.1,14.2,83.8,11.5
2025-09-03 05:00:00,    3,  10.1,  13.4,  12.4,  976.5,  13.9,  84.3,  11.3
2025-09-03 06:00:00,3,10.1,13.3,11.9,968.0,13.0,88.8,11.2
2025-09-03 07:00:00,    3,  10.4,  13.9,  13.7,  976.9,  16.6,  73.3,  11.8
2025-09-03 08:00:00,3,10.8,14.6,15.1,976.9,19.1,66.0,12.6
2025-09-03 09:00:00,    3,  10.7,  14.4,  15.2,  968.6,  19.6,  63.1,  12.4
2025-09-03 10:00:00,    3,  11.2,  15.2,  15.9,  977.3,  20.4,  63.3,  13.2
2025-09-03 11:00:00,    3,  10.8,  14.7,  15.7,  968.7,  20.7,  60.1,  12.7
2025-09-03 12:00:00,3,10.6,14.4,15.6,968.3,20.8,58.6,12.4
2025-09-03 13:00:00,    3,  11.1,  15.1,  16.2,  968.0,  21.4,  59.1,  13.1
2025-09-03 14:00:00,    3,  10.7,  14.6,  16.5,  967.5,  22.9,  52.2,  12.6
2025-09-03 15:00:00,3,10.6,14.5,16.6,967.0,23.3,50.7,12.5
2025-09-03 16:00:00,3,10.7,14.6,16.8,966.5,23.8,49.5,12.6
2025-09-03 17:00:00,    3,  11.4,  15.6,  17.2,  966.3,  23.5,  53.8,  13.6
2025-09-03 18:00:00,    3,  11.8,  16.1,  17.0,  966.3,  22.0,  60.8,  14.1
2025-09-03 19:00:00,    3,  12.0,  16.2,  16.4,  966.8,  20.2,  68.4,  14.2
2025-09-03 20:00:00,    3,  11.6,  15.7,  15.8,  967.1,  19.4,  69.6,  13.7
2025-09-03 21:00:00,    3,  11.6,  15.6,  15.4,  967.3,  18.3,  74.0,  13.6
2025-09-03 22:00:00,    3,  11.8,  15.9,  15.8,  976.0,  18.9,  72.7,  13.9
2025-09-03 23:00:00,3,11.7,15.7,15.4,976.2,18.2,75.0,13.7
2025-09-04 00:00:00,3,11.5,15.5,15.0,976.1,17.4,77.9,13.5
2025-09-04 01:00:00,    3,  11.5,  15.3,  14.2,  968.0,  15.5,  86.7,  13.3
2025-09-04 02:00:00,    3,  13.4,  18.0,  16.5,  977.3,  17.8,  88.1,  15.8
2025-09-04 03:00:00,    3,  12.5,  16.6,  15.0,  968.7,  15.8,  92.6,  14.6
2025-09-04 04:00:00,    3,  12.3,  16.3,  14.6,  968.5,  15.0,  95.6,  14.3
2025-09-04 05:00:00,    3,  12.0,  16.0,  14.2,  968.8,  14.6,  96.2,  14.0
2025-09-04 06:00:00,3,12.3,16.4,14.6,969.3,15.0,96.2,14.4
2025-09-04 07:00:00,    3,  12.9,  17.3,  15.6,  969.5,  16.4,  92.6,  15.2
2025-09-04 08:00:00,    3,  13.2,  17.9,  17.1,  978.0,  19.6,  78.2,  15.7
2025-09-04 09:00:00,3,13.7,18.7,18.2,977.9,21.6,72.3,16.4
2025-09-04 10:00:00,    3,  13.4,  18.3,  18.5,  978.2,  23.2,  64.3,  16.1
2025-09-04 11:00:00,3,13.2,18.1,18.3,978.2,22.7,65.5,15.9
2025-09-04 12:00:00,3,14.4,19.5,18.0,978.2,19.8,84.4,17.1
2025-09-04 13:00:00,3,14.6,19.9,18.6,977.9,21.0,79.9,17.4
2025-09-04 14:00:00,    3,  12.2,  16.6,  17.2,  968.9,  21.7,  64.0,  14.6
2025-09-04 15:00:00,3,13.3,18.1,18.0,968.7,22.1,67.9,15.9
2025-09-04 16:00:00,3,13.5,18.4,18.1,968.7,21.8,70.5,16.2
2025-09-04 17:00:00,    3,  12.3,  16.6,  16.3,  969.2,  19.1,  75.2,  14.6
2025-09-04 18:00:00,    3,  12.9,  17.4,  16.3,  977.8,  18.0,  84.2,  15.3
2025-09-04 19:00:00,3,13.8,18.6,16.7,978.2,17.3,93.8,16.3
2025-09-04 20:00:00,    3,  13.4,  18.0,  16.3,  979.2,  17.3,  90.9,  15.8
2025-09-04 21:00:00,    3,  12.2,  16.3,  15.1,  979.0,  16.5,  86.8,  14.3
2025-09-04 22:00:00,    3,  12.0,  16.0,  14.8,  979.1,  16.0,  87.9,  14.0
2025-09-04 23:00:00,    3,  11.5,  15.3,  14.2,  970.8,  15.5,  86.7,  13.3
2025-09-05 00:00:00,    3,  11.6,  15.4,  14.1,  971.1,  15.2,  89.0,  13.4
2025-09-05 01:00:00,3,11.7,15.6,14.5,979.9,15.9,86.2,13.6
2025-09-05 02:00:00,3,11.5,15.3,14.0,971.2,15.2,88.4,13.3
2025-09-05 03:00:00,    3,  11.3,  15.1,  13.8,  980.2,  15.0,  88.4,  13.1
2025-09-05 04:00:00,3,10.8,14.3,12.6,971.6,13.1,94.9,12.3
2025-09-05 05:00:00,    3,  10.8,  14.2,  12.6,  972.3,  13.1,  94.3,  12.2
2025-09-05 06:00:00,3,10.4,13.8,12.9,981.9,14.7,82.2,11.7
2025-09-05 07:00:00,    3,  10.5,  14.0,  13.6,  982.5,  15.9,  77.6,  12.0
2025-09-05 08:00:00,    3,  10.9,  14.5,  13.3,  974.4,  14.6,  87.2,  12.5
2025-09-05 09:00:00,3,11.1,14.7,13.6,975.3,14.9,86.7,12.7
2025-09-05 10:00:00,    3,  11.0,  14.7,  14.0,  984.6,  15.9,  81.3,  12.7
2025-09-05 11:00:00,    3,  10.8,  14.4,  14.1,  985.3,  16.7,  75.7,  12.4
2025-09-05 12:00:00,    3,  10.3,  13.8,  14.0,  985.3,  17.5,  68.7,  11.7
2025-09-05 13:00:00,3,9.5,12.7,12.8,976.3,15.9,70.3,10.5
2025-09-05 14:00:00,    3,   9.6,  12.9,  13.9,  985.4,  18.6,  60.0,  10.7
2025-09-05 15:00:00,    3,   9.3,  12.5,  12.7,  976.9,  16.2,  67.6,  10.2
2025-09-05 16:00:00,    3,   9.7,  13.1,  13.6,  976.9,  17.5,  65.2,  10.9
2025-09-05 17:00:00,    3,   9.2,  12.3,  13.2,  977.2,  17.5,  61.4,  10.0
2025-09-05 18:00:00,    3,   9.4,  12.5,  13.0,  986.3,  16.8,  65.5,  10.3
2025-09-05 19:00:00,3,10.2,13.6,12.6,977.9,14.1,84.3,11.5
2025-09-05 20:00:00,3,10.3,13.7,12.6,987.2,14.1,84.9,11.6
2025-09-05 21:00:00,    3,  10.0,  13.3,  12.3,  987.5,  13.8,  84.3,  11.2
2025-09-05 22:00:00,    3,   9.4,  12.4,  10.3,  978.7,  10.6,  96.7,  10.1
2025-09-05 23:00:00,    3,  10.4,  13.8,  12.0,  987.6,  12.5,  94.9,  11.7
2025-09-06 00:00:00,    3,   9.2,  12.0,   9.7,  978.7,   9.8,  98.7,   9.6
2025-09-06 01:00:00,    3,   8.6,  11.2,   8.6,  978.8,   8.7,  99.3,   8.6
2025-09-06 02:00:00,    3,   8.5,  11.1,   8.5,  978.7,   8.5, 100.0,   8.5
2025-09-06 03:00:00,3,9.5,12.5,10.4,987.3,10.6,97.4,10.2
2025-09-06 04:00:00,3,9.3,12.2,10.0,987.1,10.2,98.0,9.9
2025-09-06 05:00:00,3,8.0,10.3,7.4,978.4,7.4,100.0,7.4
2025-09-06 06:00:00,    3,   9.3,  12.1,  10.1,  987.3,  10.5,  95.4,   9.8
2025-09-06 07:00:00,3,8.8,11.6,9.7,978.5,10.4,91.6,9.1
2025-09-06 08:00:00,3,9.4,12.5,11.4,978.4,13.1,82.5,10.2
2025-09-06 09:00:00,    3,  10.1,  13.5,  13.2,  978.3,  15.7,  75.6,  11.4
2025-09-06 10:00:00,3,10.4,14.0,14.5,986.5,18.5,65.4,11.9
2025-09-06 11:00:00,3,10.6,14.4,15.5,986.1,20.5,59.7,12.4
2025-09-06 12:00:00,    3,  10.3,  14.0,  15.3,  976.8,  20.6,  57.4,  11.9
2025-09-06 13:00:00,    3,   9.2,  12.5,  14.6,  976.3,  20.8,  51.0,  10.3
2025-09-06 14:00:00,    3,   9.3,  12.6,  15.1,  984.7,  22.0,  47.7,  10.4
2025-09-06 15:00:00,    3,   8.6,  11.6,  14.2,  975.3,  21.1,  46.5,   9.2
2025-09-06 16:00:00,    3,   8.8,  11.9,  14.3,  983.9,  20.9,  48.0,   9.5
2025-09-06 17:00:00,    3,   9.1,  12.4,  14.3,  984.1,  20.2,  52.2,  10.1
2025-09-06 18:00:00,3,10.5,14.0,13.9,975.2,16.7,73.8,12.0
2025-09-06 19:00:00,    3,  10.6,  14.0,  13.2,  975.5,  14.9,  82.8,  12.0
2025-09-06 20:00:00,    3,  10.4,  13.8,  12.6,  975.2,  13.9,  86.6,  11.7
2025-09-06 21:00:00,    3,  10.2,  13.5,  12.4,  974.9,  13.7,  86.0,  11.4
2025-09-06 22:00:00,3,10.3,13.7,12.8,983.3,14.6,82.2,11.6
2025-09-06 23:00:00,3,10.1,13.4,12.4,983.1,13.9,84.3,11.3
2025-09-07 00:00:00,    3,  10.1,  13.3,  11.8,  982.9,  12.7,  90.6,  11.2
2025-09-07 01:00:00,3,10.0,13.1,11.7,982.6,12.5,90.6,11.0
2025-09-07 02:00:00,    3,   7.7,  10.1,   8.0,  973.4,   8.9,  88.4,   7.1
2025-09-07 03:00:00,    3,   9.7,  12.7,  10.9,  982.2,  11.5,  93.6,  10.5
2025-09-07 04:00:00,    3,   9.7,  12.7,  10.7,  982.1,  10.9,  97.4,  10.5
2025-09-07 05:00:00,    3,   8.2,  10.7,   8.5,  973.4,   9.0,  93.4,   8.0
2025-09-07 06:00:00,    3,   8.6,  11.2,   9.0,  973.3,   9.4,  94.7,   8.6
2025-09-07 07:00:00,3,9.8,12.9,11.5,982.4,12.5,88.8,10.7
2025-09-07 08:00:00,3,10.4,13.8,13.0,982.1,14.8,81.7,11.7
2025-09-07 09:00:00,3,10.4,13.9,13.7,981.8,16.4,74.2,11.8
2025-09-07 10:00:00,    3,  10.5,  14.1,  14.5,  981.6,  18.2,  67.5,  12.1
2025-09-07 11:00:00,    3,  10.7,  14.5,  15.2,  972.3,  19.5,  63.9,  12.5
2025-09-07 12:00:00,3,11.8,16.1,17.0,980.9,21.9,61.2,14.1
2025-09-07 13:00:00,3,11.0,15.0,16.5,971.3,22.3,55.6,13.0
2025-09-07 14:00:00,3,10.8,14.7,16.6,970.7,23.0,52.3,12.7
2025-09-07 15:00:00,    3,  10.3,  14.1,  16.6,  970.4,  23.8,  47.9,  12.1
2025-09-07 16:00:00,    3,  11.0,  15.1,  17.3,  978.7,  24.3,  49.6,  13.1
2025-09-07 17:00:00,    3,  11.1,  15.2,  17.0,  978.5,  23.4,  52.7,  13.2
2025-09-07 18:00:00,    3,  11.3,  15.4,  16.4,  978.8,  21.3,  60.7,  13.4
2025-09-07 19:00:00,    3,  11.8,  15.9,  16.0,  979.0,  19.4,  70.5,  13.9
2025-09-07 20:00:00,3,11.4,15.3,14.5,970.6,16.5,81.4,13.3
2025-09-07 21:00:00,    3,  11.8,  15.9,  15.3,  979.2,  17.5,  79.4,  13.9
2025-09-07 22:00:00,    3,  10.8,  14.3,  13.2,  970.4,  14.5,  86.6,  12.3
2025-09-07 23:00:00,    3,  11.7,  15.6,  14.4,  978.8,  15.7,  87.3,  13.6
2025-09-08 00:00:00,3,10.3,13.6,12.1,970.3,12.9,91.2,11.5
2025-09-08 01:00:00,    3,  11.6,  15.4,  13.9,  979.1,  14.7,  91.9,  13.4
2025-09-08 02:00:00,    3,  10.0,  13.1,  11.5,  970.2,  12.2,  92.4,  11.0
2025-09-08 03:00:00,    3,  11.2,  14.9,  13.3,  978.4,  13.9,  93.7,  12.9
2025-09-08 04:00:00,3,11.2,14.8,13.3,978.3,14.0,92.5,12.8
2025-09-08 05:00:00,    3,  10.2,  13.4,  11.3,  969.6,  11.3, 100.0,  11.3
2025-09-08 06:00:00,3,10.7,14.0,12.1,969.7,12.3,98.0,12.0
2025-09-08 07:00:00,    3,  11.3,  15.0,  13.9,  979.0,  15.4,  85.6,  13.0
2025-09-08 08:00:00,    3,  11.9,  15.9,  15.1,  979.1,  17.1,  81.4,  13.9
2025-09-08 09:00:00,    3,  11.7,  15.8,  15.7,  979.0,  18.7,  73.2,  13.8
2025-09-08 10:00:00,3,11.5,15.6,15.9,979.4,19.6,68.3,13.6
2025-09-08 11:00:00,3,12.7,17.2,16.8,979.6,19.9,73.8,15.1
2025-09-08 12:00:00,3,13.3,18.1,18.2,970.8,22.4,66.7,15.9
2025-09-08 13:00:00,3,14.3,19.3,17.8,979.9,19.4,85.5,16.9
2025-09-08 14:00:00,    3,  14.9,  20.0,  17.9,  980.0,  18.6,  93.3,  17.5
2025-09-08 15:00:00,    3,  15.2,  20.5,  18.3,  971.0,  19.0,  93.3,  17.9
2025-09-08 16:00:00,    3,  14.8,  19.9,  17.9,  979.9,  18.8,  91.6,  17.4
2025-09-08 17:00:00,3,14.4,19.4,17.5,979.7,18.4,91.6,17.0
2025-09-08 18:00:00,3,14.4,19.4,17.4,979.7,18.1,93.3,17.0
2025-09-08 19:00:00,    3,  14.0,  18.8,  16.7,  970.7,  17.2,  95.7,  16.5
2025-09-08 20:00:00,    3,  14.4,  19.3,  17.0,  979.5,  17.2,  98.1,  16.9
2025-09-08 21:00:00,    3,  14.0,  18.7,  16.4,  979.1,  16.4, 100.0,  16.4
2025-09-08 22:00:00,    3,  13.8,  18.4,  16.2,  969.8,  16.3,  99.4,  16.2
2025-09-08 23:00:00,    3,  13.5,  18.0,  15.8,  978.2,  15.8, 100.0,  15.8
2025-09-09 00:00:00,    3,  13.1,  17.5,  15.4,  977.8,  15.4, 100.0,  15.4
2025-09-09 01:00:00,    3,  13.6,  18.2,  16.0,  968.3,  16.1,  99.4,  16.0
2025-09-09 02:00:00,    3,  13.7,  18.3,  16.1,  967.5,  16.1, 100.0,  16.1
2025-09-09 03:00:00,3,12.9,17.2,15.1,975.9,15.1,100.0,15.1
2025-09-09 04:00:00,3,12.9,17.2,15.2,966.5,15.4,98.1,15.1
2025-09-09 05:00:00,    3,  12.9,  17.2,  15.1,  975.5,  15.2,  99.4,  15.1
2025-09-09 06:00:00,3,12.8,17.1,15.1,966.8,15.3,98.1,15.0
2025-09-09 07:00:00,    3,  13.0,  17.3,  15.2,  976.1,  15.3,  99.4,  15.2
2025-09-09 08:00:00,3,13.2,17.6,15.5,976.6,15.6,99.4,15.5
2025-09-09 09:00:00,3,13.2,17.6,15.5,976.8,15.6,99.4,15.5
2025-09-09 10:00:00,    3,  12.3,  16.4,  14.6,  976.9,  15.0,  96.2,  14.4
2025-09-09 11:00:00,    3,  11.9,  15.9,  14.8,  968.3,  16.4,  85.1,  13.9
2025-09-09 12:00:00,    3,  11.4,  15.3,  14.7,  968.7,  17.0,  78.8,  13.3
2025-09-09 13:00:00,    3,  11.1,  14.9,  14.6,  977.7,  17.3,  75.3,  12.9
2025-09-09 14:00:00,3,11.0,14.8,15.2,968.9,19.1,66.8,12.8
2025-09-09 15:00:00,    3,  10.5,  14.2,  15.0,  969.0,  19.5,  62.7,  12.2
2025-09-09 16:00:00,    3,  10.4,  14.0,  14.6,  977.8,  18.5,  65.8,  12.0
2025-09-09 17:00:00,    3,  10.3,  13.9,  14.4,  977.8,  18.3,  65.8,  11.8
2025-09-09 18:00:00,    3,  10.5,  14.0,  14.0,  978.1,  17.0,  72.4,  12.0
2025-09-09 19:00:00,3,10.7,14.2,13.7,978.3,15.8,79.2,12.2
2025-09-09 20:00:00,3,9.9,13.1,12.0,969.5,13.4,85.4,11.0
2025-09-09 21:00:00,    3,  11.5,  15.2,  13.5,  978.1,  14.1,  94.3,  13.2
2025-09-09 22:00:00,    3,  11.1,  14.7,  12.9,  977.6,  13.1,  97.4,  12.7
2025-09-09 23:00:00,    3,   9.4,  12.4,  10.5,  968.7,  11.0,  94.2,  10.1
2025-09-10 00:00:00,    3,   9.5,  12.5,  10.3,  968.5,  10.5,  98.0,  10.2
2025-09-10 01:00:00,    3,  10.3,  13.6,  11.5,  976.8,  11.5, 100.0,  11.5
2025-09-10 02:00:00,3,10.0,13.1,10.9,976.2,10.9,100.0,10.9
2025-09-10 03:00:00,    3,  10.2,  13.4,  11.3,  975.5,  11.3, 100.0,  11.3
2025-09-10 04:00:00,    3,   9.7,  12.7,  10.5,  975.2,  10.6,  99.3,  10.5
2025-09-10 05:00:00,    3,   9.7,  12.7,  10.5,  975.2,  10.5, 100.0,  10.5
2025-09-10 06:00:00,    3,   9.9,  13.0,  10.9,  966.4,  11.0,  98.7,  10.8
2025-09-10 07:00:00,    3,  10.1,  13.2,  11.3,  966.8,  11.5,  97.4,  11.1
2025-09-10 08:00:00,    3,  10.3,  13.6,  11.6,  966.3,  11.8,  98.0,  11.5
2025-09-10 09:00:00,    3,  10.4,  13.7,  11.7,  966.1,  11.8,  98.7,  11.6
2025-09-10 10:00:00,3,10.9,14.4,12.6,974.4,12.9,96.8,12.4
2025-09-10 11:00:00,3,10.9,14.4,13.0,974.0,13.8,91.2,12.4
2025-09-10 12:00:00,    3,  12.1,  16.2,  14.8,  964.3,  15.9,  89.6,  14.2
2025-09-10 13:00:00,    3,  12.7,  17.1,  15.7,  964.0,  16.9,  88.6,  15.0
2025-09-10 14:00:00,    3,  11.9,  16.0,  15.5,  963.5,  18.0,  77.4,  14.0
2025-09-10 15:00:00,3,12.2,16.4,15.8,963.2,18.2,78.5,14.4
2025-09-10 16:00:00,    3,  12.1,  16.2,  15.7,  971.7,  18.1,  78.0,  14.2
2025-09-10 17:00:00,3,11.8,15.8,15.2,962.8,17.5,78.9,13.8
2025-09-10 18:00:00,    3,  11.4,  15.2,  14.3,  962.8,  16.1,  82.9,  13.2
2025-09-10 19:00:00,    3,  11.8,  15.7,  14.6,  971.9,  16.0,  86.2,  13.7
2025-09-10 20:00:00,    3,  11.3,  15.1,  13.9,  971.7,  15.2,  87.3,  13.1
2025-09-10 21:00:00,3,11.1,14.7,13.3,971.8,14.3,90.1,12.7
2025-09-10 22:00:00,    3,  10.4,  13.7,  11.9,  963.3,  12.4,  94.9,  11.6
2025-09-10 23:00:00,3,10.1,13.2,11.3,963.1,11.7,96.1,11.1
2025-09-11 00:00:00,3,10.6,14.0,12.3,963.3,12.8,94.9,12.0
2025-09-11 01:00:00,    3,  10.7,  14.1,  12.4,  971.6,  12.9,  94.9,  12.1
2025-09-11 02:00:00,    3,  10.3,  13.6,  11.7,  963.0,  12.1,  96.1,  11.5
2025-09-11 03:00:00,    3,  10.8,  14.2,  12.6,  963.0,  13.2,  93.6,  12.2
2025-09-11 04:00:00,    3,   9.8,  12.9,  10.7,  962.9,  10.8,  99.3,  10.7
2025-09-11 05:00:00,    3,  11.3,  15.0,  13.5,  963.0,  14.3,  91.9,  13.0
2025-09-11 06:00:00,    3,  10.5,  14.0,  13.6,  972.3,  15.9,  77.6,  12.0
2025-09-11 07:00:00,    3,  11.1,  14.8,  14.3,  973.0,  16.6,  78.2,  12.8
2025-09-11 08:00:00,3,10.8,14.5,14.6,973.5,17.9,70.7,12.5
2025-09-11 09:00:00,    3,   9.8,  13.1,  13.6,  965.7,  17.4,  66.0,  11.0
2025-09-11 10:00:00,3,9.4,12.7,13.6,974.7,18.1,61.1,10.5
2025-09-11 11:00:00,    3,  10.2,  13.6,  13.1,  975.3,  15.4,  77.5,  11.5
2025-09-11 12:00:00,    3,  10.0,  13.4,  13.2,  975.9,  15.9,  74.1,  11.3
2025-09-11 13:00:00,3,10.0,13.5,14.1,967.4,18.1,64.9,11.4
2025-09-11 14:00:00,3,9.4,12.7,13.7,967.6,18.3,60.3,10.5
2025-09-11 15:00:00,    3,   8.8,  11.8,  13.3,  976.3,  18.6,  55.0,   9.4
2025-09-11 16:00:00,    3,   8.1,  11.0,  12.9,  976.5,  18.9,  50.1,   8.3
2025-09-11 17:00:00,    3,   8.4,  11.3,  12.7,  968.2,  18.0,  54.5,   8.7
2025-09-11 18:00:00,    3,   8.4,  11.3,  12.1,  968.4,  16.5,  59.9,   8.7
2025-09-11 19:00:00,3,8.6,11.5,11.9,968.9,15.7,64.3,9.0
2025-09-11 20:00:00,3,9.0,12.0,12.1,969.2,15.5,67.9,9.6
2025-09-11 21:00:00,    3,   9.0,  12.0,  12.0,  969.1,  15.3,  68.7,   9.6
2025-09-11 22:00:00,    3,   9.4,  12.5,  12.2,  977.6,  15.0,  73.0,  10.2
2025-09-11 23:00:00,3,9.4,12.5,11.8,977.6,13.9,78.3,10.2
2025-09-12 00:00:00,3,8.8,11.6,10.5,969.1,12.2,81.3,9.1
2025-09-12 01:00:00,3,8.7,11.5,10.1,968.9,11.4,85.2,9.0
2025-09-12 02:00:00,3,9.3,12.3,11.5,977.3,13.6,78.8,10.0
2025-09-12 03:00:00,    3,   9.7,  12.9,  12.0,  969.3,  13.7,  82.1,  10.7
2025-09-12 04:00:00,    3,  10.8,  14.3,  12.6,  978.3,  13.0,  95.5,  12.3
2025-09-12 05:00:00,    3,  10.6,  14.0,  12.2,  970.4,  12.7,  94.9,  11.9
2025-09-12 06:00:00,    3,  10.5,  13.9,  12.2,  971.1,  12.8,  93.6,  11.8
2025-09-12 07:00:00,    3,  10.3,  13.6,  12.2,  981.1,  13.3,  88.8,  11.5
2025-09-12 08:00:00,    3,  10.1,  13.4,  12.9,  981.8,  15.1,  78.0,  11.3
2025-09-12 09:00:00,    3,   9.7,  13.1,  13.3,  982.2,  16.8,  68.1,  10.9
2025-09-12 10:00:00,3,8.3,11.1,12.4,982.5,17.3,56.2,8.5
2025-09-12 11:00:00,3,7.8,10.4,12.0,973.9,17.6,51.8,7.6
2025-09-12 12:00:00,3,8.3,11.3,13.1,982.7,18.9,51.5,8.7
2025-09-12 13:00:00,    3,   7.7,  10.4,  12.7,  982.6,  19.2,  46.9,   7.6
2025-09-12 14:00:00,3,7.8,10.6,12.8,982.6,19.2,47.5,7.8
2025-09-12 15:00:00,    3,   8.0,  10.8,  12.7,  973.9,  18.8,  49.7,   8.1
2025-09-12 16:00:00,    3,   7.5,  10.2,  12.4,  982.7,  18.8,  46.8,   7.2
2025-09-12 17:00:00,3,7.8,10.4,11.8,974.4,17.1,53.5,7.6
2025-09-12 18:00:00,    3,   7.8,  10.4,  11.9,  983.2,  17.3,  52.8,   7.6
2025-09-12 19:00:00,3,8.1,10.7,11.2,974.9,15.1,62.5,8.0
2025-09-12 20:00:00,    3,   8.2,  10.8,  10.1,  975.0,  12.4,  75.0,   8.1
2025-09-12 21:00:00,    3,   8.5,  11.3,  11.1,  983.7,  14.0,  70.3,   8.7
2025-09-12 22:00:00,    3,   8.6,  11.4,  10.8,  983.4,  13.3,  74.6,   8.9
2025-09-12 23:00:00,    3,   8.6,  11.4,  10.6,  983.4,  12.7,  77.6,   8.9
2025-09-13 00:00:00,    3,   8.7,  11.5,  10.3,  983.0,  11.8,  82.9,   9.0
2025-09-13 01:00:00,    3,   8.7,  11.4,  10.2,  982.9,  11.9,  81.8,   8.9
2025-09-13 02:00:00,    3,   8.5,  11.1,   9.0,  974.1,   9.6,  92.8,   8.5
2025-09-13 03:00:00,    3,   8.6,  11.2,   9.2,  974.0,  10.0,  91.0,   8.6
2025-09-13 04:00:00,3,8.6,11.3,9.0,974.0,9.4,95.4,8.7
2025-09-13 05:00:00,    3,   8.6,  11.2,   8.9,  973.6,   9.2,  96.0,   8.6
2025-09-13 06:00:00,3,8.8,11.6,10.4,982.3,12.0,82.9,9.2
2025-09-13 07:00:00,    3,   9.0,  11.9,  10.7,  973.6,  12.3,  83.0,   9.5
2025-09-13 08:00:00,    3,   9.4,  12.5,  12.8,  982.3,  16.2,  68.0,  10.3
2025-09-13 09:00:00,    3,   9.6,  12.9,  13.7,  981.9,  18.1,  61.9,  10.7
2025-09-13 10:00:00,3,8.8,12.0,14.0,972.9,20.1,50.8,9.6
2025-09-13 11:00:00,    3,   8.6,  11.6,  13.9,  972.4,  20.5,  48.2,   9.2
2025-09-13 12:00:00,    3,   8.5,  11.6,  13.8,  972.0,  20.2,  48.8,   9.1
2025-09-13 13:00:00,    3,   8.6,  11.7,  14.1,  980.3,  20.7,  48.0,   9.3
2025-09-13 14:00:00,3,8.7,11.9,14.3,971.7,21.2,47.1,9.5
2025-09-13 15:00:00,    3,   8.0,  10.8,  13.4,  971.3,  20.4,  45.0,   8.1
2025-09-13 16:00:00,    3,   8.3,  11.3,  13.5,  979.5,  20.0,  48.1,   8.7
2025-09-13 17:00:00,3,8.7,11.7,13.6,979.3,19.6,51.3,9.3
2025-09-13 18:00:00,    3,   8.9,  12.0,  13.6,  979.1,  19.0,  54.4,   9.6
2025-09-13 19:00:00,3,9.8,13.1,13.5,970.6,17.1,67.3,11.0
2025-09-13 20:00:00,    3,  10.0,  13.4,  13.5,  970.5,  16.7,  70.4,  11.3
2025-09-13 21:00:00,3,9.7,13.1,13.8,978.7,18.0,63.2,10.9
2025-09-13 22:00:00,    3,  10.1,  13.5,  13.4,  969.8,  16.4,  72.3,  11.4
2025-09-13 23:00:00,    3,  10.4,  13.9,  13.8,  978.3,  16.7,  72.8,  11.8
2025-09-14 00:00:00,    3,  11.0,  14.7,  13.6,  978.5,  15.0,  86.1,  12.7
2025-09-14 01:00:00,    3,  10.2,  13.5,  12.3,  978.8,  13.6,  86.5,  11.4
2025-09-14 02:00:00,    3,  11.1,  14.7,  13.2,  969.4,  14.0,  91.9,  12.7
2025-09-14 03:00:00,    3,  10.4,  13.7,  12.0,  969.7,  12.5,  94.2,  11.6
2025-09-14 04:00:00,    3,  10.5,  13.9,  12.0,  969.6,  12.3,  96.8,  11.8
2025-09-14 05:00:00,    3,  10.7,  14.1,  12.2,  969.5,  12.4,  98.0,  12.1
2025-09-14 06:00:00,3,11.0,14.5,12.7,969.8,12.9,97.4,12.5
2025-09-14 07:00:00,    3,  10.7,  14.1,  12.6,  970.5,  13.4,  91.8,  12.1
2025-09-14 08:00:00,    3,  10.6,  14.1,  13.0,  971.4,  14.4,  86.0,  12.1
2025-09-14 09:00:00,    3,  10.4,  13.9,  13.3,  971.9,  15.6,  78.1,  11.8
2025-09-14 10:00:00,3,9.7,13.0,13.3,981.0,16.8,67.7,10.8
2025-09-14 11:00:00,    3,   9.9,  13.3,  13.8,  980.9,  17.5,  66.5,  11.2
2025-09-14 12:00:00,    3,   9.7,  13.1,  13.8,  980.7,  17.9,  63.6,  10.9
2025-09-14 13:00:00,3,9.8,13.1,13.9,980.7,18.1,63.2,11.0
2025-09-14 14:00:00,    3,  10.6,  14.2,  13.8,  971.9,  16.3,  76.7,  12.2
2025-09-14 15:00:00,    3,  10.1,  13.7,  14.4,  980.4,  18.6,  63.7,  11.6
2025-09-14 16:00:00,3,10.6,14.2,14.7,980.2,18.5,66.7,12.2
2025-09-14 17:00:00,3,11.0,14.8,14.6,979.7,17.5,73.9,12.8
2025-09-14 18:00:00,    3,  11.6,  15.5,  14.5,  971.0,  16.2,  84.0,  13.5
2025-09-14 19:00:00,3,11.9,15.9,14.6,971.2,15.7,89.0,13.9
2025-09-14 20:00:00,    3,  11.7,  15.6,  14.7,  979.4,  16.5,  83.0,  13.6
2025-09-14 21:00:00,3,11.7,15.7,14.7,979.3,16.3,84.6,13.7
2025-09-14 22:00:00,    3,  11.8,  15.8,  14.8,  978.9,  16.5,  84.1,  13.8
2025-09-14 23:00:00,    3,  11.6,  15.6,  15.1,  978.6,  17.6,  77.4,  13.6
2025-09-15 00:00:00,    3,  11.8,  15.8,  15.0,  969.8,  16.9,  81.9,  13.8
2025-09-15 01:00:00,    3,  12.2,  16.3,  15.6,  978.1,  17.7,  80.5,  14.3
2025-09-15 02:00:00,    3,  12.3,  16.5,  15.6,  969.1,  17.6,  82.0,  14.5
2025-09-15 03:00:00,    3,  12.6,  17.0,  15.8,  968.8,  17.3,  85.8,  14.9
2025-09-15 04:00:00,3,12.6,17.0,16.0,968.0,18.0,82.1,14.9
2025-09-15 05:00:00,    3,  12.7,  17.1,  16.2,  968.0,  18.3,  81.1,  15.0
2025-09-15 06:00:00,    3,  13.0,  17.5,  16.5,  967.9,  18.4,  82.7,  15.4
2025-09-15 07:00:00,3,13.1,17.7,17.0,968.1,19.5,78.2,15.6
2025-09-15 08:00:00,    3,  13.2,  18.0,  17.7,  968.3,  21.2,  71.3,  15.8
2025-09-15 09:00:00,    3,  12.9,  17.5,  17.6,  968.6,  21.6,  67.8,  15.4
2025-09-15 10:00:00,    3,  12.7,  17.4,  18.1,  968.5,  23.3,  60.8,  15.3
2025-09-15 11:00:00,3,12.2,16.6,17.7,977.0,23.3,58.1,14.6
2025-09-15 12:00:00,    3,  13.0,  17.7,  18.4,  977.3,  23.5,  61.2,  15.6
2025-09-15 13:00:00,3,12.1,16.5,17.6,968.8,23.1,58.4,14.5
2025-09-15 14:00:00,    3,  12.1,  16.5,  17.5,  968.6,  22.9,  59.1,  14.5
2025-09-15 15:00:00,3,14.2,19.2,17.7,977.4,19.4,84.9,16.8
2025-09-15 16:00:00,    3,  12.9,  17.4,  16.9,  977.6,  19.9,  74.8,  15.3
2025-09-15 17:00:00,3,13.1,17.6,16.7,977.5,18.7,81.6,15.5
2025-09-15 18:00:00,3,13.4,18.0,16.5,969.6,17.7,88.6,15.8
2025-09-15 19:00:00,3,12.6,17.0,15.8,970.2,17.4,85.2,14.9
2025-09-15 20:00:00,    3,  11.2,  15.0,  14.7,  979.9,  17.4,  75.3,  13.0
2025-09-15 21:00:00,    3,  10.0,  13.4,  13.3,  980.9,  16.2,  72.7,  11.3
2025-09-15 22:00:00,    3,   9.2,  12.3,  12.3,  981.2,  15.3,  70.6,  10.0
2025-09-15 23:00:00,    3,   9.4,  12.5,  12.2,  981.1,  14.8,  74.4,  10.3
2025-09-16 00:00:00,    3,  10.0,  13.2,  11.9,  972.4,  13.0,  88.2,  11.1
2025-09-16 01:00:00,    3,   9.5,  12.5,  11.8,  972.6,  13.8,  79.4,  10.3
2025-09-16 02:00:00,3,9.0,12.0,12.1,982.0,15.3,68.7,9.6
2025-09-16 03:00:00,    3,   9.2,  12.2,  11.4,  973.5,  13.3,  79.8,   9.9
2025-09-16 04:00:00,    3,   9.1,  12.0,  11.5,  982.7,  13.9,  75.8,   9.7
2025-09-16 05:00:00,3,8.5,11.3,11.1,982.8,14.1,69.9,8.7
2025-09-16 06:00:00,    3,   8.7,  11.6,  11.3,  983.4,  14.0,  72.3,   9.1
2025-09-16 07:00:00,    3,   8.8,  11.6,  11.3,  974.5,  14.1,  72.3,   9.2
2025-09-16 08:00:00,    3,   7.9,  10.5,  11.0,  983.8,  15.1,  61.2,   7.7
2025-09-16 09:00:00,3,7.5,10.0,11.1,984.1,16.0,54.7,6.9
2025-09-16 10:00:00,3,7.3,9.8,11.1,984.3,16.3,52.6,6.6
2025-09-16 11:00:00,3,7.2,9.6,10.7,975.4,15.7,53.5,6.3
2025-09-16 12:00:00,    3,   7.2,   9.7,  11.0,  984.4,  16.3,  52.2,   6.5
2025-09-16 13:00:00,    3,   7.0,   9.4,  11.3,  975.8,  17.3,  47.6,   6.1
2025-09-16 14:00:00,    3,   7.0,   9.5,  11.7,  975.7,  18.3,  45.0,   6.2
2025-09-16 15:00:00,3,6.7,9.0,10.8,975.4,16.9,46.9,5.5
2025-09-16 16:00:00,    3,   6.6,   8.9,  11.1,  983.9,  17.8,  43.4,   5.2
2025-09-16 17:00:00,    3,   7.1,   9.5,  11.1,  984.3,  16.7,  49.8,   6.2
2025-09-16 18:00:00,    3,   7.3,   9.8,  10.7,  984.7,  15.5,  55.3,   6.6
2025-09-16 19:00:00,3,7.4,9.8,10.0,976.7,13.9,61.8,6.7
2025-09-16 20:00:00,3,7.7,10.2,10.2,976.9,13.7,64.8,7.2
2025-09-16 21:00:00,3,7.5,10.0,9.8,977.2,13.1,66.0,6.9
2025-09-16 22:00:00,    3,   7.7,  10.2,  10.2,  986.0,  13.6,  65.6,   7.3
2025-09-16 23:00:00,    3,   7.8,  10.2,   9.6,  977.1,  12.3,  71.5,   7.3
2025-09-17 00:00:00,3,7.7,10.1,8.7,977.1,10.4,80.0,7.1
2025-09-17 01:00:00,3,7.9,10.4,9.8,986.2,12.4,72.0,7.5
2025-09-17 02:00:00,    3,   7.7,  10.1,   8.1,  976.9,   9.3,  86.1,   7.1
2025-09-17 03:00:00,    3,   8.0,  10.6,  10.1,  985.8,  12.7,  72.0,   7.8
2025-09-17 04:00:00,    3,   8.2,  10.8,  10.3,  985.9,  12.9,  72.6,   8.1
2025-09-17 05:00:00,    3,   8.2,  10.9,  10.3,  986.0,  12.8,  73.5,   8.2
2025-09-17 06:00:00,    3,   8.4,  11.0,  10.2,  986.5,  12.4,  76.5,   8.4
2025-09-17 07:00:00,    3,   8.5,  11.3,  10.9,  986.5,  13.7,  71.7,   8.7
2025-09-17 08:00:00,    3,   8.7,  11.6,  12.0,  987.1,  15.5,  66.1,   9.2
2025-09-17 09:00:00,    3,   8.7,  11.6,  12.5,  987.6,  16.9,  60.4,   9.2
2025-09-17 10:00:00,    3,   8.8,  11.8,  12.6,  978.9,  16.8,  61.6,   9.4
2025-09-17 11:00:00,    3,   8.9,  12.0,  12.8,  978.6,  17.2,  60.9,   9.6
2025-09-17 12:00:00,    3,   9.2,  12.4,  13.5,  978.4,  18.2,  59.1,  10.1
2025-09-17 13:00:00,    3,   7.9,  10.6,  12.3,  978.0,  18.1,  50.9,   7.8
2025-09-17 14:00:00,    3,   8.4,  11.3,  13.0,  977.4,  18.6,  52.5,   8.7
2025-09-17 15:00:00,    3,   8.6,  11.6,  13.1,  977.3,  18.5,  54.6,   9.2
2025-09-17 16:00:00,3,8.2,11.1,13.0,976.9,18.9,50.8,8.5
2025-09-17 17:00:00,    3,   9.1,  12.2,  13.2,  977.1,  17.8,  59.8,   9.9
2025-09-17 18:00:00,3,9.0,12.1,12.9,986.2,17.2,61.7,9.8
2025-09-17 19:00:00,3,9.6,12.8,13.0,978.0,16.3,68.9,10.6
2025-09-17 20:00:00,3,9.2,12.4,13.0,986.7,17.1,63.4,10.1
2025-09-17 21:00:00,3,9.5,12.7,13.1,987.0,16.7,66.8,10.5
2025-09-17 22:00:00,3,9.5,12.5,11.7,978.2,13.7,79.9,10.3
2025-09-17 23:00:00,3,8.8,11.6,10.3,978.0,11.7,84.0,9.1
2025-09-18 00:00:00,    3,   8.8,  11.6,  10.3,  978.1,  11.9,  82.9,   9.1
2025-09-18 01:00:00,    3,   9.5,  12.5,  11.9,  986.9,  14.0,  78.4,  10.3
2025-09-18 02:00:00,3,9.2,12.1,10.6,978.2,11.6,88.7,9.8
2025-09-18 03:00:00,3,9.4,12.3,10.5,977.8,11.2,92.3,10.0
2025-09-18 04:00:00,    3,   8.8,  11.5,   9.6,  977.3,  10.3,  91.6,   9.0
2025-09-18 05:00:00,    3,   8.8,  11.5,   9.6,  977.6,  10.4,  91.0,   9.0
2025-09-18 06:00:00,3,8.7,11.5,10.0,978.0,11.3,85.7,9.0
2025-09-18 07:00:00,    3,   9.6,  12.7,  12.3,  987.2,  14.8,  75.4,  10.5
2025-09-18 08:00:00,3,9.8,13.1,13.2,987.7,16.5,69.4,10.9
2025-09-18 09:00:00,3,10.7,14.4,15.3,987.7,19.7,62.7,12.4
2025-09-18 10:00:00,3,10.1,13.8,15.5,987.6,21.3,54.3,11.7
2025-09-18 11:00:00,3,7.9,10.7,14.3,978.6,22.7,38.9,8.0
2025-09-18 12:00:00,3,8.2,11.3,15.0,978.4,23.7,38.4,8.7
2025-09-18 13:00:00,3,8.4,11.5,15.3,987.0,24.3,37.8,9.0
2025-09-18 14:00:00,    3,   9.4,  13.0,  16.4,  986.9,  25.0,  40.9,  10.8
2025-09-18 15:00:00,    3,   9.9,  13.6,  16.6,  986.7,  24.8,  43.3,  11.5
2025-09-18 16:00:00,    3,   8.1,  11.1,  15.2,  986.8,  24.4,  36.3,   8.5
2025-09-18 17:00:00,3,8.7,12.0,15.1,987.0,23.1,42.3,9.6
2025-09-18 18:00:00,    3,   9.0,  12.2,  14.3,  987.4,  20.4,  50.9,   9.9
2025-09-18 19:00:00,3,9.2,12.2,12.0,979.4,14.9,72.0,9.9
2025-09-18 20:00:00,3,9.9,13.2,12.9,979.7,15.5,75.0,11.1
2025-09-18 21:00:00,    3,   9.1,  12.1,  11.7,  979.8,  14.1,  75.3,   9.8
2025-09-18 22:00:00,3,9.9,13.1,12.8,988.9,15.2,76.0,11.0
2025-09-18 23:00:00,    3,   9.8,  13.1,  12.5,  989.0,  14.8,  77.4,  10.9
2025-09-19 00:00:00,3,9.1,11.9,10.0,980.4,10.6,92.9,9.5
2025-09-19 01:00:00,    3,   9.0,  11.7,   9.7,  980.3,  10.2,  94.1,   9.3
2025-09-19 02:00:00,    3,   9.0,  11.9,  10.9,  988.8,  12.6,  81.4,   9.5
2025-09-19 03:00:00,    3,   8.7,  11.3,   9.0,  980.0,   9.3,  96.7,   8.8
2025-09-19 04:00:00,3,8.8,11.5,9.9,988.5,11.1,86.9,9.0
2025-09-19 05:00:00,3,8.5,11.2,9.6,988.5,10.8,86.2,8.6
2025-09-19 06:00:00,    3,   8.0,  10.4,   8.3,  980.1,   9.0,  90.9,   7.6
2025-09-19 07:00:00,    3,   8.8,  11.6,  10.8,  989.0,  12.9,  77.7,   9.1
2025-09-19 08:00:00,    3,   9.6,  12.7,  12.0,  980.3,  14.1,  78.9,  10.5
2025-09-19 09:00:00,    3,   9.4,  12.6,  13.6,  988.6,  18.2,  60.3,  10.4
2025-09-19 10:00:00,3,11.0,14.9,15.8,979.5,20.5,61.7,12.9
2025-09-19 11:00:00,3,10.8,14.8,17.1,987.9,24.1,49.2,12.8
2025-09-19 12:00:00,3,9.4,13.1,16.9,987.2,26.3,38.1,10.9
2025-09-19 13:00:00,    3,   7.7,  10.7,  16.1,  986.6,  27.5,  29.2,   8.0
2025-09-19 14:00:00,    3,   8.1,  11.3,  16.7,  986.1,  28.5,  28.9,   8.7
2025-09-19 15:00:00,    3,   9.1,  12.6,  17.6,  985.6,  28.9,  31.7,  10.4
2025-09-19 16:00:00,    3,  10.2,  14.2,  18.3,  985.3,  28.6,  36.3,  12.2
2025-09-19 17:00:00,    3,  10.7,  14.7,  17.3,  976.7,  24.9,  46.6,  12.7
2025-09-19 18:00:00,    3,   9.7,  13.3,  16.1,  985.3,  23.7,  45.4,  11.2
2025-09-19 19:00:00,    3,  10.9,  14.8,  16.3,  985.7,  22.0,  55.9,  12.8
2025-09-19 20:00:00,    3,  10.9,  14.6,  14.6,  977.2,  17.7,  72.0,  12.6
2025-09-19 21:00:00,    3,  11.3,  15.3,  15.5,  985.3,  19.1,  69.1,  13.3
2025-09-19 22:00:00,3,10.8,14.3,13.4,976.7,15.1,83.3,12.3
2025-09-19 23:00:00,3,11.5,15.4,15.1,985.0,17.7,75.9,13.4
2025-09-20 00:00:00,3,10.7,14.2,13.5,976.1,15.3,81.7,12.2
2025-09-20 01:00:00,    3,  11.2,  15.0,  14.3,  984.5,  16.3,  80.8,  13.0
2025-09-20 02:00:00,    3,  10.6,  14.0,  12.3,  975.4,  12.9,  93.6,  11.9
2025-09-20 03:00:00,3,10.6,14.0,12.2,975.2,12.6,95.5,11.9
2025-09-20 04:00:00,    3,  10.0,  13.1,  11.3,  974.8,  11.8,  94.8,  11.0
2025-09-20 05:00:00,    3,  11.3,  15.0,  13.8,  983.1,  14.9,  88.4,  13.0
2025-09-20 06:00:00,    3,  11.3,  15.0,  13.8,  983.2,  14.9,  88.4,  13.0
2025-09-20 07:00:00,3,11.6,15.6,15.1,982.9,17.5,77.9,13.6
2025-09-20 08:00:00,3,11.9,16.1,16.2,983.1,19.8,69.7,14.1
2025-09-20 09:00:00,3,12.7,17.4,18.0,982.8,22.9,62.3,15.3
2025-09-20 10:00:00,    3,  13.8,  19.0,  19.9,  973.5,  26.4,  55.2,  16.7
2025-09-20 11:00:00,    3,  11.4,  15.8,  18.9,  972.7,  28.1,  41.5,  13.8
2025-09-20 12:00:00,    3,  10.5,  14.7,  18.6,  971.8,  28.8,  37.1,  12.7
2025-09-20 13:00:00,3,11.0,15.4,19.3,979.9,29.8,36.7,13.4
2025-09-20 14:00:00,    3,  11.4,  16.0,  19.7,  970.9,  30.4,  36.8,  14.0
2025-09-20 15:00:00,    3,  12.2,  17.1,  20.3,  970.4,  30.7,  38.6,  15.0
2025-09-20 16:00:00,    3,  13.0,  18.1,  20.2,  970.2,  28.9,  45.4,  15.9
2025-09-20 17:00:00,    3,  11.8,  16.4,  19.6,  978.8,  29.2,  40.5,  14.4
2025-09-20 18:00:00,    3,  11.5,  15.8,  17.3,  970.5,  23.4,  54.8,  13.8
2025-09-20 19:00:00,3,11.3,15.4,16.4,971.0,21.5,59.9,13.4
2025-09-20 20:00:00,3,11.4,15.5,16.3,970.9,21.0,62.2,13.5
2025-09-20 21:00:00,    3,  11.6,  15.7,  16.1,  970.7,  20.2,  66.2,  13.7
2025-09-20 22:00:00,3,12.5,17.0,17.1,978.8,21.0,68.1,14.9
2025-09-20 23:00:00,3,12.4,16.9,16.8,978.5,20.2,71.1,14.8
2025-09-21 00:00:00,    3,  11.4,  15.3,  14.5,  969.6,  16.5,  81.4,  13.3
2025-09-21 01:00:00,    3,  11.6,  15.5,  14.3,  969.4,  15.7,  86.7,  13.5
2025-09-21 02:00:00,    3,  11.6,  15.5,  14.3,  968.8,  15.5,  87.9,  13.5
2025-09-21 03:00:00,    3,  11.6,  15.4,  14.1,  968.2,  15.2,  89.0,  13.4
2025-09-21 04:00:00,3,11.9,15.9,14.5,968.0,15.6,89.6,13.9
2025-09-21 05:00:00,3,11.9,15.8,14.4,967.6,15.5,89.6,13.8
2025-09-21 06:00:00,3,11.6,15.8,16.5,976.3,21.0,63.4,13.8
2025-09-21 07:00:00,    3,  11.5,  15.6,  16.5,  977.0,  21.4,  61.1,  13.6
2025-09-21 08:00:00,    3,  11.6,  15.7,  16.4,  968.6,  21.0,  63.0,  13.7
2025-09-21 09:00:00,3,12.4,16.8,16.6,977.7,20.0,71.5,14.7
2025-09-21 10:00:00,3,12.3,16.8,17.0,977.5,21.0,67.2,14.7
2025-09-21 11:00:00,    3,  12.5,  17.0,  17.1,  977.3,  21.1,  67.7,  14.9
2025-09-21 12:00:00,3,12.1,16.4,16.7,977.6,20.6,67.6,14.4
2025-09-21 13:00:00,3,12.7,17.2,16.8,977.8,19.8,74.3,15.1
2025-09-21 14:00:00,    3,  12.8,  17.3,  16.8,  977.4,  19.5,  76.2,  15.2
2025-09-21 15:00:00,    3,  12.7,  17.1,  16.2,  977.4,  18.3,  81.1,  15.0
2025-09-21 16:00:00,    3,  12.9,  17.3,  15.7,  977.3,  16.6,  91.4,  15.2
2025-09-21 17:00:00,    3,  12.5,  16.8,  15.3,  977.7,  16.2,  90.8,  14.7
2025-09-21 18:00:00,    3,  12.5,  16.6,  15.0,  968.2,  15.7,  93.2,  14.6
2025-09-21 19:00:00,    3,  12.6,  16.8,  14.9,  969.6,  15.3,  96.2,  14.7
2025-09-21 20:00:00,    3,  11.5,  15.2,  13.5,  969.2,  14.1,  94.3,  13.2
2025-09-21 21:00:00,    3,  10.9,  14.4,  12.6,  978.5,  12.8,  97.4,  12.4
2025-09-21 22:00:00,    3,  10.2,  13.5,  11.7,  978.8,  12.1,  95.5,  11.4
2025-09-21 23:00:00,3,9.9,13.0,11.1,978.5,11.6,94.8,10.8
2025-09-22 00:00:00,    3,  10.0,  13.1,  11.2,  968.7,  11.6,  96.1,  11.0
2025-09-22 01:00:00,    3,   9.9,  13.1,  11.0,  977.8,  11.2,  98.0,  10.9
2025-09-22 02:00:00,    3,  10.1,  13.2,  11.1,  977.3,  11.2,  99.3,  11.1
2025-09-22 03:00:00,    3,   9.9,  13.0,  10.9,  976.6,  11.0,  98.7,  10.8
2025-09-22 04:00:00,    3,   9.9,  13.1,  11.0,  976.3,  11.1,  98.7,  10.9
2025-09-22 05:00:00,    3,  10.0,  13.1,  11.1,  976.6,  11.2,  98.7,  11.0
2025-09-22 06:00:00,3,9.9,13.1,11.0,977.2,11.2,98.0,10.9
2025-09-22 07:00:00,    3,   9.6,  12.5,  10.6,  967.6,  10.9,  96.1,  10.3
2025-09-22 08:00:00,    3,   9.7,  12.7,  10.7,  968.0,  11.0,  96.7,  10.5
2025-09-22 09:00:00,3,9.6,12.6,10.7,968.5,11.0,96.1,10.4
2025-09-22 10:00:00,    3,   9.7,  12.7,  10.7,  978.7,  10.9,  97.4,  10.5
2025-09-22 11:00:00,3,9.4,12.4,10.5,969.0,11.0,94.2,10.1
2025-09-22 12:00:00,    3,   9.5,  12.5,  10.7,  969.0,  11.4,  92.3,  10.2
2025-09-22 13:00:00,    3,   9.2,  12.1,  10.5,  969.1,  11.5,  89.3,   9.8
2025-09-22 14:00:00,    3,   9.2,  12.0,  10.3,  969.2,  11.1,  91.1,   9.7
2025-09-22 15:00:00,    3,   8.9,  11.6,   9.9,  969.1,  10.8,  89.8,   9.2
2025-09-22 16:00:00,3,8.5,11.1,9.5,979.1,10.7,86.2,8.5
2025-09-22 17:00:00,3,8.5,11.1,9.4,979.8,10.5,87.4,8.5
2025-09-22 18:00:00,3,8.0,10.5,8.9,980.6,10.3,83.9,7.7
2025-09-22 19:00:00,    3,   8.3,  10.8,   8.7,  971.9,   9.3,  92.2,   8.1
2025-09-22 20:00:00,    3,   7.5,   9.8,   8.1,  982.0,   9.7,  81.5,   6.7
2025-09-22 21:00:00,    3,   7.7,  10.1,   8.1,  972.9,   9.2,  86.7,   7.1
2025-09-22 22:00:00,3,8.0,10.4,8.2,973.0,8.9,90.9,7.5
2025-09-22 23:00:00,3,8.1,10.6,8.3,972.5,8.8,93.4,7.8
2025-09-23 00:00:00,3,8.4,10.9,8.5,972.4,8.8,96.0,8.2
2025-09-23 01:00:00,    3,   8.5,  11.0,   8.9,  982.1,   9.5,  92.8,   8.4
2025-09-23 02:00:00,    3,   8.5,  11.1,   8.9,  981.9,   9.4,  94.1,   8.5
2025-09-23 03:00:00,    3,   8.5,  11.0,   8.9,  982.0,   9.5,  92.8,   8.4
2025-09-23 04:00:00,    3,   8.4,  11.0,   8.8,  981.6,   9.5,  92.2,   8.3
2025-09-23 05:00:00,3,8.4,11.0,8.8,981.7,9.5,92.2,8.3
2025-09-23 06:00:00,    3,   8.3,  10.8,   8.7,  982.2,   9.5,  91.0,   8.1
2025-09-23 07:00:00,    3,   8.3,  10.8,   8.7,  972.6,   9.4,  91.6,   8.1
2025-09-23 08:00:00,    3,   8.5,  11.0,   8.9,  973.3,   9.5,  92.8,   8.4
2025-09-23 09:00:00,    3,   8.3,  10.8,   8.7,  973.6,   9.5,  91.0,   8.1
2025-09-23 10:00:00,    3,   8.4,  11.0,   9.1,  973.0,  10.0,  89.8,   8.4
2025-09-23 11:00:00,    3,   8.4,  11.0,   9.3,  972.7,  10.4,  86.8,   8.3
2025-09-23 12:00:00,    3,   8.1,  10.6,   9.5,  981.7,  11.5,  78.0,   7.8
2025-09-23 13:00:00,3,8.6,11.3,9.7,971.6,10.7,88.0,8.8
2025-09-23 14:00:00,    3,   8.9,  11.6,  10.0,  970.9,  10.9,  89.2,   9.2
2025-09-23 15:00:00,3,8.4,11.1,10.3,979.9,12.5,76.5,8.5
2025-09-23 16:00:00,3,8.6,11.3,10.1,971.0,11.8,81.3,8.7
2025-09-23 17:00:00,    3,   8.3,  11.0,  10.3,  980.4,  12.7,  74.5,   8.3
2025-09-23 18:00:00,3,8.5,11.3,10.2,981.0,12.1,79.7,8.7
2025-09-23 19:00:00,3,8.7,11.4,10.1,981.4,11.5,84.0,8.9
2025-09-23 20:00:00,3,9.0,11.8,10.0,981.4,10.8,91.0,9.4
2025-09-23 21:00:00,3,8.9,11.6,10.0,972.4,10.9,89.2,9.2
2025-09-23 22:00:00,    3,   8.9,  11.6,   9.6,  972.4,  10.1,  94.1,   9.2
2025-09-23 23:00:00,    3,   8.7,  11.4,   9.6,  981.7,  10.5,  89.8,   8.9
2025-09-24 00:00:00,    3,   8.8,  11.6,   9.5,  972.0,  10.0,  94.1,   9.1
2025-09-24 01:00:00,3,8.9,11.6,9.4,981.2,9.8,95.4,9.1
2025-09-24 02:00:00,3,8.9,11.6,9.5,981.0,9.8,96.0,9.2
2025-09-24 03:00:00,    3,   8.8,  11.6,   9.5,  971.2,  10.0,  94.1,   9.1
2025-09-24 04:00:00,    3,   8.8,  11.5,   9.4,  980.2,   9.9,  94.1,   9.0
2025-09-24 05:00:00,    3,   8.7,  11.4,   9.2,  980.0,   9.6,  95.4,   8.9
2025-09-24 06:00:00,    3,   8.6,  11.2,   9.0,  979.5,   9.4,  94.7,   8.6
2025-09-24 07:00:00,    3,   8.6,  11.2,   9.1,  970.7,   9.7,  92.8,   8.6
2025-09-24 08:00:00,3,8.6,11.2,9.1,971.0,9.8,92.2,8.6
2025-09-24 09:00:00,3,8.5,11.0,8.9,981.0,9.4,93.5,8.4
2025-09-24 10:00:00,    3,   8.5,  11.1,   9.0,  970.9,   9.6,  92.8,   8.5
2025-09-24 11:00:00,    3,   8.5,  11.1,   9.1,  971.5,   9.8,  91.6,   8.5
2025-09-24 12:00:00,    3,   8.6,  11.2,   9.1,  971.0,   9.7,  92.8,   8.6
2025-09-24 13:00:00,    3,   8.5,  11.0,   8.7,  980.3,   9.0,  96.0,   8.4
2025-09-24 14:00:00,    3,   8.5,  11.0,   8.7,  980.0,   9.0,  96.0,   8.4
2025-09-24 15:00:00,    3,   8.4,  11.0,   8.6,  980.2,   8.9,  96.0,   8.3
2025-09-24 16:00:00,    3,   8.5,  11.0,   8.7,  980.0,   9.0,  96.0,   8.4
2025-09-24 17:00:00,    3,   8.5,  11.0,   8.6,  970.7,   8.9,  96.7,   8.4
2025-09-24 18:00:00,    3,   8.4,  11.0,   8.6,  970.9,   8.9,  96.0,   8.3
2025-09-24 19:00:00,    3,   8.5,  11.1,   8.8,  970.7,   9.1,  96.0,   8.5
2025-09-24 20:00:00,    3,   8.7,  11.4,   9.1,  970.7,   9.4,  96.7,   8.9
2025-09-24 21:00:00,    3,   8.7,  11.4,   9.1,  970.7,   9.4,  96.7,   8.9
2025-09-24 22:00:00,    3,   8.9,  11.6,   9.3,  979.7,   9.6,  96.7,   9.1
2025-09-24 23:00:00,    3,   8.9,  11.6,   9.4,  979.2,   9.6,  97.3,   9.2
2025-09-25 00:00:00,3,9.0,11.7,9.5,979.3,9.7,97.3,9.3
2025-09-25 01:00:00,    3,   9.0,  11.7,   9.4,  970.0,   9.6,  98.0,   9.3
2025-09-25 02:00:00,3,9.0,11.8,9.6,979.1,9.9,96.7,9.4
2025-09-25 03:00:00,    3,   9.1,  11.9,   9.7,  978.9,   9.9,  97.3,   9.5
2025-09-25 04:00:00,3,9.2,12.0,9.7,978.6,9.9,98.0,9.6
2025-09-25 05:00:00,    3,   8.6,  11.3,   9.0,  969.8,   9.4,  95.4,   8.7
2025-09-25 06:00:00,    3,   8.7,  11.3,   9.1,  970.0,   9.4,  96.0,   8.8
2025-09-25 07:00:00,    3,   8.7,  11.4,   9.2,  970.7,   9.6,  95.4,   8.9
2025-09-25 08:00:00,    3,   8.7,  11.4,   9.3,  970.7,   9.9,  93.5,   8.9
2025-09-25 09:00:00,    3,   8.9,  11.6,   9.5,  980.0,   9.8,  96.0,   9.2
2025-09-25 10:00:00,    3,   8.9,  11.6,   9.7,  971.5,  10.3,  92.9,   9.2
2025-09-25 11:00:00,3,9.0,11.8,9.9,980.4,10.6,92.3,9.4
2025-09-25 12:00:00,    3,   9.0,  11.9,  10.3,  971.0,  11.4,  88.1,   9.5
2025-09-25 13:00:00,    3,   9.0,  11.9,  10.3,  971.2,  11.3,  88.7,   9.5
2025-09-25 14:00:00,    3,   9.1,  11.9,  10.1,  980.6,  10.8,  91.7,   9.5
2025-09-25 15:00:00,3,8.8,11.5,9.8,971.8,10.7,89.2,9.0
2025-09-25 16:00:00,3,9.2,12.0,10.1,981.3,10.7,93.5,9.7
2025-09-25 17:00:00,3,8.7,11.3,9.5,972.6,10.3,90.4,8.8
2025-09-25 18:00:00,    3,   8.9,  11.6,   9.4,  982.2,   9.7,  96.0,   9.1
2025-09-25 19:00:00,    3,   8.8,  11.5,   9.3,  982.4,   9.6,  96.0,   9.0
2025-09-25 20:00:00,    3,   8.4,  11.0,   8.5,  982.7,   8.8,  96.7,   8.3
2025-09-25 21:00:00,    3,   8.0,  10.4,   7.8,  983.0,   8.0,  97.3,   7.6
2025-09-25 22:00:00,    3,   7.9,  10.3,   7.5,  983.4,   7.6,  98.6,   7.4
2025-09-25 23:00:00,3,7.7,10.0,7.1,983.3,7.2,98.6,7.0
2025-09-26 00:00:00,3,7.7,10.0,7.1,983.2,7.2,98.6,7.0
2025-09-26 01:00:00,3,7.8,10.1,7.1,982.9,7.1,100.0,7.1
2025-09-26 02:00:00,3,7.2,9.3,5.9,973.6,5.9,100.0,5.9
2025-09-26 03:00:00,3,7.6,9.8,6.7,982.8,6.8,99.3,6.7
2025-09-26 04:00:00,    3,   7.4,   9.6,   6.4,  982.9,   6.5,  98.6,   6.3
2025-09-26 05:00:00,    3,   7.8,  10.2,   7.3,  973.3,   7.4,  98.6,   7.2
2025-09-26 06:00:00,    3,   8.1,  10.5,   7.8,  973.5,   7.9,  98.6,   7.7
2025-09-26 07:00:00,    3,   8.3,  10.7,   8.1,  973.7,   8.2,  98.6,   8.0
2025-09-26 08:00:00,    3,   8.5,  11.0,   8.5,  973.7,   8.7,  98.0,   8.4
2025-09-26 09:00:00,3,8.6,11.2,9.2,983.0,10.0,91.0,8.6
2025-09-26 10:00:00,    3,   9.0,  11.7,   9.8,  973.4,  10.5,  92.3,   9.3
2025-09-26 11:00:00,    3,   8.7,  11.4,   9.8,  982.9,  10.8,  88.0,   8.9
2025-09-26 12:00:00,3,8.8,11.6,10.0,982.4,11.1,87.5,9.1
2025-09-26 13:00:00,3,8.9,11.7,10.2,982.2,11.3,87.5,9.3
2025-09-26 14:00:00,    3,   9.2,  12.1,  10.4,  972.6,  11.1,  91.7,   9.8
2025-09-26 15:00:00,    3,   9.4,  12.3,  10.6,  972.4,  11.3,  91.7,  10.0
2025-09-26 16:00:00,    3,   9.3,  12.3,  10.7,  981.9,  11.7,  89.3,  10.0
2025-09-26 17:00:00,    3,   9.4,  12.3,  10.6,  972.7,  11.4,  91.1,  10.0
2025-09-26 18:00:00,    3,   9.5,  12.5,  10.8,  982.2,  11.4,  92.9,  10.3
2025-09-26 19:00:00,    3,   9.4,  12.3,  10.5,  973.3,  11.2,  92.3,  10.0
2025-09-26 20:00:00,    3,   9.5,  12.5,  10.6,  982.3,  11.1,  94.2,  10.2
2025-09-26 21:00:00,3,9.4,12.3,10.3,972.7,10.6,96.1,10.0
2025-09-26 22:00:00,3,9.4,12.3,10.2,972.8,10.5,96.7,10.0
2025-09-26 23:00:00,    3,   9.4,  12.3,  10.3,  982.2,  10.8,  94.8,  10.0
2025-09-27 00:00:00,3,9.4,12.4,10.4,982.5,10.8,95.4,10.1
2025-09-27 01:00:00,    3,   9.4,  12.4,  10.3,  973.3,  10.6,  96.7,  10.1
2025-09-27 02:00:00,3,9.4,12.4,10.3,982.5,10.6,96.7,10.1
2025-09-27 03:00:00,3,9.2,12.0,10.0,973.3,10.3,96.1,9.7
2025-09-27 04:00:00,3,9.1,11.9,9.6,973.4,9.8,98.0,9.5
2025-09-27 05:00:00,    3,   9.2,  12.0,   9.9,  982.6,  10.1,  97.3,   9.7
2025-09-27 06:00:00,    3,   9.1,  12.0,   9.8,  974.1,  10.1,  96.7,   9.6
2025-09-27 07:00:00,    3,   9.3,  12.1,  10.1,  974.4,  10.5,  95.4,   9.8
2025-09-27 08:00:00,    3,   9.2,  12.0,  10.2,  983.9,  10.9,  92.3,   9.7
2025-09-27 09:00:00,    3,   9.2,  12.0,  10.3,  975.3,  11.1,  91.1,   9.7
2025-09-27 10:00:00,    3,   9.2,  12.1,  10.5,  975.4,  11.3,  90.5,   9.8
2025-09-27 11:00:00,    3,   8.9,  11.6,  10.3,  975.5,  11.6,  85.2,   9.2
2025-09-27 12:00:00,    3,   9.2,  12.1,  10.8,  984.8,  12.0,  86.4,   9.8
2025-09-27 13:00:00,3,9.3,12.3,11.2,975.3,12.8,83.1,10.0
2025-09-27 14:00:00,3,8.7,11.6,11.8,984.4,15.2,67.3,9.2
2025-09-27 15:00:00,3,8.8,11.6,11.3,984.4,14.0,72.8,9.2
2025-09-27 16:00:00,    3,   9.0,  12.0,  11.5,  984.3,  14.0,  74.8,   9.6
2025-09-27 17:00:00,    3,   9.0,  11.8,  10.7,  975.2,  12.4,  81.9,   9.4
2025-09-27 18:00:00,    3,   9.4,  12.4,  10.7,  975.5,  11.6,  90.5,  10.1
2025-09-27 19:00:00,3,9.3,12.3,11.0,984.7,12.4,85.3,10.0
2025-09-27 20:00:00,3,9.5,12.5,10.9,985.1,11.9,89.3,10.2
2025-09-27 21:00:00,3,9.4,12.4,10.8,985.2,11.7,89.9,10.1
2025-09-27 22:00:00,3,9.5,12.5,10.9,985.3,11.7,90.5,10.2
2025-09-27 23:00:00,    3,   9.3,  12.2,  10.2,  975.7,  10.5,  96.1,   9.9
2025-09-28 00:00:00,    3,   9.4,  12.3,  10.2,  984.4,  10.5,  96.7,  10.0
2025-09-28 01:00:00,    3,   8.6,  11.2,   8.6,  975.3,   8.6, 100.0,   8.6
2025-09-28 02:00:00,3,7.9,10.2,7.3,975.2,7.3,100.0,7.3
2025-09-28 03:00:00,3,8.5,11.0,8.6,984.5,8.8,97.3,8.4
2025-09-28 04:00:00,3,8.7,11.3,8.7,975.6,8.7,100.0,8.7
2025-09-28 05:00:00,    3,   8.4,  10.9,   8.4,  975.4,   8.6,  97.3,   8.2
2025-09-28 06:00:00,    3,   9.0,  11.8,   9.6,  984.6,   9.9,  96.7,   9.4
2025-09-28 07:00:00,    3,   9.3,  12.1,  10.0,  984.8,  10.2,  97.4,   9.8
2025-09-28 08:00:00,    3,   9.4,  12.3,  10.3,  984.7,  10.7,  95.4,  10.0
2025-09-28 09:00:00,    3,   9.4,  12.4,  10.7,  984.9,  11.5,  91.1,  10.1
2025-09-28 10:00:00,3,8.9,11.7,9.9,975.6,10.7,91.0,9.3
2025-09-28 11:00:00,    3,   9.0,  11.9,  10.7,  984.6,  12.2,  83.5,   9.5
2025-09-28 12:00:00,    3,   9.0,  11.9,  11.1,  984.2,  13.2,  78.2,   9.5
2025-09-28 13:00:00,    3,   9.3,  12.4,  11.8,  983.8,  14.1,  76.8,  10.1
2025-09-28 14:00:00,3,8.8,11.7,11.3,983.5,13.8,74.2,9.3
2025-09-28 15:00:00,    3,   8.9,  11.8,  11.2,  974.2,  13.6,  75.7,   9.4
2025-09-28 16:00:00,    3,   9.0,  12.0,  11.5,  983.5,  14.0,  74.8,   9.6
2025-09-28 17:00:00,    3,   9.0,  11.9,  11.2,  974.4,  13.3,  77.7,   9.5
2025-09-28 18:00:00,    3,   8.8,  11.6,  11.0,  974.6,  13.2,  76.7,   9.2
2025-09-28 19:00:00,3,8.8,11.6,10.8,975.0,12.9,78.2,9.2
2025-09-28 20:00:00,    3,   9.1,  12.0,  10.7,  984.3,  12.0,  85.8,   9.7
2025-09-28 21:00:00,    3,   9.0,  11.8,  10.1,  984.3,  11.0,  89.8,   9.4
2025-09-28 22:00:00,    3,   9.0,  11.7,   9.6,  984.3,  10.0,  95.4,   9.3
2025-09-28 23:00:00,    3,   8.6,  11.2,   8.8,  984.2,   9.1,  96.7,   8.6
2025-09-29 00:00:00,    3,   8.0,  10.4,   7.5,  975.0,   7.5, 100.0,   7.5
2025-09-29 01:00:00,    3,   7.4,   9.5,   6.2,  974.8,   6.3,  99.3,   6.2
2025-09-29 02:00:00,    3,   7.8,  10.2,   7.4,  974.8,   7.7,  96.6,   7.2
2025-09-29 03:00:00,3,8.1,10.5,7.9,983.9,8.2,96.6,7.7
2025-09-29 04:00:00,    3,   8.0,  10.4,   7.5,  974.6,   7.6,  99.3,   7.5
2025-09-29 05:00:00,3,8.0,10.4,7.5,984.0,7.6,99.3,7.5
2025-09-29 06:00:00,3,8.2,10.6,7.8,984.2,7.9,99.3,7.8
2025-09-29 07:00:00,    3,   8.5,  11.1,   8.7,  984.4,   9.0,  96.7,   8.5
2025-09-29 08:00:00,    3,   8.7,  11.4,   9.4,  984.6,  10.0,  92.9,   8.9
2025-09-29 09:00:00,3,9.1,12.0,10.9,984.7,12.4,83.6,9.7
2025-09-29 10:00:00,3,9.2,12.2,12.3,984.4,15.4,69.7,9.9
2025-09-29 11:00:00,    3,  10.1,  13.5,  13.3,  984.3,  16.1,  73.6,  11.4
2025-09-29 12:00:00,3,9.4,12.5,12.7,984.0,15.9,69.3,10.3
2025-09-29 13:00:00,3,9.6,12.9,13.2,974.5,16.7,67.7,10.7
2025-09-29 14:00:00,3,9.3,12.5,12.9,974.4,16.7,65.4,10.2
2025-09-29 15:00:00,    3,   9.8,  13.1,  13.2,  983.5,  16.5,  69.4,  10.9
2025-09-29 16:00:00,3,10.2,13.6,13.3,983.7,15.9,75.1,11.5
2025-09-29 17:00:00,    3,  10.3,  13.8,  13.2,  984.2,  15.3,  79.1,  11.7
2025-09-29 18:00:00,    3,  10.1,  13.4,  12.6,  984.3,  14.5,  81.1,  11.3
2025-09-29 19:00:00,    3,  10.2,  13.6,  12.5,  984.4,  13.9,  85.4,  11.5
2025-09-29 20:00:00,3,9.8,12.9,11.5,975.5,12.7,87.6,10.7
2025-09-29 21:00:00,    3,  10.4,  13.8,  12.2,  984.4,  13.0,  91.8,  11.7
2025-09-29 22:00:00,    3,  10.3,  13.6,  12.1,  984.5,  12.9,  91.2,  11.5
2025-09-29 23:00:00,    3,   9.7,  12.7,  11.1,  975.2,  11.9,  91.1,  10.5
2025-09-30 00:00:00,3,9.9,13.1,11.3,984.3,11.8,94.2,10.9
2025-09-30 01:00:00,3,9.8,12.9,11.0,984.1,11.5,94.8,10.7
2025-09-30 02:00:00,    3,   9.6,  12.6,  10.7,  983.9,  11.0,  96.1,  10.4
2025-09-30 03:00:00,    3,   9.7,  12.8,  10.9,  983.8,  11.3,  95.4,  10.6
2025-09-30 04:00:00,    3,   9.4,  12.3,  10.2,  974.6,  10.5,  96.7,  10.0
2025-09-30 05:00:00,    3,   9.3,  12.2,  10.1,  974.6,  10.4,  96.7,   9.9
2025-09-30 06:00:00,    3,   9.4,  12.4,  10.5,  974.8,  11.1,  93.5,  10.1
2025-09-30 07:00:00,3,9.6,12.6,11.0,975.3,11.8,91.1,10.4
2025-09-30 08:00:00,    3,   9.6,  12.7,  11.3,  985.1,  12.3,  88.7,  10.5
2025-09-30 09:00:00,3,9.7,12.8,11.6,975.9,12.9,85.9,10.6
2025-09-30 10:00:00,    3,   9.6,  12.7,  12.0,  985.2,  13.9,  79.9,  10.5
2025-09-30 11:00:00,3,9.6,12.8,12.2,985.2,14.3,78.4,10.6
2025-09-30 12:00:00,    3,   8.9,  11.8,  11.8,  985.5,  14.9,  69.6,   9.4
2025-09-30 13:00:00,    3,   9.2,  12.3,  12.0,  976.1,  14.7,  73.4,  10.0
2025-09-30 14:00:00,    3,   8.7,  11.6,  11.8,  975.8,  15.2,  66.9,   9.1
2025-09-30 15:00:00,    3,   8.7,  11.5,  10.5,  985.6,  12.4,  79.7,   9.0
2025-09-30 16:00:00,    3,   9.1,  12.0,  11.1,  986.1,  12.9,  80.9,   9.7
2025-09-30 17:00:00,    3,   9.3,  12.2,  11.0,  986.3,  12.5,  84.1,   9.9
2025-09-30 18:00:00,3,9.2,12.1,10.7,986.6,11.8,87.5,9.8
2025-09-30 19:00:00,3,9.5,12.5,10.8,977.9,11.5,92.3,10.3
2025-09-30 20:00:00,    3,   8.8,  11.6,   9.9,  987.5,  10.8,  89.2,   9.1
2025-09-30 21:00:00,    3,   8.6,  11.2,   9.1,  978.3,   9.6,  93.5,   8.6
2025-09-30 22:00:00,    3,   8.2,  10.6,   8.0,  978.5,   8.2,  97.3,   7.8
2025-09-30 23:00:00,    3,   8.4,  11.0,   8.6,  987.9,   9.0,  95.4,   8.3
2025-10-01 00:00:00,    3,   8.3,  10.7,   8.2,  978.6,   8.5,  96.7,   8.0
2025-10-01 01:00:00,3,8.2,10.7,8.3,988.0,8.7,95.4,8.0
2025-10-01 02:00:00,    3,   8.2,  10.7,   8.2,  987.8,   8.5,  96.0,   7.9
2025-10-01 03:00:00,    3,   7.6,   9.9,   7.0,  978.6,   7.3,  96.6,   6.8
2025-10-01 04:00:00,3,8.1,10.4,7.7,988.3,7.8,98.6,7.6
2025-10-01 05:00:00,3,7.6,9.9,7.0,988.9,7.2,97.3,6.8
2025-10-01 06:00:00,3,7.1,9.1,5.6,979.8,5.7,99.3,5.6
2025-10-01 07:00:00,3,7.9,10.2,7.4,980.3,7.5,98.6,7.3
2025-10-01 08:00:00,3,8.3,10.8,8.5,990.3,9.0,94.1,8.1
2025-10-01 09:00:00,    3,   7.8,  10.2,   8.6,  980.8,  10.1,  82.1,   7.2
2025-10-01 10:00:00,    3,   8.1,  10.7,   9.7,  980.7,  11.8,  77.0,   7.9
2025-10-01 11:00:00,    3,   7.7,  10.2,   9.8,  980.5,  12.8,  69.2,   7.3
2025-10-01 12:00:00,3,6.4,8.5,9.3,990.0,14.2,52.7,4.7
2025-10-01 13:00:00,    3,   6.3,   8.4,   9.4,  990.1,  14.7,  50.0,   4.4
2025-10-01 14:00:00,    3,   6.0,   8.0,   9.1,  989.9,  14.6,  47.9,   3.7
2025-10-01 15:00:00,3,5.8,7.6,8.5,989.8,13.7,48.6,3.1
2025-10-01 16:00:00,3,5.6,7.4,8.0,989.9,13.1,48.8,2.6
2025-10-01 17:00:00,3,6.0,7.9,7.7,990.3,11.7,57.0,3.5
2025-10-01 18:00:00,3,6.1,7.9,6.3,981.3,8.8,69.8,3.6
2025-10-01 19:00:00,    3,   6.3,   8.3,   6.7,  991.4,   9.1,  71.3,   4.2
2025-10-01 20:00:00,    3,   6.3,   8.2,   6.2,  991.4,   8.1,  75.8,   4.1
2025-10-01 21:00:00,3,6.4,8.3,5.1,981.7,6.0,88.2,4.2
2025-10-01 22:00:00,    3,   6.2,   8.0,   4.9,  981.6,   5.9,  85.7,   3.7
2025-10-01 23:00:00,    3,   6.4,   8.3,   5.2,  991.0,   6.1,  88.2,   4.3
2025-10-02 00:00:00,    3,   6.4,   8.2,   4.9,  991.0,   5.7,  89.4,   4.1
2025-10-02 01:00:00,    3,   6.2,   8.0,   4.2,  990.8,   4.7,  93.2,   3.7
2025-10-02 02:00:00,    3,   5.9,   7.5,   3.3,  980.9,   3.7,  94.5,   2.9
2025-10-02 03:00:00,    3,   5.5,   7.0,   2.4,  980.9,   2.8,  93.8,   1.9
2025-10-02 04:00:00,    3,   5.8,   7.4,   3.0,  981.0,   3.3,  95.8,   2.7
2025-10-02 05:00:00,    3,   5.7,   7.2,   2.4,  981.1,   2.5,  98.6,   2.3
2025-10-02 06:00:00,3,5.6,7.1,2.7,991.1,3.1,93.1,2.1
2025-10-02 07:00:00,3,5.9,7.5,3.8,991.6,4.6,88.7,2.9
2025-10-02 08:00:00,3,6.3,8.1,5.7,991.4,7.2,80.0,4.0
2025-10-02 09:00:00,    3,   6.6,   8.6,   6.9,  981.8,   8.9,  75.4,   4.8
2025-10-02 10:00:00,    3,   6.5,   8.5,   7.5,  981.6,  10.2,  68.6,   4.7
2025-10-02 11:00:00,    3,   6.6,   8.8,   9.0,  990.8,  13.2,  57.8,   5.1
2025-10-02 12:00:00,    3,   6.3,   8.4,   8.4,  980.6,  12.4,  58.0,   4.4
2025-10-02 13:00:00,    3,   6.0,   7.9,   8.3,  980.2,  13.0,  52.7,   3.6
2025-10-02 14:00:00,3,5.8,7.7,8.9,989.2,14.4,47.1,3.3
2025-10-02 15:00:00,    3,   6.2,   8.3,   8.8,  979.5,  13.6,  52.9,   4.2
2025-10-02 16:00:00,3,6.0,7.9,8.1,979.7,12.6,53.8,3.5
2025-10-02 17:00:00,    3,   6.1,   8.0,   7.6,  988.8,  11.3,  59.4,   3.7
2025-10-02 18:00:00,    3,   6.2,   8.1,   7.0,  988.8,  10.0,  65.7,   3.9
2025-10-02 19:00:00,3,6.4,8.3,5.9,979.8,7.4,80.6,4.3
2025-10-02 20:00:00,    3,   6.2,   8.0,   4.9,  979.7,   5.9,  85.7,   3.7
2025-10-02 21:00:00,3,6.1,7.9,4.7,979.5,5.8,85.1,3.5
2025-10-02 22:00:00,3,6.1,7.9,5.0,988.4,6.3,82.8,3.6
2025-10-02 23:00:00,    3,   6.3,   8.1,   5.0,  988.0,   6.0,  86.3,   3.9
2025-10-03 00:00:00,    3,   5.9,   7.5,   3.3,  978.1,   3.7,  94.5,   2.9
2025-10-03 01:00:00,    3,   5.5,   7.0,   2.1,  977.3,   2.3,  97.2,   1.9
2025-10-03 02:00:00,    3,   6.0,   7.7,   3.8,  986.6,   4.3,  92.5,   3.2
2025-10-03 03:00:00,3,6.0,7.6,3.7,986.5,4.2,92.5,3.1
2025-10-03 04:00:00,3,5.7,7.3,3.0,986.1,3.4,93.8,2.5
2025-10-03 05:00:00,    3,   5.7,   7.3,   2.9,  986.1,   3.3,  93.8,   2.4
2025-10-03 06:00:00,    3,   5.5,   7.1,   2.3,  986.0,   2.5,  96.5,   2.0
2025-10-03 07:00:00,3,5.6,7.2,3.6,976.8,4.7,84.4,2.3
2025-10-03 08:00:00,3,6.1,7.9,5.2,976.7,6.6,81.1,3.6
2025-10-03 09:00:00,    3,   6.3,   8.2,   7.2,  985.5,  10.1,  66.2,   4.1
2025-10-03 10:00:00,    3,   6.2,   8.1,   7.1,  975.8,  10.2,  64.8,   3.9
2025-10-03 11:00:00,    3,   5.6,   7.4,   7.7,  985.0,  12.4,  51.5,   2.7
2025-10-03 12:00:00,    3,   5.8,   7.6,   8.3,  974.6,  13.5,  49.3,   3.1
2025-10-03 13:00:00,3,5.7,7.5,8.7,983.2,14.4,45.8,2.9
2025-10-03 14:00:00,    3,   5.9,   7.9,   8.8,  982.7,  14.1,  48.7,   3.5
2025-10-03 15:00:00,    3,   6.4,   8.4,   9.0,  982.2,  13.7,  53.7,   4.5
2025-10-03 16:00:00,    3,   6.5,   8.6,   8.9,  982.0,  13.2,  56.6,   4.8
2025-10-03 17:00:00,    3,   6.4,   8.4,   8.5,  981.8,  12.6,  57.7,   4.5
2025-10-03 18:00:00,    3,   6.5,   8.5,   8.5,  981.8,  12.3,  59.7,   4.7
2025-10-03 19:00:00,3,8.0,10.4,9.0,972.2,10.7,81.1,7.6
2025-10-03 20:00:00,    3,   7.5,   9.9,   8.8,  980.7,  11.1,  74.8,   6.8
2025-10-03 21:00:00,3,7.4,9.7,8.6,980.3,10.9,74.2,6.5
2025-10-03 22:00:00,    3,   7.7,  10.0,   8.5,  970.4,  10.2,  80.5,   7.0
2025-10-03 23:00:00,    3,   7.4,   9.7,   8.5,  978.7,  10.8,  74.7,   6.5
2025-10-04 00:00:00,    3,   7.6,  10.0,   8.3,  969.0,   9.9,  81.6,   6.9
2025-10-04 01:00:00,    3,   7.2,   9.5,   8.5,  977.1,  10.9,  72.7,   6.2
2025-10-04 02:00:00,3,7.1,9.4,8.6,976.3,11.5,68.9,6.0
2025-10-04 03:00:00,3,7.3,9.6,8.3,966.3,10.4,76.2,6.4
2025-10-04 04:00:00,3,7.7,10.1,8.7,965.1,10.5,79.4,7.1
2025-10-04 05:00:00,    3,   7.9,  10.4,   9.6,  972.8,  12.0,  74.4,   7.6
2025-10-04 06:00:00,    3,   8.4,  11.0,  10.2,  971.9,  12.5,  76.0,   8.4
2025-10-04 07:00:00,3,8.9,11.8,11.3,971.2,13.9,74.2,9.4
2025-10-04 08:00:00,    3,   9.5,  12.6,  12.5,  970.1,  15.5,  71.6,  10.4
2025-10-04 09:00:00,3,10.1,13.6,13.8,969.0,17.3,68.7,11.5
2025-10-04 10:00:00,3,10.4,14.0,14.5,967.3,18.3,66.7,12.0
2025-10-04 11:00:00,3,10.5,14.2,15.0,966.5,19.5,62.7,12.2
2025-10-04 12:00:00,    3,  10.9,  14.8,  15.5,  965.2,  19.8,  64.0,  12.8
2025-10-04 13:00:00,    3,  10.7,  14.3,  13.6,  966.2,  15.5,  81.2,  12.3
2025-10-04 14:00:00,    3,   9.9,  13.1,  12.1,  958.3,  13.7,  83.2,  10.9
2025-10-04 15:00:00,    3,   8.7,  11.4,  10.4,  968.6,  12.3,  79.7,   8.9
2025-10-04 16:00:00,    3,   7.5,   9.9,   9.4,  969.5,  12.3,  69.0,   6.8
2025-10-04 17:00:00,    3,   7.4,   9.7,   9.1,  970.2,  12.1,  68.5,   6.5
2025-10-04 18:00:00,    3,   6.6,   8.6,   8.0,  971.2,  11.3,  64.2,   4.8
2025-10-04 19:00:00,    3,   6.5,   8.5,   7.2,  964.4,   9.8,  70.0,   4.6
2025-10-04 20:00:00,3,6.1,7.9,6.2,965.9,8.7,70.2,3.6
2025-10-04 21:00:00,    3,   6.7,   8.7,   6.6,  965.9,   8.2,  80.2,   5.0
2025-10-04 22:00:00,3,7.3,9.6,7.3,966.9,8.3,87.2,6.3
2025-10-04 23:00:00,    3,   6.5,   8.4,   6.2,  966.5,   7.9,  79.0,   4.5
2025-10-05 00:00:00,    3,   6.6,   8.5,   6.4,  975.4,   8.0,  79.6,   4.7
2025-10-05 01:00:00,    3,   6.7,   8.7,   6.5,  975.4,   7.9,  81.8,   5.0
2025-10-05 02:00:00,    3,   7.0,   9.0,   6.8,  975.5,   8.0,  84.2,   5.5
2025-10-05 03:00:00,3,7.0,9.2,7.1,975.6,8.6,81.9,5.7
2025-10-05 04:00:00,3,6.9,9.0,7.0,975.6,8.6,80.8,5.5
2025-10-05 05:00:00,    3,   7.0,   9.0,   6.8,  966.7,   8.2,  83.0,   5.5
2025-10-05 06:00:00,3,7.3,9.5,7.2,976.1,8.2,87.2,6.2
2025-10-05 07:00:00,    3,   7.2,   9.4,   7.3,  967.7,   8.6,  83.7,   6.0
2025-10-05 08:00:00,3,7.4,9.6,7.8,968.2,9.3,82.0,6.4
2025-10-05 09:00:00,    3,   7.5,   9.8,   8.4,  968.1,  10.2,  78.8,   6.7
2025-10-05 10:00:00,    3,   7.5,   9.8,   8.4,  977.5,  10.3,  77.8,   6.6
2025-10-05 11:00:00,    3,   7.5,   9.8,   8.3,  977.9,  10.1,  79.4,   6.7
2025-10-05 12:00:00,3,7.6,10.0,9.0,978.1,11.3,74.8,7.0
2025-10-05 13:00:00,    3,   7.5,   9.8,   9.1,  978.2,  11.7,  71.3,   6.7
2025-10-05 14:00:00,    3,   7.4,   9.8,   8.9,  969.3,  11.4,  72.3,   6.6
2025-10-05 15:00:00,    3,   7.4,   9.8,   8.4,  979.0,  10.4,  77.3,   6.6
2025-10-05 16:00:00,    3,   7.3,   9.6,   8.6,  979.4,  10.9,  73.7,   6.4
2025-10-05 17:00:00,    3,   7.0,   9.2,   7.8,  971.0,  10.0,  74.6,   5.7
2025-10-05 18:00:00,    3,   6.7,   8.8,   7.4,  971.9,   9.8,  72.5,   5.1
2025-10-05 19:00:00,3,7.2,9.4,7.9,981.8,10.0,76.1,6.0
2025-10-05 20:00:00,    3,   7.3,   9.6,   7.6,  973.2,   9.0,  83.1,   6.3
2025-10-05 21:00:00,3,7.3,9.6,8.4,982.6,10.6,75.2,6.4
2025-10-05 22:00:00,    3,   7.1,   9.4,   8.3,  983.0,  10.7,  72.6,   6.0
2025-10-05 23:00:00,    3,   7.4,   9.7,   7.9,  974.3,   9.3,  82.6,   6.5
2025-10-06 00:00:00,    3,   7.2,   9.4,   7.8,  974.8,   9.5,  79.3,   6.1
2025-10-06 01:00:00,    3,   6.8,   8.9,   7.8,  983.9,  10.5,  69.6,   5.2
2025-10-06 02:00:00,    3,   7.3,   9.5,   7.7,  975.0,   9.2,  81.5,   6.2
2025-10-06 03:00:00,3,7.4,9.7,8.0,984.6,9.6,80.9,6.5
2025-10-06 04:00:00,3,7.4,9.7,8.0,984.9,9.6,80.9,6.5
2025-10-06 05:00:00,    3,   7.9,  10.2,   7.9,  976.3,   8.5,  92.1,   7.3
2025-10-06 06:00:00,3,7.7,10.0,7.7,976.7,8.5,90.3,7.0
2025-10-06 07:00:00,3,7.7,10.0,7.9,977.2,8.9,87.8,7.0
2025-10-06 08:00:00,3,7.7,10.1,8.6,986.8,10.3,80.5,7.1
2025-10-06 09:00:00,    3,   8.0,  10.4,   8.6,  978.2,   9.8,  86.1,   7.6
2025-10-06 10:00:00,    3,   8.1,  10.7,   9.2,  978.3,  10.8,  82.2,   7.9
2025-10-06 11:00:00,3,7.9,10.4,9.4,978.6,11.6,75.9,7.5
2025-10-06 12:00:00,    3,   7.8,  10.2,   9.7,  987.5,  12.5,  70.5,   7.3
2025-10-06 13:00:00,    3,   7.7,  10.2,   9.7,  987.7,  12.6,  69.6,   7.2
2025-10-06 14:00:00,3,7.6,10.0,9.5,987.6,12.2,70.5,7.0
2025-10-06 15:00:00,    3,   7.7,  10.1,   9.4,  987.7,  11.9,  72.4,   7.1
2025-10-06 16:00:00,3,8.2,10.8,9.3,988.1,10.8,83.4,8.1
2025-10-06 17:00:00,3,8.6,11.3,9.4,988.3,10.2,90.4,8.7
2025-10-06 18:00:00,    3,   8.6,  11.3,   9.4,  988.5,  10.2,  90.4,   8.7
2025-10-06 19:00:00,    3,   8.6,  11.2,   9.1,  979.5,   9.6,  93.5,   8.6
2025-10-06 20:00:00,    3,   8.7,  11.3,   9.2,  979.6,   9.6,  94.7,   8.8
2025-10-06 21:00:00,    3,   8.7,  11.3,   9.1,  980.1,   9.5,  95.4,   8.8
2025-10-06 22:00:00,    3,   9.1,  11.9,   9.9,  989.1,  10.3,  94.8,   9.5
2025-10-06 23:00:00,3,9.0,11.8,10.0,988.9,10.6,92.3,9.4
2025-10-07 00:00:00,    3,   8.7,  11.4,   9.3,  979.5,   9.8,  94.1,   8.9
2025-10-07 01:00:00,    3,   9.0,  11.8,   9.9,  988.6,  10.5,  92.9,   9.4
2025-10-07 02:00:00,    3,   8.9,  11.6,   9.5,  979.3,   9.8,  96.0,   9.2
2025-10-07 03:00:00,    3,   9.2,  12.0,  10.1,  988.5,  10.5,  94.8,   9.7
2025-10-07 04:00:00,    3,   9.0,  11.7,   9.7,  979.3,  10.1,  94.8,   9.3
2025-10-07 05:00:00,    3,   9.3,  12.1,  10.1,  988.6,  10.4,  96.1,   9.8
2025-10-07 06:00:00,3,9.0,11.8,9.8,979.2,10.2,94.8,9.4
2025-10-07 07:00:00,    3,   9.0,  11.8,   9.9,  979.8,  10.6,  92.3,   9.4
2025-10-07 08:00:00,    3,   9.0,  11.8,  10.2,  980.6,  11.2,  88.7,   9.4
2025-10-07 09:00:00,3,9.1,12.0,10.7,980.8,12.0,85.8,9.7
2025-10-07 10:00:00,3,9.1,12.0,11.2,980.9,13.1,79.8,9.7
2025-10-07 11:00:00,3,9.7,12.9,11.7,989.4,13.1,85.3,10.7
2025-10-07 12:00:00,3,9.5,12.5,11.6,980.2,13.4,81.5,10.3
2025-10-07 13:00:00,    3,   9.4,  12.5,  11.8,  979.6,  14.0,  77.8,  10.2
2025-10-07 14:00:00,    3,   9.7,  12.8,  12.0,  979.3,  13.8,  81.0,  10.6
2025-10-07 15:00:00,    3,  10.0,  13.2,  12.4,  979.1,  14.2,  81.6,  11.1
2025-10-07 16:00:00,    3,   9.8,  13.1,  12.2,  978.9,  14.0,  81.6,  10.9
2025-10-07 17:00:00,    3,   9.4,  12.4,  11.5,  988.2,  13.3,  80.9,  10.1
2025-10-07 18:00:00,    3,   9.7,  12.9,  11.7,  988.1,  13.0,  85.9,  10.7
2025-10-07 19:00:00,3,9.7,12.8,11.3,988.1,12.3,89.3,10.6
2025-10-07 20:00:00,    3,   9.5,  12.5,  10.9,  987.6,  11.6,  91.7,  10.3
2025-10-07 21:00:00,    3,   9.1,  11.9,   9.5,  978.2,   9.6,  99.3,   9.5
2025-10-07 22:00:00,3,9.2,12.0,9.7,987.3,9.9,98.0,9.6
2025-10-07 23:00:00,    3,   8.8,  11.5,   9.1,  987.1,   9.3,  98.0,   9.0
2025-10-08 00:00:00,    3,   8.5,  11.0,   8.5,  986.6,   8.7,  98.0,   8.4
2025-10-08 01:00:00,    3,   8.2,  10.6,   7.9,  986.4,   8.1,  98.0,   7.8
2025-10-08 02:00:00,    3,   8.4,  11.0,   8.4,  985.9,   8.5,  98.6,   8.3
2025-10-08 03:00:00,    3,   7.4,   9.5,   6.2,  976.3,   6.2, 100.0,   6.2
2025-10-08 04:00:00,    3,   8.0,  10.3,   7.4,  985.2,   7.5,  99.3,   7.4
2025-10-08 05:00:00,    3,   7.6,   9.9,   6.9,  985.0,   7.0,  98.6,   6.8
2025-10-08 06:00:00,    3,   7.2,   9.3,   5.9,  975.7,   6.0,  99.3,   5.9
2025-10-08 07:00:00,3,8.2,10.6,8.0,984.8,8.2,97.3,7.8
2025-10-08 08:00:00,3,8.4,11.0,8.9,975.8,9.6,91.6,8.3
2025-10-08 09:00:00,    3,   8.7,  11.5,  10.2,  984.8,  11.6,  84.0,   9.0
2025-10-08 10:00:00,3,8.8,11.6,10.9,975.4,13.0,77.7,9.2
2025-10-08 11:00:00,    3,   8.9,  11.9,  11.9,  984.2,  15.0,  69.6,   9.5
2025-10-08 12:00:00,3,8.7,11.6,12.2,983.7,16.2,63.2,9.2
2025-10-08 13:00:00,    3,   9.3,  12.5,  13.1,  983.2,  17.1,  63.8,  10.2
2025-10-08 14:00:00,    3,   9.3,  12.5,  13.3,  973.6,  17.4,  63.0,  10.3
2025-10-08 15:00:00,3,9.6,12.9,13.4,973.7,17.2,65.5,10.7
2025-10-08 16:00:00,    3,   9.6,  12.8,  12.9,  973.9,  16.2,  69.4,  10.6
2025-10-08 17:00:00,    3,   9.5,  12.6,  12.5,  983.2,  15.4,  72.1,  10.4
2025-10-08 18:00:00,    3,   9.7,  12.9,  12.2,  983.6,  14.3,  78.9,  10.7
2025-10-08 19:00:00,3,9.8,13.1,12.3,983.8,14.1,81.0,10.9
2025-10-08 20:00:00,3,10.1,13.3,12.1,975.2,13.3,87.1,11.2
2025-10-08 21:00:00,3,10.3,13.7,12.3,975.6,13.3,89.4,11.6
2025-10-08 22:00:00,    3,  10.3,  13.6,  12.2,  984.7,  13.1,  90.0,  11.5
2025-10-08 23:00:00,3,10.4,13.8,12.2,975.6,13.0,91.8,11.7
2025-10-09 00:00:00,3,10.2,13.5,12.0,984.6,12.8,91.2,11.4
2025-10-09 01:00:00,    3,  10.4,  13.8,  12.1,  975.6,  12.8,  93.0,  11.7
2025-10-09 02:00:00,    3,  10.6,  14.0,  12.1,  975.4,  12.5,  96.1,  11.9
2025-10-09 03:00:00,    3,  10.6,  14.0,  12.2,  975.4,  12.5,  96.8,  12.0
2025-10-09 04:00:00,3,10.4,13.8,11.9,975.3,12.3,96.1,11.7
2025-10-09 05:00:00,    3,  10.5,  13.9,  12.0,  975.4,  12.4,  96.1,  11.8
2025-10-09 06:00:00,3,9.9,13.0,11.0,976.1,11.3,96.7,10.8
2025-10-09 07:00:00,3,9.7,12.7,10.8,976.7,11.3,94.8,10.5
2025-10-09 08:00:00,3,9.8,12.9,11.0,977.3,11.5,94.8,10.7
2025-10-09 09:00:00,    3,   9.8,  13.0,  11.5,  986.9,  12.4,  89.9,  10.8
2025-10-09 10:00:00,    3,   9.2,  12.2,  11.2,  978.0,  12.9,  82.0,   9.9
2025-10-09 11:00:00,    3,   9.4,  12.4,  11.4,  978.1,  13.2,  81.4,  10.1
2025-10-09 12:00:00,    3,   9.4,  12.5,  12.1,  987.0,  14.6,  75.4,  10.3
2025-10-09 13:00:00,    3,   8.7,  11.6,  11.8,  987.1,  15.3,  66.5,   9.1
2025-10-09 14:00:00,3,8.9,11.8,11.9,987.2,15.1,68.7,9.4
2025-10-09 15:00:00,    3,   9.5,  12.6,  12.3,  987.6,  14.8,  74.9,  10.4
2025-10-09 16:00:00,    3,   9.3,  12.3,  11.8,  978.7,  14.1,  76.3,  10.0
2025-10-09 17:00:00,3,10.0,13.3,12.4,988.4,14.0,83.2,11.2
2025-10-09 18:00:00,    3,  10.1,  13.4,  12.4,  988.9,  13.9,  84.3,  11.3
2025-10-09 19:00:00,    3,  10.2,  13.5,  12.4,  989.5,  13.7,  86.0,  11.4
2025-10-09 20:00:00,3,10.3,13.6,12.3,989.9,13.5,87.7,11.5
2025-10-09 21:00:00,    3,   9.7,  12.8,  11.2,  981.0,  12.1,  90.5,  10.6
2025-10-09 22:00:00,    3,   9.8,  12.9,  11.1,  990.9,  11.7,  93.6,  10.7
2025-10-09 23:00:00,    3,   9.0,  11.8,  10.0,  981.9,  10.8,  91.0,   9.4
2025-10-10 00:00:00,3,9.4,12.3,10.3,991.0,10.8,94.8,10.0
2025-10-10 01:00:00,    3,   9.1,  11.9,   9.9,  991.5,  10.3,  94.8,   9.5
2025-10-10 02:00:00,    3,   7.8,  10.2,   7.7,  982.2,   8.3,  92.8,   7.2
2025-10-10 03:00:00,    3,   8.7,  11.3,   9.1,  991.9,   9.4,  96.0,   8.8
2025-10-10 04:00:00,    3,   8.8,  11.5,   9.1,  992.2,   9.3,  98.0,   9.0
2025-10-10 05:00:00,    3,   8.5,  11.2,   9.5,  983.1,  10.5,  88.0,   8.6
2025-10-10 06:00:00,3,8.7,11.3,9.3,983.6,10.0,92.2,8.8
2025-10-10 07:00:00,    3,   8.6,  11.2,   9.2,  984.0,   9.9,  91.6,   8.6
2025-10-10 08:00:00,    3,   8.5,  11.1,   9.7,  984.6,  11.2,  83.4,   8.5
2025-10-10 09:00:00,    3,   8.0,  10.5,   9.6,  985.4,  11.7,  76.4,   7.7
2025-10-10 10:00:00,    3,   8.3,  11.0,  10.1,  985.7,  12.3,  76.5,   8.3
2025-10-10 11:00:00,3,7.8,10.3,9.8,985.7,12.5,71.0,7.4
2025-10-10 12:00:00,3,7.9,10.4,9.7,985.5,12.2,72.9,7.5
2025-10-10 13:00:00,    3,   8.1,  10.7,   9.9,  995.1,  12.1,  76.0,   8.0
2025-10-10 14:00:00,    3,   7.9,  10.4,   9.8,  995.3,  12.4,  72.5,   7.6
2025-10-10 15:00:00,    3,   8.0,  10.6,   9.8,  995.4,  12.2,  74.4,   7.8
2025-10-10 16:00:00,    3,   8.5,  11.2,  10.1,  995.4,  12.0,  79.6,   8.6
2025-10-10 17:00:00,    3,   8.5,  11.2,  10.1,  995.5,  11.9,  80.2,   8.6
2025-10-10 18:00:00,3,8.2,10.7,9.4,986.4,11.1,81.2,8.0
2025-10-10 19:00:00,    3,   8.2,  10.7,   9.5,  986.7,  11.2,  80.6,   8.0
2025-10-10 20:00:00,3,9.1,12.0,10.4,996.2,11.4,88.7,9.6
2025-10-10 21:00:00,    3,   9.2,  12.1,  10.5,  996.2,  11.3,  90.5,   9.8
2025-10-10 22:00:00,    3,   8.5,  11.1,   9.6,  986.8,  10.8,  85.7,   8.5
2025-10-10 23:00:00,3,9.3,12.2,10.4,996.2,11.1,92.3,9.9
2025-10-11 00:00:00,3,8.5,11.1,9.8,995.8,11.3,82.9,8.5
2025-10-11 01:00:00,    3,   7.9,  10.4,   8.7,  986.7,  10.1,  83.8,   7.5
2025-10-11 02:00:00,3,8.4,11.0,9.3,995.7,10.4,87.4,8.4
2025-10-11 03:00:00,    3,   7.9,  10.4,   8.5,  986.4,   9.7,  86.1,   7.5
2025-10-11 04:00:00,    3,   7.8,  10.2,   8.4,  986.4,   9.7,  84.4,   7.2
2025-10-11 05:00:00,    3,   7.5,   9.8,   7.5,  986.2,   8.5,  87.8,   6.6
2025-10-11 06:00:00,    3,   7.1,   9.1,   6.0,  986.4,   6.3,  95.3,   5.6
2025-10-11 07:00:00,3,8.6,11.3,9.1,995.8,9.6,94.1,8.7
2025-10-11 08:00:00,    3,   8.4,  11.0,   9.1,  996.0,  10.1,  88.6,   8.3
2025-10-11 09:00:00,    3,   7.7,  10.2,   9.8,  986.6,  12.7,  69.1,   7.2
2025-10-11 10:00:00,3,8.2,10.8,10.5,995.8,13.3,70.7,8.1
2025-10-11 11:00:00,    3,   8.0,  10.7,  11.1,  995.5,  14.9,  62.9,   7.9
2025-10-11 12:00:00,3,8.6,11.5,12.1,994.8,16.0,63.1,9.0
2025-10-11 13:00:00,    3,   8.2,  11.0,  11.8,  994.3,  16.2,  59.4,   8.3
2025-10-11 14:00:00,    3,   8.5,  11.3,  12.2,  994.0,  16.5,  60.3,   8.8
2025-10-11 15:00:00,3,7.9,10.6,11.3,984.5,15.5,60.1,7.8
2025-10-11 16:00:00,    3,   8.5,  11.3,  11.5,  984.5,  14.9,  66.4,   8.7
2025-10-11 17:00:00,    3,   8.5,  11.3,  11.2,  984.4,  14.3,  69.0,   8.7
2025-10-11 18:00:00,    3,   8.6,  11.4,  11.0,  984.6,  13.7,  72.7,   8.9
2025-10-11 19:00:00,3,8.6,11.4,10.8,984.6,13.3,74.6,8.9
2025-10-11 20:00:00,3,9.0,12.0,11.3,993.9,13.6,76.7,9.6
2025-10-11 21:00:00,    3,   8.8,  11.6,  10.8,  984.7,  12.8,  78.7,   9.2
2025-10-11 22:00:00,3,9.1,12.0,10.8,984.5,12.3,83.5,9.6
2025-10-11 23:00:00,3,9.7,12.8,11.6,993.4,13.0,85.3,10.6
2025-10-12 00:00:00,3,9.9,13.1,11.7,993.3,12.8,88.2,10.9
2025-10-12 01:00:00,3,8.9,11.6,10.3,983.7,11.6,85.2,9.2
2025-10-12 02:00:00,3,9.8,13.0,11.4,992.3,12.1,91.7,10.8
2025-10-12 03:00:00,3,9.8,12.9,11.1,991.9,11.7,93.6,10.7
2025-10-12 04:00:00,    3,   8.9,  11.6,  10.1,  982.4,  11.2,  87.5,   9.2
2025-10-12 05:00:00,    3,   8.9,  11.7,  10.1,  982.3,  11.2,  88.1,   9.3
2025-10-12 06:00:00,    3,   9.7,  12.8,  10.9,  991.5,  11.4,  94.8,  10.6
2025-10-12 07:00:00,3,9.9,13.1,11.3,991.7,11.7,94.8,10.9
2025-10-12 08:00:00,3,9.0,11.9,10.7,982.3,12.2,83.5,9.5
2025-10-12 09:00:00,    3,   8.5,  11.2,  10.7,  982.4,  13.2,  73.6,   8.6
2025-10-12 10:00:00,3,7.2,9.6,9.8,982.3,13.7,60.9,6.3
2025-10-12 11:00:00,3,8.7,11.5,11.3,991.3,14.1,71.3,9.0
2025-10-12 12:00:00,    3,   8.4,  11.2,  11.2,  990.8,  14.5,  67.6,   8.6
2025-10-12 13:00:00,3,8.2,10.9,10.8,981.0,13.9,68.4,8.2
2025-10-12 14:00:00,    3,   7.7,  10.2,  10.7,  990.1,  14.6,  61.5,   7.3
2025-10-12 15:00:00,    3,   7.7,  10.3,  10.9,  989.9,  15.0,  60.3,   7.4
2025-10-12 16:00:00,3,8.1,10.7,10.8,989.8,14.2,66.2,8.0
2025-10-12 17:00:00,3,8.3,11.0,10.7,989.8,13.6,70.7,8.4
2025-10-12 18:00:00,3,8.6,11.4,10.8,990.0,13.1,75.6,8.9
2025-10-12 19:00:00,    3,   8.5,  11.3,  10.5,  989.9,  12.6,  77.1,   8.7
2025-10-12 20:00:00,    3,   8.3,  10.9,  10.0,  980.7,  12.1,  77.0,   8.2
2025-10-12 21:00:00,    3,   8.5,  11.2,  10.1,  990.1,  11.8,  80.7,   8.6
2025-10-12 22:00:00,3,8.3,10.9,9.7,990.0,11.4,80.7,8.2
2025-10-12 23:00:00,    3,   8.4,  11.0,   9.4,  980.4,  10.8,  84.5,   8.3
2025-10-13 00:00:00,    3,   8.1,  10.7,   9.2,  989.6,  10.8,  82.2,   7.9
2025-10-13 01:00:00,3,7.9,10.4,8.7,979.9,10.0,84.4,7.5
2025-10-13 02:00:00,    3,   8.0,  10.5,   8.8,  979.4,  10.1,  85.0,   7.7
2025-10-13 03:00:00,    3,   7.8,  10.2,   8.2,  988.7,   9.2,  87.3,   7.2
2025-10-13 04:00:00,    3,   7.8,  10.2,   8.6,  979.3,  10.0,  83.3,   7.3
2025-10-13 05:00:00,    3,   7.8,  10.2,   8.3,  979.1,   9.6,  84.9,   7.2
2025-10-13 06:00:00,    3,   8.0,  10.4,   8.5,  988.5,   9.5,  87.9,   7.6
2025-10-13 07:00:00,    3,   7.7,  10.1,   8.6,  979.2,  10.2,  81.0,   7.1
2025-10-13 08:00:00,    3,   7.8,  10.2,   8.8,  979.4,  10.7,  78.9,   7.2
2025-10-13 09:00:00,    3,   7.7,  10.1,   8.9,  979.5,  10.9,  77.3,   7.1
2025-10-13 10:00:00,    3,   8.3,  10.9,  10.0,  988.9,  12.2,  76.5,   8.2
2025-10-13 11:00:00,    3,   8.1,  10.7,   9.7,  980.1,  11.8,  77.0,   7.9
2025-10-13 12:00:00,    3,   8.1,  10.7,   9.7,  979.2,  11.9,  76.4,   7.9
2025-10-13 13:00:00,    3,   8.4,  11.0,  10.2,  978.8,  12.5,  76.0,   8.4
2025-10-13 14:00:00,    3,   8.5,  11.3,  10.5,  978.7,  12.7,  76.6,   8.7
2025-10-13 15:00:00,    3,   8.6,  11.4,  11.0,  987.6,  13.6,  73.2,   8.9
2025-10-13 16:00:00,3,8.9,11.7,11.1,987.6,13.4,76.2,9.3
2025-10-13 17:00:00,3,8.6,11.3,10.5,978.3,12.7,77.1,8.8
2025-10-13 18:00:00,    3,   9.2,  12.1,  11.2,  987.8,  13.0,  80.9,   9.8
2025-10-13 19:00:00,    3,   9.4,  12.4,  11.3,  987.8,  12.8,  83.6,  10.1
2025-10-13 20:00:00,    3,   9.4,  12.5,  11.3,  987.8,  12.7,  84.7,  10.2
2025-10-13 21:00:00,    3,   9.4,  12.4,  11.1,  987.8,  12.5,  85.3,  10.1
2025-10-13 22:00:00,    3,   9.5,  12.5,  11.1,  987.6,  12.2,  87.6,  10.2
2025-10-13 23:00:00,    3,   9.3,  12.3,  10.8,  987.3,  11.7,  89.3,  10.0
2025-10-14 00:00:00,3,8.4,11.0,9.4,977.9,10.5,86.8,8.4
2025-10-14 01:00:00,    3,   8.6,  11.3,   9.7,  978.0,  10.8,  87.4,   8.8
2025-10-14 02:00:00,    3,   9.0,  11.7,   9.8,  987.0,  10.5,  92.3,   9.3
2025-10-14 03:00:00,    3,   8.5,  11.2,   9.4,  977.5,  10.4,  88.6,   8.6
2025-10-14 04:00:00,3,8.9,11.6,9.6,986.9,10.1,94.1,9.2
2025-10-14 05:00:00,    3,   8.4,  11.0,   8.9,  977.2,   9.6,  92.2,   8.4
2025-10-14 06:00:00,    3,   8.0,  10.4,   7.9,  977.3,   8.2,  96.0,   7.6
2025-10-14 07:00:00,    3,   8.1,  10.5,   7.8,  987.3,   8.0,  98.0,   7.7
2025-10-14 08:00:00,    3,   8.6,  11.2,   8.8,  978.0,   9.1,  96.7,   8.6
2025-10-14 09:00:00,3,8.8,11.6,10.1,978.2,11.3,86.3,9.1
2025-10-14 10:00:00,    3,   8.0,  10.5,  10.0,  977.9,  12.8,  71.1,   7.7
2025-10-14 11:00:00,3,8.3,11.0,10.6,987.3,13.4,71.2,8.3
2025-10-14 12:00:00,3,7.9,10.5,10.9,986.8,14.8,62.4,7.7
2025-10-14 13:00:00,3,7.6,10.1,10.7,986.6,15.0,59.1,7.1
2025-10-14 14:00:00,    3,   7.4,   9.9,  10.6,  986.4,  14.9,  58.3,   6.8
2025-10-14 15:00:00,    3,   7.6,  10.1,  10.5,  986.2,  14.4,  61.5,   7.1
2025-10-14 16:00:00,    3,   7.2,   9.6,  10.1,  986.1,  14.2,  59.3,   6.4
2025-10-14 17:00:00,    3,   7.4,   9.8,   9.6,  986.3,  12.9,  65.9,   6.7
2025-10-14 18:00:00,    3,   7.4,   9.7,   8.6,  977.5,  10.9,  74.2,   6.5
2025-10-14 19:00:00,    3,   7.1,   9.2,   6.8,  977.7,   8.0,  85.4,   5.7
2025-10-14 20:00:00,3,7.7,10.0,8.4,987.1,9.9,82.1,7.0
2025-10-14 21:00:00,3,7.6,10.0,8.0,987.4,9.3,84.9,6.9
2025-10-14 22:00:00,3,7.5,9.8,7.4,978.1,8.2,89.6,6.6
2025-10-14 23:00:00,    3,   7.7,  10.0,   7.9,  987.5,   8.9,  87.8,   7.0
2025-10-15 00:00:00,3,7.5,9.8,7.5,978.4,8.5,87.8,6.6
2025-10-15 01:00:00,    3,   7.9,  10.3,   8.3,  987.6,   9.2,  88.5,   7.4
2025-10-15 02:00:00,    3,   7.7,  10.0,   7.6,  978.1,   8.3,  91.5,   7.0
2025-10-15 03:00:00,    3,   7.8,  10.1,   7.6,  978.0,   8.1,  93.4,   7.1
2025-10-15 04:00:00,    3,   7.6,   9.9,   7.3,  977.9,   7.9,  92.7,   6.8
2025-10-15 05:00:00,    3,   8.0,  10.4,   8.3,  987.2,   9.1,  90.3,   7.6
2025-10-15 06:00:00,    3,   8.2,  10.7,   8.4,  987.5,   8.9,  94.1,   8.0
2025-10-15 07:00:00,    3,   8.4,  11.0,   8.8,  987.7,   9.5,  92.2,   8.3
2025-10-15 08:00:00,    3,   8.4,  11.0,   9.3,  988.0,  10.5,  86.2,   8.3
2025-10-15 09:00:00,    3,   8.3,  11.0,   9.9,  988.0,  11.7,  79.6,   8.3
2025-10-15 10:00:00,3,8.1,10.6,9.3,979.2,11.1,80.1,7.8
2025-10-15 11:00:00,    3,   8.4,  11.1,  10.8,  987.8,  13.7,  70.8,   8.5
2025-10-15 12:00:00,3,8.1,10.7,10.3,978.3,13.2,70.2,7.9
2025-10-15 13:00:00,3,8.1,10.7,10.3,977.6,13.3,69.7,7.9
2025-10-15 14:00:00,    3,   7.7,  10.2,  10.2,  977.3,  13.7,  65.2,   7.3
2025-10-15 15:00:00,    3,   6.9,   9.2,  10.1,  986.5,  14.9,  54.0,   5.7
2025-10-15 16:00:00,3,7.5,10.0,10.2,986.3,13.9,62.6,6.9
2025-10-15 17:00:00,3,7.1,9.4,8.1,977.4,10.4,74.1,6.0
2025-10-15 18:00:00,    3,   7.4,   9.6,   7.9,  977.6,   9.5,  80.9,   6.4
2025-10-15 19:00:00,    3,   7.3,   9.5,   7.3,  977.7,   8.4,  86.0,   6.2
2025-10-15 20:00:00,    3,   7.9,  10.4,   8.5,  986.9,   9.7,  86.1,   7.5
2025-10-15 21:00:00,    3,   8.0,  10.4,   8.5,  987.1,   9.6,  87.3,   7.6
2025-10-15 22:00:00,3,7.1,9.2,6.1,977.5,6.4,95.9,5.8
2025-10-15 23:00:00,    3,   7.9,  10.2,   7.8,  986.8,   8.4,  92.8,   7.3
2025-10-16 00:00:00,3,6.5,8.3,4.6,977.3,4.8,96.6,4.3
2025-10-16 01:00:00,    3,   6.4,   8.2,   4.3,  977.2,   4.4,  97.9,   4.1
2025-10-16 02:00:00,    3,   6.3,   8.0,   4.0,  976.8,   4.2,  97.2,   3.8
2025-10-16 03:00:00,    3,   6.4,   8.1,   4.1,  976.8,   4.1,  99.3,   4.0
2025-10-16 04:00:00,3,7.5,9.8,6.7,986.0,6.9,98.0,6.6
2025-10-16 05:00:00,    3,   7.8,  10.1,   7.2,  985.8,   7.3,  98.6,   7.1
2025-10-16 06:00:00,    3,   7.6,   9.9,   6.9,  986.0,   7.1,  98.0,   6.8
2025-10-16 07:00:00,3,7.6,9.8,6.9,986.3,7.2,96.6,6.7
2025-10-16 08:00:00,    3,   7.7,  10.0,   7.5,  986.6,   8.0,  93.4,   7.0
2025-10-16 09:00:00,3,7.5,9.8,7.2,977.1,7.9,91.5,6.6
2025-10-16 10:00:00,    3,   8.0,  10.4,   9.2,  986.6,  11.0,  79.5,   7.6
2025-10-16 11:00:00,    3,   7.5,   9.8,   7.9,  977.1,   9.2,  83.7,   6.6
2025-10-16 12:00:00,3,7.7,10.1,9.2,976.5,11.6,73.8,7.1
2025-10-16 13:00:00,    3,   7.3,   9.7,   9.3,  976.0,  12.4,  67.2,   6.5
2025-10-16 14:00:00,    3,   7.3,   9.7,   9.5,  985.1,  12.9,  65.0,   6.5
2025-10-16 15:00:00,    3,   7.4,   9.8,   9.1,  985.1,  11.9,  69.9,   6.6
2025-10-16 16:00:00,    3,   7.4,   9.8,   8.9,  975.8,  11.4,  72.3,   6.6
2025-10-16 17:00:00,3,7.7,10.2,9.1,985.4,11.3,75.8,7.2
2025-10-16 18:00:00,    3,   7.4,   9.8,   8.5,  976.4,  10.7,  75.7,   6.6
2025-10-16 19:00:00,3,7.8,10.2,8.9,985.7,10.7,79.5,7.3
2025-10-16 20:00:00,    3,   7.4,   9.8,   8.5,  976.5,  10.5,  76.7,   6.6
2025-10-16 21:00:00,3,7.9,10.4,8.9,985.8,10.4,82.2,7.5
2025-10-16 22:00:00,3,8.1,10.6,8.9,985.8,10.2,85.0,7.8
2025-10-16 23:00:00,    3,   8.2,  10.7,   8.9,  985.7,  10.0,  86.8,   7.9
2025-10-17 00:00:00,    3,   7.8,  10.2,   8.4,  976.1,   9.7,  85.0,   7.3
2025-10-17 01:00:00,    3,   8.2,  10.7,   8.7,  985.3,   9.7,  88.5,   7.9
2025-10-17 02:00:00,3,8.4,11.0,8.8,984.8,9.5,92.2,8.3
2025-10-17 03:00:00,    3,   8.2,  10.7,   8.6,  984.6,   9.2,  92.2,   8.0
2025-10-17 04:00:00,    3,   7.9,  10.2,   8.1,  975.3,   9.0,  89.1,   7.3
2025-10-17 05:00:00,    3,   7.9,  10.2,   8.2,  975.5,   9.1,  88.5,   7.3
2025-10-17 06:00:00,    3,   8.2,  10.7,   8.5,  984.9,   9.1,  92.2,   7.9
2025-10-17 07:00:00,    3,   8.3,  10.8,   8.8,  985.2,   9.6,  90.3,   8.1
2025-10-17 08:00:00,3,8.3,10.9,9.2,985.5,10.4,86.2,8.2
2025-10-17 09:00:00,3,8.4,11.0,9.4,985.8,10.8,84.5,8.3
2025-10-17 10:00:00,3,7.8,10.3,9.2,976.4,11.3,76.9,7.4
2025-10-17 11:00:00,    3,   7.7,  10.1,   9.3,  976.3,  11.9,  72.4,   7.1
2025-10-17 12:00:00,    3,   7.2,   9.5,   9.1,  975.9,  12.3,  66.2,   6.2
2025-10-17 13:00:00,    3,   6.9,   9.2,   9.1,  975.7,  12.7,  62.3,   5.7
2025-10-17 14:00:00,    3,   7.9,  10.4,   9.8,  985.0,  12.6,  71.0,   7.5
2025-10-17 15:00:00,3,7.8,10.3,9.6,975.7,12.1,72.9,7.4
2025-10-17 16:00:00,    3,   8.3,  10.9,  10.1,  985.0,  12.3,  76.0,   8.2
2025-10-17 17:00:00,    3,   7.7,  10.1,   9.2,  976.1,  11.6,  73.8,   7.1
2025-10-17 18:00:00,    3,   8.2,  10.7,   9.6,  985.8,  11.4,  79.6,   8.0
2025-10-17 19:00:00,3,8.2,10.7,9.4,976.4,11.0,81.7,8.0
2025-10-17 20:00:00,3,8.1,10.6,9.2,976.8,10.9,81.1,7.8
2025-10-17 21:00:00,    3,   8.6,  11.3,   9.6,  986.3,  10.7,  87.4,   8.7
2025-10-17 22:00:00,    3,   8.2,  10.8,   9.3,  977.0,  10.6,  84.5,   8.1
2025-10-17 23:00:00,    3,   8.3,  10.8,   9.0,  976.9,  10.1,  87.4,   8.1
2025-10-18 00:00:00,    3,   8.4,  11.0,   9.1,  977.0,  10.1,  88.6,   8.3
2025-10-18 01:00:00,    3,   8.6,  11.2,   9.2,  986.4,  10.0,  91.0,   8.6
2025-10-18 02:00:00,    3,   8.2,  10.7,   8.6,  976.9,   9.3,  91.6,   8.0
2025-10-18 03:00:00,    3,   8.2,  10.7,   8.5,  977.0,   9.3,  90.9,   7.9
2025-10-18 04:00:00,    3,   8.1,  10.6,   8.5,  977.3,   9.4,  89.7,   7.8
2025-10-18 05:00:00,    3,   8.1,  10.5,   8.5,  977.5,   9.5,  88.5,   7.7
2025-10-18 06:00:00,    3,   8.1,  10.5,   8.4,  977.8,   9.3,  89.7,   7.7
2025-10-18 07:00:00,3,8.4,11.0,8.8,987.5,9.5,92.2,8.3
2025-10-18 08:00:00,3,8.5,11.2,9.4,988.0,10.4,88.6,8.6
2025-10-18 09:00:00,3,8.1,10.7,9.3,988.1,10.9,81.7,7.9
2025-10-18 10:00:00,3,8.1,10.7,9.8,988.2,12.1,75.4,7.9
2025-10-18 11:00:00,3,6.9,9.2,9.0,978.5,12.5,63.1,5.7
2025-10-18 12:00:00,    3,   5.9,   7.7,   8.3,  987.4,  13.1,  51.3,   3.3
2025-10-18 13:00:00,    3,   6.0,   7.9,   8.5,  977.4,  13.4,  51.4,   3.6
2025-10-18 14:00:00,    3,   6.6,   8.7,   9.0,  986.5,  13.2,  57.0,   4.9
2025-10-18 15:00:00,    3,   5.6,   7.4,   7.8,  976.9,  12.8,  49.8,   2.6
2025-10-18 16:00:00,    3,   6.2,   8.1,   7.6,  976.9,  11.1,  61.5,   4.0
2025-10-18 17:00:00,    3,   6.9,   9.0,   7.8,  986.3,  10.2,  72.5,   5.5
2025-10-18 18:00:00,    3,   6.1,   8.0,   5.7,  977.2,   7.6,  76.2,   3.7
2025-10-18 19:00:00,    3,   6.7,   8.7,   6.4,  986.4,   7.9,  81.3,   4.9
2025-10-18 20:00:00,    3,   6.4,   8.3,   6.2,  986.1,   8.1,  76.9,   4.3
2025-10-18 21:00:00,3,6.1,7.9,4.1,976.5,4.7,91.9,3.5
2025-10-18 22:00:00,3,5.9,7.6,3.8,976.1,4.5,89.9,3.0
2025-10-18 23:00:00,    3,   6.0,   7.7,   5.1,  985.1,   6.6,  79.4,   3.3
2025-10-19 00:00:00,    3,   5.8,   7.5,   4.8,  984.6,   6.4,  78.2,   2.9
2025-10-19 01:00:00,    3,   5.9,   7.6,   4.3,  984.3,   5.4,  84.5,   3.0
2025-10-19 02:00:00,3,5.5,7.0,3.1,973.8,4.1,85.5,1.9
2025-10-19 03:00:00,    3,   5.4,   7.0,   2.9,  973.3,   3.8,  86.7,   1.8
2025-10-19 04:00:00,    3,   5.4,   7.0,   2.9,  973.2,   3.7,  87.3,   1.8
2025-10-19 05:00:00,    3,   5.5,   7.0,   2.8,  972.8,   3.6,  88.6,   1.9
2025-10-19 06:00:00,3,5.5,7.1,2.6,972.3,3.1,92.4,2.0
2025-10-19 07:00:00,    3,   5.8,   7.4,   3.4,  972.5,   4.0,  90.5,   2.6
2025-10-19 08:00:00,    3,   6.3,   8.1,   5.3,  981.5,   6.5,  84.0,   4.0
2025-10-19 09:00:00,    3,   6.4,   8.3,   5.7,  971.9,   7.1,  82.3,   4.3
2025-10-19 10:00:00,    3,   6.5,   8.5,   6.9,  971.3,   9.1,  73.4,   4.6
2025-10-19 11:00:00,    3,   6.8,   8.9,   7.8,  979.8,  10.4,  70.1,   5.2
2025-10-19 12:00:00,    3,   7.2,   9.6,   9.2,  978.7,  12.4,  66.3,   6.3
2025-10-19 13:00:00,    3,   8.2,  10.9,  10.8,  968.6,  14.0,  68.0,   8.2
2025-10-19 14:00:00,    3,   7.7,  10.2,   9.9,  977.2,  12.9,  68.7,   7.3
2025-10-19 15:00:00,    3,   8.1,  10.7,  10.1,  976.6,  12.8,  72.0,   7.9
2025-10-19 16:00:00,    3,   8.0,  10.6,   9.7,  976.1,  11.9,  75.9,   7.8
2025-10-19 17:00:00,    3,   8.3,  10.9,   9.8,  975.7,  11.7,  79.1,   8.2
2025-10-19 18:00:00,    3,   8.4,  11.0,   9.5,  975.5,  10.9,  83.9,   8.3
2025-10-19 19:00:00,3,8.4,11.0,9.4,975.2,10.7,85.1,8.3
2025-10-19 20:00:00,3,8.0,10.4,8.7,965.9,10.0,85.0,7.6
2025-10-19 21:00:00,    3,   8.1,  10.6,   8.7,  965.5,   9.8,  87.3,   7.8
2025-10-19 22:00:00,3,8.0,10.5,9.4,974.1,11.3,78.5,7.7
2025-10-19 23:00:00,3,8.0,10.4,9.2,973.4,11.0,79.5,7.6
2025-10-20 00:00:00,    3,   8.0,  10.4,   8.6,  972.9,   9.7,  86.7,   7.6
2025-10-20 01:00:00,    3,   8.0,  10.4,   9.0,  972.5,  10.7,  81.1,   7.6
2025-10-20 02:00:00,    3,   8.0,  10.5,   8.7,  971.7,   9.8,  86.7,   7.7
2025-10-20 03:00:00,    3,   8.0,  10.4,   8.9,  971.1,  10.5,  82.2,   7.6
2025-10-20 04:00:00,    3,   7.4,   9.6,   7.3,  961.5,   8.2,  88.4,   6.4
2025-10-20 05:00:00,    3,   7.6,   9.9,   7.3,  960.8,   7.9,  92.7,   6.8
2025-10-20 06:00:00,    3,   8.0,  10.4,   8.9,  969.4,  10.3,  83.3,   7.6
2025-10-20 07:00:00,3,8.0,10.5,9.3,969.2,11.2,79.0,7.7
2025-10-20 08:00:00,    3,   8.5,  11.1,   9.5,  960.3,  10.7,  86.2,   8.5
2025-10-20 09:00:00,    3,   8.8,  11.6,  10.2,  960.1,  11.5,  85.2,   9.1
2025-10-20 10:00:00,    3,   9.4,  12.5,  11.2,  959.6,  12.5,  85.8,  10.2
2025-10-20 11:00:00,    3,   9.9,  13.1,  11.9,  959.0,  13.4,  84.8,  10.9
2025-10-20 12:00:00,    3,   9.8,  13.1,  12.5,  967.6,  14.7,  77.9,  10.9
2025-10-20 13:00:00,    3,  10.3,  13.7,  12.9,  967.2,  14.9,  80.6,  11.6
2025-10-20 14:00:00,    3,  10.1,  13.5,  12.9,  966.5,  15.0,  79.0,  11.4
2025-10-20 15:00:00,    3,   9.7,  12.9,  12.4,  957.2,  14.9,  75.9,  10.7
2025-10-20 16:00:00,3,9.2,12.3,12.1,957.1,15.0,72.0,10.0
2025-10-20 17:00:00,    3,   9.2,  12.2,  11.6,  957.0,  13.8,  77.3,   9.9
2025-10-20 18:00:00,3,9.0,11.9,11.3,965.8,13.7,75.7,9.5
2025-10-20 19:00:00,    3,   8.9,  11.8,  10.9,  965.4,  12.8,  79.8,   9.4
2025-10-20 20:00:00,    3,   9.0,  11.8,  10.5,  965.3,  11.9,  84.6,   9.4
2025-10-20 21:00:00,    3,   8.7,  11.5,  10.3,  965.3,  12.0,  81.8,   9.0
2025-10-20 22:00:00,    3,   7.7,  10.1,   8.1,  956.3,   9.3,  86.1,   7.1
2025-10-20 23:00:00,3,8.3,10.9,9.3,956.1,10.6,85.1,8.2
2025-10-21 00:00:00,3,8.7,11.5,10.6,964.3,12.5,79.2,9.0
2025-10-21 01:00:00,3,8.7,11.5,10.5,964.4,12.4,79.7,9.0
2025-10-21 02:00:00,    3,   8.6,  11.3,  10.1,  963.9,  11.8,  81.3,   8.7
2025-10-21 03:00:00,3,9.3,12.3,11.0,955.1,12.3,85.8,10.0
2025-10-21 04:00:00,    3,   8.9,  11.8,  10.9,  963.9,  12.8,  79.8,   9.4
2025-10-21 05:00:00,    3,   8.5,  11.1,   9.6,  955.1,  10.9,  85.1,   8.5
2025-10-21 06:00:00,    3,   8.7,  11.4,  10.1,  964.2,  11.7,  82.9,   8.9
2025-10-21 07:00:00,    3,   8.7,  11.4,  10.3,  964.6,  12.1,  80.7,   8.9
2025-10-21 08:00:00,    3,   9.4,  12.4,  11.1,  965.1,  12.3,  86.4,  10.1
2025-10-21 09:00:00,    3,   8.9,  11.7,  11.2,  956.5,  13.7,  74.7,   9.3
2025-10-21 10:00:00,    3,   9.2,  12.2,  11.6,  956.7,  14.0,  76.3,   9.9
2025-10-21 11:00:00,3,9.3,12.3,11.9,956.7,14.4,74.8,10.0
2025-10-21 12:00:00,3,9.4,12.5,12.2,956.4,14.9,73.9,10.3
2025-10-21 13:00:00,    3,   9.6,  12.8,  12.2,  956.2,  14.5,  77.4,  10.6
2025-10-21 14:00:00,    3,   9.3,  12.4,  12.5,  964.9,  15.8,  68.8,  10.1
2025-10-21 15:00:00,    3,   9.3,  12.5,  12.7,  964.8,  16.3,  67.1,  10.2
2025-10-21 16:00:00,    3,   9.2,  12.2,  12.4,  964.8,  15.7,  68.4,   9.9
2025-10-21 17:00:00,    3,   8.5,  11.3,  10.3,  956.3,  12.3,  78.6,   8.7
2025-10-21 18:00:00,3,8.7,11.4,10.1,956.4,11.6,83.5,8.9
2025-10-21 19:00:00,3,8.7,11.6,11.1,956.5,13.6,74.2,9.1
2025-10-21 20:00:00,    3,   9.2,  12.1,  11.2,  956.5,  13.2,  79.8,   9.8
2025-10-21 21:00:00,3,9.7,12.8,11.5,956.4,12.7,87.0,10.6
2025-10-21 22:00:00,    3,   9.8,  12.9,  11.3,  955.9,  12.1,  91.1,  10.7
2025-10-21 23:00:00,3,9.7,12.7,10.8,955.6,11.3,94.8,10.5
2025-10-22 00:00:00,    3,   9.7,  12.8,  11.0,  955.3,  11.6,  93.6,  10.6
2025-10-22 01:00:00,    3,  10.2,  13.4,  11.7,  964.0,  12.3,  93.6,  11.3
2025-10-22 02:00:00,    3,  10.2,  13.5,  11.6,  963.7,  12.0,  96.1,  11.4
2025-10-22 03:00:00,    3,  10.0,  13.2,  11.6,  954.6,  12.4,  91.8,  11.1
2025-10-22 04:00:00,    3,  10.0,  13.2,  11.6,  954.6,  12.2,  93.0,  11.1
2025-10-22 05:00:00,    3,  10.2,  13.4,  11.5,  954.5,  11.9,  96.1,  11.3
2025-10-22 06:00:00,    3,  10.0,  13.1,  11.1,  954.6,  11.3,  98.0,  11.0
2025-10-22 07:00:00,    3,  10.1,  13.2,  11.3,  955.1,  11.5,  97.4,  11.1
2025-10-22 08:00:00,    3,  10.3,  13.6,  11.8,  956.1,  12.2,  95.5,  11.5
2025-10-22 09:00:00,    3,  10.9,  14.4,  13.0,  965.7,  13.8,  91.2,  12.4
2025-10-22 10:00:00,3,10.6,14.0,13.0,966.1,14.5,84.9,12.0
2025-10-22 11:00:00,3,10.2,13.6,12.6,957.2,14.3,83.2,11.5
2025-10-22 12:00:00,3,10.3,13.7,12.9,957.0,14.7,81.7,11.6
2025-10-22 13:00:00,3,10.1,13.4,12.9,956.5,15.2,77.5,11.3
2025-10-22 14:00:00,    3,  10.3,  13.8,  13.4,  964.9,  16.0,  75.6,  11.7
2025-10-22 15:00:00,    3,  10.8,  14.4,  13.3,  964.8,  14.6,  86.6,  12.4
2025-10-22 16:00:00,3,11.2,14.8,13.4,964.3,14.2,91.3,12.8
2025-10-22 17:00:00,    3,  11.3,  14.9,  13.1,  955.2,  13.3,  97.4,  12.9
2025-10-22 18:00:00,3,11.3,15.0,13.4,963.6,14.1,93.1,13.0
2025-10-22 19:00:00,3,11.1,14.7,13.1,954.6,13.7,93.7,12.7
2025-10-22 20:00:00,    3,  11.0,  14.6,  13.3,  954.4,  14.3,  89.5,  12.6
2025-10-22 21:00:00,    3,  10.7,  14.1,  12.8,  954.0,  13.9,  88.9,  12.1
2025-10-22 22:00:00,    3,  10.8,  14.3,  13.3,  962.4,  14.7,  85.5,  12.3
2025-10-22 23:00:00,3,10.5,14.0,12.7,961.9,13.9,87.7,11.9
2025-10-23 00:00:00,3,10.0,13.2,11.6,952.1,12.2,93.0,11.1
2025-10-23 01:00:00,    3,   9.7,  12.7,  10.8,  951.4,  11.2,  95.4,  10.5
2025-10-23 02:00:00,    3,  10.6,  14.1,  13.1,  950.2,  14.7,  84.4,  12.1
2025-10-23 03:00:00,    3,  10.6,  14.1,  13.3,  957.5,  15.1,  82.2,  12.1
2025-10-23 04:00:00,    3,  10.3,  13.7,  12.6,  947.9,  14.2,  84.3,  11.6
2025-10-23 05:00:00,    3,  10.7,  14.2,  12.9,  954.8,  13.9,  89.5,  12.2
2025-10-23 06:00:00,    3,  11.2,  14.8,  13.3,  953.8,  14.1,  91.9,  12.8
2025-10-23 07:00:00,    3,  10.5,  14.0,  12.8,  944.2,  14.1,  86.6,  11.9
2025-10-23 08:00:00,    3,   9.8,  12.9,  11.4,  954.3,  12.4,  89.3,  10.7
2025-10-23 09:00:00,3,8.9,11.7,10.1,946.1,11.1,88.6,9.3
2025-10-23 10:00:00,3,9.5,12.5,10.8,947.4,11.7,90.5,10.2
2025-10-23 11:00:00,    3,   9.0,  11.8,  10.6,  955.8,  12.1,  83.5,   9.4
2025-10-23 12:00:00,    3,   8.9,  11.7,  11.0,  955.3,  13.2,  77.2,   9.3
2025-10-23 13:00:00,3,7.5,9.9,9.9,956.0,13.6,63.4,6.8
2025-10-23 14:00:00,3,7.2,9.6,9.5,955.7,13.1,63.3,6.3
2025-10-23 15:00:00,3,6.5,8.6,8.8,956.0,13.0,57.4,4.8
2025-10-23 16:00:00,    3,   6.5,   8.6,   8.5,  956.7,  12.4,  59.7,   4.8
2025-10-23 17:00:00,3,6.7,8.8,8.0,949.0,11.1,66.4,5.1
2025-10-23 18:00:00,    3,   7.0,   9.2,   8.3,  958.2,  10.9,  70.7,   5.8
2025-10-23 19:00:00,    3,   7.3,   9.6,   8.4,  959.4,  10.8,  73.7,   6.3
2025-10-23 20:00:00,    3,   7.1,   9.4,   8.3,  960.7,  10.9,  71.7,   6.0
2025-10-23 21:00:00,    3,   6.8,   8.9,   8.1,  961.7,  11.1,  67.4,   5.3
2025-10-23 22:00:00,    3,   6.6,   8.7,   7.6,  962.3,  10.4,  68.6,   4.9
2025-10-23 23:00:00,    3,   7.0,   9.2,   7.3,  962.9,   8.9,  80.3,   5.7
2025-10-24 00:00:00,3,6.9,8.9,6.3,954.3,7.3,87.1,5.3
2025-10-24 01:00:00,3,6.6,8.5,5.6,955.3,6.5,87.6,4.6
2025-10-24 02:00:00,3,6.2,8.0,5.3,955.8,6.7,81.7,3.8
2025-10-24 03:00:00,3,6.1,7.9,5.4,965.3,7.1,77.8,3.5
2025-10-24 04:00:00,    3,   5.9,   7.6,   4.5,  957.0,   5.8,  82.7,   3.1
2025-10-24 05:00:00,    3,   5.8,   7.5,   4.3,  966.5,   5.6,  82.1,   2.8
2025-10-24 06:00:00,    3,   5.6,   7.2,   3.8,  958.2,   5.1,  81.5,   2.2
2025-10-24 07:00:00,3,5.6,7.3,4.9,968.4,7.0,72.4,2.4
2025-10-24 08:00:00,    3,   5.9,   7.6,   5.1,  960.2,   7.0,  75.6,   3.0
2025-10-24 09:00:00,    3,   5.7,   7.4,   5.7,  969.7,   8.4,  67.2,   2.7
2025-10-24 10:00:00,3,5.4,7.0,5.6,961.4,8.9,61.4,1.9
2025-10-24 11:00:00,3,5.1,6.7,5.7,971.0,9.5,56.5,1.3
2025-10-24 12:00:00,3,5.6,7.3,6.5,962.5,10.1,59.1,2.5
2025-10-24 13:00:00,    3,   5.2,   6.8,   6.2,  971.4,  10.4,  53.5,   1.4
2025-10-24 14:00:00,    3,   5.4,   7.0,   5.8,  962.6,   9.2,  60.2,   1.9
2025-10-24 15:00:00,    3,   5.4,   7.1,   5.9,  962.4,   9.4,  60.2,   2.1
2025-10-24 16:00:00,3,5.4,7.0,5.9,971.5,9.4,59.4,1.9
2025-10-24 17:00:00,3,5.4,7.0,5.5,971.6,8.7,62.2,1.9
2025-10-24 18:00:00,3,5.4,7.1,5.5,971.5,8.5,63.5,2.0
2025-10-24 19:00:00,    3,   5.3,   6.9,   5.0,  971.3,   7.9,  64.8,   1.7
2025-10-24 20:00:00,    3,   5.3,   6.9,   5.1,  971.2,   8.0,  64.3,   1.7
2025-10-24 21:00:00,    3,   5.4,   7.0,   5.2,  971.3,   8.2,  63.9,   1.8
2025-10-24 22:00:00,    3,   5.4,   7.0,   4.6,  962.0,   7.0,  69.4,   1.8
2025-10-24 23:00:00,    3,   5.6,   7.3,   5.3,  961.4,   7.8,  69.1,   2.5
2025-10-25 00:00:00,    3,   5.8,   7.5,   5.3,  960.8,   7.5,  72.5,   2.9
2025-10-25 01:00:00,    3,   6.2,   8.0,   6.0,  960.3,   8.1,  74.2,   3.8
2025-10-25 02:00:00,    3,   6.7,   8.7,   6.1,  960.2,   7.3,  84.7,   4.9
2025-10-25 03:00:00,    3,   6.7,   8.7,   6.1,  968.7,   7.1,  86.5,   5.0
2025-10-25 04:00:00,    3,   6.6,   8.5,   6.0,  959.7,   7.2,  84.1,   4.7
2025-10-25 05:00:00,    3,   6.4,   8.3,   5.6,  959.0,   6.9,  82.9,   4.2
2025-10-25 06:00:00,    3,   6.6,   8.6,   6.3,  958.3,   7.8,  81.3,   4.8
2025-10-25 07:00:00,    3,   6.7,   8.7,   6.5,  958.2,   8.0,  80.7,   4.9
2025-10-25 08:00:00,    3,   6.9,   9.0,   7.1,  958.3,   8.9,  78.6,   5.4
2025-10-25 09:00:00,    3,   7.8,  10.2,   8.0,  967.0,   8.9,  89.1,   7.2
2025-10-25 10:00:00,    3,   7.6,  10.0,   8.6,  967.1,  10.4,  78.9,   6.9
2025-10-25 11:00:00,    3,   6.7,   8.9,   8.4,  966.7,  11.9,  63.4,   5.2
2025-10-25 12:00:00,3,6.9,9.0,8.5,966.7,11.8,65.2,5.5
2025-10-25 13:00:00,    3,   7.1,   9.4,   9.0,  966.6,  12.2,  66.2,   6.1
2025-10-25 14:00:00,    3,   6.7,   8.8,   8.4,  957.8,  11.9,  63.0,   5.1
2025-10-25 15:00:00,    3,   6.7,   8.9,   8.3,  958.2,  11.7,  64.3,   5.2
2025-10-25 16:00:00,    3,   6.6,   8.7,   7.9,  958.4,  11.1,  65.5,   4.9
2025-10-25 17:00:00,    3,   6.5,   8.5,   8.0,  967.7,  11.4,  62.9,   4.6
2025-10-25 18:00:00,    3,   6.6,   8.6,   7.7,  968.2,  10.7,  66.8,   4.8
2025-10-25 19:00:00,    3,   6.6,   8.5,   6.3,  959.3,   7.8,  80.7,   4.7
2025-10-25 20:00:00,    3,   6.7,   8.7,   6.3,  959.5,   7.7,  82.4,   4.9
2025-10-25 21:00:00,    3,   6.3,   8.1,   5.4,  959.7,   6.8,  82.3,   4.0
2025-10-25 22:00:00,3,6.8,8.9,6.9,968.3,8.6,79.7,5.3
2025-10-25 23:00:00,3,6.3,8.2,5.7,959.4,7.2,80.6,4.1
2025-10-26 00:00:00,    3,   6.5,   8.4,   5.9,  959.3,   7.3,  81.8,   4.4
2025-10-26 01:00:00,    3,   6.6,   8.6,   6.0,  959.1,   7.2,  84.7,   4.8
2025-10-26 02:00:00,    3,   7.0,   9.2,   7.1,  967.8,   8.5,  82.5,   5.7
2025-10-26 03:00:00,3,7.0,9.1,6.6,958.8,7.6,87.1,5.6
2025-10-26 04:00:00,    3,   6.7,   8.7,   6.1,  959.5,   7.3,  85.3,   5.0
2025-10-26 05:00:00,    3,   6.2,   8.0,   5.1,  959.7,   6.4,  82.8,   3.7
2025-10-26 06:00:00,    3,   6.1,   7.9,   5.1,  960.2,   6.5,  81.1,   3.5
2025-10-26 07:00:00,    3,   5.3,   6.9,   4.0,  970.2,   6.0,  73.3,   1.6
2025-10-26 08:00:00,3,5.2,6.7,4.1,971.3,6.5,68.8,1.2
2025-10-26 09:00:00,    3,   5.3,   6.8,   4.7,  962.4,   7.4,  66.1,   1.5
2025-10-26 10:00:00,3,5.3,6.9,5.4,971.9,8.6,61.3,1.6
2025-10-26 11:00:00,3,5.2,6.7,5.1,962.9,8.4,60.8,1.3
2025-10-26 12:00:00,3,5.2,6.8,5.4,962.8,8.8,60.1,1.5
2025-10-26 13:00:00,    3,   5.8,   7.5,   5.8,  972.2,   8.4,  68.2,   2.9
2025-10-26 14:00:00,3,6.1,8.0,6.0,972.6,8.2,73.2,3.7
2025-10-26 15:00:00,    3,   5.8,   7.5,   5.4,  972.7,   7.7,  71.0,   2.8
2025-10-26 16:00:00,    3,   5.3,   6.9,   4.9,  972.8,   7.7,  65.2,   1.6
2025-10-26 17:00:00,3,5.3,6.9,4.5,973.1,7.0,68.4,1.6
2025-10-26 18:00:00,    3,   5.6,   7.2,   3.6,  964.5,   4.7,  83.8,   2.2
2025-10-26 19:00:00,    3,   5.5,   7.1,   3.2,  964.8,   4.2,  86.1,   2.1
2025-10-26 20:00:00,    3,   5.4,   6.9,   4.2,  973.7,   6.3,  72.3,   1.7
2025-10-26 21:00:00,    3,   5.3,   6.9,   4.3,  973.3,   6.6,  70.3,   1.6
2025-10-26 22:00:00,    3,   5.3,   6.9,   4.0,  964.1,   5.9,  73.8,   1.6
2025-10-26 23:00:00,    3,   5.3,   6.9,   4.5,  972.4,   6.8,  69.8,   1.7
2025-10-27 00:00:00,    3,   5.6,   7.2,   4.5,  971.9,   6.4,  75.0,   2.3
2025-10-27 01:00:00,    3,   6.0,   7.7,   4.6,  971.2,   5.9,  82.7,   3.2
2025-10-27 02:00:00,    3,   6.1,   7.9,   4.8,  970.0,   5.8,  85.7,   3.6
2025-10-27 03:00:00,    3,   6.1,   7.9,   5.0,  968.9,   6.3,  82.2,   3.5
2025-10-27 04:00:00,    3,   6.0,   7.7,   4.7,  959.2,   6.0,  82.7,   3.3
2025-10-27 05:00:00,    3,   6.1,   7.9,   5.1,  966.9,   6.4,  82.2,   3.6
2025-10-27 06:00:00,    3,   6.1,   7.9,   4.9,  957.3,   6.2,  82.8,   3.5
2025-10-27 07:00:00,    3,   6.0,   7.7,   4.7,  957.2,   6.1,  81.6,   3.2
2025-10-27 08:00:00,    3,   6.0,   7.8,   5.0,  957.3,   6.4,  81.1,   3.4
2025-10-27 09:00:00,3,5.9,7.6,5.3,965.7,7.3,74.6,3.1
2025-10-27 10:00:00,    3,   6.3,   8.2,   5.9,  957.2,   7.6,  78.4,   4.1
2025-10-27 11:00:00,3,7.1,9.2,7.0,966.1,8.3,84.2,5.8
2025-10-27 12:00:00,3,6.7,8.7,6.8,957.2,8.6,78.0,5.0
2025-10-27 13:00:00,    3,   6.9,   8.9,   6.7,  957.5,   8.1,  82.4,   5.3
2025-10-27 14:00:00,    3,   7.0,   9.0,   6.8,  957.6,   8.2,  83.0,   5.5
2025-10-27 15:00:00,    3,   6.7,   8.8,   7.0,  957.8,   9.0,  76.5,   5.1
2025-10-27 16:00:00,    3,   6.5,   8.5,   7.1,  967.9,   9.6,  70.9,   4.6
2025-10-27 17:00:00,    3,   6.2,   8.0,   5.9,  960.6,   7.9,  75.2,   3.8
2025-10-27 18:00:00,    3,   6.1,   8.0,   5.9,  962.2,   7.9,  74.7,   3.7
2025-10-27 19:00:00,    3,   6.2,   8.1,   5.9,  963.4,   7.8,  76.3,   3.9
2025-10-27 20:00:00,    3,   6.3,   8.2,   6.3,  964.5,   8.4,  74.3,   4.1
2025-10-27 21:00:00,3,6.3,8.2,6.8,974.1,9.4,69.4,4.1
2025-10-27 22:00:00,3,6.2,8.1,6.5,974.6,9.0,70.3,3.9
2025-10-27 23:00:00,    3,   6.2,   8.1,   6.5,  975.2,   8.8,  71.8,   4.0
2025-10-28 00:00:00,    3,   6.8,   8.8,   6.1,  967.1,   7.0,  87.7,   5.1
2025-10-28 01:00:00,    3,   7.1,   9.2,   6.6,  976.3,   7.6,  87.7,   5.7
2025-10-28 02:00:00,    3,   6.8,   8.9,   6.2,  967.5,   7.1,  87.7,   5.2
2025-10-28 03:00:00,3,6.6,8.5,5.8,967.6,6.9,85.8,4.7
2025-10-28 04:00:00,3,6.7,8.7,6.1,967.4,7.3,84.7,4.9
2025-10-28 05:00:00,    3,   6.5,   8.5,   6.2,  967.2,   7.7,  80.7,   4.6
2025-10-28 06:00:00,    3,   6.5,   8.4,   6.7,  975.9,   8.9,  73.8,   4.5
2025-10-28 07:00:00,    3,   6.3,   8.3,   6.3,  967.0,   8.4,  74.8,   4.2
2025-10-28 08:00:00,    3,   6.5,   8.4,   6.9,  966.7,   9.2,  72.4,   4.5
2025-10-28 09:00:00,    3,   6.9,   9.0,   7.8,  966.8,  10.3,  71.6,   5.4
2025-10-28 10:00:00,    3,   7.2,   9.5,   8.9,  975.4,  11.9,  68.0,   6.2
2025-10-28 11:00:00,3,7.3,9.6,9.2,966.2,12.4,66.7,6.4
2025-10-28 12:00:00,    3,   7.4,   9.8,   9.8,  974.6,  13.4,  63.8,   6.7
2025-10-28 13:00:00,    3,   7.2,   9.6,   9.9,  974.3,  14.0,  59.7,   6.3
2025-10-28 14:00:00,    3,   7.0,   9.4,   9.9,  974.2,  14.3,  57.3,   6.0
2025-10-28 15:00:00,    3,   7.2,   9.6,   9.5,  965.7,  13.1,  63.3,   6.3
2025-10-28 16:00:00,    3,   6.8,   9.0,   8.9,  974.8,  12.7,  61.0,   5.4
2025-10-28 17:00:00,    3,   7.0,   9.2,   8.6,  966.4,  11.6,  67.5,   5.8
2025-10-28 18:00:00,    3,   6.4,   8.5,   8.5,  975.9,  12.4,  58.9,   4.6
2025-10-28 19:00:00,3,6.5,8.6,8.6,976.2,12.5,59.3,4.8
2025-10-28 20:00:00,    3,   6.6,   8.7,   8.6,  976.4,  12.3,  60.9,   5.0
2025-10-28 21:00:00,3,7.0,9.2,8.7,976.8,11.9,66.2,5.8
2025-10-28 22:00:00,3,7.2,9.5,9.0,976.8,12.0,67.6,6.2
2025-10-28 23:00:00,3,7.1,9.3,7.9,967.7,10.0,75.6,5.9
2025-10-29 00:00:00,    3,   7.3,   9.6,   8.6,  976.6,  11.1,  72.2,   6.3
2025-10-29 01:00:00,3,7.2,9.4,8.4,976.2,10.8,72.7,6.1
2025-10-29 02:00:00,3,7.0,9.2,8.3,975.8,11.1,69.3,5.7
2025-10-29 03:00:00,    3,   7.4,   9.6,   8.1,  966.4,   9.9,  78.8,   6.4
2025-10-29 04:00:00,    3,   7.4,   9.8,   8.9,  975.4,  11.4,  72.3,   6.6
2025-10-29 05:00:00,3,7.1,9.3,7.6,966.3,9.3,79.2,5.9
2025-10-29 06:00:00,3,6.9,8.9,6.5,966.0,7.8,84.2,5.3
2025-10-29 07:00:00,3,6.7,8.7,6.0,965.8,7.1,85.9,4.9
2025-10-29 08:00:00,3,6.9,9.0,7.3,965.5,9.3,76.5,5.4
2025-10-29 09:00:00,    3,   7.4,   9.7,   9.0,  973.9,  11.9,  69.4,   6.5
2025-10-29 10:00:00,3,7.9,10.4,9.9,964.1,12.6,71.5,7.6
2025-10-29 11:00:00,    3,   7.7,  10.2,  10.3,  972.5,  13.8,  64.8,   7.3
2025-10-29 12:00:00,    3,   7.6,  10.2,  10.7,  971.5,  14.9,  59.9,   7.2
2025-10-29 13:00:00,    3,   8.1,  10.7,  11.2,  961.7,  15.1,  62.5,   8.0
2025-10-29 14:00:00,    3,   8.6,  11.4,  11.5,  960.6,  15.0,  66.8,   8.9
2025-10-29 15:00:00,    3,   8.3,  11.0,  11.3,  960.4,  15.0,  64.6,   8.4
2025-10-29 16:00:00,    3,   8.5,  11.3,  10.6,  959.6,  13.0,  75.1,   8.7
2025-10-29 17:00:00,    3,   8.4,  11.2,  11.1,  968.4,  14.2,  69.0,   8.6
2025-10-29 18:00:00,    3,   8.2,  10.8,  10.6,  968.3,  13.7,  68.9,   8.1
2025-10-29 19:00:00,    3,   7.8,  10.3,   9.4,  959.2,  11.8,  74.4,   7.4
2025-10-29 20:00:00,    3,   7.9,  10.4,   8.8,  958.4,  10.3,  82.7,   7.5
2025-10-29 21:00:00,    3,   7.3,   9.6,   9.3,  966.9,  12.6,  65.9,   6.4
2025-10-29 22:00:00,3,7.3,9.6,8.4,957.7,10.6,75.2,6.4
2025-10-29 23:00:00,    3,   7.3,   9.6,   9.2,  966.2,  12.3,  67.2,   6.4
2025-10-30 00:00:00,3,8.2,10.7,9.0,957.3,10.2,86.2,8.0
2025-10-30 01:00:00,3,8.5,11.1,9.7,965.5,11.1,84.0,8.5
2025-10-30 02:00:00,3,8.2,10.9,10.3,965.5,12.8,73.5,8.2
2025-10-30 03:00:00,    3,   8.4,  11.1,  10.6,  965.9,  13.1,  73.6,   8.5
2025-10-30 04:00:00,    3,   8.7,  11.4,  10.3,  957.8,  12.1,  80.7,   8.9
2025-10-30 05:00:00,    3,   9.0,  11.9,  10.6,  960.0,  11.9,  85.2,   9.5
2025-10-30 06:00:00,    3,   8.1,  10.6,   9.4,  970.8,  11.3,  79.0,   7.8
2025-10-30 07:00:00,    3,   8.0,  10.5,   9.0,  963.0,  10.6,  82.2,   7.7
2025-10-30 08:00:00,3,7.9,10.4,9.3,964.8,11.5,76.4,7.5
2025-10-30 09:00:00,    3,   6.9,   9.0,   8.5,  965.7,  11.8,  65.2,   5.5
2025-10-30 10:00:00,    3,   6.5,   8.5,   8.6,  967.1,  12.7,  58.1,   4.7
2025-10-30 11:00:00,    3,   6.2,   8.3,   8.5,  976.6,  12.8,  55.7,   4.2
2025-10-30 12:00:00,    3,   6.0,   7.9,   8.4,  976.8,  13.2,  52.1,   3.6
2025-10-30 13:00:00,    3,   5.6,   7.5,   8.4,  977.0,  13.8,  47.3,   2.8
2025-10-30 14:00:00,    3,   5.6,   7.4,   8.4,  967.9,  14.0,  46.4,   2.7
2025-10-30 15:00:00,3,5.4,7.2,8.2,977.1,14.0,44.7,2.2
2025-10-30 16:00:00,3,6.1,8.0,8.0,968.4,12.1,56.8,3.8
2025-10-30 17:00:00,    3,   6.1,   7.9,   6.6,  968.4,   9.4,  67.0,   3.6
2025-10-30 18:00:00,3,6.0,7.8,5.6,968.8,7.6,74.6,3.4
2025-10-30 19:00:00,3,6.5,8.4,7.0,978.0,9.5,70.9,4.5
2025-10-30 20:00:00,    3,   6.4,   8.3,   5.9,  978.2,   7.3,  81.2,   4.3
2025-10-30 21:00:00,    3,   6.4,   8.3,   5.5,  978.4,   6.7,  84.0,   4.2
2025-10-30 22:00:00,    3,   6.4,   8.3,   5.5,  978.4,   6.6,  85.2,   4.3
2025-10-30 23:00:00,3,6.3,8.1,4.7,978.1,5.4,90.0,3.9
2025-10-31 00:00:00,3,6.2,8.0,4.5,978.0,5.2,90.6,3.8
2025-10-31 01:00:00,3,6.2,8.0,4.4,977.8,5.0,91.3,3.7
2025-10-31 02:00:00,    3,   6.1,   7.9,   4.3,  977.9,   5.0,  90.0,   3.5
2025-10-31 03:00:00,3,5.9,7.6,3.9,977.8,4.7,88.7,3.0
2025-10-31 04:00:00,3,5.9,7.5,3.9,977.6,4.8,87.4,2.9
2025-10-31 05:00:00,3,5.8,7.4,3.4,977.8,4.1,89.9,2.6
2025-10-31 06:00:00,3,5.7,7.3,3.0,978.1,3.4,93.8,2.5
2025-10-31 07:00:00,    3,   5.9,   7.5,   3.5,  978.6,   4.0,  92.5,   2.9
2025-10-31 08:00:00,3,6.1,7.9,4.7,979.1,5.6,86.9,3.6
2025-10-31 09:00:00,    3,   6.5,   8.5,   6.2,  978.5,   7.7,  80.7,   4.6
2025-10-31 10:00:00,    3,   7.2,   9.4,   7.9,  978.4,  10.0,  76.1,   6.0
2025-10-31 11:00:00,    3,   7.5,   9.8,   9.1,  978.2,  11.7,  71.3,   6.7
2025-10-31 12:00:00,    3,   7.7,  10.2,   9.9,  977.7,  13.0,  67.8,   7.2
2025-10-31 13:00:00,    3,   8.0,  10.6,  10.5,  977.4,  13.8,  67.0,   7.8
2025-10-31 14:00:00,    3,   8.3,  11.0,  10.8,  977.2,  13.8,  69.4,   8.3
2025-10-31 15:00:00,3,8.3,11.0,10.6,977.2,13.5,70.7,8.3
2025-10-31 16:00:00,    3,   8.4,  11.0,  10.1,  977.3,  12.2,  77.5,   8.4
2025-10-31 17:00:00,3,8.7,11.4,10.4,977.6,12.2,80.2,8.9
2025-10-31 18:00:00,3,8.7,11.4,10.3,977.9,12.0,81.3,8.9
2025-10-31 19:00:00,3,8.6,11.3,10.2,978.1,12.0,80.7,8.8
2025-10-31 20:00:00,    3,   8.6,  11.3,   9.7,  977.8,  10.9,  86.3,   8.7
2025-10-31 21:00:00,    3,   8.9,  11.8,  11.0,  978.3,  13.1,  78.2,   9.4
2025-10-31 22:00:00,    3,   8.8,  11.6,  10.6,  978.2,  12.5,  79.7,   9.1
2025-10-31 23:00:00,3,8.7,11.5,10.2,978.3,11.6,84.0,9.0
2025-11-01 00:00:00,    3,   8.8,  11.5,  10.0,  978.1,  11.2,  86.3,   9.0
2025-11-01 01:00:00,    3,   8.6,  11.3,   9.5,  977.8,  10.4,  89.2,   8.7
2025-11-01 02:00:00,3,8.6,11.3,9.3,977.8,10.0,91.6,8.7
2025-11-01 03:00:00,3,8.5,11.1,9.0,977.3,9.7,92.2,8.5
2025-11-01 04:00:00,3,8.6,11.2,9.1,977.1,9.7,92.8,8.6
2025-11-01 05:00:00,    3,   8.7,  11.3,   9.6,  976.9,  10.6,  88.6,   8.8
2025-11-01 06:00:00,    3,   8.6,  11.3,   9.3,  976.6,  10.0,  91.6,   8.7
2025-11-01 07:00:00,    3,   8.5,  11.2,   9.6,  976.8,  10.7,  86.8,   8.6
2025-11-01 08:00:00,3,8.6,11.3,9.9,976.9,11.3,84.0,8.7
2025-11-01 09:00:00,3,8.9,11.7,10.8,976.8,12.7,79.8,9.3
2025-11-01 10:00:00,3,9.2,12.2,11.6,976.2,13.9,76.8,9.9
2025-11-01 11:00:00,3,9.3,12.4,11.9,976.1,14.4,75.3,10.1
2025-11-01 12:00:00,    3,   9.4,  12.5,  12.2,  975.8,  14.8,  74.4,  10.3
2025-11-01 13:00:00,    3,   9.6,  12.8,  12.4,  975.4,  14.8,  75.9,  10.6
2025-11-01 14:00:00,    3,   9.7,  13.0,  12.5,  975.5,  14.9,  76.4,  10.8
2025-11-01 15:00:00,3,9.8,13.1,12.5,975.7,14.7,77.9,10.9
2025-11-01 16:00:00,3,9.8,13.1,12.5,975.7,14.8,77.4,10.9
2025-11-01 17:00:00,    3,   9.6,  12.8,  12.8,  976.2,  15.8,  71.2,  10.6
2025-11-01 18:00:00,    3,   9.9,  13.3,  13.5,  976.2,  16.9,  69.1,  11.2
2025-11-01 19:00:00,    3,  10.3,  13.8,  13.7,  976.5,  16.6,  72.8,  11.7
2025-11-01 20:00:00,3,9.4,12.4,11.3,977.8,12.9,83.1,10.1
2025-11-01 21:00:00,3,9.3,12.2,10.9,977.8,12.2,85.8,9.9
2025-11-01 22:00:00,    3,   9.7,  12.7,  11.1,  977.7,  11.9,  91.1,  10.5
2025-11-01 23:00:00,3,10.1,13.3,11.3,977.6,11.5,98.0,11.2
2025-11-02 00:00:00,    3,  10.2,  13.4,  11.3,  977.9,  11.4,  99.3,  11.3
2025-11-02 01:00:00,3,9.9,13.1,11.0,977.9,11.2,98.0,10.9
2025-11-02 02:00:00,3,10.1,13.3,11.3,977.7,11.4,98.7,11.2
2025-11-02 03:00:00,3,9.4,12.3,10.5,977.4,11.2,92.3,10.0
2025-11-02 04:00:00,3,9.5,12.5,10.5,977.1,10.9,95.4,10.2
2025-11-02 05:00:00,    3,   9.0,  11.8,  10.0,  977.3,  10.8,  91.0,   9.4
2025-11-02 06:00:00,    3,   9.1,  12.0,  10.0,  977.2,  10.6,  93.5,   9.6
2025-11-02 07:00:00,3,9.1,12.0,10.0,977.2,10.6,93.5,9.6
2025-11-02 08:00:00,    3,   9.0,  11.8,  10.1,  977.6,  10.9,  90.4,   9.4
2025-11-02 09:00:00,3,9.3,12.1,10.1,976.8,10.6,94.8,9.8
2025-11-02 10:00:00,3,9.2,12.1,10.4,977.2,11.2,91.1,9.8
2025-11-02 11:00:00,3,9.7,12.7,10.8,977.0,11.3,94.8,10.5
2025-11-02 12:00:00,3,9.3,12.3,10.8,976.2,11.9,88.1,10.0
2025-11-02 13:00:00,3,9.0,11.8,10.6,976.3,12.2,83.0,9.4
2025-11-02 14:00:00,3,8.8,11.6,10.5,976.2,12.1,82.4,9.2
2025-11-02 15:00:00,3,8.5,11.2,10.1,976.0,12.0,79.6,8.6
2025-11-02 16:00:00,    3,   8.7,  11.4,  10.1,  976.1,  11.6,  83.5,   8.9
2025-11-02 17:00:00,3,8.3,10.9,9.2,976.8,10.4,86.2,8.2
2025-11-02 18:00:00,3,7.9,10.4,8.8,977.3,10.2,83.3,7.5
2025-11-02 19:00:00,    3,   7.8,  10.2,   8.5,  978.0,   9.9,  83.8,   7.3
2025-11-02 20:00:00,3,8.3,10.8,8.6,978.7,9.1,93.4,8.1
2025-11-02 21:00:00,3,7.7,10.0,8.1,979.2,9.2,86.1,7.0
2025-11-02 22:00:00,    3,   6.9,   9.0,   7.1,  979.8,   8.8,  79.2,   5.4
2025-11-02 23:00:00,    3,   6.8,   8.9,   6.6,  980.5,   8.0,  82.4,   5.2
2025-11-03 00:00:00,3,7.0,9.0,6.8,980.8,8.2,83.0,5.5
2025-11-03 01:00:00,3,6.8,8.9,6.4,981.6,7.6,84.7,5.2
2025-11-03 02:00:00,    3,   6.8,   8.9,   6.3,  982.1,   7.4,  85.9,   5.2
2025-11-03 03:00:00,    3,   6.7,   8.7,   5.9,  982.5,   6.9,  87.0,   4.9
2025-11-03 04:00:00,    3,   6.5,   8.4,   5.7,  982.8,   6.9,  84.6,   4.5
2025-11-03 05:00:00,3,6.5,8.4,5.6,983.4,6.8,84.6,4.4
2025-11-03 06:00:00,    3,   6.3,   8.2,   5.5,  983.8,   6.8,  82.9,   4.1
2025-11-03 07:00:00,    3,   6.5,   8.4,   6.1,  984.5,   7.7,  80.1,   4.5
2025-11-03 08:00:00,    3,   6.6,   8.5,   6.5,  985.3,   8.3,  78.0,   4.7
2025-11-03 09:00:00,    3,   6.7,   8.8,   7.3,  985.7,   9.5,  73.9,   5.1
2025-11-03 10:00:00,    3,   7.1,   9.3,   8.8,  986.2,  12.0,  66.2,   5.9
2025-11-03 11:00:00,    3,   6.7,   8.8,   8.4,  986.2,  11.8,  63.4,   5.1
2025-11-03 12:00:00,3,6.9,9.0,8.5,985.8,11.7,65.7,5.5
2025-11-03 13:00:00,3,6.5,8.6,8.7,985.5,12.7,58.5,4.8
2025-11-03 14:00:00,    3,   6.5,   8.6,   8.7,  985.6,  12.7,  58.5,   4.8
2025-11-03 15:00:00,    3,   6.3,   8.4,   8.6,  985.7,  12.8,  56.5,   4.4
2025-11-03 16:00:00,3,6.4,8.5,8.3,985.8,12.0,60.4,4.6
2025-11-03 17:00:00,3,6.7,8.8,8.2,986.3,11.3,65.6,5.1
2025-11-03 18:00:00,3,6.8,8.9,7.6,986.9,10.0,72.5,5.3
2025-11-03 19:00:00,3,7.0,9.1,7.8,986.9,10.0,74.0,5.6
2025-11-03 20:00:00,3,7.1,9.3,7.6,987.3,9.4,78.7,5.9
2025-11-03 21:00:00,3,6.9,9.0,6.8,987.6,8.2,82.5,5.4
2025-11-03 22:00:00,    3,   6.9,   8.9,   6.8,  987.6,   8.2,  81.9,   5.3
2025-11-03 23:00:00,    3,   6.9,   8.9,   6.8,  987.6,   8.2,  81.9,   5.3
2025-11-04 00:00:00,    3,   6.3,   8.1,   4.1,  978.3,   4.3,  97.2,   3.9
2025-11-04 01:00:00,3,5.8,7.4,3.1,978.2,3.5,94.5,2.7
2025-11-04 02:00:00,    3,   6.4,   8.3,   4.9,  987.0,   5.6,  90.7,   4.2
2025-11-04 03:00:00,    3,   6.3,   8.1,   4.7,  986.7,   5.4,  90.7,   4.0
2025-11-04 04:00:00,    3,   5.4,   6.8,   1.8,  977.7,   2.0,  96.5,   1.5
2025-11-04 05:00:00,    3,   5.1,   6.5,   1.3,  977.6,   1.6,  94.4,   0.8
2025-11-04 06:00:00,    3,   6.0,   7.7,   3.8,  986.8,   4.3,  93.2,   3.3
2025-11-04 07:00:00,    3,   6.1,   7.9,   4.0,  986.9,   4.5,  93.2,   3.5
2025-11-04 08:00:00,    3,   5.7,   7.3,   3.1,  978.0,   3.6,  91.8,   2.4
2025-11-04 09:00:00,    3,   6.6,   8.5,   6.4,  987.3,   8.0,  79.6,   4.7
2025-11-04 10:00:00,    3,   6.8,   8.9,   7.7,  986.8,  10.2,  71.0,   5.2
2025-11-04 11:00:00,    3,   6.8,   8.9,   8.6,  986.3,  12.1,  63.1,   5.3
2025-11-04 12:00:00,    3,   7.0,   9.2,   9.7,  985.8,  13.9,  58.0,   5.8
2025-11-04 13:00:00,    3,   6.6,   8.9,   9.9,  985.3,  15.1,  51.5,   5.2
2025-11-04 14:00:00,    3,   6.5,   8.7,   9.5,  976.0,  14.5,  52.4,   4.9
2025-11-04 15:00:00,    3,   7.5,   9.9,  10.0,  975.9,  13.7,  63.0,   6.8
2025-11-04 16:00:00,    3,   7.5,   9.8,   9.1,  975.8,  11.7,  71.3,   6.7
2025-11-04 17:00:00,    3,   7.0,   9.2,   8.8,  984.6,  12.0,  65.3,   5.7
2025-11-04 18:00:00,    3,   6.8,   8.9,   7.2,  975.8,   9.2,  76.5,   5.3
2025-11-04 19:00:00,    3,   6.0,   7.7,   5.1,  975.8,   6.8,  78.3,   3.3
2025-11-04 20:00:00,    3,   5.7,   7.3,   4.3,  975.7,   5.8,  79.3,   2.5
2025-11-04 21:00:00,    3,   6.5,   8.5,   6.2,  984.5,   7.7,  80.7,   4.6
2025-11-04 22:00:00,3,6.5,8.4,6.0,984.5,7.5,80.6,4.4
2025-11-04 23:00:00,3,5.5,7.0,2.6,975.3,3.2,90.5,1.8
2025-11-05 00:00:00,    3,   6.3,   8.1,   5.2,  984.4,   6.3,  84.6,   3.9
2025-11-05 01:00:00,    3,   6.2,   8.0,   4.9,  984.4,   5.9,  86.3,   3.8
2025-11-05 02:00:00,    3,   6.1,   7.9,   4.2,  984.7,   4.9,  90.6,   3.5
2025-11-05 03:00:00,    3,   6.1,   7.9,   4.2,  984.3,   4.9,  90.6,   3.5
2025-11-05 04:00:00,    3,   5.9,   7.6,   3.7,  984.3,   4.3,  91.2,   3.0
2025-11-05 05:00:00,    3,   5.0,   6.3,   0.7,  974.6,   0.9,  96.4,   0.4
2025-11-05 06:00:00,3,4.8,6.0,0.3,974.6,0.6,94.3,-0.2
2025-11-05 07:00:00,    3,   5.8,   7.5,   3.7,  983.9,   4.4,  89.3,   2.8
2025-11-05 08:00:00,    3,   5.9,   7.6,   4.1,  984.0,   5.1,  86.2,   3.0
2025-11-05 09:00:00,3,6.1,7.8,4.7,974.4,5.8,84.5,3.4
2025-11-05 10:00:00,    3,   6.5,   8.5,   6.5,  974.2,   8.4,  76.9,   4.6
2025-11-05 11:00:00,    3,   6.3,   8.3,   7.6,  973.9,  10.9,  63.7,   4.3
2025-11-05 12:00:00,    3,   6.7,   8.8,   8.6,  972.9,  12.3,  61.4,   5.1
2025-11-05 13:00:00,3,6.6,8.7,8.9,972.1,13.0,58.2,5.0
2025-11-05 14:00:00,3,6.6,8.7,9.4,980.5,14.1,54.2,5.0
2025-11-05 15:00:00,    3,   5.9,   7.9,   9.1,  980.2,  14.7,  47.2,   3.6
2025-11-05 16:00:00,    3,   6.5,   8.5,   8.9,  980.0,  13.3,  55.9,   4.7
2025-11-05 17:00:00,    3,   7.0,   9.2,   8.8,  979.8,  12.1,  65.3,   5.8
2025-11-05 18:00:00,    3,   7.1,   9.3,   8.4,  979.6,  11.0,  70.7,   5.9
2025-11-05 19:00:00,    3,   7.0,   9.1,   7.1,  979.2,   8.6,  81.4,   5.6
2025-11-05 20:00:00,3,6.8,8.8,6.4,978.9,7.6,84.1,5.1
2025-11-05 21:00:00,3,6.9,8.9,6.3,978.5,7.2,87.7,5.3
2025-11-05 22:00:00,3,5.7,7.3,3.0,969.2,3.4,93.1,2.4
2025-11-05 23:00:00,3,6.7,8.7,5.8,977.9,6.6,88.9,4.9
2025-11-06 00:00:00,3,5.0,6.3,1.0,968.5,1.5,92.3,0.4
2025-11-06 01:00:00,    3,   5.7,   7.2,   2.4,  968.1,   2.5,  98.6,   2.3
2025-11-06 02:00:00,    3,   6.3,   8.0,   4.2,  976.6,   4.5,  95.2,   3.8
2025-11-06 03:00:00,    3,   6.0,   7.6,   3.4,  976.1,   3.6,  96.5,   3.1
2025-11-06 04:00:00,    3,   5.9,   7.5,   3.1,  975.8,   3.3,  96.5,   2.8
2025-11-06 05:00:00,    3,   5.8,   7.4,   3.0,  975.7,   3.3,  95.8,   2.7
2025-11-06 06:00:00,    3,   5.4,   6.9,   1.9,  975.6,   2.1,  97.2,   1.7
2025-11-06 07:00:00,3,5.6,7.1,2.3,975.7,2.4,97.9,2.1
2025-11-06 08:00:00,3,4.8,6.1,1.1,966.8,1.9,87.2,0.0
2025-11-06 09:00:00,3,5.7,7.3,3.8,975.9,5.0,83.2,2.4
2025-11-06 10:00:00,3,5.9,7.6,4.4,966.3,5.5,84.5,3.1
2025-11-06 11:00:00,3,6.4,8.4,6.3,966.0,8.1,77.4,4.4
2025-11-06 12:00:00,3,6.7,8.7,7.6,965.6,10.3,69.6,5.0
2025-11-06 13:00:00,    3,   6.1,   8.1,   8.1,  974.6,  12.3,  56.4,   3.9
2025-11-06 14:00:00,3,6.7,8.9,8.9,965.2,12.8,60.2,5.3
2025-11-06 15:00:00,    3,   7.0,   9.2,   8.8,  965.1,  12.1,  65.3,   5.8
2025-11-06 16:00:00,3,6.3,8.1,6.2,965.2,8.3,74.2,4.0
2025-11-06 17:00:00,3,6.0,7.8,4.9,965.2,6.3,81.6,3.4
2025-11-06 18:00:00,    3,   6.8,   8.8,   5.8,  974.3,   6.4,  91.4,   5.1
2025-11-06 19:00:00,    3,   6.7,   8.6,   5.4,  974.3,   6.0,  92.0,   4.8
2025-11-06 20:00:00,    3,   6.6,   8.4,   4.9,  974.3,   5.3,  94.6,   4.5
2025-11-06 21:00:00,3,5.9,7.5,3.2,974.4,3.5,95.8,2.9
2025-11-06 22:00:00,    3,   5.6,   7.1,   2.2,  974.5,   2.3,  98.6,   2.1
2025-11-06 23:00:00,    3,   5.1,   6.5,   1.1,  965.1,   1.3,  97.2,   0.9
2025-11-07 00:00:00,3,5.9,7.5,3.0,974.5,3.0,99.3,2.9
2025-11-07 01:00:00,    3,   5.7,   7.3,   2.7,  974.3,   2.8,  97.9,   2.5
2025-11-07 02:00:00,    3,   4.7,   5.9,  -0.3,  965.1,  -0.3,  99.3,  -0.4
2025-11-07 03:00:00,    3,   5.7,   7.3,   2.5,  974.2,   2.5,  99.3,   2.4
2025-11-07 04:00:00,    3,   5.5,   7.0,   1.9,  974.3,   1.9, 100.0,   1.9
2025-11-07 05:00:00,3,5.4,6.8,1.7,974.3,1.8,97.9,1.5
2025-11-07 06:00:00,    3,   5.3,   6.7,   1.5,  974.6,   1.7,  97.2,   1.3
2025-11-07 07:00:00,    3,   4.7,   5.9,  -0.4,  965.5,  -0.4,  99.3,  -0.5
2025-11-07 08:00:00,3,5.3,6.7,1.4,975.0,1.4,99.3,1.3
2025-11-07 09:00:00,    3,   4.9,   6.2,   0.4,  965.9,   0.4,  99.3,   0.3
2025-11-07 10:00:00,    3,   5.0,   6.4,   0.7,  966.0,   0.8,  98.6,   0.6
2025-11-07 11:00:00,    3,   5.3,   6.8,   1.5,  965.9,   1.5,  99.3,   1.4
2025-11-07 12:00:00,    3,   5.3,   6.8,   1.6,  975.0,   1.8,  97.2,   1.4
2025-11-07 13:00:00,3,5.4,6.9,1.8,974.7,1.9,97.9,1.6
2025-11-07 14:00:00,3,5.5,7.1,2.3,965.1,2.6,95.8,2.0
2025-11-07 15:00:00,3,5.5,7.0,2.1,974.8,2.3,97.2,1.9
2025-11-07 16:00:00,3,5.2,6.7,1.6,965.5,1.9,95.1,1.2
2025-11-07 17:00:00,    3,   5.6,   7.1,   2.4,  975.3,   2.6,  96.5,   2.1
2025-11-07 18:00:00,    3,   5.5,   7.0,   1.9,  966.1,   2.0,  98.6,   1.8
2025-11-07 19:00:00,    3,   5.8,   7.4,   2.8,  975.8,   3.0,  97.2,   2.6
2025-11-07 20:00:00,    3,   5.7,   7.3,   2.7,  976.0,   3.0,  95.8,   2.4
2025-11-07 21:00:00,    3,   5.7,   7.3,   2.8,  976.1,   3.1,  95.1,   2.4
2025-11-07 22:00:00,    3,   5.7,   7.3,   2.8,  976.0,   3.0,  96.5,   2.5
2025-11-07 23:00:00,3,5.6,7.1,2.4,975.9,2.7,95.8,2.1
2025-11-08 00:00:00,    3,   5.2,   6.6,   1.0,  966.7,   1.0, 100.0,   1.0
2025-11-08 01:00:00,3,5.5,7.0,2.1,975.9,2.3,97.2,1.9
2025-11-08 02:00:00,3,5.1,6.5,0.9,966.6,1.0,98.6,0.8
2025-11-08 03:00:00,3,5.1,6.5,0.9,966.6,0.9,99.3,0.8
2025-11-08 04:00:00,3,5.2,6.6,1.1,966.8,1.1,99.3,1.0
2025-11-08 05:00:00,3,5.1,6.5,0.9,966.7,0.9,99.3,0.8
2025-11-08 06:00:00,    3,   4.9,   6.2,   0.6,  966.7,   0.8,  96.4,   0.3
2025-11-08 07:00:00,    3,   4.9,   6.2,   0.7,  967.0,   1.0,  94.4,   0.2
2025-11-08 08:00:00,3,5.3,6.8,2.1,976.9,2.6,91.8,1.4
2025-11-08 09:00:00,    3,   5.2,   6.7,   2.0,  967.6,   2.6,  90.4,   1.2
2025-11-08 10:00:00,    3,   5.5,   7.1,   2.9,  977.4,   3.6,  89.2,   2.0
2025-11-08 11:00:00,    3,   5.6,   7.2,   3.4,  977.2,   4.4,  85.6,   2.2
2025-11-08 12:00:00,3,5.8,7.4,4.4,977.0,5.8,80.4,2.7
2025-11-08 13:00:00,    3,   6.0,   7.7,   4.8,  977.1,   6.2,  81.6,   3.3
2025-11-08 14:00:00,    3,   5.6,   7.3,   4.0,  977.2,   5.3,  81.5,   2.4
2025-11-08 15:00:00,    3,   5.7,   7.3,   4.1,  977.5,   5.4,  81.5,   2.5
2025-11-08 16:00:00,    3,   6.0,   7.7,   4.2,  977.8,   5.0,  88.1,   3.2
2025-11-08 17:00:00,3,6.0,7.7,4.4,968.9,5.4,85.7,3.2
2025-11-08 18:00:00,3,6.4,8.2,4.5,978.7,4.9,94.5,4.1
2025-11-08 19:00:00,3,6.4,8.3,4.5,979.1,4.7,96.5,4.2
2025-11-08 20:00:00,3,6.6,8.4,4.8,970.0,5.1,95.9,4.5
2025-11-08 21:00:00,    3,   6.7,   8.6,   5.0,  979.4,   5.1,  97.9,   4.8
2025-11-08 22:00:00,3,6.6,8.5,4.9,979.5,5.1,96.6,4.6
2025-11-08 23:00:00,    3,   6.6,   8.5,   4.8,  979.5,   5.0,  97.2,   4.6
2025-11-09 00:00:00,    3,   6.6,   8.5,   5.0,  979.2,   5.2,  96.6,   4.7
2025-11-09 01:00:00,    3,   6.6,   8.5,   5.3,  970.1,   5.9,  92.0,   4.7
2025-11-09 02:00:00,    3,   6.7,   8.6,   5.2,  970.1,   5.6,  94.6,   4.8
2025-11-09 03:00:00,3,6.7,8.6,5.2,970.0,5.6,94.6,4.8
2025-11-09 04:00:00,    3,   6.7,   8.7,   5.3,  969.9,   5.6,  95.2,   4.9
2025-11-09 05:00:00,3,6.8,8.8,5.3,969.8,5.5,97.2,5.1
2025-11-09 06:00:00,    3,   7.0,   9.0,   5.9,  979.2,   6.2,  95.3,   5.5
2025-11-09 07:00:00,    3,   6.9,   8.9,   5.6,  970.5,   6.0,  95.2,   5.3
2025-11-09 08:00:00,    3,   7.3,   9.4,   6.5,  980.1,   7.0,  94.0,   6.1
2025-11-09 09:00:00,    3,   7.5,   9.7,   7.0,  971.1,   7.6,  92.7,   6.5
2025-11-09 10:00:00,    3,   7.8,  10.2,   7.5,  980.5,   7.9,  95.3,   7.2
2025-11-09 11:00:00,    3,   8.5,  11.2,   9.4,  971.1,  10.3,  89.2,   8.6
2025-11-09 12:00:00,3,8.4,11.0,8.6,980.2,8.9,96.0,8.3
2025-11-09 13:00:00,    3,   8.5,  11.1,   9.0,  980.1,   9.6,  92.8,   8.5
2025-11-09 14:00:00,3,8.5,11.0,8.9,980.1,9.5,92.8,8.4
2025-11-09 15:00:00,    3,   8.4,  11.0,   8.7,  980.2,   9.2,  94.1,   8.3
2025-11-09 16:00:00,    3,   8.2,  10.7,   8.3,  971.3,   8.7,  95.4,   8.0
2025-11-09 17:00:00,3,8.1,10.6,8.2,971.4,8.7,94.1,7.8
2025-11-09 18:00:00,3,8.1,10.5,8.1,971.7,8.5,94.7,7.7
2025-11-09 19:00:00,    3,   7.9,  10.3,   8.2,  971.9,   9.1,  89.1,   7.4
2025-11-09 20:00:00,    3,   7.9,  10.2,   7.8,  972.0,   8.3,  93.4,   7.3
2025-11-09 21:00:00,    3,   8.0,  10.4,   8.0,  981.4,   8.5,  94.0,   7.6
2025-11-09 22:00:00,    3,   8.0,  10.4,   8.1,  981.1,   8.8,  91.5,   7.5
2025-11-09 23:00:00,    3,   7.7,  10.0,   7.3,  971.8,   7.8,  94.0,   6.9
2025-11-10 00:00:00,    3,   7.6,   9.9,   7.2,  971.5,   7.6,  94.7,   6.8
2025-11-10 01:00:00,    3,   7.7,  10.0,   7.3,  971.2,   7.7,  94.7,   6.9
2025-11-10 02:00:00,3,7.7,10.0,7.1,970.9,7.3,98.0,7.0
2025-11-10 03:00:00,3,7.6,9.9,7.1,970.6,7.5,95.3,6.8
2025-11-10 04:00:00,    3,   8.1,  10.5,   8.0,  979.5,   8.3,  96.0,   7.7
2025-11-10 05:00:00,3,7.4,9.6,6.7,970.2,7.0,95.9,6.4
2025-11-10 06:00:00,3,7.0,9.0,6.2,970.4,6.8,91.4,5.5
2025-11-10 07:00:00,    3,   6.6,   8.5,   5.1,  970.5,   5.5,  94.6,   4.7
2025-11-10 08:00:00,    3,   6.7,   8.7,   5.4,  970.2,   5.9,  93.3,   4.9
2025-11-10 09:00:00,    3,   7.4,   9.6,   7.1,  979.2,   8.0,  89.0,   6.3
2025-11-10 10:00:00,    3,   7.2,   9.4,   7.3,  979.0,   8.6,  83.7,   6.0
2025-11-10 11:00:00,    3,   6.9,   9.0,   7.3,  969.1,   9.1,  78.1,   5.5
2025-11-10 12:00:00,    3,   6.9,   9.1,   7.9,  968.6,  10.4,  72.1,   5.6
2025-11-10 13:00:00,    3,   6.7,   8.9,   8.2,  977.2,  11.4,  65.6,   5.2
2025-11-10 14:00:00,    3,   6.8,   9.0,   8.3,  967.7,  11.4,  66.5,   5.4
2025-11-10 15:00:00,3,7.0,9.2,8.3,967.5,11.0,70.2,5.8
2025-11-10 16:00:00,3,7.1,9.2,7.2,967.5,8.7,82.0,5.8
2025-11-10 17:00:00,3,6.4,8.3,5.1,968.0,6.0,88.2,4.2
2025-11-10 18:00:00,3,7.0,9.0,6.8,976.9,8.0,84.2,5.5
2025-11-10 19:00:00,3,6.3,8.2,5.4,968.3,6.6,84.0,4.1
2025-11-10 20:00:00,    3,   6.6,   8.5,   5.8,  977.1,   6.9,  85.2,   4.6
2025-11-10 21:00:00,3,6.4,8.3,5.7,977.2,7.1,82.3,4.3
2025-11-10 22:00:00,    3,   6.3,   8.2,   5.4,  977.4,   6.6,  84.0,   4.1
2025-11-10 23:00:00,    3,   6.3,   8.2,   5.6,  977.6,   7.0,  81.7,   4.1
2025-11-11 00:00:00,    3,   6.5,   8.5,   6.1,  977.8,   7.6,  81.2,   4.6
2025-11-11 01:00:00,    3,   6.6,   8.6,   6.4,  977.9,   8.0,  80.2,   4.8
2025-11-11 02:00:00,    3,   6.5,   8.4,   5.2,  969.1,   5.9,  90.1,   4.4
2025-11-11 03:00:00,    3,   6.6,   8.5,   6.5,  969.3,   8.2,  78.5,   4.7
2025-11-11 04:00:00,    3,   6.8,   8.9,   6.4,  969.2,   7.6,  84.7,   5.2
2025-11-11 05:00:00,    3,   7.2,   9.4,   7.6,  978.4,   9.2,  80.3,   6.0
2025-11-11 06:00:00,    3,   7.0,   9.0,   6.5,  978.4,   7.6,  86.5,   5.5
2025-11-11 07:00:00,    3,   5.9,   7.6,   3.4,  969.9,   3.8,  94.5,   3.0
2025-11-11 08:00:00,    3,   7.1,   9.2,   7.0,  979.6,   8.2,  84.8,   5.8
2025-11-11 09:00:00,    3,   7.3,   9.6,   7.9,  980.0,   9.6,  79.8,   6.3
2025-11-11 10:00:00,    3,   7.5,   9.9,   9.1,  980.3,  11.6,  72.3,   6.8
2025-11-11 11:00:00,    3,   7.3,   9.7,   9.4,  970.7,  12.6,  66.3,   6.5
2025-11-11 12:00:00,    3,   7.8,  10.3,  10.1,  970.5,  13.4,  66.9,   7.4
2025-11-11 13:00:00,    3,   7.5,  10.0,  10.0,  970.2,  13.5,  64.3,   6.9
2025-11-11 14:00:00,    3,   7.6,  10.1,  10.0,  979.1,  13.3,  66.0,   7.1
2025-11-11 15:00:00,    3,   7.8,  10.3,   9.8,  979.3,  12.6,  70.5,   7.4
2025-11-11 16:00:00,    3,   7.9,  10.4,   9.5,  979.3,  11.8,  74.9,   7.5
2025-11-11 17:00:00,3,7.0,9.2,7.1,970.2,8.6,81.9,5.7
2025-11-11 18:00:00,3,6.6,8.5,5.8,970.3,6.8,86.4,4.7
2025-11-11 19:00:00,3,6.9,9.0,6.0,970.0,6.5,92.7,5.4
2025-11-11 20:00:00,    3,   6.2,   8.0,   4.4,  970.3,   4.9,  92.6,   3.8
2025-11-11 21:00:00,3,7.3,9.4,6.8,979.6,7.6,90.2,6.1
2025-11-11 22:00:00,3,7.0,9.1,6.1,979.6,6.6,93.3,5.6
2025-11-11 23:00:00,    3,   6.1,   7.7,   3.5,  970.3,   3.6,  97.9,   3.3
2025-11-12 00:00:00,3,6.9,8.9,5.6,979.4,6.0,94.6,5.2
2025-11-12 01:00:00,3,6.7,8.6,5.2,979.4,5.6,94.6,4.8
2025-11-12 02:00:00,    3,   6.6,   8.5,   5.0,  978.9,   5.3,  95.2,   4.6
2025-11-12 03:00:00,3,5.6,7.2,2.2,969.7,2.2,100.0,2.2
2025-11-12 04:00:00,3,5.1,6.4,0.9,969.7,1.0,97.9,0.7
2025-11-12 05:00:00,3,6.1,7.8,3.8,978.6,4.1,95.2,3.4
2025-11-12 06:00:00,    3,   6.0,   7.6,   3.6,  978.6,   4.1,  93.2,   3.1
2025-11-12 07:00:00,    3,   5.8,   7.4,   3.4,  979.1,   3.9,  91.8,   2.7
2025-11-12 08:00:00,3,5.1,6.5,1.3,970.3,1.6,95.1,0.9
2025-11-12 09:00:00,    3,   6.2,   8.0,   5.2,  979.5,   6.6,  81.7,   3.7
2025-11-12 10:00:00,    3,   6.7,   8.7,   6.1,  970.3,   7.1,  86.5,   5.0
2025-11-12 11:00:00,    3,   6.6,   8.7,   7.6,  978.9,  10.3,  69.1,   4.9
2025-11-12 12:00:00,    3,   7.9,  10.4,   9.6,  969.5,  12.0,  73.9,   7.5
2025-11-12 13:00:00,    3,   8.1,  10.7,  10.3,  969.0,  13.2,  70.7,   8.0
2025-11-12 14:00:00,3,7.2,9.6,10.3,977.7,14.7,57.4,6.4
2025-11-12 15:00:00,    3,   8.5,  11.3,  10.4,  968.7,  12.6,  77.1,   8.7
2025-11-12 16:00:00,3,7.1,9.4,9.2,977.8,12.7,64.1,6.1
2025-11-12 17:00:00,    3,   7.1,   9.3,   7.5,  968.7,   9.1,  80.3,   5.9
2025-11-12 18:00:00,    3,   6.9,   9.0,   6.8,  968.9,   8.2,  82.5,   5.4
2025-11-12 19:00:00,3,6.8,8.8,6.4,969.0,7.7,83.6,5.1
2025-11-12 20:00:00,    3,   6.7,   8.6,   5.7,  969.4,   6.6,  88.2,   4.8
2025-11-12 21:00:00,    3,   6.9,   9.0,   7.6,  978.4,   9.8,  74.0,   5.4
2025-11-12 22:00:00,    3,   6.7,   8.7,   7.7,  978.2,  10.4,  69.1,   5.0
2025-11-12 23:00:00,    3,   6.4,   8.2,   4.7,  969.2,   5.2,  92.6,   4.1
2025-11-13 00:00:00,3,5.9,7.6,4.0,969.1,4.7,89.3,3.1
2025-11-13 01:00:00,    3,   6.0,   7.6,   3.5,  968.9,   3.8,  95.2,   3.1
2025-11-13 02:00:00,3,5.8,7.4,3.0,968.6,3.3,95.1,2.6
2025-11-13 03:00:00,    3,   6.4,   8.3,   5.1,  977.4,   6.0,  88.2,   4.2
2025-11-13 04:00:00,    3,   6.3,   8.1,   4.8,  977.2,   5.6,  88.8,   3.9
2025-11-13 05:00:00,    3,   6.2,   8.0,   5.2,  976.9,   6.4,  83.4,   3.8
2025-11-13 06:00:00,    3,   6.1,   7.9,   5.0,  976.9,   6.3,  82.8,   3.6
2025-11-13 07:00:00,    3,   6.1,   7.9,   5.0,  978.4,   6.3,  82.8,   3.6
2025-11-13 08:00:00,3,6.3,8.1,6.0,969.9,7.9,76.3,4.0
2025-11-13 09:00:00,    3,   6.8,   8.8,   6.6,  970.0,   8.0,  81.9,   5.1
2025-11-13 10:00:00,    3,   7.1,   9.3,   8.5,  970.1,  11.3,  69.3,   5.9
2025-11-13 11:00:00,    3,   6.9,   9.2,  10.1,  978.8,  15.0,  53.7,   5.7
2025-11-13 12:00:00,    3,   7.1,   9.6,  11.0,  978.4,  16.5,  50.8,   6.3
2025-11-13 13:00:00,3,7.7,10.4,12.3,977.9,18.4,49.0,7.5
2025-11-13 14:00:00,    3,   6.0,   8.1,  11.6,  968.4,  20.2,  34.3,   4.0
2025-11-13 15:00:00,    3,   7.1,   9.6,  11.4,  968.6,  17.4,  48.0,   6.3
2025-11-13 16:00:00,3,6.4,8.7,11.3,977.7,18.6,40.4,4.9
2025-11-13 17:00:00,3,6.4,8.6,10.9,978.0,17.6,42.7,4.8
2025-11-13 18:00:00,3,6.9,9.2,10.4,977.9,15.8,51.0,5.7
2025-11-13 19:00:00,    3,   7.2,   9.6,  10.1,  977.9,  14.4,  58.2,   6.3
2025-11-13 20:00:00,    3,   6.8,   8.9,   6.9,  969.0,   8.7,  78.6,   5.2
2025-11-13 21:00:00,    3,   7.3,   9.6,   9.2,  977.7,  12.4,  66.7,   6.4
2025-11-13 22:00:00,    3,   7.0,   9.2,   9.1,  977.6,  12.6,  63.2,   5.8
2025-11-13 23:00:00,    3,   6.9,   9.1,   8.4,  977.1,  11.4,  67.4,   5.6
2025-11-14 00:00:00,3,6.4,8.2,5.1,967.8,6.0,87.6,4.1
2025-11-14 01:00:00,    3,   6.9,   9.0,   7.4,  976.1,   9.5,  75.5,   5.4
2025-11-14 02:00:00,3,5.9,7.6,3.7,966.6,4.2,91.9,3.0
2025-11-14 03:00:00,    3,   6.8,   8.9,   7.0,  974.6,   8.9,  77.5,   5.2
2025-11-14 04:00:00,    3,   6.2,   8.0,   4.0,  965.2,   4.3,  95.9,   3.7
2025-11-14 05:00:00,    3,   6.0,   7.7,   3.9,  964.8,   4.5,  91.9,   3.3
2025-11-14 06:00:00,    3,   6.1,   7.7,   3.5,  964.4,   3.7,  97.2,   3.3
2025-11-14 07:00:00,    3,   6.2,   8.1,   6.5,  973.0,   8.9,  71.3,   4.0
2025-11-14 08:00:00,3,6.2,7.9,4.5,964.3,5.2,89.4,3.6
2025-11-14 09:00:00,    3,   7.3,   9.5,   7.0,  964.2,   7.9,  89.0,   6.2
2025-11-14 10:00:00,    3,   7.9,  10.4,   8.8,  964.5,  10.3,  82.7,   7.5
2025-11-14 11:00:00,3,7.6,10.1,9.8,973.2,12.9,67.8,7.1
2025-11-14 12:00:00,    3,   7.5,  10.0,  10.1,  972.8,  13.9,  62.6,   6.9
2025-11-14 13:00:00,    3,   8.7,  11.5,  11.3,  963.4,  14.3,  70.4,   9.0
2025-11-14 14:00:00,    3,   6.5,   8.6,   9.8,  972.1,  15.3,  49.4,   4.8
2025-11-14 15:00:00,    3,   6.6,   8.9,   9.9,  972.2,  15.1,  51.5,   5.2
2025-11-14 16:00:00,    3,   7.7,  10.2,  10.0,  962.9,  13.1,  67.8,   7.3
2025-11-14 17:00:00,3,7.4,9.8,10.1,971.7,14.1,60.5,6.6
2025-11-14 18:00:00,    3,   8.0,  10.5,   9.5,  963.1,  11.6,  76.9,   7.7
2025-11-14 19:00:00,    3,   7.9,  10.4,   9.4,  963.6,  11.6,  75.9,   7.5
2025-11-14 20:00:00,    3,   7.8,  10.4,  10.1,  973.0,  13.2,  68.3,   7.5
2025-11-14 21:00:00,3,7.9,10.4,9.7,972.7,12.1,73.9,7.6
2025-11-14 22:00:00,3,7.9,10.4,9.7,972.5,12.1,73.9,7.6
2025-11-14 23:00:00,3,7.8,10.2,8.6,963.1,10.1,82.1,7.2
2025-11-15 00:00:00,3,7.6,10.0,9.8,972.4,13.0,66.9,7.0
2025-11-15 01:00:00,3,7.6,10.1,9.7,973.1,12.8,68.2,7.1
2025-11-15 02:00:00,3,7.0,9.3,9.3,973.1,13.1,61.6,5.9
2025-11-15 03:00:00,3,7.4,9.8,9.0,973.1,11.7,70.9,6.6
2025-11-15 04:00:00,    3,   7.5,   9.8,   7.9,  963.7,   9.3,  83.8,   6.7
2025-11-15 05:00:00,    3,   7.6,  10.0,   8.7,  972.9,  10.7,  77.3,   6.9
2025-11-15 06:00:00,    3,   7.4,   9.8,   8.8,  972.9,  11.2,  73.2,   6.6
2025-11-15 07:00:00,    3,   7.3,   9.5,   7.9,  964.0,   9.7,  78.8,   6.2
2025-11-15 08:00:00,    3,   7.7,  10.1,   8.7,  972.7,  10.5,  79.4,   7.1
2025-11-15 09:00:00,    3,   7.6,  10.0,   9.8,  963.6,  13.0,  66.9,   7.0
2025-11-15 10:00:00,3,7.7,10.2,10.4,973.3,14.1,63.1,7.2
2025-11-15 11:00:00,3,8.2,11.0,11.4,972.8,15.3,62.9,8.3
2025-11-15 12:00:00,    3,   8.2,  11.0,  11.7,  972.7,  16.0,  60.2,   8.3
2025-11-15 13:00:00,    3,   8.5,  11.3,  11.9,  972.3,  15.9,  62.7,   8.8
2025-11-15 14:00:00,3,8.3,11.0,11.4,962.7,15.3,63.4,8.4
2025-11-15 15:00:00,3,8.3,11.0,10.9,962.9,14.2,67.6,8.3
2025-11-15 16:00:00,    3,   8.7,  11.5,  11.2,  971.9,  13.9,  72.3,   9.0
2025-11-15 17:00:00,3,7.9,10.4,9.0,963.6,10.7,80.6,7.5
2025-11-15 18:00:00,    3,   7.9,  10.4,   9.4,  964.1,  11.6,  76.4,   7.6
2025-11-15 19:00:00,3,7.9,10.4,9.2,964.2,11.1,78.4,7.5
2025-11-15 20:00:00,3,8.3,10.9,9.5,964.2,11.0,82.8,8.2
2025-11-15 21:00:00,    3,   7.8,  10.4,  10.6,  973.3,  14.3,  63.6,   7.5
2025-11-15 22:00:00,    3,   8.4,  11.1,  10.2,  973.2,  12.4,  77.1,   8.5
2025-11-15 23:00:00,3,8.2,10.9,10.4,972.8,13.0,72.6,8.2
2025-11-16 00:00:00,3,8.3,11.0,9.9,972.6,11.9,78.6,8.3
2025-11-16 01:00:00,    3,   7.8,  10.2,   8.7,  963.6,  10.4,  80.5,   7.2
2025-11-16 02:00:00,3,7.6,10.0,9.2,972.3,11.6,73.3,7.0
2025-11-16 03:00:00,3,7.7,10.1,9.0,972.0,11.2,75.8,7.1
2025-11-16 04:00:00,3,7.6,10.0,8.3,972.3,9.8,82.1,6.9
2025-11-16 05:00:00,    3,   7.6,   9.9,   8.0,  972.0,   9.2,  84.9,   6.8
2025-11-16 06:00:00,    3,   7.0,   9.0,   5.4,  962.7,   5.5,  99.3,   5.4
2025-11-16 07:00:00,3,6.3,8.1,4.2,962.3,4.4,97.2,4.0
2025-11-16 08:00:00,3,6.6,8.5,4.8,962.0,4.9,97.9,4.6
2025-11-16 09:00:00,    3,   7.0,   9.1,   6.0,  961.7,   6.4,  94.6,   5.6
2025-11-16 10:00:00,    3,   7.9,  10.3,   8.1,  961.6,   8.9,  90.3,   7.4
2025-11-16 11:00:00,    3,   8.1,  10.6,   8.6,  960.9,   9.6,  88.5,   7.8
2025-11-16 12:00:00,3,7.9,10.4,9.5,969.3,11.7,75.9,7.6
2025-11-16 13:00:00,    3,   7.9,  10.4,   9.7,  968.8,  12.3,  72.4,   7.5
2025-11-16 14:00:00,    3,   8.1,  10.7,  10.0,  968.9,  12.3,  75.0,   8.0
2025-11-16 15:00:00,    3,   8.6,  11.3,  10.1,  969.3,  11.8,  81.3,   8.7
2025-11-16 16:00:00,    3,   8.9,  11.7,  10.2,  969.4,  11.4,  86.9,   9.3
2025-11-16 17:00:00,    3,   8.9,  11.7,  10.0,  969.3,  10.8,  90.4,   9.3
2025-11-16 18:00:00,    3,   8.9,  11.6,   9.5,  960.6,   9.8,  96.0,   9.2
2025-11-16 19:00:00,3,9.1,11.9,9.8,969.7,10.2,95.4,9.5
2025-11-16 20:00:00,    3,   9.3,  12.1,  10.0,  969.5,  10.3,  96.7,   9.8
2025-11-16 21:00:00,3,9.2,12.0,9.9,969.6,10.2,96.7,9.7
2025-11-16 22:00:00,3,8.9,11.6,9.4,960.4,9.8,95.4,9.1
2025-11-16 23:00:00,    3,   8.8,  11.5,   9.3,  960.0,   9.7,  95.4,   9.0
2025-11-17 00:00:00,    3,   9.0,  11.7,   9.7,  968.8,  10.3,  93.5,   9.3
2025-11-17 01:00:00,    3,   8.6,  11.3,   9.0,  959.3,   9.4,  95.4,   8.7
2025-11-17 02:00:00,3,8.7,11.3,9.1,968.4,9.4,96.0,8.8
2025-11-17 03:00:00,    3,   8.5,  11.1,   8.8,  968.0,   9.1,  96.0,   8.5
2025-11-17 04:00:00,    3,   8.3,  10.8,   8.4,  967.6,   8.7,  96.0,   8.1
2025-11-17 05:00:00,    3,   7.6,   9.9,   7.3,  958.2,   7.8,  93.4,   6.8
2025-11-17 06:00:00,3,7.1,9.2,6.0,968.2,6.3,95.9,5.7
2025-11-17 07:00:00,    3,   6.9,   8.9,   5.6,  969.0,   5.9,  95.9,   5.3
2025-11-17 08:00:00,    3,   6.2,   8.0,   4.5,  970.0,   5.2,  90.0,   3.7
2025-11-17 09:00:00,    3,   5.3,   6.8,   2.2,  962.0,   2.8,  90.5,   1.4
2025-11-17 10:00:00,3,5.1,6.5,2.0,962.6,2.9,86.6,0.9
2025-11-17 11:00:00,    3,   5.6,   7.2,   3.3,  962.7,   4.3,  86.2,   2.2
2025-11-17 12:00:00,    3,   5.3,   6.8,   3.3,  963.0,   4.8,  79.1,   1.5
2025-11-17 13:00:00,3,5.5,7.1,3.6,973.1,4.8,82.6,2.1
2025-11-17 14:00:00,3,5.7,7.3,3.4,974.4,4.1,89.3,2.5
2025-11-17 15:00:00,3,5.6,7.2,3.2,975.7,4.0,88.6,2.3
2025-11-17 16:00:00,3,5.1,6.5,1.9,967.5,2.7,87.9,0.9
2025-11-17 17:00:00,    3,   5.2,   6.7,   2.0,  978.4,   2.6,  90.4,   1.2
2025-11-17 18:00:00,    3,   5.0,   6.4,   1.7,  979.6,   2.5,  87.9,   0.7
2025-11-17 19:00:00,    3,   4.7,   6.0,   1.1,  971.3,   2.0,  85.3,  -0.2
2025-11-17 20:00:00,    3,   4.6,   5.9,   0.6,  981.4,   1.3,  87.7,  -0.5
2025-11-17 21:00:00,    3,   4.6,   5.9,   0.6,  981.9,   1.3,  87.7,  -0.5
2025-11-17 22:00:00,    3,   4.5,   5.8,   0.3,  982.4,   1.0,  87.7,  -0.8
2025-11-17 23:00:00,3,4.3,5.5,-0.5,973.5,0.1,89.0,-1.5
2025-11-18 00:00:00,    3,   4.4,   5.6,  -0.2,  973.7,   0.4,  89.0,  -1.2
2025-11-18 01:00:00,3,4.5,5.6,-0.1,983.6,0.6,88.3,-1.1
2025-11-18 02:00:00,3,4.5,5.6,-0.4,983.6,0.0,92.3,-1.1
2025-11-18 03:00:00,3,4.3,5.5,-0.7,983.8,-0.1,90.3,-1.5
2025-11-18 04:00:00,3,4.4,5.6,-0.6,983.6,-0.2,92.9,-1.2
2025-11-18 05:00:00,    3,   4.4,   5.5,  -1.1,  983.8,  -0.9,  96.4,  -1.4
2025-11-18 06:00:00,    3,   4.3,   5.4,  -0.8,  983.9,  -0.3,  90.9,  -1.6
2025-11-18 07:00:00,    3,   4.3,   5.4,  -0.7,  984.4,  -0.2,  90.3,  -1.6
2025-11-18 08:00:00,    3,   4.0,   5.1,  -1.6,  974.7,  -1.0,  89.5,  -2.5
2025-11-18 09:00:00,3,4.4,5.5,-0.2,975.0,0.6,86.4,-1.4
2025-11-18 10:00:00,    3,   4.4,   5.6,   1.2,  984.4,   2.8,  74.9,  -1.2
2025-11-18 11:00:00,    3,   4.3,   5.5,   1.1,  973.9,   2.8,  73.2,  -1.5
2025-11-18 12:00:00,3,3.8,4.9,1.1,972.8,3.8,60.6,-3.1
2025-11-18 13:00:00,    3,   4.4,   5.6,   2.6,  981.5,   5.2,  63.7,  -1.1
2025-11-18 14:00:00,3,3.9,5.0,2.0,980.6,5.3,55.8,-2.8
2025-11-18 15:00:00,    3,   3.6,   4.6,   0.8,  971.2,   3.7,  58.3,  -3.7
2025-11-18 16:00:00,    3,   3.9,   4.9,  -0.1,  970.8,   1.7,  71.4,  -2.9
2025-11-18 17:00:00,3,4.0,5.0,0.5,979.6,2.5,69.0,-2.6
2025-11-18 18:00:00,    3,   3.8,   4.8,  -1.8,  970.3,  -0.9,  83.1,  -3.4
2025-11-18 19:00:00,    3,   3.6,   4.5,  -2.5,  970.1,  -1.6,  83.0,  -4.1
2025-11-18 20:00:00,3,4.0,5.0,-1.3,969.7,-0.5,85.0,-2.7
2025-11-18 21:00:00,    3,   4.2,   5.3,  -0.7,  978.8,   0.1,  86.4,  -1.9
2025-11-18 22:00:00,3,4.0,5.1,-1.6,968.8,-1.0,89.5,-2.5
2025-11-18 23:00:00,    3,   3.9,   4.9,  -1.9,  968.5,  -1.2,  86.9,  -3.1
2025-11-19 00:00:00,    3,   3.9,   4.9,  -1.7,  968.0,  -0.8,  84.4,  -3.1
2025-11-19 01:00:00,    3,   4.0,   5.1,  -1.2,  976.7,  -0.4,  85.7,  -2.5
2025-11-19 02:00:00,    3,   3.8,   4.8,  -1.6,  967.3,  -0.6,  81.9,  -3.3
2025-11-19 03:00:00,3,3.9,5.0,-1.2,975.8,-0.3,83.2,-2.8
2025-11-19 04:00:00,3,3.8,4.8,-1.6,975.4,-0.5,80.7,-3.4
2025-11-19 05:00:00,3,3.4,4.2,-3.0,965.8,-1.9,79.9,-4.9
2025-11-19 06:00:00,3,3.4,4.2,-3.0,965.5,-2.0,80.5,-4.9
2025-11-19 07:00:00,3,3.3,4.1,-3.2,965.1,-2.1,78.7,-5.3
2025-11-19 08:00:00,    3,   3.6,   4.5,  -1.7,  973.7,  -0.3,  74.9,  -4.2
2025-11-19 09:00:00,    3,   3.4,   4.3,  -0.6,  973.1,   1.8,  62.4,  -4.6
2025-11-19 10:00:00,    3,   3.4,   4.3,   0.2,  972.3,   3.1,  56.9,  -4.6
2025-11-19 11:00:00,3,3.5,4.5,0.9,971.4,4.1,54.6,-4.2
2025-11-19 12:00:00,    3,   3.6,   4.6,   1.1,  961.5,   4.3,  55.1,  -3.9
2025-11-19 13:00:00,    3,   3.7,   4.7,   1.7,  969.6,   5.2,  53.3,  -3.5
2025-11-19 14:00:00,    3,   3.8,   4.9,   1.5,  960.2,   4.6,  57.3,  -3.1
2025-11-19 15:00:00,    3,   4.3,   5.5,   1.7,  959.6,   3.9,  68.2,  -1.4
2025-11-19 16:00:00,    3,   4.2,   5.4,   1.7,  968.0,   4.1,  65.3,  -1.8
2025-11-19 17:00:00,    3,   4.1,   5.2,   0.3,  958.9,   2.0,  73.6,  -2.2
2025-11-19 18:00:00,    3,   4.2,   5.4,   0.3,  958.5,   1.8,  76.9,  -1.8
2025-11-19 19:00:00,    3,   4.3,   5.5,   0.4,  958.1,   1.6,  80.4,  -1.4
2025-11-19 20:00:00,    3,   4.0,   5.0,   0.6,  957.8,   2.7,  68.0,  -2.6
2025-11-19 21:00:00,    3,   4.1,   5.3,   1.7,  966.8,   4.1,  64.8,  -1.9
2025-11-19 22:00:00,    3,   4.6,   5.9,   1.9,  966.5,   3.7,  73.9,  -0.5
2025-11-19 23:00:00,    3,   4.7,   6.1,   1.9,  966.6,   3.4,  77.7,  -0.1
2025-11-20 00:00:00,    3,   4.9,   6.2,   2.0,  966.4,   3.3,  80.0,   0.2
2025-11-20 01:00:00,    3,   4.9,   6.2,   1.9,  966.2,   3.1,  81.2,   0.2
2025-11-20 02:00:00,    3,   4.8,   6.2,   1.9,  966.2,   3.2,  80.0,   0.1
2025-11-20 03:00:00,    3,   4.9,   6.2,   2.1,  966.4,   3.4,  80.0,   0.3
2025-11-20 04:00:00,3,4.6,5.9,1.5,957.1,3.0,77.7,-0.5
2025-11-20 05:00:00,    3,   4.7,   5.9,   1.3,  957.6,   2.5,  81.1,  -0.4
2025-11-20 06:00:00,    3,   4.8,   6.1,   1.4,  959.0,   2.4,  84.1,   0.0
2025-11-20 07:00:00,3,4.7,5.9,0.9,960.4,1.8,85.3,-0.4
2025-11-20 08:00:00,    3,   4.6,   5.8,   0.5,  961.8,   1.2,  87.7,  -0.6
2025-11-20 09:00:00,    3,   4.2,   5.4,   1.5,  971.6,   3.7,  67.7,  -1.7
2025-11-20 10:00:00,    3,   4.4,   5.6,   0.8,  963.1,   2.3,  77.0,  -1.3
2025-11-20 11:00:00,    3,   4.4,   5.6,   0.9,  963.4,   2.4,  77.0,  -1.2
2025-11-20 12:00:00,    3,   4.3,   5.5,   1.8,  972.4,   4.0,  67.8,  -1.4
2025-11-20 13:00:00,3,4.6,5.8,1.0,972.8,2.1,82.2,-0.6
2025-11-20 14:00:00,    3,   3.9,   5.0,   0.8,  963.6,   3.2,  64.6,  -2.8
2025-11-20 15:00:00,    3,   4.5,   5.7,   0.9,  964.2,   2.2,  79.9,  -0.9
2025-11-20 16:00:00,    3,   4.6,   5.9,   0.8,  974.2,   1.8,  84.6,  -0.5
2025-11-20 17:00:00,    3,   4.4,   5.6,   0.2,  965.4,   1.2,  83.4,  -1.3
2025-11-20 18:00:00,    3,   4.4,   5.6,   0.3,  965.6,   1.4,  82.8,  -1.2
2025-11-20 19:00:00,    3,   4.5,   5.7,   0.0,  975.4,   0.6,  89.0,  -1.0
2025-11-20 20:00:00,    3,   4.6,   5.8,  -0.1,  976.0,   0.3,  92.3,  -0.8
2025-11-20 21:00:00,    3,   4.4,   5.6,  -0.7,  976.4,  -0.4,  94.3,  -1.2
2025-11-20 22:00:00,    3,   4.5,   5.6,  -0.1,  966.9,   0.6,  88.3,  -1.1
2025-11-20 23:00:00,3,4.5,5.7,0.0,967.1,0.6,89.0,-1.0
2025-11-21 00:00:00,3,4.4,5.5,-1.1,976.6,-0.9,95.7,-1.5
2025-11-21 01:00:00,3,4.4,5.6,-0.6,967.3,-0.2,92.3,-1.3
2025-11-21 02:00:00,3,4.4,5.5,-1.2,977.2,-1.1,97.8,-1.4
2025-11-21 03:00:00,    3,   4.4,   5.5,  -1.2,  977.4,  -1.1,  97.8,  -1.4
2025-11-21 04:00:00,    3,   4.4,   5.5,  -1.2,  977.8,  -1.0,  96.4,  -1.5
2025-11-21 05:00:00,    3,   4.4,   5.6,  -1.2,  978.4,  -1.1,  98.5,  -1.3
2025-11-21 06:00:00,    3,   4.3,   5.4,  -1.5,  969.2,  -1.3,  96.4,  -1.8
2025-11-21 07:00:00,    3,   4.3,   5.4,  -1.5,  979.5,  -1.3,  96.4,  -1.8
2025-11-21 08:00:00,    3,   4.0,   5.1,  -1.8,  980.5,  -1.3,  91.5,  -2.5
2025-11-21 09:00:00,    3,   3.8,   4.8,  -2.0,  971.0,  -1.3,  86.2,  -3.3
2025-11-21 10:00:00,3,3.9,4.9,-1.4,981.3,-0.3,81.3,-3.1
2025-11-21 11:00:00,    3,   3.8,   4.8,  -1.2,  981.6,   0.1,  77.3,  -3.4
2025-11-21 12:00:00,    3,   3.7,   4.7,  -0.8,  981.8,   0.8,  72.9,  -3.5
2025-11-21 13:00:00,    3,   3.4,   4.3,  -1.1,  981.9,   0.9,  66.1,  -4.7
2025-11-21 14:00:00,3,3.5,4.4,-1.2,972.7,0.6,69.1,-4.4
2025-11-21 15:00:00,    3,   3.2,   4.1,  -2.0,  973.5,  -0.2,  67.9,  -5.4
2025-11-21 16:00:00,3,3.3,4.2,-2.1,984.1,-0.6,72.1,-5.0
2025-11-21 17:00:00,    3,   3.3,   4.1,  -2.7,  975.0,  -1.3,  74.2,  -5.3
2025-11-21 18:00:00,3,3.4,4.3,-2.1,985.6,-0.7,74.3,-4.7
2025-11-21 19:00:00,    3,   3.3,   4.2,  -3.0,  976.6,  -1.8,  77.5,  -5.2
2025-11-21 20:00:00,    3,   3.4,   4.2,  -3.1,  987.0,  -2.1,  80.5,  -5.0
2025-11-21 21:00:00,    3,   3.4,   4.3,  -3.1,  987.7,  -2.2,  82.3,  -4.8
2025-11-21 22:00:00,3,3.1,3.9,-4.2,978.1,-3.3,80.9,-6.1
2025-11-21 23:00:00,3,3.1,3.8,-4.5,978.1,-3.7,82.8,-6.2
2025-11-22 00:00:00,    3,   3.1,   3.9,  -4.6,  978.3,  -3.9,  85.3,  -6.0
2025-11-22 01:00:00,    3,   3.1,   3.9,  -5.0,  978.3,  -4.6,  89.2,  -6.1
2025-11-22 02:00:00,    3,   3.0,   3.7,  -5.6,  978.9,  -5.4,  89.8,  -6.8
2025-11-22 03:00:00,3,3.2,3.9,-5.0,988.9,-4.9,92.7,-5.9
2025-11-22 04:00:00,    3,   2.8,   3.5,  -6.4,  979.4,  -6.2,  90.5,  -7.5
2025-11-22 05:00:00,    3,   3.1,   3.8,  -5.2,  989.3,  -5.0,  91.3,  -6.2
2025-11-22 06:00:00,    3,   3.1,   3.8,  -5.5,  989.6,  -5.4,  92.7,  -6.4
2025-11-22 07:00:00,    3,   3.2,   4.0,  -5.0,  989.8,  -4.9,  94.1,  -5.7
2025-11-22 08:00:00,    3,   3.0,   3.7,  -5.0,  980.4,  -4.5,  85.2,  -6.6
2025-11-22 09:00:00,3,3.0,3.7,-5.0,980.5,-4.2,83.3,-6.6
2025-11-22 10:00:00,3,3.2,4.0,-4.7,990.2,-4.2,88.6,-5.8
2025-11-22 11:00:00,    3,   3.3,   4.1,  -3.9,  989.9,  -3.1,  83.5,  -5.5
2025-11-22 12:00:00,    3,   3.2,   4.1,  -3.3,  989.2,  -2.2,  78.1,  -5.5
2025-11-22 13:00:00,    3,   3.0,   3.7,  -3.4,  979.1,  -1.8,  69.7,  -6.6
2025-11-22 14:00:00,    3,   3.0,   3.8,  -3.1,  978.5,  -1.5,  69.7,  -6.3
2025-11-22 15:00:00,    3,   3.2,   4.0,  -3.0,  978.1,  -1.6,  73.0,  -5.8
2025-11-22 16:00:00,3,3.3,4.1,-3.8,987.4,-3.0,83.5,-5.4
2025-11-22 17:00:00,3,3.1,3.8,-5.0,977.6,-4.4,87.2,-6.2
2025-11-22 18:00:00,3,3.1,3.9,-4.9,977.7,-4.3,87.2,-6.1
2025-11-22 19:00:00,    3,   3.2,   4.0,  -4.8,  977.1,  -4.3,  89.3,  -5.8
2025-11-22 20:00:00,3,3.0,3.8,-5.6,976.6,-5.5,92.6,-6.5
2025-11-22 21:00:00,    3,   3.0,   3.8,  -5.7,  985.7,  -5.6,  93.4,  -6.5
2025-11-22 22:00:00,    3,   2.8,   3.5,  -6.6,  975.6,  -6.5,  92.6,  -7.5
2025-11-22 23:00:00,    3,   2.7,   3.3,  -7.3,  975.2,  -7.3,  92.5,  -8.3
2025-11-23 00:00:00,3,2.8,3.5,-6.5,984.2,-6.3,90.5,-7.6
2025-11-23 01:00:00,    3,   2.7,   3.4,  -6.8,  983.8,  -6.7,  91.1,  -7.9
2025-11-23 02:00:00,    3,   2.6,   3.2,  -7.6,  983.2,  -7.6,  91.8,  -8.7
2025-11-23 03:00:00,    3,   2.6,   3.2,  -7.4,  982.5,  -7.2,  89.0,  -8.7
2025-11-23 04:00:00,3,2.2,2.6,-9.8,972.4,-9.7,89.5,-11.1
2025-11-23 05:00:00,    3,   2.4,   3.0,  -7.9,  981.1,  -7.7,  87.6,  -9.4
2025-11-23 06:00:00,    3,   2.2,   2.7,  -9.5,  971.2,  -9.5,  90.2, -10.8
2025-11-23 07:00:00,    3,   2.1,   2.5, -10.1,  970.9, -10.0,  88.8, -11.5
2025-11-23 08:00:00,    3,   2.4,   3.0,  -8.1,  970.6,  -7.9,  88.2,  -9.5
2025-11-23 09:00:00,    3,   2.8,   3.4,  -5.6,  979.1,  -4.9,  80.7,  -7.7
2025-11-23 10:00:00,    3,   3.0,   3.8,  -3.9,  978.2,  -2.6,  75.1,  -6.4
2025-11-23 11:00:00,3,3.0,3.8,-3.2,977.2,-1.7,70.8,-6.3
2025-11-23 12:00:00,    3,   3.0,   3.8,  -2.4,  975.9,  -0.4,  64.3,  -6.3
2025-11-23 13:00:00,    3,   3.1,   3.9,  -2.4,  974.5,  -0.5,  65.8,  -6.1
2025-11-23 14:00:00,    3,   3.1,   4.0,  -2.0,  973.3,   0.1,  64.5,  -5.8
2025-11-23 15:00:00,    3,   3.3,   4.1,  -1.2,  963.5,   1.1,  62.3,  -5.3
2025-11-23 16:00:00,3,3.2,4.1,-1.5,962.7,0.8,62.7,-5.5
2025-11-23 17:00:00,3,3.3,4.2,-1.1,970.8,1.2,63.2,-5.0
2025-11-23 18:00:00,    3,   3.2,   4.1,  -1.5,  960.6,   0.7,  63.1,  -5.5
2025-11-23 19:00:00,    3,   3.4,   4.3,  -1.2,  959.5,   0.9,  66.1,  -4.7
2025-11-23 20:00:00,    3,   3.5,   4.4,  -0.9,  958.2,   1.1,  67.2,  -4.3
2025-11-23 21:00:00,3,3.8,4.8,0.0,966.5,2.1,67.4,-3.3
2025-11-23 22:00:00,3,4.1,5.2,0.1,956.9,1.5,76.9,-2.1
2025-11-23 23:00:00,    3,   4.6,   5.8,   0.1,  956.3,   0.6,  91.6,  -0.6
2025-11-24 00:00:00,3,4.8,6.1,0.4,955.4,0.7,94.3,-0.1
2025-11-24 01:00:00,    3,   5.1,   6.5,   1.4,  964.3,   1.7,  94.4,   0.9
2025-11-24 02:00:00,3,5.4,6.9,2.1,964.4,2.4,94.4,1.6
2025-11-24 03:00:00,3,5.5,7.1,2.6,964.3,3.1,92.4,2.0
2025-11-24 04:00:00,    3,   5.7,   7.3,   3.1,  963.9,   3.6,  91.8,   2.4
2025-11-24 05:00:00,    3,   5.8,   7.4,   3.7,  963.6,   4.6,  87.4,   2.7
2025-11-24 06:00:00,    3,   5.7,   7.3,   3.3,  954.1,   4.1,  88.6,   2.4
2025-11-24 07:00:00,    3,   5.5,   7.0,   2.2,  954.0,   2.5,  95.1,   1.8
2025-11-24 08:00:00,    3,   5.4,   6.9,   1.9,  954.3,   2.2,  95.8,   1.6
2025-11-24 09:00:00,3,5.8,7.4,3.0,953.6,3.3,95.1,2.6
2025-11-24 10:00:00,    3,   6.0,   7.7,   3.9,  953.6,   4.4,  92.5,   3.3
2025-11-24 11:00:00,    3,   6.5,   8.3,   4.9,  961.9,   5.5,  91.9,   4.3
2025-11-24 12:00:00,    3,   6.3,   8.1,   4.1,  952.7,   4.3,  97.2,   3.9
2025-11-24 13:00:00,    3,   6.2,   7.9,   4.3,  952.4,   5.0,  90.6,   3.6
2025-11-24 14:00:00,    3,   6.0,   7.7,   4.1,  951.9,   4.9,  88.7,   3.2
2025-11-24 15:00:00,3,6.2,8.0,4.5,961.0,5.1,91.3,3.8
2025-11-24 16:00:00,    3,   6.0,   7.7,   3.9,  960.9,   4.5,  91.2,   3.2
2025-11-24 17:00:00,    3,   6.0,   7.6,   3.8,  961.1,   4.3,  91.9,   3.1
2025-11-24 18:00:00,3,5.5,7.1,2.6,952.3,3.0,93.1,2.0
2025-11-24 19:00:00,3,5.4,6.9,2.3,952.4,2.8,91.8,1.6
2025-11-24 20:00:00,3,5.8,7.5,3.5,961.3,4.0,91.8,2.8
2025-11-24 21:00:00,3,5.8,7.4,3.4,961.4,4.0,90.5,2.6
2025-11-24 22:00:00,    3,   5.5,   7.0,   2.5,  952.6,   3.0,  92.4,   1.9
2025-11-24 23:00:00,3,5.6,7.1,2.9,953.0,3.5,90.5,2.1
2025-11-25 00:00:00,    3,   5.6,   7.2,   2.9,  953.0,   3.5,  91.2,   2.2
2025-11-25 01:00:00,3,5.4,6.9,2.7,953.0,3.5,87.9,1.7
2025-11-25 02:00:00,    3,   5.5,   7.0,   2.7,  962.0,   3.3,  90.5,   1.9
2025-11-25 03:00:00,    3,   5.5,   7.0,   2.5,  961.7,   3.0,  92.4,   1.9
2025-11-25 04:00:00,3,5.4,6.9,2.2,962.2,2.5,94.4,1.7
2025-11-25 05:00:00,3,5.4,6.9,2.2,962.4,2.5,94.4,1.7
2025-11-25 06:00:00,    3,   5.5,   7.0,   2.5,  962.7,   2.9,  93.1,   1.9
2025-11-25 07:00:00,    3,   5.1,   6.5,   0.9,  954.1,   1.0,  98.6,   0.8
2025-11-25 08:00:00,3,5.7,7.2,2.6,963.8,2.9,95.8,2.3
2025-11-25 09:00:00,    3,   5.8,   7.5,   3.2,  964.2,   3.5,  95.2,   2.8
2025-11-25 10:00:00,    3,   6.0,   7.7,   3.8,  964.9,   4.2,  93.8,   3.3
2025-11-25 11:00:00,    3,   6.1,   7.8,   3.9,  955.7,   4.3,  93.8,   3.4
2025-11-25 12:00:00,    3,   6.0,   7.7,   4.2,  955.8,   5.1,  87.5,   3.2
2025-11-25 13:00:00,3,6.2,7.9,4.1,966.3,4.6,93.2,3.6
2025-11-25 14:00:00,3,6.3,8.1,4.3,966.7,4.6,95.9,4.0
2025-11-25 15:00:00,    3,   6.2,   7.9,   4.0,  967.4,   4.3,  95.2,   3.6
2025-11-25 16:00:00,3,6.2,8.0,3.9,968.2,4.1,97.2,3.7
2025-11-25 17:00:00,3,5.9,7.6,3.5,959.3,3.9,93.8,3.0
2025-11-25 18:00:00,3,6.2,8.0,3.9,969.8,4.0,97.9,3.7
2025-11-25 19:00:00,    3,   5.6,   7.2,   2.9,  960.9,   3.4,  92.5,   2.3
2025-11-25 20:00:00,3,5.8,7.5,3.2,971.2,3.5,95.2,2.8
2025-11-25 21:00:00,    3,   5.7,   7.3,   2.9,  971.6,   3.2,  95.1,   2.5
2025-11-25 22:00:00,    3,   5.4,   6.9,   2.4,  962.6,   2.9,  91.8,   1.7
2025-11-25 23:00:00,    3,   5.5,   7.0,   2.4,  963.3,   2.9,  92.4,   1.8
2025-11-26 00:00:00,    3,   5.6,   7.2,   2.7,  963.9,   3.1,  93.8,   2.2
2025-11-26 01:00:00,    3,   5.6,   7.1,   2.7,  964.1,   3.1,  93.1,   2.1
2025-11-26 02:00:00,3,6.0,7.7,3.5,974.0,3.7,96.5,3.2
2025-11-26 03:00:00,    3,   6.0,   7.7,   3.5,  974.4,   3.7,  96.5,   3.2
2025-11-26 04:00:00,    3,   5.9,   7.5,   3.1,  974.9,   3.3,  96.5,   2.8
2025-11-26 05:00:00,    3,   5.6,   7.1,   2.8,  965.8,   3.3,  91.8,   2.1
2025-11-26 06:00:00,    3,   5.7,   7.3,   3.1,  966.8,   3.6,  91.8,   2.4
2025-11-26 07:00:00,    3,   5.6,   7.2,   2.9,  967.6,   3.4,  92.5,   2.3
2025-11-26 08:00:00,    3,   5.8,   7.5,   3.3,  978.2,   3.7,  93.8,   2.8
2025-11-26 09:00:00,3,5.6,7.2,3.1,969.2,3.8,89.2,2.2
2025-11-26 10:00:00,3,5.3,6.8,2.5,969.8,3.4,86.7,1.4
2025-11-26 11:00:00,3,5.8,7.4,3.4,979.7,4.0,91.2,2.7
2025-11-26 12:00:00,3,5.8,7.5,3.6,979.9,4.2,90.6,2.8
2025-11-26 13:00:00,    3,   5.5,   7.1,   3.0,  970.7,   3.8,  88.0,   2.0
2025-11-26 14:00:00,    3,   5.6,   7.2,   2.9,  981.0,   3.4,  91.8,   2.2
2025-11-26 15:00:00,3,5.5,7.1,2.8,981.9,3.4,90.5,2.0
2025-11-26 16:00:00,3,5.1,6.5,2.2,982.8,3.1,85.4,0.9
2025-11-26 17:00:00,    3,   4.9,   6.3,   1.8,  983.3,   2.9,  83.5,   0.4
2025-11-26 18:00:00,3,4.8,6.1,1.4,974.0,2.4,84.1,0.0
2025-11-26 19:00:00,    3,   5.0,   6.4,   1.5,  974.7,   2.2,  89.1,   0.6
2025-11-26 20:00:00,    3,   4.9,   6.2,   1.4,  975.2,   2.2,  86.6,   0.2
2025-11-26 21:00:00,    3,   4.8,   6.1,   1.3,  975.9,   2.2,  85.3,   0.0
2025-11-26 22:00:00,3,4.9,6.2,1.1,976.3,1.8,89.1,0.2
2025-11-26 23:00:00,3,5.0,6.4,1.6,986.0,2.3,88.5,0.6
2025-11-27 00:00:00,    3,   5.0,   6.4,   1.6,  985.9,   2.4,  87.8,   0.6
2025-11-27 01:00:00,    3,   5.0,   6.3,   1.5,  985.9,   2.3,  87.8,   0.5
2025-11-27 02:00:00,    3,   4.8,   6.1,   0.9,  976.4,   1.7,  87.8,  -0.1
2025-11-27 03:00:00,    3,   5.0,   6.4,   1.5,  986.0,   2.2,  89.1,   0.6
2025-11-27 04:00:00,3,4.9,6.2,1.5,985.7,2.3,86.6,0.3
2025-11-27 05:00:00,3,4.8,6.2,0.9,976.4,1.5,90.4,0.1
2025-11-27 06:00:00,    3,   4.7,   6.0,   0.9,  976.8,   1.6,  87.8,  -0.2
2025-11-27 07:00:00,    3,   4.0,   5.2,   0.9,  986.9,   2.9,  68.5,  -2.3
2025-11-27 08:00:00,    3,   4.5,   5.8,   1.0,  977.7,   2.2,  80.5,  -0.8
2025-11-27 09:00:00,    3,   4.3,   5.5,   1.0,  977.2,   2.7,  73.8,  -1.5
2025-11-27 10:00:00,    3,   4.6,   5.8,   1.5,  977.7,   2.9,  77.7,  -0.6
2025-11-27 11:00:00,3,3.9,5.0,1.4,987.0,4.1,60.7,-2.8
2025-11-27 12:00:00,3,4.1,5.2,1.7,986.4,4.3,63.0,-2.1
2025-11-27 13:00:00,    3,   4.2,   5.4,   2.2,  986.2,   5.0,  61.3,  -1.8
2025-11-27 14:00:00,    3,   4.2,   5.4,   2.1,  986.0,   4.7,  63.6,  -1.6
2025-11-27 15:00:00,3,4.1,5.3,1.9,985.8,4.5,63.0,-1.9
2025-11-27 16:00:00,3,4.2,5.4,1.1,975.9,3.0,71.1,-1.7
2025-11-27 17:00:00,    3,   4.2,   5.4,   0.7,  976.2,   2.3,  74.2,  -1.8
2025-11-27 18:00:00,    3,   4.3,   5.4,   0.2,  976.5,   1.4,  79.8,  -1.7
2025-11-27 19:00:00,3,4.2,5.3,-0.1,976.7,1.1,80.3,-1.9
2025-11-27 20:00:00,    3,   4.2,   5.4,  -0.2,  976.5,   0.9,  82.1,  -1.8
2025-11-27 21:00:00,    3,   4.1,   5.1,  -0.9,  976.5,   0.0,  83.8,  -2.4
2025-11-27 22:00:00,3,4.0,5.1,-1.0,976.5,-0.1,83.8,-2.5
2025-11-27 23:00:00,    3,   4.2,   5.4,  -0.5,  976.3,   0.3,  85.8,  -1.8
2025-11-28 00:00:00,    3,   4.5,   5.7,   0.8,  985.9,   2.1,  79.9,  -1.0
2025-11-28 01:00:00,    3,   4.5,   5.8,   0.9,  985.7,   2.1,  81.0,  -0.8
2025-11-28 02:00:00,    3,   4.5,   5.7,   0.9,  985.4,   2.1,  80.5,  -0.9
2025-11-28 03:00:00,    3,   4.5,   5.7,  -0.1,  975.0,   0.5,  90.3,  -0.9
2025-11-28 04:00:00,    3,   4.7,   5.9,   0.8,  984.9,   1.7,  85.9,  -0.4
2025-11-28 05:00:00,    3,   4.7,   5.9,   1.0,  984.6,   1.9,  84.7,  -0.4
2025-11-28 06:00:00,3,4.8,6.1,1.1,984.7,1.9,86.5,-0.1
2025-11-28 07:00:00,3,4.8,6.2,1.2,984.3,1.9,87.8,0.1
2025-11-28 08:00:00,    3,   4.6,   5.9,   1.0,  974.4,   2.1,  82.8,  -0.5
2025-11-28 09:00:00,    3,   5.0,   6.3,   1.4,  974.1,   2.1,  89.1,   0.5
2025-11-28 10:00:00,    3,   5.0,   6.4,   2.5,  984.0,   3.8,  80.1,   0.7
2025-11-28 11:00:00,    3,   4.9,   6.3,   3.1,  973.3,   5.1,  72.1,   0.5
2025-11-28 12:00:00,    3,   5.3,   6.8,   3.5,  982.6,   5.2,  76.9,   1.5
2025-11-28 13:00:00,3,5.3,6.9,3.9,971.9,5.8,74.3,1.6
2025-11-28 14:00:00,    3,   5.5,   7.1,   4.2,  981.4,   5.9,  76.5,   2.1
2025-11-28 15:00:00,3,5.6,7.2,4.2,981.3,5.8,78.1,2.3
2025-11-28 16:00:00,    3,   5.7,   7.3,   4.1,  971.2,   5.5,  80.9,   2.5
2025-11-28 17:00:00,    3,   5.7,   7.4,   4.2,  971.2,   5.5,  81.5,   2.6
2025-11-28 18:00:00,3,5.6,7.3,4.1,971.0,5.6,79.8,2.4
2025-11-28 19:00:00,    3,   5.8,   7.5,   4.5,  980.8,   5.9,  80.4,   2.8
2025-11-28 20:00:00,    3,   5.5,   7.1,   3.7,  970.6,   5.1,  80.3,   2.0
2025-11-28 21:00:00,    3,   5.9,   7.6,   4.5,  980.3,   5.8,  82.7,   3.1
2025-11-28 22:00:00,3,6.1,7.9,4.4,979.7,5.2,88.7,3.5
2025-11-28 23:00:00,3,6.1,7.8,4.2,969.5,4.9,90.0,3.4
2025-11-29 00:00:00,3,6.5,8.3,4.7,969.3,5.1,94.5,4.3
2025-11-29 01:00:00,    3,   6.7,   8.7,   5.0,  979.0,   5.0,  99.3,   4.9
2025-11-29 02:00:00,    3,   6.8,   8.7,   5.1,  979.0,   5.2,  98.6,   5.0
2025-11-29 03:00:00,    3,   6.7,   8.6,   5.0,  978.6,   5.1,  97.9,   4.8
2025-11-29 04:00:00,3,6.7,8.7,5.1,978.3,5.2,97.9,4.9
2025-11-29 05:00:00,    3,   6.5,   8.4,   4.7,  968.1,   4.9,  96.6,   4.4
2025-11-29 06:00:00,    3,   6.6,   8.5,   5.2,  968.2,   5.8,  92.0,   4.6
2025-11-29 07:00:00,    3,   6.9,   8.9,   5.3,  978.2,   5.5,  97.9,   5.2
2025-11-29 08:00:00,    3,   6.6,   8.5,   5.0,  968.4,   5.3,  95.2,   4.6
2025-11-29 09:00:00,    3,   6.9,   8.9,   5.8,  968.2,   6.4,  92.0,   5.2
2025-11-29 10:00:00,    3,   6.6,   8.5,   5.6,  968.0,   6.5,  87.6,   4.6
2025-11-29 11:00:00,3,7.1,9.2,6.8,977.3,8.0,85.4,5.7
2025-11-29 12:00:00,    3,   7.4,   9.6,   7.6,  976.7,   8.8,  84.9,   6.4
2025-11-29 13:00:00,    3,   7.3,   9.6,   8.3,  966.2,  10.3,  76.7,   6.4
2025-11-29 14:00:00,    3,   7.7,  10.1,   8.3,  975.8,   9.7,  83.8,   7.1
2025-11-29 15:00:00,    3,   7.6,   9.9,   8.3,  975.6,   9.9,  81.0,   6.8
2025-11-29 16:00:00,3,6.9,9.0,6.6,965.4,7.8,84.7,5.4
2025-11-29 17:00:00,    3,   7.5,   9.8,   7.5,  974.7,   8.5,  87.8,   6.6
2025-11-29 18:00:00,    3,   6.9,   9.0,   6.1,  965.0,   6.7,  91.4,   5.4
2025-11-29 19:00:00,    3,   6.6,   8.4,   4.8,  964.8,   5.0,  96.6,   4.5
2025-11-29 20:00:00,3,6.1,7.9,3.9,964.6,4.2,95.2,3.5
2025-11-29 21:00:00,    3,   6.2,   7.9,   3.9,  964.3,   4.1,  96.5,   3.6
2025-11-29 22:00:00,3,6.2,7.9,3.7,964.2,3.8,98.6,3.6
2025-11-29 23:00:00,    3,   6.2,   7.9,   3.7,  964.2,   3.7,  99.3,   3.6
2025-11-30 00:00:00,    3,   6.1,   7.8,   3.6,  973.8,   3.7,  97.9,   3.4
2025-11-30 01:00:00,3,6.2,8.0,4.0,973.8,4.3,95.9,3.7
2025-11-30 02:00:00,    3,   6.1,   7.8,   3.8,  974.0,   4.1,  95.2,   3.4
2025-11-30 03:00:00,    3,   5.5,   7.0,   2.0,  963.8,   2.1,  98.6,   1.9
2025-11-30 04:00:00,    3,   5.9,   7.5,   3.1,  973.6,   3.4,  95.8,   2.8
2025-11-30 05:00:00,    3,   5.3,   6.8,   1.8,  964.0,   2.1,  95.1,   1.4
2025-11-30 06:00:00,    3,   5.1,   6.5,   1.3,  963.9,   1.6,  94.4,   0.8
2025-11-30 07:00:00,3,5.6,7.1,2.8,974.0,3.4,91.2,2.1
2025-11-30 08:00:00,    3,   5.7,   7.3,   3.4,  974.4,   4.3,  87.4,   2.4
2025-11-30 09:00:00,3,5.7,7.3,2.9,965.1,3.2,95.1,2.5
2025-11-30 10:00:00,    3,   6.1,   7.9,   4.6,  975.5,   5.5,  86.9,   3.5
2025-11-30 11:00:00,    3,   6.4,   8.3,   5.1,  975.3,   5.9,  88.8,   4.2
2025-11-30 12:00:00,    3,   6.8,   8.9,   6.0,  965.6,   6.8,  89.5,   5.2
2025-11-30 13:00:00,    3,   7.0,   9.1,   6.7,  965.8,   7.8,  85.9,   5.6
2025-11-30 14:00:00,    3,   7.3,   9.4,   6.3,  975.9,   6.5,  97.3,   6.1
2025-11-30 15:00:00,3,6.9,9.0,6.6,966.4,7.8,84.7,5.4
2025-11-30 16:00:00,    3,   6.8,   8.7,   5.5,  977.5,   6.0,  93.3,   5.0
2025-11-30 17:00:00,3,6.3,8.1,4.7,968.2,5.4,90.7,4.0
2025-11-30 18:00:00,3,6.4,8.3,4.8,979.0,5.3,92.6,4.2
2025-11-30 19:00:00,    3,   6.2,   8.0,   4.5,  979.6,   5.2,  90.6,   3.8
2025-11-30 20:00:00,    3,   6.1,   7.8,   4.2,  970.3,   4.9,  90.0,   3.4
2025-11-30 21:00:00,    3,   6.2,   7.9,   4.2,  970.7,   4.8,  91.9,   3.6
2025-11-30 22:00:00,3,6.1,7.8,4.5,981.1,5.4,86.9,3.4
2025-11-30 23:00:00,    3,   5.9,   7.6,   4.0,  972.0,   4.7,  89.3,   3.1
2025-12-01 00:00:00,    3,   5.9,   7.6,   4.0,  982.4,   4.8,  88.1,   3.0
2025-12-01 01:00:00,3,5.2,6.7,2.2,972.7,2.9,88.5,1.2
2025-12-01 02:00:00,    3,   5.0,   6.4,   1.9,  972.9,   2.9,  84.8,   0.6
2025-12-01 03:00:00,    3,   4.6,   5.8,   0.5,  973.2,   1.3,  86.5,  -0.7
2025-12-01 04:00:00,    3,   4.6,   5.9,   1.2,  983.2,   2.4,  81.1,  -0.5
2025-12-01 05:00:00,    3,   4.4,   5.6,   0.9,  983.0,   2.4,  77.0,  -1.2
2025-12-01 06:00:00,    3,   4.5,   5.7,  -0.7,  973.0,  -0.5,  96.4,  -1.0
2025-12-01 07:00:00,    3,   4.7,   5.9,   0.4,  983.8,   1.0,  90.3,  -0.4
2025-12-01 08:00:00,    3,   4.8,   6.1,   0.4,  983.8,   0.8,  93.7,  -0.1
2025-12-01 09:00:00,    3,   4.6,   5.8,   0.2,  973.7,   0.9,  88.4,  -0.8
2025-12-01 10:00:00,    3,   5.1,   6.5,   2.3,  983.8,   3.5,  82.4,   0.8
2025-12-01 11:00:00,3,4.9,6.3,2.8,983.2,4.5,75.2,0.5
2025-12-01 12:00:00,    3,   5.1,   6.5,   3.4,  982.5,   5.3,  73.2,   0.9
2025-12-01 13:00:00,3,3.7,4.8,1.6,971.7,4.9,55.3,-3.3
2025-12-01 14:00:00,    3,   4.4,   5.6,   2.5,  971.1,   5.1,  63.7,  -1.2
2025-12-01 15:00:00,    3,   5.0,   6.4,   2.8,  970.6,   4.5,  75.7,   0.6
2025-12-01 16:00:00,3,5.0,6.4,2.3,970.7,3.6,80.7,0.6
2025-12-01 17:00:00,    3,   4.7,   6.0,   1.8,  980.7,   3.3,  77.2,  -0.3
2025-12-01 18:00:00,    3,   4.8,   6.2,   1.7,  980.5,   2.8,  82.3,   0.1
2025-12-01 19:00:00,    3,   4.0,   5.0,  -1.8,  970.0,  -1.2,  88.8,  -2.8
2025-12-01 20:00:00,    3,   4.7,   6.0,   0.7,  980.0,   1.3,  89.7,  -0.2
2025-12-01 21:00:00,3,5.0,6.3,1.3,979.4,1.9,90.4,0.5
2025-12-01 22:00:00,    3,   4.7,   5.9,   0.4,  968.6,   1.0,  90.3,  -0.4
2025-12-01 23:00:00,    3,   4.7,   6.0,   0.4,  968.1,   0.9,  91.6,  -0.3
2025-12-02 00:00:00,3,4.6,5.8,-0.4,967.5,-0.2,97.1,-0.6
2025-12-02 01:00:00,    3,   4.2,   5.3,  -1.3,  967.2,  -0.9,  92.9,  -1.9
2025-12-02 02:00:00,    3,   4.9,   6.2,   0.8,  977.1,   1.2,  93.7,   0.3
2025-12-02 03:00:00,    3,   4.2,   5.3,  -1.4,  966.5,  -1.0,  93.6,  -1.9
2025-12-02 04:00:00,    3,   4.4,   5.6,  -1.1,  966.3,  -1.0,  97.8,  -1.3
2025-12-02 05:00:00,    3,   4.3,   5.4,  -1.1,  966.5,  -0.7,  93.6,  -1.6
2025-12-02 06:00:00,    3,   4.1,   5.2,  -2.0,  967.1,  -1.8,  96.4,  -2.3
2025-12-02 07:00:00,    3,   4.0,   5.0,  -2.5,  967.4,  -2.3,  96.4,  -2.8
2025-12-02 08:00:00,3,4.6,5.8,0.3,977.8,0.9,89.7,-0.6
2025-12-02 09:00:00,3,4.6,5.9,0.4,968.2,1.1,89.0,-0.5
2025-12-02 10:00:00,    3,   5.0,   6.4,   3.1,  978.2,   5.0,  73.1,   0.6
2025-12-02 11:00:00,    3,   5.3,   6.8,   3.7,  967.7,   5.5,  75.3,   1.5
2025-12-02 12:00:00,    3,   5.5,   7.1,   4.6,  967.2,   6.7,  72.4,   2.1
2025-12-02 13:00:00,    3,   5.4,   7.0,   4.7,  966.6,   7.2,  68.4,   1.8
2025-12-02 14:00:00,    3,   5.3,   6.9,   5.2,  976.0,   8.3,  63.0,   1.7
2025-12-02 15:00:00,    3,   5.3,   6.9,   4.9,  976.0,   7.7,  65.7,   1.7
2025-12-02 16:00:00,    3,   5.4,   7.1,   5.0,  976.1,   7.5,  68.0,   2.0
2025-12-02 17:00:00,    3,   5.5,   7.2,   4.4,  976.6,   6.2,  75.5,   2.2
2025-12-02 18:00:00,    3,   5.3,   6.8,   3.1,  976.9,   4.4,  81.4,   1.5
2025-12-02 19:00:00,    3,   4.8,   6.0,   0.1,  967.4,   0.3,  96.4,  -0.2
2025-12-02 20:00:00,3,4.9,6.2,1.5,977.3,2.4,85.3,0.2
2025-12-02 21:00:00,3,4.8,6.1,1.1,977.2,2.0,85.9,-0.1
2025-12-02 22:00:00,3,4.7,5.9,0.7,977.3,1.5,87.1,-0.4
2025-12-02 23:00:00,3,4.0,5.0,-2.4,967.3,-2.1,94.9,-2.8
2025-12-03 00:00:00,    3,   4.6,   5.8,   0.1,  977.0,   0.8,  89.0,  -0.8
2025-12-03 01:00:00,3,4.5,5.7,-0.1,976.9,0.5,89.6,-1.0
2025-12-03 02:00:00,3,3.8,4.7,-3.3,966.6,-3.2,97.1,-3.6
2025-12-03 03:00:00,3,4.4,5.6,-0.5,976.1,0.0,91.6,-1.2
2025-12-03 04:00:00,    3,   3.6,   4.5,  -3.8,  966.0,  -3.6,  95.6,  -4.2
2025-12-03 05:00:00,3,3.6,4.4,-3.7,966.0,-3.4,93.5,-4.3
2025-12-03 06:00:00,3,3.7,4.6,-3.3,966.1,-3.0,94.9,-3.7
2025-12-03 07:00:00,    3,   4.3,   5.4,  -1.4,  976.2,  -1.2,  95.7,  -1.8
2025-12-03 08:00:00,3,4.0,5.0,-2.5,966.4,-2.3,96.4,-2.8
2025-12-03 09:00:00,3,4.2,5.3,-1.3,966.8,-0.8,91.6,-2.0
2025-12-03 10:00:00,    3,   4.5,   5.7,   0.1,  976.9,   0.8,  88.4,  -0.9
2025-12-03 11:00:00,    3,   4.8,   6.1,   1.4,  976.5,   2.5,  82.9,  -0.1
2025-12-03 12:00:00,    3,   4.7,   6.0,   1.7,  966.0,   3.1,  78.8,  -0.2
2025-12-03 13:00:00,3,4.7,6.1,2.3,965.8,4.0,74.5,-0.1
2025-12-03 14:00:00,3,5.1,6.5,3.2,975.4,5.1,74.2,0.9
2025-12-03 15:00:00,    3,   5.0,   6.3,   2.1,  965.7,   3.3,  81.8,   0.5
2025-12-03 16:00:00,    3,   5.0,   6.3,   2.0,  976.0,   3.1,  83.0,   0.5
2025-12-03 17:00:00,3,4.6,5.8,-0.2,966.1,0.3,92.3,-0.8
2025-12-03 18:00:00,3,4.8,6.2,1.0,976.7,1.7,89.1,0.1
2025-12-03 19:00:00,3,4.7,6.0,0.4,976.7,0.9,91.6,-0.3
2025-12-03 20:00:00,    3,   4.8,   6.0,   0.4,  976.8,   0.8,  93.0,  -0.2
2025-12-03 21:00:00,3,4.2,5.3,-1.7,966.8,-1.6,97.8,-1.9
2025-12-03 22:00:00,3,4.6,5.8,-0.2,976.5,0.1,95.0,-0.6
2025-12-03 23:00:00,    3,   4.6,   5.8,  -0.3,  976.5,   0.0,  94.3,  -0.8
2025-12-04 00:00:00,3,3.8,4.8,-2.9,966.3,-2.7,95.6,-3.3
2025-12-04 01:00:00,3,4.3,5.5,-1.0,976.1,-0.7,94.3,-1.5
2025-12-04 02:00:00,3,4.3,5.5,-1.0,975.9,-0.7,94.3,-1.5
2025-12-04 03:00:00,3,3.7,4.6,-3.1,965.3,-2.8,93.5,-3.7
2025-12-04 04:00:00,    3,   4.2,   5.3,  -1.5,  974.9,  -1.2,  95.0,  -1.9
2025-12-04 05:00:00,    3,   4.1,   5.2,  -1.8,  974.6,  -1.5,  95.0,  -2.2
2025-12-04 06:00:00,    3,   4.1,   5.1,  -2.0,  974.1,  -1.7,  95.0,  -2.4
2025-12-04 07:00:00,    3,   4.1,   5.1,  -2.1,  974.0,  -1.8,  95.0,  -2.5
2025-12-04 08:00:00,    3,   4.2,   5.3,  -1.6,  974.0,  -1.3,  95.0,  -2.0
2025-12-04 09:00:00,3,4.2,5.3,-1.4,963.8,-1.0,93.6,-1.9
2025-12-04 10:00:00,    3,   4.5,   5.6,   0.2,  973.6,   1.0,  85.8,  -1.1
2025-12-04 11:00:00,    3,   4.7,   5.9,   0.3,  963.0,   0.8,  91.0,  -0.5
2025-12-04 12:00:00,3,4.9,6.2,1.2,972.1,1.9,89.1,0.3
2025-12-04 13:00:00,    3,   4.9,   6.2,   1.1,  961.9,   1.7,  90.4,   0.3
2025-12-04 14:00:00,3,4.9,6.2,1.2,971.3,1.8,89.7,0.3
2025-12-04 15:00:00,    3,   4.9,   6.3,   1.3,  961.2,   1.9,  89.7,   0.4
2025-12-04 16:00:00,    3,   5.0,   6.3,   1.0,  961.0,   1.5,  92.3,   0.4
2025-12-04 17:00:00,    3,   4.9,   6.2,   0.9,  961.1,   1.5,  91.0,   0.2
2025-12-04 18:00:00,3,5.0,6.4,1.6,971.0,2.3,88.5,0.6
2025-12-04 19:00:00,    3,   5.0,   6.4,   1.7,  971.1,   2.6,  86.6,   0.6
2025-12-04 20:00:00,    3,   5.0,   6.3,   1.7,  971.0,   2.6,  86.0,   0.5
2025-12-04 21:00:00,    3,   4.6,   5.9,   0.6,  960.9,   1.3,  87.7,  -0.5
2025-12-04 22:00:00,    3,   4.8,   6.1,   1.3,  970.6,   2.3,  84.7,   0.0
2025-12-04 23:00:00,3,4.7,6.0,1.3,970.7,2.3,83.5,-0.2
2025-12-05 00:00:00,3,4.7,6.0,0.9,970.6,1.7,86.5,-0.3
2025-12-05 01:00:00,    3,   4.6,   5.8,  -0.1,  960.9,   0.3,  93.7,  -0.6
2025-12-05 02:00:00,    3,   4.8,   6.1,   0.8,  971.4,   1.5,  89.0,  -0.1
2025-12-05 03:00:00,    3,   4.9,   6.2,   1.0,  971.5,   1.6,  90.4,   0.2
2025-12-05 04:00:00,3,4.7,5.9,0.1,961.7,0.6,92.3,-0.5
2025-12-05 05:00:00,    3,   4.8,   6.2,   1.0,  972.2,   1.6,  89.7,   0.1
2025-12-05 06:00:00,    3,   5.0,   6.4,   1.2,  962.9,   1.6,  93.0,   0.6
2025-12-05 07:00:00,    3,   4.9,   6.2,   0.8,  963.6,   1.2,  93.7,   0.3
2025-12-05 08:00:00,    3,   5.0,   6.4,   1.0,  964.2,   1.3,  95.1,   0.6
2025-12-05 09:00:00,    3,   5.4,   6.9,   2.2,  974.9,   2.6,  93.1,   1.6
2025-12-05 10:00:00,    3,   5.4,   6.9,   2.2,  965.4,   2.5,  94.4,   1.7
2025-12-05 11:00:00,3,5.8,7.4,3.4,965.5,3.9,91.8,2.7
2025-12-05 12:00:00,    3,   5.9,   7.6,   3.8,  975.5,   4.4,  90.6,   3.0
2025-12-05 13:00:00,    3,   6.1,   7.8,   4.2,  975.8,   4.9,  90.0,   3.4
2025-12-05 14:00:00,    3,   6.1,   7.8,   4.3,  976.2,   5.1,  88.7,   3.4
2025-12-05 15:00:00,3,6.2,8.0,4.4,966.8,5.0,91.9,3.8
2025-12-05 16:00:00,    3,   6.2,   8.0,   4.1,  967.2,   4.5,  94.5,   3.7
2025-12-05 17:00:00,    3,   6.1,   7.8,   3.9,  967.4,   4.3,  93.8,   3.4
2025-12-05 18:00:00,    3,   5.9,   7.5,   3.1,  967.6,   3.3,  97.2,   2.9
2025-12-05 19:00:00,    3,   5.6,   7.2,   2.4,  967.6,   2.5,  97.9,   2.2
2025-12-05 20:00:00,3,5.0,6.3,0.7,967.6,0.9,97.1,0.5
2025-12-05 21:00:00,    3,   4.7,   5.9,  -0.5,  967.3,  -0.5, 100.0,  -0.5
2025-12-05 22:00:00,3,4.5,5.6,-1.0,966.9,-0.9,98.5,-1.1
2025-12-05 23:00:00,3,4.3,5.4,-1.8,966.5,-1.8,100.0,-1.8
2025-12-06 00:00:00,3,4.0,5.0,-2.5,966.3,-2.4,97.8,-2.7
2025-12-06 01:00:00,3,4.3,5.4,-1.6,965.8,-1.6,100.0,-1.6
2025-12-06 02:00:00,    3,   4.8,   6.0,   0.0,  974.9,   0.1,  97.8,  -0.2
2025-12-06 03:00:00,    3,   4.6,   5.8,   0.2,  964.8,   0.7,  91.0,  -0.6
2025-12-06 04:00:00,3,4.7,6.0,0.6,964.5,1.3,89.0,-0.3
2025-12-06 05:00:00,    3,   4.8,   6.1,   0.9,  973.8,   1.5,  89.7,   0.0
2025-12-06 06:00:00,    3,   4.8,   6.1,   0.6,  963.8,   1.0,  93.0,   0.0
2025-12-06 07:00:00,    3,   4.8,   6.2,   1.1,  973.2,   1.9,  87.8,   0.1
2025-12-06 08:00:00,3,4.9,6.2,2.1,963.7,3.4,80.0,0.3
2025-12-06 09:00:00,    3,   5.3,   6.8,   2.9,  973.3,   4.0,  83.7,   1.5
2025-12-06 10:00:00,    3,   5.4,   7.0,   3.9,  972.9,   5.6,  76.4,   1.8
2025-12-06 11:00:00,3,5.9,7.6,4.6,963.3,6.1,80.4,3.0
2025-12-06 12:00:00,    3,   6.4,   8.4,   6.5,  972.6,   8.5,  75.3,   4.4
2025-12-06 13:00:00,    3,   6.5,   8.4,   6.2,  962.7,   7.8,  79.6,   4.5
2025-12-06 14:00:00,    3,   6.6,   8.5,   6.6,  963.0,   8.4,  77.5,   4.7
2025-12-06 15:00:00,    3,   7.0,   9.2,   7.7,  972.8,   9.7,  76.1,   5.7
2025-12-06 16:00:00,    3,   7.0,   9.1,   7.1,  963.9,   8.6,  81.4,   5.6
2025-12-06 17:00:00,    3,   7.0,   9.2,   7.2,  964.1,   8.7,  81.4,   5.7
2025-12-06 18:00:00,    3,   7.1,   9.3,   7.2,  973.6,   8.6,  83.1,   5.9
2025-12-06 19:00:00,3,6.9,9.0,7.0,974.1,8.6,80.8,5.5
2025-12-06 20:00:00,3,6.5,8.4,6.1,965.0,7.6,80.7,4.5
2025-12-06 21:00:00,    3,   6.5,   8.5,   6.2,  965.2,   7.7,  80.7,   4.6
2025-12-06 22:00:00,    3,   6.8,   8.9,   7.0,  975.0,   8.9,  77.5,   5.2
2025-12-06 23:00:00,3,6.6,8.5,6.8,975.1,8.8,75.4,4.7
2025-12-07 00:00:00,    3,   6.4,   8.4,   6.2,  965.5,   8.0,  77.9,   4.4
2025-12-07 01:00:00,    3,   6.8,   8.9,   6.8,  975.2,   8.5,  79.7,   5.2
2025-12-07 02:00:00,3,6.8,8.9,6.5,975.5,7.7,84.1,5.2
2025-12-07 03:00:00,3,7.0,9.0,6.6,966.1,7.8,85.3,5.5
2025-12-07 04:00:00,    3,   7.0,   9.0,   6.6,  966.0,   7.8,  85.3,   5.5
2025-12-07 05:00:00,    3,   7.1,   9.2,   6.8,  966.0,   7.8,  87.1,   5.8
2025-12-07 06:00:00,    3,   7.3,   9.4,   6.9,  976.0,   7.8,  89.0,   6.1
2025-12-07 07:00:00,    3,   6.9,   9.0,   6.7,  966.3,   8.1,  83.0,   5.4
2025-12-07 08:00:00,3,6.9,9.0,7.0,966.4,8.7,79.7,5.4
2025-12-07 09:00:00,    3,   7.3,   9.5,   7.6,  976.5,   9.1,  82.0,   6.2
2025-12-07 10:00:00,    3,   7.5,   9.8,   8.1,  976.8,   9.7,  81.5,   6.7
2025-12-07 11:00:00,3,7.8,10.2,8.8,976.6,10.5,80.5,7.3
2025-12-07 12:00:00,    3,   7.7,  10.2,   9.1,  976.1,  11.2,  76.3,   7.2
2025-12-07 13:00:00,    3,   7.8,  10.2,   9.3,  975.8,  11.6,  74.8,   7.3
2025-12-07 14:00:00,    3,   7.7,  10.2,   9.2,  975.4,  11.4,  75.3,   7.2
2025-12-07 15:00:00,    3,   7.9,  10.3,   9.0,  975.3,  10.9,  78.9,   7.4
2025-12-07 16:00:00,    3,   7.8,  10.2,   8.4,  965.5,   9.7,  84.4,   7.2
2025-12-07 17:00:00,3,8.0,10.4,8.0,965.4,8.6,92.8,7.5
2025-12-07 18:00:00,    3,   8.3,  10.9,   8.6,  974.8,   9.1,  94.1,   8.2
2025-12-07 19:00:00,    3,   8.3,  10.9,   8.7,  974.8,   9.2,  93.4,   8.2
2025-12-07 20:00:00,    3,   8.4,  11.0,   8.9,  965.4,   9.7,  91.0,   8.3
2025-12-07 21:00:00,    3,   8.5,  11.2,   9.3,  965.3,  10.1,  90.4,   8.6
2025-12-07 22:00:00,    3,   8.9,  11.7,   9.9,  965.6,  10.6,  91.6,   9.3
2025-12-07 23:00:00,    3,   9.5,  12.5,  10.9,  975.7,  11.8,  89.9,  10.2
2025-12-08 00:00:00,    3,   9.6,  12.7,  11.3,  976.1,  12.3,  88.7,  10.5
2025-12-08 01:00:00,    3,   9.4,  12.4,  10.9,  967.4,  12.0,  88.1,  10.1
2025-12-08 02:00:00,3,9.6,12.6,11.3,977.5,12.5,87.0,10.4
2025-12-08 03:00:00,3,9.6,12.6,11.5,978.1,12.9,84.7,10.4
2025-12-08 04:00:00,    3,   9.6,  12.7,  11.5,  978.7,  12.9,  85.3,  10.5
2025-12-08 05:00:00,    3,   9.3,  12.2,  10.9,  969.8,  12.1,  86.4,   9.9
2025-12-08 06:00:00,    3,   9.2,  12.1,  10.7,  970.4,  11.9,  86.9,   9.8
2025-12-08 07:00:00,3,9.3,12.3,10.9,980.3,12.1,87.0,10.0
2025-12-08 08:00:00,    3,   8.8,  11.6,  10.1,  971.3,  11.4,  85.7,   9.1
2025-12-08 09:00:00,    3,   9.0,  11.9,  10.8,  971.8,  12.4,  82.4,   9.5
2025-12-08 10:00:00,    3,   9.4,  12.4,  11.4,  972.0,  13.2,  81.4,  10.1
2025-12-08 11:00:00,    3,  10.0,  13.2,  12.6,  981.4,  14.7,  79.0,  11.1
2025-12-08 12:00:00,    3,   9.6,  12.8,  12.5,  981.3,  15.2,  74.0,  10.6
2025-12-08 13:00:00,    3,   9.4,  12.5,  12.2,  971.5,  14.7,  74.9,  10.3
2025-12-08 14:00:00,    3,   9.4,  12.5,  12.2,  981.2,  15.0,  73.0,  10.2
2025-12-08 15:00:00,    3,   9.4,  12.5,  12.1,  981.9,  14.7,  74.4,  10.2
2025-12-08 16:00:00,3,9.4,12.5,11.9,982.0,14.2,76.8,10.2
2025-12-08 17:00:00,    3,   9.6,  12.7,  11.6,  982.3,  13.1,  84.2,  10.5
2025-12-08 18:00:00,    3,   9.6,  12.6,  11.3,  982.1,  12.5,  87.0,  10.4
2025-12-08 19:00:00,3,9.4,12.4,11.3,982.9,12.8,83.6,10.1
2025-12-08 20:00:00,    3,   9.1,  12.0,  10.6,  983.0,  11.9,  85.8,   9.6
2025-12-08 21:00:00,3,8.4,11.0,9.1,973.6,10.0,89.8,8.4
2025-12-08 22:00:00,    3,   8.8,  11.6,  10.1,  983.3,  11.4,  85.7,   9.1
2025-12-08 23:00:00,    3,   8.3,  10.8,   8.4,  973.8,   8.8,  95.4,   8.1
2025-12-09 00:00:00,3,6.8,8.8,5.5,973.5,5.9,94.6,5.1
2025-12-09 01:00:00,    3,   7.6,   9.8,   6.7,  973.4,   6.8,  99.3,   6.7
2025-12-09 02:00:00,    3,   8.2,  10.7,   8.4,  982.6,   8.9,  93.4,   7.9
2025-12-09 03:00:00,3,7.9,10.2,7.6,982.0,7.9,96.0,7.3
2025-12-09 04:00:00,3,7.7,10.0,7.2,982.2,7.5,96.6,7.0
2025-12-09 05:00:00,    3,   7.7,  10.0,   7.1,  981.6,   7.4,  96.6,   6.9
2025-12-09 06:00:00,3,7.3,9.5,6.4,981.9,6.6,97.3,6.2
2025-12-09 07:00:00,3,5.9,7.5,2.9,971.9,2.9,99.3,2.8
2025-12-09 08:00:00,3,5.8,7.4,2.7,971.2,2.7,99.3,2.6
2025-12-09 09:00:00,    3,   7.1,   9.2,   5.9,  971.6,   6.2,  96.6,   5.7
2025-12-09 10:00:00,    3,   7.7,  10.0,   8.1,  981.2,   9.4,  84.9,   7.0
2025-12-09 11:00:00,    3,   8.1,  10.7,   9.5,  980.5,  11.3,  79.5,   7.9
2025-12-09 12:00:00,    3,   8.1,  10.7,  10.2,  979.9,  12.9,  72.1,   8.0
2025-12-09 13:00:00,    3,   8.9,  11.7,  10.7,  969.8,  12.4,  81.3,   9.3
2025-12-09 14:00:00,    3,   8.8,  11.6,  10.7,  969.5,  12.5,  80.3,   9.2
2025-12-09 15:00:00,    3,   8.3,  10.9,   9.6,  969.6,  11.2,  81.7,   8.2
2025-12-09 16:00:00,    3,   8.2,  10.7,   9.7,  979.3,  11.7,  78.0,   8.0
2025-12-09 17:00:00,    3,   8.1,  10.6,   9.5,  979.5,  11.5,  78.0,   7.8
2025-12-09 18:00:00,    3,   7.0,   9.0,   5.9,  970.1,   6.2,  95.3,   5.5
2025-12-09 19:00:00,3,7.8,10.2,8.4,979.8,9.8,83.8,7.2
2025-12-09 20:00:00,    3,   7.6,   9.9,   7.5,  979.8,   8.3,  90.2,   6.8
2025-12-09 21:00:00,    3,   6.5,   8.3,   4.4,  970.3,   4.4,  99.3,   4.3
2025-12-09 22:00:00,3,6.4,8.3,4.4,970.6,4.5,97.9,4.2
2025-12-09 23:00:00,3,6.5,8.4,6.1,980.5,7.6,80.7,4.5
2025-12-10 00:00:00,    3,   5.6,   7.2,   2.9,  971.3,   3.4,  91.8,   2.2
2025-12-10 01:00:00,    3,   5.1,   6.5,   1.5,  971.5,   2.0,  92.4,   0.9
2025-12-10 02:00:00,    3,   6.2,   8.0,   5.7,  981.5,   7.5,  77.3,   3.8
2025-12-10 03:00:00,    3,   5.2,   6.7,   2.1,  972.3,   2.7,  89.8,   1.2
2025-12-10 04:00:00,    3,   6.0,   7.8,   5.2,  982.1,   6.8,  78.9,   3.4
2025-12-10 05:00:00,    3,   6.2,   8.0,   6.0,  982.3,   8.1,  74.2,   3.8
2025-12-10 06:00:00,    3,   6.1,   7.9,   5.6,  973.0,   7.5,  75.7,   3.5
2025-12-10 07:00:00,    3,   5.5,   7.1,   3.3,  973.6,   4.3,  85.5,   2.1
2025-12-10 08:00:00,3,6.1,7.9,5.5,983.6,7.2,77.8,3.6
2025-12-10 09:00:00,    3,   6.2,   8.1,   5.9,  983.8,   7.7,  76.8,   3.9
2025-12-10 10:00:00,    3,   6.5,   8.5,   6.6,  984.2,   8.6,  75.9,   4.6
2025-12-10 11:00:00,    3,   7.2,   9.5,   8.3,  974.3,  10.6,  74.1,   6.2
2025-12-10 12:00:00,3,7.3,9.6,8.5,974.6,10.8,73.7,6.3
2025-12-10 13:00:00,    3,   7.4,   9.8,   8.8,  974.6,  11.2,  73.2,   6.6
2025-12-10 14:00:00,    3,   7.6,  10.0,   8.8,  984.7,  10.9,  76.8,   7.0
2025-12-10 15:00:00,3,7.6,10.0,8.8,985.6,10.9,76.8,7.0
2025-12-10 16:00:00,3,7.8,10.2,9.0,976.1,11.0,77.9,7.3
2025-12-10 17:00:00,3,7.5,9.8,8.5,986.6,10.5,77.3,6.7
2025-12-10 18:00:00,    3,   7.9,  10.3,   8.3,  976.9,   9.2,  88.5,   7.4
2025-12-10 19:00:00,3,7.8,10.2,8.3,977.4,9.6,84.9,7.2
2025-12-10 20:00:00,    3,   7.8,  10.2,   8.2,  988.1,   9.4,  86.1,   7.2
2025-12-10 21:00:00,3,8.8,11.5,9.1,988.4,9.3,98.0,9.0
2025-12-10 22:00:00,    3,   8.8,  11.5,   9.1,  988.7,   9.3,  98.0,   9.0
2025-12-10 23:00:00,    3,   8.3,  10.7,   8.3,  979.1,   8.6,  96.0,   8.0
2025-12-11 00:00:00,    3,   8.1,  10.5,   7.8,  979.1,   8.0,  98.0,   7.7
2025-12-11 01:00:00,3,8.1,10.5,7.8,978.8,8.0,98.0,7.7
2025-12-11 02:00:00,3,7.3,9.4,6.4,978.8,6.7,95.9,6.1
2025-12-11 03:00:00,3,7.8,10.2,7.3,978.6,7.5,98.0,7.2
2025-12-11 04:00:00,    3,   7.7,  10.0,   7.0,  978.5,   7.1,  98.6,   6.9
2025-12-11 05:00:00,    3,   7.8,  10.1,   7.2,  978.4,   7.3,  98.6,   7.1
2025-12-11 06:00:00,    3,   7.2,   9.2,   5.9,  978.1,   6.1,  97.9,   5.8
2025-12-11 07:00:00,3,6.9,8.9,5.4,978.2,5.4,99.3,5.3
2025-12-11 08:00:00,    3,   7.3,   9.4,   6.0,  978.5,   6.0, 100.0,   6.0
2025-12-11 09:00:00,3,8.0,10.4,7.5,988.5,7.5,100.0,7.5
2025-12-11 10:00:00,3,7.4,9.5,6.2,978.6,6.2,100.0,6.2
2025-12-11 11:00:00,    3,   7.6,   9.8,   6.8,  978.2,   7.0,  98.0,   6.7
2025-12-11 12:00:00,3,7.7,10.0,7.3,977.8,7.8,94.0,6.9
2025-12-11 13:00:00,    3,   7.8,  10.1,   7.7,  977.4,   8.4,  91.5,   7.1
2025-12-11 14:00:00,3,7.3,9.6,7.8,977.2,9.4,80.9,6.3
2025-12-11 15:00:00,3,7.3,9.5,7.7,977.2,9.4,80.4,6.2
2025-12-11 16:00:00,3,7.2,9.4,7.3,976.9,8.6,84.2,6.1
2025-12-11 17:00:00,    3,   7.1,   9.3,   7.1,  976.8,   8.4,  84.2,   5.9
2025-12-11 18:00:00,3,7.1,9.2,7.1,976.7,8.5,83.1,5.8
2025-12-11 19:00:00,3,7.2,9.3,6.9,976.6,8.0,86.5,5.9
2025-12-11 20:00:00,    3,   7.2,   9.3,   6.7,  976.5,   7.6,  88.9,   5.9
2025-12-11 21:00:00,    3,   7.2,   9.4,   6.6,  976.3,   7.3,  91.4,   6.0
2025-12-11 22:00:00,3,7.1,9.2,6.7,975.9,7.7,87.7,5.8
2025-12-11 23:00:00,3,7.1,9.2,6.7,975.7,7.7,87.1,5.7
2025-12-12 00:00:00,    3,   7.1,   9.2,   6.7,  975.5,   7.7,  87.1,   5.7
2025-12-12 01:00:00,    3,   7.1,   9.2,   6.7,  975.5,   7.8,  86.5,   5.7
2025-12-12 02:00:00,3,7.1,9.2,6.7,975.5,7.7,87.1,5.7
2025-12-12 03:00:00,3,7.0,9.1,7.0,985.4,8.5,81.9,5.6
2025-12-12 04:00:00,    3,   7.2,   9.3,   6.6,  975.6,   7.4,  90.2,   5.9
2025-12-12 05:00:00,    3,   7.1,   9.2,   6.5,  975.6,   7.4,  88.9,   5.7
2025-12-12 06:00:00,    3,   6.9,   8.9,   6.3,  975.8,   7.3,  87.1,   5.3
2025-12-12 07:00:00,    3,   6.7,   8.7,   5.5,  976.1,   6.0,  92.6,   4.9
2025-12-12 08:00:00,    3,   6.8,   8.8,   6.0,  986.2,   6.8,  88.9,   5.1
2025-12-12 09:00:00,3,7.1,9.2,7.1,986.4,8.4,83.6,5.8
2025-12-12 10:00:00,    3,   7.1,   9.2,   7.6,  986.6,   9.4,  78.2,   5.8
2025-12-12 11:00:00,    3,   6.8,   8.9,   7.2,  976.3,   9.2,  76.5,   5.3
2025-12-12 12:00:00,    3,   7.0,   9.1,   7.8,  976.1,  10.0,  74.0,   5.6
2025-12-12 13:00:00,3,6.9,9.0,7.7,975.8,10.0,73.5,5.5
2025-12-12 14:00:00,3,7.2,9.4,8.2,986.1,10.5,74.1,6.1
2025-12-12 15:00:00,3,7.1,9.3,7.8,986.1,9.7,77.1,5.9
2025-12-12 16:00:00,3,7.1,9.2,7.3,986.3,8.8,81.4,5.8
2025-12-12 17:00:00,    3,   7.0,   9.1,   6.8,  986.6,   8.1,  84.2,   5.6
2025-12-12 18:00:00,    3,   6.9,   8.9,   6.3,  986.8,   7.2,  87.7,   5.3
2025-12-12 19:00:00,3,6.3,8.0,3.9,977.1,4.0,98.6,3.8
2025-12-12 20:00:00,    3,   6.1,   7.8,   3.4,  977.5,   3.4, 100.0,   3.4
2025-12-12 21:00:00,    3,   6.5,   8.3,   4.8,  988.0,   5.2,  93.9,   4.3
2025-12-12 22:00:00,    3,   6.4,   8.2,   4.1,  978.3,   4.1, 100.0,   4.1
2025-12-12 23:00:00,    3,   6.7,   8.5,   4.7,  978.6,   4.7, 100.0,   4.7
2025-12-13 00:00:00,    3,   6.4,   8.3,   4.3,  988.9,   4.3,  99.3,   4.2
2025-12-13 01:00:00,    3,   6.5,   8.3,   4.4,  978.8,   4.4,  99.3,   4.3
2025-12-13 02:00:00,3,6.3,8.1,4.2,989.3,4.3,97.9,4.0
2025-12-13 03:00:00,    3,   6.2,   8.0,   3.8,  979.5,   3.9,  98.6,   3.7
2025-12-13 04:00:00,    3,   6.1,   7.9,   3.5,  979.9,   3.5, 100.0,   3.5
2025-12-13 05:00:00,3,6.1,7.7,3.4,980.0,3.4,99.3,3.3
2025-12-13 06:00:00,3,6.1,7.9,3.5,980.2,3.5,100.0,3.5
2025-12-13 07:00:00,    3,   5.9,   7.6,   3.1,  980.3,   3.1,  99.3,   3.0
2025-12-13 08:00:00,    3,   6.1,   7.9,   3.7,  991.1,   3.8,  97.9,   3.5
2025-12-13 09:00:00,    3,   5.7,   7.3,   2.5,  981.1,   2.5, 100.0,   2.5
2025-12-13 10:00:00,3,6.3,8.0,3.8,991.7,3.8,100.0,3.8
2025-12-13 11:00:00,    3,   5.8,   7.4,   2.8,  981.5,   3.0,  97.2,   2.6
2025-12-13 12:00:00,3,6.0,7.7,3.5,991.7,3.7,96.5,3.2
2025-12-13 13:00:00,    3,   6.0,   7.6,   3.4,  991.2,   3.7,  95.8,   3.1
2025-12-13 14:00:00,    3,   6.2,   7.9,   3.8,  980.9,   3.9,  97.9,   3.6
2025-12-13 15:00:00,    3,   6.2,   8.0,   4.0,  981.2,   4.3,  95.9,   3.7
2025-12-13 16:00:00,    3,   6.2,   8.0,   4.0,  981.5,   4.3,  95.9,   3.7
2025-12-13 17:00:00,    3,   6.3,   8.0,   4.1,  981.6,   4.3,  96.5,   3.8
2025-12-13 18:00:00,    3,   6.4,   8.3,   4.6,  991.9,   4.9,  95.2,   4.2
2025-12-13 19:00:00,    3,   6.2,   7.9,   4.0,  981.5,   4.4,  94.5,   3.6
2025-12-13 20:00:00,3,6.2,8.0,4.5,991.5,5.2,90.6,3.8
2025-12-13 21:00:00,    3,   6.3,   8.1,   4.6,  991.8,   5.3,  90.6,   3.9
2025-12-13 22:00:00,3,6.2,8.0,4.1,981.4,4.4,95.2,3.7
2025-12-13 23:00:00,    3,   6.5,   8.4,   4.8,  991.7,   5.2,  94.6,   4.4
2025-12-14 00:00:00,    3,   6.3,   8.1,   4.3,  981.2,   4.5,  96.5,   4.0
2025-12-14 01:00:00,3,6.4,8.3,4.8,990.8,5.4,91.9,4.2
2025-12-14 02:00:00,3,6.3,8.1,4.2,980.5,4.4,96.5,3.9
2025-12-14 03:00:00,3,6.3,8.1,4.3,980.3,4.5,96.5,4.0
2025-12-14 04:00:00,    3,   6.4,   8.3,   4.8,  990.2,   5.4,  91.9,   4.2
2025-12-14 05:00:00,3,6.3,8.1,4.2,980.1,4.4,97.2,4.0
2025-12-14 06:00:00,    3,   6.4,   8.2,   4.8,  990.3,   5.5,  90.7,   4.1
2025-12-14 07:00:00,    3,   6.5,   8.3,   5.0,  990.3,   5.6,  91.3,   4.3
2025-12-14 08:00:00,    3,   6.5,   8.3,   4.6,  980.4,   4.9,  95.9,   4.3
2025-12-14 09:00:00,3,6.5,8.4,5.2,990.4,6.0,89.4,4.4
2025-12-14 10:00:00,3,6.5,8.4,5.5,990.3,6.5,87.0,4.5
2025-12-14 11:00:00,    3,   6.0,   7.8,   5.0,  989.8,   6.5,  80.5,   3.4
2025-12-14 12:00:00,    3,   6.0,   7.7,   4.8,  989.3,   6.1,  82.2,   3.3
2025-12-14 13:00:00,    3,   6.0,   7.7,   4.7,  988.7,   6.0,  82.2,   3.2
2025-12-14 14:00:00,    3,   6.1,   7.8,   4.6,  988.3,   5.7,  85.1,   3.4
2025-12-14 15:00:00,    3,   6.0,   7.7,   4.4,  987.9,   5.4,  86.3,   3.3
2025-12-14 16:00:00,    3,   6.0,   7.7,   4.1,  987.5,   4.8,  90.0,   3.3
2025-12-14 17:00:00,3,6.0,7.6,3.7,987.3,4.2,92.5,3.1
2025-12-14 18:00:00,    3,   5.8,   7.4,   3.2,  987.0,   3.7,  93.1,   2.7
2025-12-14 19:00:00,    3,   5.5,   7.0,   2.0,  976.9,   2.1,  97.9,   1.8
2025-12-14 20:00:00,3,5.6,7.1,2.3,986.8,2.5,97.2,2.1
2025-12-14 21:00:00,    3,   5.7,   7.2,   2.6,  986.7,   2.8,  96.5,   2.3
2025-12-14 22:00:00,    3,   5.6,   7.1,   2.5,  986.3,   2.8,  95.1,   2.1
2025-12-14 23:00:00,3,5.4,6.9,2.0,976.0,2.2,96.5,1.7
2025-12-15 00:00:00,3,5.2,6.6,1.3,975.5,1.6,95.8,1.0
2025-12-15 01:00:00,3,5.1,6.5,1.1,975.2,1.3,96.4,0.8
2025-12-15 02:00:00,3,5.1,6.5,1.3,985.1,1.5,95.8,0.9
2025-12-15 03:00:00,3,5.1,6.5,1.1,985.0,1.3,97.2,0.9
2025-12-15 04:00:00,3,5.1,6.4,1.0,984.6,1.2,96.4,0.7
2025-12-15 05:00:00,    3,   4.9,   6.2,   0.5,  984.1,   0.7,  97.1,   0.3
2025-12-15 06:00:00,3,4.8,6.0,0.1,983.7,0.3,96.4,-0.2
2025-12-15 07:00:00,    3,   4.7,   5.9,   0.0,  983.3,   0.4,  93.7,  -0.5
2025-12-15 08:00:00,3,4.6,5.8,0.0,983.2,0.5,91.6,-0.7
2025-12-15 09:00:00,3,4.7,6.0,1.1,983.2,2.1,84.7,-0.2
2025-12-15 10:00:00,    3,   5.0,   6.4,   2.6,  983.3,   4.1,  77.9,   0.6
2025-12-15 11:00:00,3,5.2,6.7,3.7,982.8,5.7,72.7,1.2
2025-12-15 12:00:00,3,5.1,6.6,4.9,972.2,8.0,61.6,1.1
2025-12-15 13:00:00,3,6.0,7.8,5.6,971.6,7.7,74.1,3.4
2025-12-15 14:00:00,3,5.7,7.4,5.2,971.2,7.4,72.0,2.7
2025-12-15 15:00:00,    3,   5.8,   7.5,   4.9,  970.8,   6.7,  76.1,   2.8
2025-12-15 16:00:00,    3,   5.4,   7.0,   3.4,  970.8,   4.7,  81.4,   1.8
2025-12-15 17:00:00,3,5.6,7.2,4.5,980.9,6.4,75.0,2.3
2025-12-15 18:00:00,    3,   4.9,   6.3,   1.6,  970.9,   2.5,  86.0,   0.4
2025-12-15 19:00:00,    3,   4.8,   6.1,   1.2,  971.1,   2.1,  85.9,   0.0
2025-12-15 20:00:00,3,4.4,5.6,0.2,971.1,1.2,84.0,-1.2
2025-12-15 21:00:00,3,4.6,5.9,0.5,970.6,1.2,88.4,-0.5
2025-12-15 22:00:00,3,4.5,5.7,0.3,970.3,1.2,85.2,-1.0
2025-12-15 23:00:00,    3,   4.8,   6.2,   1.4,  980.3,   2.3,  85.3,   0.1
2025-12-16 00:00:00,3,4.1,5.2,-1.3,969.9,-0.7,88.9,-2.3
2025-12-16 01:00:00,    3,   4.1,   5.2,  -1.0,  969.2,  -0.2,  85.7,  -2.3
2025-12-16 02:00:00,    3,   4.6,   5.8,   0.2,  979.1,   0.8,  89.7,  -0.7
2025-12-16 03:00:00,3,4.5,5.7,-0.1,978.8,0.5,89.6,-1.0
2025-12-16 04:00:00,3,4.3,5.4,-0.6,978.3,0.0,89.0,-1.6
2025-12-16 05:00:00,    3,   4.3,   5.4,  -0.7,  978.2,  -0.1,  88.9,  -1.7
2025-12-16 06:00:00,    3,   4.3,   5.4,  -0.8,  978.0,  -0.3,  90.9,  -1.6
2025-12-16 07:00:00,    3,   4.0,   5.1,  -1.6,  967.5,  -1.0,  89.5,  -2.5
2025-12-16 08:00:00,3,4.2,5.3,-0.9,978.0,-0.2,88.3,-1.9
2025-12-16 09:00:00,3,4.4,5.6,-0.1,978.4,0.7,86.4,-1.3
2025-12-16 10:00:00,    3,   4.4,   5.6,  -0.1,  978.3,   0.7,  87.1,  -1.2
2025-12-16 11:00:00,    3,   4.5,   5.6,   0.0,  968.0,   0.7,  87.7,  -1.1
2025-12-16 12:00:00,    3,   4.5,   5.8,   0.5,  967.4,   1.4,  85.2,  -0.8
2025-12-16 13:00:00,    3,   4.6,   5.9,   1.6,  977.8,   3.0,  77.7,  -0.5
2025-12-16 14:00:00,    3,   4.6,   5.9,   1.6,  977.9,   3.1,  77.7,  -0.4
2025-12-16 15:00:00,    3,   4.7,   5.9,   1.4,  977.8,   2.6,  80.5,  -0.4
2025-12-16 16:00:00,    3,   4.6,   5.9,   1.1,  978.4,   2.2,  82.3,  -0.5
2025-12-16 17:00:00,3,4.7,5.9,1.1,979.3,2.1,83.4,-0.4
2025-12-16 18:00:00,    3,   4.7,   5.9,   0.3,  969.2,   0.8,  91.6,  -0.4
2025-12-16 19:00:00,3,4.6,5.9,0.5,969.5,1.2,88.4,-0.5
2025-12-16 20:00:00,    3,   4.5,   5.8,   0.4,  979.8,   1.2,  86.5,  -0.8
2025-12-16 21:00:00,3,4.5,5.7,-0.8,969.9,-0.6,97.1,-1.0
2025-12-16 22:00:00,    3,   4.4,   5.5,  -1.2,  970.0,  -1.1,  97.1,  -1.5
2025-12-16 23:00:00,    3,   4.6,   5.8,   0.2,  980.1,   0.7,  91.0,  -0.6
2025-12-17 00:00:00,    3,   4.3,   5.4,  -1.3,  970.2,  -1.2,  97.1,  -1.6
2025-12-17 01:00:00,    3,   4.2,   5.2,  -1.8,  970.3,  -1.7,  97.1,  -2.1
2025-12-17 02:00:00,3,4.0,5.0,-2.1,970.5,-1.8,94.2,-2.6
2025-12-17 03:00:00,    3,   4.2,   5.3,  -1.5,  970.7,  -1.1,  93.6,  -2.0
2025-12-17 04:00:00,    3,   4.6,   5.8,   0.0,  980.9,   0.5,  91.0,  -0.8
2025-12-17 05:00:00,    3,   4.4,   5.5,  -0.9,  971.3,  -0.5,  93.6,  -1.4
2025-12-17 06:00:00,    3,   4.5,   5.7,  -0.2,  982.0,   0.4,  90.3,  -1.0
2025-12-17 07:00:00,    3,   4.6,   5.8,   0.4,  982.4,   1.1,  88.4,  -0.6
2025-12-17 08:00:00,    3,   4.5,   5.7,  -0.3,  973.1,   0.1,  93.0,  -0.9
2025-12-17 09:00:00,3,4.6,5.8,0.3,973.6,1.0,89.0,-0.6
2025-12-17 10:00:00,    3,   4.8,   6.2,   1.1,  974.3,   1.9,  87.8,   0.1
2025-12-17 11:00:00,    3,   5.3,   6.9,   4.4,  984.4,   6.8,  69.3,   1.6
2025-12-17 12:00:00,    3,   5.3,   6.9,   4.8,  984.2,   7.4,  67.0,   1.7
2025-12-17 13:00:00,    3,   5.6,   7.3,   5.0,  984.1,   7.2,  71.4,   2.4
2025-12-17 14:00:00,3,5.7,7.4,5.4,984.1,7.8,69.6,2.6
2025-12-17 15:00:00,    3,   5.8,   7.5,   5.1,  984.3,   7.0,  75.1,   2.9
2025-12-17 16:00:00,    3,   5.7,   7.4,   4.7,  984.4,   6.5,  76.6,   2.7
2025-12-17 17:00:00,    3,   5.8,   7.5,   5.0,  984.8,   6.8,  76.1,   2.9
2025-12-17 18:00:00,3,5.7,7.4,4.1,985.0,5.3,82.7,2.6
2025-12-17 19:00:00,    3,   5.8,   7.4,   4.0,  985.2,   5.0,  85.0,   2.7
2025-12-17 20:00:00,    3,   5.1,   6.5,   1.4,  975.5,   1.7,  94.4,   0.9
2025-12-17 21:00:00,    3,   5.7,   7.3,   3.4,  985.5,   4.2,  88.6,   2.5
2025-12-17 22:00:00,    3,   5.0,   6.4,   0.9,  976.1,   1.1,  96.4,   0.6
2025-12-17 23:00:00,3,4.8,6.0,0.0,976.2,0.2,97.1,-0.2
2025-12-18 00:00:00,    3,   4.8,   6.1,   0.1,  976.1,   0.2,  97.8,  -0.1
2025-12-18 01:00:00,    3,   4.2,   5.3,  -1.6,  976.0,  -1.4,  95.7,  -2.0
2025-12-18 02:00:00,    3,   5.6,   7.1,   2.5,  986.0,   2.8,  95.1,   2.1
2025-12-18 03:00:00,    3,   5.4,   6.9,   2.1,  985.8,   2.4,  95.1,   1.7
2025-12-18 04:00:00,    3,   5.4,   6.9,   1.9,  986.1,   2.2,  95.8,   1.6
2025-12-18 05:00:00,    3,   5.2,   6.7,   1.5,  986.1,   1.8,  95.8,   1.2
2025-12-18 06:00:00,    3,   4.0,   5.0,  -2.3,  976.7,  -2.1,  96.4,  -2.6
2025-12-18 07:00:00,    3,   5.2,   6.6,   1.4,  986.6,   1.7,  95.1,   1.0
2025-12-18 08:00:00,    3,   4.4,   5.5,  -1.3,  977.1,  -1.3,  99.3,  -1.4
2025-12-18 09:00:00,    3,   5.3,   6.8,   2.3,  986.0,   3.0,  89.8,   1.5
2025-12-18 10:00:00,3,5.7,7.3,3.8,986.0,5.0,83.2,2.4
2025-12-18 11:00:00,3,6.0,7.8,5.3,985.6,7.1,77.2,3.4
2025-12-18 12:00:00,    3,   6.3,   8.1,   6.4,  984.9,   8.6,  72.7,   4.0
2025-12-18 13:00:00,    3,   6.6,   8.6,   6.8,  974.4,   8.8,  75.9,   4.8
2025-12-18 14:00:00,3,6.8,8.9,7.2,974.2,9.2,76.0,5.2
2025-12-18 15:00:00,    3,   6.6,   8.5,   6.7,  974.0,   8.6,  76.4,   4.7
2025-12-18 16:00:00,3,6.5,8.4,7.0,983.9,9.5,70.9,4.5
2025-12-18 17:00:00,    3,   5.7,   7.3,   3.4,  974.0,   4.1,  89.3,   2.5
2025-12-18 18:00:00,    3,   6.5,   8.4,   6.6,  983.7,   8.6,  75.4,   4.5
2025-12-18 19:00:00,    3,   6.1,   7.9,   3.6,  973.9,   3.7,  98.6,   3.5
2025-12-18 20:00:00,3,5.8,7.4,2.8,973.9,2.9,97.9,2.6
2025-12-18 21:00:00,    3,   6.0,   7.7,   5.4,  983.6,   7.2,  76.2,   3.3
2025-12-18 22:00:00,    3,   5.1,   6.4,   1.3,  974.1,   1.8,  92.4,   0.7
2025-12-18 23:00:00,    3,   5.8,   7.5,   4.8,  983.8,   6.4,  78.2,   2.9
2025-12-19 00:00:00,3,5.1,6.4,1.5,974.4,2.1,90.4,0.7
2025-12-19 01:00:00,    3,   5.3,   6.7,   2.5,  974.3,   3.5,  85.5,   1.3
2025-12-19 02:00:00,3,5.3,6.8,3.0,984.0,4.1,83.1,1.5
2025-12-19 03:00:00,    3,   5.3,   6.8,   2.8,  983.9,   3.9,  83.7,   1.4
2025-12-19 04:00:00,    3,   4.1,   5.2,  -1.4,  974.0,  -0.8,  89.5,  -2.3
2025-12-19 05:00:00,    3,   5.2,   6.7,   2.7,  983.6,   3.9,  82.5,   1.2
2025-12-19 06:00:00,    3,   5.2,   6.7,   2.8,  983.6,   4.1,  81.3,   1.2
2025-12-19 07:00:00,3,4.7,5.9,0.3,974.4,0.8,91.0,-0.5
2025-12-19 08:00:00,3,5.3,6.9,3.5,984.4,5.1,78.0,1.6
2025-12-19 09:00:00,    3,   4.8,   6.1,   0.8,  975.0,   1.3,  91.0,   0.0
2025-12-19 10:00:00,3,5.1,6.5,1.7,975.3,2.3,89.8,0.8
2025-12-19 11:00:00,    3,   5.8,   7.6,   5.6,  984.9,   7.9,  71.1,   3.0
2025-12-19 12:00:00,3,6.0,7.8,6.1,984.8,8.5,70.2,3.4
2025-12-19 13:00:00,3,6.1,7.9,4.6,974.9,5.6,86.3,3.5
2025-12-19 14:00:00,    3,   6.4,   8.3,   6.8,  984.7,   9.3,  70.9,   4.3
2025-12-19 15:00:00,3,6.5,8.4,6.7,984.5,8.8,74.3,4.5
2025-12-19 16:00:00,3,6.4,8.3,5.1,974.4,5.9,88.8,4.2
2025-12-19 17:00:00,    3,   6.5,   8.4,   5.4,  974.6,   6.3,  88.2,   4.5
2025-12-19 18:00:00,    3,   6.5,   8.4,   5.2,  974.6,   5.8,  91.3,   4.5
2025-12-19 19:00:00,    3,   6.9,   8.9,   6.7,  984.6,   8.1,  82.4,   5.3
2025-12-19 20:00:00,    3,   7.1,   9.2,   6.7,  984.5,   7.7,  87.1,   5.7
2025-12-19 21:00:00,3,6.4,8.3,4.6,974.5,4.9,95.2,4.2
2025-12-19 22:00:00,3,7.1,9.2,6.6,984.2,7.6,87.7,5.7
2025-12-19 23:00:00,3,6.7,8.6,5.0,974.1,5.1,97.9,4.8
2025-12-20 00:00:00,3,6.8,8.8,5.8,983.5,6.4,91.4,5.1
2025-12-20 01:00:00,    3,   6.8,   8.8,   5.7,  983.0,   6.2,  92.6,   5.1
2025-12-20 02:00:00,    3,   6.7,   8.7,   5.4,  982.9,   5.8,  93.9,   4.9
2025-12-20 03:00:00,3,6.7,8.5,4.8,982.4,4.8,99.3,4.7
2025-12-20 04:00:00,    3,   5.9,   7.5,   3.1,  972.2,   3.2,  97.9,   2.9
2025-12-20 05:00:00,3,6.5,8.4,4.6,981.5,4.8,97.2,4.4
2025-12-20 06:00:00,3,5.9,7.5,3.1,971.5,3.4,95.8,2.8
2025-12-20 07:00:00,3,6.2,8.0,4.1,981.1,4.5,94.5,3.7
2025-12-20 08:00:00,    3,   6.2,   8.0,   4.4,  980.8,   4.9,  92.6,   3.8
2025-12-20 09:00:00,    3,   6.1,   7.9,   4.6,  980.8,   5.5,  87.5,   3.6
2025-12-20 10:00:00,    3,   6.9,   8.9,   6.4,  970.6,   7.5,  85.9,   5.3
2025-12-20 11:00:00,    3,   6.6,   8.6,   7.2,  970.4,   9.7,  71.4,   4.8
2025-12-20 12:00:00,3,7.2,9.4,8.1,969.6,10.3,75.1,6.1
2025-12-20 13:00:00,    3,   6.7,   8.9,   8.2,  978.7,  11.3,  66.0,   5.2
2025-12-20 14:00:00,3,7.1,9.3,8.0,968.7,10.3,74.1,5.9
2025-12-20 15:00:00,    3,   6.2,   8.2,   7.6,  978.4,  11.0,  62.3,   4.1
2025-12-20 16:00:00,3,6.3,8.2,7.3,978.4,10.4,64.9,4.1
2025-12-20 17:00:00,    3,   6.3,   8.1,   5.5,  968.5,   7.0,  81.1,   4.0
2025-12-20 18:00:00,    3,   6.4,   8.3,   7.1,  978.2,   9.9,  68.1,   4.3
2025-12-20 19:00:00,3,6.4,8.3,6.5,978.2,8.6,74.3,4.3
2025-12-20 20:00:00,3,6.4,8.3,6.2,978.0,8.0,77.4,4.3
2025-12-20 21:00:00,    3,   5.5,   7.1,   3.3,  968.2,   4.3,  85.5,   2.1
2025-12-20 22:00:00,3,6.1,7.9,5.0,978.0,6.3,82.2,3.5
2025-12-20 23:00:00,3,5.8,7.4,4.5,977.7,6.1,78.7,2.7
2025-12-21 00:00:00,    3,   5.8,   7.5,   4.3,  977.5,   5.5,  82.7,   2.8
2025-12-21 01:00:00,    3,   5.2,   6.7,   1.8,  967.4,   2.3,  92.4,   1.2
2025-12-21 02:00:00,    3,   5.5,   7.1,   3.5,  977.2,   4.7,  83.2,   2.1
2025-12-21 03:00:00,    3,   4.9,   6.2,   0.5,  967.0,   0.7,  97.1,   0.3
2025-12-21 04:00:00,    3,   5.5,   7.0,   2.6,  976.7,   3.1,  91.8,   1.9
2025-12-21 05:00:00,3,4.3,5.4,-1.1,966.4,-0.6,91.6,-1.8
2025-12-21 06:00:00,3,4.5,5.7,-0.5,966.3,-0.1,93.6,-1.0
2025-12-21 07:00:00,    3,   5.1,   6.5,   1.3,  975.9,   1.5,  95.8,   0.9
2025-12-21 08:00:00,3,5.1,6.4,1.1,975.8,1.4,95.1,0.7
2025-12-21 09:00:00,3,5.4,6.9,2.8,975.8,3.6,87.3,1.7
2025-12-21 10:00:00,    3,   4.9,   6.2,   1.5,  965.6,   2.4,  85.3,   0.2
2025-12-21 11:00:00,    3,   5.1,   6.6,   3.8,  974.9,   6.0,  70.2,   1.0
2025-12-21 12:00:00,    3,   5.1,   6.6,   3.6,  964.1,   5.6,  72.7,   1.1
2025-12-21 13:00:00,3,5.0,6.5,4.3,973.4,7.2,63.7,0.8
2025-12-21 14:00:00,    3,   4.7,   6.1,   2.3,  963.5,   4.0,  74.5,  -0.1
2025-12-21 15:00:00,    3,   4.8,   6.2,   2.9,  973.1,   5.0,  70.5,   0.1
2025-12-21 16:00:00,3,4.4,5.6,0.1,963.0,1.1,84.0,-1.3
2025-12-21 17:00:00,3,4.3,5.5,-0.4,962.6,0.3,87.7,-1.5
2025-12-21 18:00:00,3,4.3,5.4,-0.7,962.6,-0.2,90.3,-1.6
2025-12-21 19:00:00,    3,   4.4,   5.6,  -0.1,  972.4,   0.7,  86.4,  -1.3
2025-12-21 20:00:00,    3,   4.1,   5.2,  -1.6,  962.4,  -1.1,  91.5,  -2.3
2025-12-21 21:00:00,    3,   4.3,   5.4,  -1.1,  962.3,  -0.8,  94.3,  -1.6
2025-12-21 22:00:00,    3,   4.3,   5.4,  -1.2,  962.5,  -0.8,  93.6,  -1.7
2025-12-21 23:00:00,    3,   3.9,   4.9,  -2.1,  962.6,  -1.6,  90.1,  -3.0
2025-12-22 00:00:00,    3,   4.3,   5.5,  -0.7,  972.3,  -0.2,  90.9,  -1.5
2025-12-22 01:00:00,3,4.4,5.6,-0.6,972.4,-0.1,91.6,-1.3
2025-12-22 02:00:00,3,3.9,4.9,-2.7,962.4,-2.4,94.9,-3.1
2025-12-22 03:00:00,    3,   3.8,   4.8,  -3.1,  962.4,  -2.9,  96.3,  -3.4
2025-12-22 04:00:00,3,3.8,4.8,-3.1,962.5,-2.9,96.3,-3.4
2025-12-22 05:00:00,    3,   3.5,   4.4,  -3.7,  962.7,  -3.4,  92.8,  -4.4
2025-12-22 06:00:00,    3,   4.4,   5.5,  -0.9,  972.9,  -0.6,  94.3,  -1.4
2025-12-22 07:00:00,    3,   4.4,   5.6,  -0.8,  973.4,  -0.6,  95.7,  -1.2
2025-12-22 08:00:00,    3,   4.6,   5.8,  -0.4,  973.6,  -0.2,  95.7,  -0.8
2025-12-22 09:00:00,    3,   4.6,   5.8,   0.1,  973.9,   0.5,  92.3,  -0.6
2025-12-22 10:00:00,    3,   4.5,   5.6,  -0.4,  964.1,   0.1,  91.6,  -1.1
2025-12-22 11:00:00,    3,   4.6,   5.8,   0.0,  964.0,   0.6,  90.3,  -0.8
2025-12-22 12:00:00,3,4.7,6.0,0.9,974.0,1.7,87.1,-0.2
2025-12-22 13:00:00,    3,   4.8,   6.1,   1.3,  973.7,   2.2,  85.3,   0.0
2025-12-22 14:00:00,3,4.6,5.9,0.7,963.5,1.6,85.9,-0.5
2025-12-22 15:00:00,    3,   4.8,   6.1,   1.4,  973.7,   2.4,  84.1,   0.0
2025-12-22 16:00:00,3,4.6,5.9,0.4,963.6,1.1,89.0,-0.5
2025-12-22 17:00:00,3,4.6,5.8,0.1,963.9,0.7,89.6,-0.8
2025-12-22 18:00:00,    3,   4.7,   6.0,   0.5,  964.3,   1.1,  90.3,  -0.3
2025-12-22 19:00:00,3,4.8,6.1,1.1,974.7,1.9,86.5,-0.1
2025-12-22 20:00:00,    3,   4.6,   5.8,   0.0,  964.5,   0.5,  91.6,  -0.7
2025-12-22 21:00:00,    3,   4.7,   5.9,   0.8,  974.8,   1.6,  86.5,  -0.4
2025-12-22 22:00:00,    3,   4.6,   5.8,   0.5,  974.9,   1.3,  86.5,  -0.7
2025-12-22 23:00:00,3,4.6,5.8,0.0,964.8,0.5,91.6,-0.7
2025-12-23 00:00:00,    3,   4.6,   5.8,   0.0,  964.7,   0.5,  91.6,  -0.7
2025-12-23 01:00:00,    3,   4.6,   5.8,   0.6,  974.8,   1.4,  86.5,  -0.6
2025-12-23 02:00:00,    3,   4.6,   5.8,   0.3,  964.8,   1.0,  89.0,  -0.6
2025-12-23 03:00:00,3,4.7,5.9,0.3,964.9,0.9,90.3,-0.5
2025-12-23 04:00:00,3,4.7,5.9,0.4,964.8,1.0,90.3,-0.4
2025-12-23 05:00:00,3,4.6,5.8,0.6,975.3,1.5,85.2,-0.7
2025-12-23 06:00:00,3,4.6,5.8,0.6,975.6,1.5,85.9,-0.6
2025-12-23 07:00:00,    3,   4.7,   5.9,   0.5,  965.7,   1.1,  89.7,  -0.4
2025-12-23 08:00:00,    3,   4.6,   5.8,   0.4,  966.6,   1.1,  87.7,  -0.7
2025-12-23 09:00:00,    3,   4.6,   5.9,   1.0,  976.9,   2.1,  82.8,  -0.5
2025-12-23 10:00:00,3,4.6,5.8,0.5,967.1,1.2,87.7,-0.6
2025-12-23 11:00:00,3,4.5,5.7,0.3,967.1,1.2,85.8,-0.9
2025-12-23 12:00:00,    3,   4.7,   5.9,   1.3,  977.4,   2.5,  81.1,  -0.4
2025-12-23 13:00:00,    3,   4.8,   6.1,   1.5,  977.4,   2.7,  81.7,  -0.1
2025-12-23 14:00:00,    3,   4.8,   6.1,   1.6,  977.8,   2.8,  81.1,  -0.1
2025-12-23 15:00:00,3,4.5,5.8,0.6,967.8,1.5,84.6,-0.8
2025-12-23 16:00:00,    3,   4.4,   5.6,   0.6,  968.3,   1.7,  81.6,  -1.1
2025-12-23 17:00:00,    3,   4.5,   5.7,   0.4,  968.8,   1.4,  84.0,  -1.0
2025-12-23 18:00:00,    3,   4.4,   5.6,   0.5,  969.3,   1.8,  79.8,  -1.3
2025-12-23 19:00:00,3,4.4,5.6,0.8,969.8,2.2,77.6,-1.3
2025-12-23 20:00:00,    3,   4.5,   5.8,   1.5,  980.6,   3.2,  74.9,  -0.8
2025-12-23 21:00:00,    3,   4.3,   5.5,   1.0,  970.5,   2.6,  74.8,  -1.4
2025-12-23 22:00:00,    3,   4.4,   5.7,   1.8,  981.1,   3.7,  71.3,  -1.0
2025-12-23 23:00:00,    3,   4.5,   5.8,   1.8,  981.3,   3.6,  73.4,  -0.7
2025-12-24 00:00:00,    3,   4.6,   5.8,   1.8,  981.6,   3.6,  73.9,  -0.6
2025-12-24 01:00:00,    3,   4.9,   6.3,   2.1,  981.8,   3.4,  80.6,   0.4
2025-12-24 02:00:00,    3,   4.9,   6.2,   1.6,  971.9,   2.5,  85.3,   0.3
2025-12-24 03:00:00,    3,   4.8,   6.1,   1.4,  982.8,   2.4,  84.1,   0.0
2025-12-24 04:00:00,3,4.5,5.8,0.8,982.9,1.9,82.2,-0.8
2025-12-24 05:00:00,    3,   4.6,   5.8,   0.5,  972.2,   1.3,  87.1,  -0.6
2025-12-24 06:00:00,    3,   4.5,   5.7,   0.0,  972.5,   0.7,  88.3,  -1.0
2025-12-24 07:00:00,    3,   4.2,   5.3,   0.0,  983.5,   1.2,  79.7,  -1.9
2025-12-24 08:00:00,    3,   4.2,   5.3,  -0.1,  984.0,   1.1,  80.3,  -1.9
2025-12-24 09:00:00,3,4.1,5.2,-0.6,973.7,0.5,81.4,-2.3
2025-12-24 10:00:00,    3,   3.7,   4.7,  -0.6,  984.6,   1.2,  70.3,  -3.6
2025-12-24 11:00:00,    3,   3.5,   4.5,  -0.8,  984.2,   1.1,  67.7,  -4.2
2025-12-24 12:00:00,    3,   3.5,   4.4,  -1.0,  983.9,   1.0,  66.6,  -4.5
2025-12-24 13:00:00,    3,   3.6,   4.6,  -1.1,  983.7,   0.5,  72.8,  -3.8
2025-12-24 14:00:00,    3,   3.7,   4.6,  -1.4,  972.8,   0.0,  76.1,  -3.7
2025-12-24 15:00:00,3,3.7,4.7,-1.5,972.5,-0.2,77.8,-3.6
2025-12-24 16:00:00,3,3.5,4.4,-1.5,972.2,0.1,71.7,-4.4
2025-12-24 17:00:00,    3,   3.4,   4.3,  -1.7,  972.2,   0.0,  70.6,  -4.7
2025-12-24 18:00:00,    3,   3.4,   4.3,  -1.9,  972.3,  -0.2,  71.1,  -4.8
2025-12-24 19:00:00,3,3.4,4.3,-2.0,972.5,-0.5,73.8,-4.6
2025-12-24 20:00:00,    3,   3.4,   4.2,  -1.9,  972.8,  -0.2,  70.5,  -4.9
2025-12-24 21:00:00,3,3.4,4.3,-1.8,972.8,-0.2,72.2,-4.6
2025-12-24 22:00:00,    3,   3.4,   4.3,  -1.8,  973.0,  -0.1,  71.1,  -4.7
2025-12-24 23:00:00,    3,   3.4,   4.3,  -1.8,  973.1,  -0.2,  71.6,  -4.7
2025-12-25 00:00:00,    3,   3.4,   4.3,  -1.8,  973.1,  -0.3,  72.7,  -4.6
2025-12-25 01:00:00,3,3.4,4.3,-1.5,984.2,0.3,68.5,-4.8
2025-12-25 02:00:00,    3,   3.4,   4.3,  -1.9,  973.6,  -0.4,  72.7,  -4.7
2025-12-25 03:00:00,    3,   3.6,   4.5,  -1.7,  973.6,  -0.2,  74.4,  -4.2
2025-12-25 04:00:00,    3,   3.5,   4.4,  -1.6,  984.5,   0.1,  71.1,  -4.5
2025-12-25 05:00:00,    3,   3.6,   4.5,  -1.4,  973.8,   0.1,  73.3,  -4.1
2025-12-25 06:00:00,    3,   3.5,   4.4,  -1.6,  984.8,   0.0,  72.7,  -4.3
2025-12-25 07:00:00,3,3.6,4.5,-1.5,974.4,-0.1,74.9,-4.0
2025-12-25 08:00:00,    3,   3.6,   4.5,  -1.5,  974.8,  -0.1,  74.9,  -4.0
2025-12-25 09:00:00,    3,   3.6,   4.6,  -1.4,  975.1,   0.1,  74.4,  -3.9
2025-12-25 10:00:00,    3,   3.6,   4.6,  -0.9,  986.1,   0.8,  71.3,  -3.8
2025-12-25 11:00:00,3,3.7,4.7,-0.9,975.3,0.6,73.9,-3.5
2025-12-25 12:00:00,    3,   3.7,   4.7,   0.1,  985.4,   2.3,  65.4,  -3.5
2025-12-25 13:00:00,    3,   3.9,   5.0,   0.1,  975.1,   2.0,  70.4,  -2.8
2025-12-25 14:00:00,3,4.0,5.0,0.3,975.2,2.2,70.5,-2.6
2025-12-25 15:00:00,    3,   3.9,   4.9,  -0.3,  975.5,   1.4,  73.0,  -2.9
2025-12-25 16:00:00,    3,   3.9,   5.0,  -0.3,  975.6,   1.3,  74.1,  -2.8
2025-12-25 17:00:00,    3,   3.9,   5.0,  -0.2,  986.2,   1.4,  73.5,  -2.8
2025-12-25 18:00:00,    3,   3.8,   4.8,  -1.5,  976.2,  -0.5,  81.3,  -3.3
2025-12-25 19:00:00,    3,   3.8,   4.8,  -1.2,  986.9,   0.0,  78.4,  -3.3
2025-12-25 20:00:00,    3,   3.7,   4.7,  -2.1,  976.5,  -1.2,  83.7,  -3.6
2025-12-25 21:00:00,    3,   3.6,   4.5,  -2.4,  976.8,  -1.5,  83.0,  -4.0
2025-12-25 22:00:00,    3,   3.7,   4.6,  -2.0,  987.3,  -1.1,  82.5,  -3.7
2025-12-25 23:00:00,3,3.7,4.6,-2.3,987.6,-1.4,83.7,-3.8
2025-12-26 00:00:00,3,3.7,4.6,-2.6,987.5,-1.8,85.5,-3.9
2025-12-26 01:00:00,3,3.4,4.2,-3.9,977.2,-3.4,89.3,-4.9
2025-12-26 02:00:00,    3,   3.7,   4.6,  -2.4,  987.6,  -1.7,  86.2,  -3.7
2025-12-26 03:00:00,    3,   3.2,   4.0,  -4.7,  977.1,  -4.2,  89.9,  -5.6
2025-12-26 04:00:00,    3,   3.3,   4.1,  -4.6,  977.2,  -4.2,  92.0,  -5.3
2025-12-26 05:00:00,    3,   3.5,   4.3,  -4.2,  977.2,  -3.9,  94.2,  -4.7
2025-12-26 06:00:00,    3,   3.7,   4.7,  -2.6,  988.3,  -2.1,  89.4,  -3.6
2025-12-26 07:00:00,    3,   3.7,   4.7,  -2.6,  988.9,  -2.0,  88.8,  -3.6
2025-12-26 08:00:00,3,3.5,4.3,-4.0,978.7,-3.6,92.1,-4.7
2025-12-26 09:00:00,    3,   4.0,   5.0,  -1.5,  978.8,  -0.8,  86.9,  -2.7
2025-12-26 10:00:00,    3,   3.9,   4.9,  -1.6,  979.1,  -0.7,  83.8,  -3.1
2025-12-26 11:00:00,    3,   4.0,   5.1,   0.0,  989.7,   1.6,  74.1,  -2.5
2025-12-26 12:00:00,3,4.0,5.2,0.8,989.8,2.8,69.0,-2.3
2025-12-26 13:00:00,3,4.0,5.1,0.2,979.6,1.8,73.6,-2.4
2025-12-26 14:00:00,    3,   4.1,   5.3,   1.3,  989.7,   3.5,  67.2,  -2.0
2025-12-26 15:00:00,    3,   4.1,   5.2,   1.0,  990.0,   3.0,  68.6,  -2.2
2025-12-26 16:00:00,    3,   3.9,   4.9,  -1.3,  980.2,  -0.3,  82.0,  -3.0
2025-12-26 17:00:00,    3,   3.6,   4.5,  -2.7,  980.6,  -2.0,  86.2,  -4.0
2025-12-26 18:00:00,    3,   3.9,   4.9,  -1.8,  980.8,  -1.1,  86.9,  -3.0
2025-12-26 19:00:00,    3,   4.0,   5.0,  -1.4,  991.5,  -0.6,  85.7,  -2.7
2025-12-26 20:00:00,    3,   3.7,   4.6,  -2.6,  981.2,  -2.0,  88.1,  -3.7
2025-12-26 21:00:00,    3,   3.7,   4.6,  -2.6,  981.2,  -2.0,  88.1,  -3.7
2025-12-26 22:00:00,    3,   3.9,   4.9,  -1.9,  992.1,  -1.3,  88.8,  -2.9
2025-12-26 23:00:00,    3,   4.0,   5.0,  -1.5,  991.9,  -0.9,  88.2,  -2.6
2025-12-27 00:00:00,    3,   4.0,   5.1,  -1.4,  991.5,  -0.7,  87.6,  -2.5
2025-12-27 01:00:00,3,4.0,5.0,-1.7,991.4,-1.1,88.2,-2.8
2025-12-27 02:00:00,3,3.8,4.8,-1.5,980.7,-0.5,81.9,-3.2
2025-12-27 03:00:00,    3,   3.7,   4.6,  -2.0,  980.5,  -1.0,  81.9,  -3.7
2025-12-27 04:00:00,    3,   3.6,   4.5,  -1.9,  980.4,  -0.8,  78.9,  -4.0
2025-12-27 05:00:00,3,3.7,4.7,-2.2,991.1,-1.5,85.6,-3.6
2025-12-27 06:00:00,    3,   3.5,   4.4,  -3.3,  981.0,  -2.6,  86.7,  -4.5
2025-12-27 07:00:00,3,3.7,4.7,-2.6,992.2,-2.1,89.4,-3.6
2025-12-27 08:00:00,    3,   3.2,   4.0,  -4.7,  982.2,  -4.1,  87.9,  -5.8
2025-12-27 09:00:00,    3,   3.9,   4.9,  -1.5,  982.3,  -0.6,  83.1,  -3.1
2025-12-27 10:00:00,    3,   4.0,   5.0,  -0.8,  992.8,   0.4,  79.6,  -2.7
2025-12-27 11:00:00,    3,   4.0,   5.1,   0.2,  982.2,   1.8,  73.6,  -2.4
2025-12-27 12:00:00,    3,   3.9,   5.0,   1.2,  992.1,   3.7,  63.3,  -2.6
2025-12-27 13:00:00,    3,   3.7,   4.8,   1.5,  991.5,   4.6,  56.4,  -3.3
2025-12-27 14:00:00,3,4.1,5.2,0.4,981.3,2.1,73.7,-2.1
2025-12-27 15:00:00,3,3.9,5.0,1.4,991.6,4.1,60.7,-2.8
2025-12-27 16:00:00,    3,   3.9,   4.9,  -1.7,  981.4,  -0.9,  85.6,  -3.0
2025-12-27 17:00:00,    3,   4.2,   5.3,   0.0,  991.8,   1.2,  79.2,  -2.0
2025-12-27 18:00:00,3,4.1,5.2,-0.6,991.6,0.4,82.0,-2.3
2025-12-27 19:00:00,    3,   4.0,   5.0,  -1.4,  991.3,  -0.6,  85.7,  -2.7
2025-12-27 20:00:00,    3,   3.7,   4.6,  -3.2,  981.6,  -2.8,  92.8,  -3.8
2025-12-27 21:00:00,3,3.7,4.6,-3.2,981.4,-2.8,92.8,-3.8
2025-12-27 22:00:00,    3,   3.8,   4.8,  -2.2,  991.4,  -1.6,  88.8,  -3.2
2025-12-27 23:00:00,3,3.4,4.2,-4.4,981.0,-4.1,94.1,-4.9
2025-12-28 00:00:00,    3,   3.8,   4.7,  -2.8,  991.5,  -2.4,  92.1,  -3.5
2025-12-28 01:00:00,    3,   3.8,   4.7,  -3.2,  991.0,  -2.9,  94.9,  -3.6
2025-12-28 02:00:00,    3,   3.7,   4.6,  -3.1,  991.9,  -2.7,  92.8,  -3.7
2025-12-28 03:00:00,3,3.1,3.8,-5.5,981.5,-5.4,92.7,-6.4
2025-12-28 04:00:00,    3,   3.5,   4.4,  -3.8,  992.0,  -3.5,  92.8,  -4.5
2025-12-28 05:00:00,    3,   3.5,   4.3,  -3.9,  991.8,  -3.5,  92.1,  -4.6
2025-12-28 06:00:00,    3,   3.0,   3.7,  -5.7,  981.4,  -5.5,  91.2,  -6.7
2025-12-28 07:00:00,    3,   3.1,   3.9,  -5.2,  981.2,  -5.1,  92.7,  -6.1
2025-12-28 08:00:00,    3,   3.0,   3.8,  -5.5,  981.9,  -5.4,  91.9,  -6.5
2025-12-28 09:00:00,    3,   3.6,   4.4,  -3.4,  992.7,  -2.9,  90.0,  -4.3
2025-12-28 10:00:00,    3,   3.7,   4.6,  -2.1,  992.7,  -1.2,  83.1,  -3.7
2025-12-28 11:00:00,    3,   3.8,   4.8,  -1.1,  992.2,   0.2,  76.7,  -3.4
2025-12-28 12:00:00,    3,   4.0,   5.1,  -0.3,  981.2,   1.1,  76.8,  -2.5
2025-12-28 13:00:00,3,4.0,5.0,0.4,991.1,2.3,70.0,-2.6
2025-12-28 14:00:00,    3,   3.9,   5.0,   0.2,  980.2,   2.1,  69.9,  -2.8
2025-12-28 15:00:00,3,3.9,5.0,0.0,979.8,1.7,72.5,-2.7
2025-12-28 16:00:00,    3,   4.0,   5.1,  -0.3,  979.4,   1.1,  77.4,  -2.4
2025-12-28 17:00:00,    3,   3.8,   4.8,  -1.4,  979.2,  -0.4,  81.3,  -3.2
2025-12-28 18:00:00,    3,   3.8,   4.8,  -1.1,  988.9,   0.3,  76.1,  -3.4
2025-12-28 19:00:00,3,3.7,4.7,-1.7,989.3,-0.6,80.1,-3.6
2025-12-28 20:00:00,3,3.6,4.6,-2.2,989.0,-1.3,82.4,-3.9
2025-12-28 21:00:00,3,3.8,4.7,-2.4,988.6,-1.8,88.1,-3.5
2025-12-28 22:00:00,3,3.1,3.8,-5.2,977.3,-5.0,89.9,-6.4
2025-12-28 23:00:00,    3,   3.2,   4.0,  -5.0,  976.9,  -4.8,  94.1,  -5.6
2025-12-29 00:00:00,3,3.4,4.3,-3.7,987.2,-3.1,88.0,-4.8
2025-12-29 01:00:00,    3,   2.9,   3.6,  -5.8,  976.3,  -5.5,  89.2,  -7.0
2025-12-29 02:00:00,    3,   3.2,   3.9,  -5.3,  976.4,  -5.2,  94.1,  -6.0
2025-12-29 03:00:00,3,2.7,3.3,-7.3,976.5,-7.3,92.5,-8.3
2025-12-29 04:00:00,    3,   2.6,   3.2,  -7.6,  976.5,  -7.6,  93.2,  -8.5
2025-12-29 05:00:00,3,2.6,3.1,-7.8,976.1,-7.8,92.5,-8.8
2025-12-29 06:00:00,    3,   2.9,   3.6,  -6.3,  985.9,  -6.3,  93.3,  -7.2
2025-12-29 07:00:00,3,2.4,3.0,-8.4,975.6,-8.4,91.0,-9.6
2025-12-29 08:00:00,    3,   3.0,   3.6,  -6.2,  986.6,  -6.3,  95.5,  -6.9
2025-12-29 09:00:00,3,3.0,3.7,-5.6,986.7,-5.4,91.2,-6.6
2025-12-29 10:00:00,    3,   3.0,   3.7,  -5.3,  976.3,  -4.8,  85.9,  -6.8
2025-12-29 11:00:00,    3,   3.2,   4.0,  -4.0,  985.8,  -3.2,  82.8,  -5.7
2025-12-29 12:00:00,    3,   3.5,   4.4,  -3.1,  974.9,  -2.3,  84.8,  -4.5
2025-12-29 13:00:00,    3,   3.3,   4.1,  -2.1,  984.8,  -0.4,  69.4,  -5.3
2025-12-29 14:00:00,    3,   3.4,   4.3,  -2.0,  974.2,  -0.5,  73.2,  -4.7
2025-12-29 15:00:00,3,3.5,4.4,-1.8,974.3,-0.4,74.9,-4.3
2025-12-29 16:00:00,    3,   3.6,   4.5,  -2.0,  984.8,  -0.8,  78.3,  -4.1
2025-12-29 17:00:00,3,3.6,4.5,-2.5,985.1,-1.6,82.4,-4.2
2025-12-29 18:00:00,    3,   3.7,   4.6,  -2.2,  985.3,  -1.3,  83.1,  -3.8
2025-12-29 19:00:00,    3,   3.6,   4.5,  -2.3,  975.2,  -1.4,  82.4,  -4.0
2025-12-29 20:00:00,    3,   3.6,   4.5,  -2.3,  975.2,  -1.3,  81.8,  -4.0
2025-12-29 21:00:00,    3,   3.9,   4.9,  -1.6,  985.7,  -0.8,  84.4,  -3.1
2025-12-29 22:00:00,    3,   4.0,   5.0,  -1.6,  986.0,  -1.0,  88.2,  -2.7
2025-12-29 23:00:00,    3,   4.1,   5.2,  -1.4,  985.8,  -0.9,  90.2,  -2.3
2025-12-30 00:00:00,    3,   3.8,   4.7,  -2.4,  975.7,  -1.8,  88.1,  -3.5
2025-12-30 01:00:00,    3,   4.2,   5.2,  -1.4,  986.0,  -1.0,  92.2,  -2.1
2025-12-30 02:00:00,    3,   3.8,   4.8,  -2.2,  976.2,  -1.6,  88.8,  -3.2
2025-12-30 03:00:00,    3,   4.3,   5.4,  -1.3,  986.5,  -1.1,  95.7,  -1.7
2025-12-30 04:00:00,    3,   3.9,   4.9,  -2.1,  976.3,  -1.6,  90.1,  -3.0
2025-12-30 05:00:00,    3,   4.2,   5.3,  -1.4,  986.5,  -1.1,  94.3,  -1.9
2025-12-30 06:00:00,3,4.3,5.4,-1.1,986.6,-0.6,91.6,-1.8
2025-12-30 07:00:00,    3,   4.0,   5.0,  -2.0,  976.9,  -1.5,  90.8,  -2.8
2025-12-30 08:00:00,3,4.3,5.4,-1.2,987.6,-0.8,92.9,-1.8
2025-12-30 09:00:00,    3,   4.0,   5.0,  -1.5,  977.8,  -0.9,  88.2,  -2.6
2025-12-30 10:00:00,    3,   4.0,   5.0,  -1.1,  988.7,  -0.2,  83.2,  -2.7
2025-12-30 11:00:00,    3,   3.9,   5.0,  -0.9,  988.4,   0.3,  79.6,  -2.8
2025-12-30 12:00:00,    3,   4.0,   5.0,  -0.4,  988.2,   1.1,  75.7,  -2.7
2025-12-30 13:00:00,    3,   3.7,   4.6,  -0.7,  988.1,   1.1,  70.3,  -3.7
2025-12-30 14:00:00,    3,   3.4,   4.3,  -1.0,  977.9,   1.1,  64.7,  -4.8
2025-12-30 15:00:00,    3,   3.2,   4.1,  -1.5,  978.2,   0.7,  63.6,  -5.4
2025-12-30 16:00:00,3,2.8,3.5,-2.7,978.5,-0.4,59.1,-7.4
2025-12-30 17:00:00,    3,   2.8,   3.5,  -2.7,  989.3,  -0.5,  60.0,  -7.3
2025-12-30 18:00:00,    3,   2.9,   3.6,  -3.5,  989.6,  -1.8,  67.6,  -7.0
2025-12-30 19:00:00,    3,   2.8,   3.5,  -3.5,  989.8,  -1.7,  65.0,  -7.4
2025-12-30 20:00:00,    3,   2.8,   3.5,  -3.7,  990.1,  -2.0,  66.5,  -7.4
2025-12-30 21:00:00,    3,   2.8,   3.5,  -4.0,  990.3,  -2.4,  69.0,  -7.3
2025-12-30 22:00:00,    3,   2.7,   3.3,  -5.8,  979.9,  -5.0,  78.8,  -8.1
2025-12-30 23:00:00,    3,   2.8,   3.5,  -4.5,  990.2,  -3.2,  73.3,  -7.3
2025-12-31 00:00:00,3,2.8,3.4,-4.9,989.7,-3.7,73.7,-7.7
2025-12-31 01:00:00,    3,   2.9,   3.5,  -5.5,  989.7,  -5.0,  83.9,  -7.3
2025-12-31 02:00:00,    3,   2.9,   3.6,  -5.7,  989.8,  -5.4,  88.5,  -7.0
2025-12-31 03:00:00,3,2.0,2.5,-9.8,978.9,-9.5,82.6,-11.9
2025-12-31 04:00:00,    3,   2.7,   3.3,  -6.7,  989.0,  -6.5,  88.4,  -8.1
2025-12-31 05:00:00,    3,   2.3,   2.8,  -9.2,  978.3,  -9.1,  89.5, -10.5
2025-12-31 06:00:00,    3,   2.1,   2.5,  -9.9,  978.5,  -9.8,  87.4, -11.5
2025-12-31 07:00:00,    3,   2.5,   3.0,  -7.7,  988.9,  -7.4,  86.2,  -9.3
2025-12-31 08:00:00,3,2.5,3.1,-7.4,989.3,-7.0,84.9,-9.1
2025-12-31 09:00:00,    3,   2.6,   3.2,  -6.5,  989.1,  -6.0,  82.4,  -8.5
2025-12-31 10:00:00,3,2.7,3.3,-5.0,978.4,-3.6,70.9,-8.1
2025-12-31 11:00:00,    3,   2.9,   3.6,  -4.3,  988.3,  -3.1,  74.4,  -7.0
2025-12-31 12:00:00,    3,   2.9,   3.6,  -2.7,  977.2,  -0.6,  61.9,  -7.0
2025-12-31 13:00:00,    3,   2.9,   3.7,  -1.7,  976.5,   0.9,  57.2,  -6.6
2025-12-31 14:00:00,    3,   3.3,   4.2,  -0.8,  986.4,   1.5,  62.4,  -4.9
2025-12-31 15:00:00,    3,   3.4,   4.3,  -1.1,  986.2,   1.0,  65.6,  -4.7
2025-12-31 16:00:00,    3,   3.5,   4.4,  -1.4,  986.1,   0.3,  71.2,  -4.3
2025-12-31 17:00:00,    3,   3.2,   4.1,  -1.8,  975.7,   0.2,  66.0,  -5.4
2025-12-31 18:00:00,    3,   3.5,   4.5,  -1.2,  985.6,   0.5,  70.7,  -4.2
2025-12-31 19:00:00,    3,   3.6,   4.6,  -1.1,  985.4,   0.6,  71.8,  -3.9
2025-12-31 20:00:00,    3,   3.5,   4.4,  -1.6,  985.0,   0.0,  72.7,  -4.3
2025-12-31 21:00:00,3,3.5,4.3,-2.0,984.6,-0.6,74.3,-4.6
2025-12-31 22:00:00,3,3.3,4.2,-2.4,984.3,-1.0,73.7,-5.1
2025-12-31 23:00:00,3,3.3,4.2,-2.4,983.8,-1.0,73.7,-5.1
2026-01-01 00:00:00,    3,   3.3,   4.1,  -2.6,  982.8,  -1.2,  73.6,  -5.3
2026-01-01 01:00:00,    3,   2.5,   3.1,  -6.8,  971.7,  -6.2,  79.9,  -9.1
2026-01-01 02:00:00,    3,   3.4,   4.2,  -2.6,  981.3,  -1.3,  76.5,  -4.9
2026-01-01 03:00:00,    3,   3.6,   4.5,  -1.4,  980.3,   0.2,  72.8,  -4.1
2026-01-01 04:00:00,    3,   2.6,   3.2,  -6.5,  969.4,  -6.0,  83.1,  -8.4
2026-01-01 05:00:00,    3,   3.2,   4.1,  -3.4,  978.9,  -2.3,  78.6,  -5.5
2026-01-01 06:00:00,    3,   3.0,   3.8,  -4.3,  978.0,  -3.2,  78.5,  -6.4
2026-01-01 07:00:00,    3,   2.7,   3.3,  -5.4,  967.1,  -4.4,  75.9,  -8.0
2026-01-01 08:00:00,    3,   2.7,   3.4,  -5.0,  966.6,  -3.8,  73.7,  -7.8
2026-01-01 09:00:00,    3,   2.9,   3.6,  -3.6,  966.2,  -2.0,  69.1,  -6.9
2026-01-01 10:00:00,3,3.1,3.9,-3.0,975.7,-1.4,70.3,-6.1
2026-01-01 11:00:00,3,2.9,3.7,-1.7,963.8,0.9,57.2,-6.6
2026-01-01 12:00:00,3,2.9,3.6,-1.2,962.5,1.9,52.0,-6.9
2026-01-01 13:00:00,3,3.0,3.9,-0.5,961.6,2.6,52.6,-6.1
2026-01-01 14:00:00,3,3.2,4.0,-2.2,972.1,-0.3,66.9,-5.7
2026-01-01 15:00:00,    3,   3.3,   4.1,  -2.2,  971.7,  -0.5,  69.9,  -5.3
2026-01-01 16:00:00,3,3.2,4.0,-3.2,961.0,-1.8,74.1,-5.8
2026-01-01 17:00:00,3,3.1,3.9,-1.3,970.0,1.3,57.7,-6.1
2026-01-01 18:00:00,3,2.9,3.7,-1.6,969.6,1.1,55.5,-6.8
2026-01-01 19:00:00,3,2.6,3.3,-2.8,959.9,-0.1,54.8,-8.1
2026-01-01 20:00:00,    3,   2.7,   3.4,  -2.5,  959.3,   0.2,  54.9,  -7.8
2026-01-01 21:00:00,    3,   3.2,   4.0,  -0.9,  968.5,   1.8,  57.9,  -5.6
2026-01-01 22:00:00,3,3.4,4.3,-0.6,968.0,1.9,61.1,-4.8
2026-01-01 23:00:00,    3,   3.2,   4.1,  -1.3,  967.6,   1.1,  61.3,  -5.5
2026-01-02 00:00:00,    3,   3.1,   3.9,  -1.7,  957.5,   0.6,  61.2,  -6.0
2026-01-02 01:00:00,3,3.2,4.0,-1.4,957.3,1.0,60.8,-5.7
2026-01-02 02:00:00,    3,   3.4,   4.3,  -1.0,  957.6,   1.2,  64.7,  -4.7
2026-01-02 03:00:00,    3,   3.7,   4.7,  -0.8,  957.2,   0.9,  72.4,  -3.5
2026-01-02 04:00:00,    3,   3.9,   4.9,  -0.7,  956.5,   0.7,  76.2,  -3.0
2026-01-02 05:00:00,    3,   4.1,   5.2,  -0.8,  955.5,   0.1,  83.9,  -2.3
2026-01-02 06:00:00,3,3.9,5.0,-0.6,955.6,0.8,76.8,-2.8
2026-01-02 07:00:00,    3,   4.3,   5.4,   0.2,  965.6,   1.4,  79.8,  -1.7
2026-01-02 08:00:00,    3,   4.3,   5.5,   0.5,  966.2,   1.9,  78.1,  -1.5
2026-01-02 09:00:00,    3,   4.2,   5.4,   0.4,  966.9,   1.8,  76.9,  -1.8
2026-01-02 10:00:00,    3,   4.3,   5.4,  -0.1,  957.4,   0.9,  83.3,  -1.6
2026-01-02 11:00:00,3,4.0,5.1,0.0,957.0,1.6,74.1,-2.5
2026-01-02 12:00:00,    3,   3.6,   4.6,   0.2,  966.3,   2.6,  62.6,  -3.8
2026-01-02 13:00:00,    3,   3.8,   4.9,  -0.3,  955.8,   1.5,  71.4,  -3.1
2026-01-02 14:00:00,    3,   3.7,   4.6,  -0.5,  955.8,   1.5,  68.3,  -3.7
2026-01-02 15:00:00,    3,   3.5,   4.4,  -0.1,  965.3,   2.5,  60.3,  -4.4
2026-01-02 16:00:00,    3,   3.6,   4.5,  -1.0,  955.0,   0.8,  69.7,  -4.1
2026-01-02 17:00:00,    3,   3.8,   4.8,  -0.8,  955.1,   0.8,  73.4,  -3.4
2026-01-02 18:00:00,    3,   4.2,   5.4,  -0.9,  955.1,  -0.3,  89.6,  -1.8
2026-01-02 19:00:00,    3,   4.3,   5.5,  -0.7,  955.8,  -0.2,  90.9,  -1.5
2026-01-02 20:00:00,    3,   3.9,   4.9,  -1.0,  956.7,   0.2,  79.0,  -3.0
2026-01-02 21:00:00,    3,   3.7,   4.6,  -1.5,  967.2,  -0.2,  77.2,  -3.7
2026-01-02 22:00:00,    3,   3.5,   4.4,  -1.8,  968.3,  -0.3,  73.8,  -4.4
2026-01-02 23:00:00,    3,   3.1,   3.9,  -3.3,  958.8,  -1.9,  74.1,  -5.9
2026-01-03 00:00:00,    3,   3.3,   4.1,  -2.9,  959.1,  -1.6,  75.8,  -5.3
2026-01-03 01:00:00,3,3.5,4.4,-2.2,969.5,-0.9,76.5,-4.5
2026-01-03 02:00:00,    3,   3.2,   4.0,  -3.5,  959.9,  -2.3,  77.5,  -5.7
2026-01-03 03:00:00,    3,   3.2,   4.0,  -3.2,  959.8,  -2.0,  76.3,  -5.6
2026-01-03 04:00:00,3,3.2,4.1,-3.0,969.8,-1.6,74.7,-5.5
2026-01-03 05:00:00,    3,   3.1,   3.8,  -3.6,  959.6,  -2.3,  74.6,  -6.2
2026-01-03 06:00:00,    3,   3.1,   3.8,  -4.2,  959.7,  -3.2,  79.1,  -6.3
2026-01-03 07:00:00,    3,   3.1,   3.8,  -4.1,  960.0,  -3.0,  78.5,  -6.2
2026-01-03 08:00:00,    3,   2.9,   3.7,  -4.5,  960.3,  -3.4,  77.3,  -6.8
2026-01-03 09:00:00,    3,   3.2,   4.1,  -2.8,  970.2,  -1.3,  73.1,  -5.5
2026-01-03 10:00:00,3,2.9,3.6,-3.7,960.6,-2.1,69.1,-7.0
2026-01-03 11:00:00,    3,   2.9,   3.7,  -2.4,  970.1,  -0.1,  60.6,  -6.8
2026-01-03 12:00:00,3,2.9,3.6,-3.1,959.4,-1.1,63.7,-7.1
2026-01-03 13:00:00,    3,   3.0,   3.7,  -2.4,  968.2,  -0.2,  62.0,  -6.6
2026-01-03 14:00:00,3,2.7,3.5,-2.9,958.4,-0.5,58.6,-7.6
2026-01-03 15:00:00,    3,   3.2,   4.0,  -3.1,  959.0,  -1.8,  74.6,  -5.7
2026-01-03 16:00:00,3,3.3,4.2,-3.1,959.8,-2.0,79.3,-5.1
2026-01-03 17:00:00,3,3.6,4.5,-2.3,970.4,-1.2,80.0,-4.2
2026-01-03 18:00:00,    3,   3.2,   4.1,  -2.4,  971.0,  -0.8,  70.4,  -5.5
2026-01-03 19:00:00,3,3.2,4.0,-3.5,961.1,-2.3,76.9,-5.8
2026-01-03 20:00:00,    3,   2.9,   3.6,  -4.7,  961.7,  -3.7,  78.4,  -6.9
2026-01-03 21:00:00,    3,   3.0,   3.7,  -3.2,  972.3,  -1.5,  68.2,  -6.6
2026-01-03 22:00:00,    3,   2.9,   3.6,  -4.0,  962.7,  -2.6,  71.7,  -7.0
2026-01-03 23:00:00,3,2.9,3.7,-3.1,973.0,-1.3,66.6,-6.7
2026-01-04 00:00:00,    3,   2.9,   3.6,  -3.2,  973.2,  -1.4,  65.6,  -7.0
2026-01-04 01:00:00,    3,   2.9,   3.6,  -3.1,  973.1,  -1.1,  64.2,  -7.0
2026-01-04 02:00:00,    3,   2.9,   3.6,  -4.2,  963.7,  -2.9,  73.9,  -6.9
2026-01-04 03:00:00,3,3.0,3.8,-3.3,973.8,-1.8,71.3,-6.3
2026-01-04 04:00:00,3,3.0,3.8,-3.2,974.0,-1.7,70.8,-6.3
2026-01-04 05:00:00,    3,   2.9,   3.6,  -3.9,  964.1,  -2.3,  69.6,  -7.1
2026-01-04 06:00:00,3,2.8,3.5,-4.2,964.4,-2.6,68.4,-7.6
2026-01-04 07:00:00,    3,   2.9,   3.6,  -3.5,  974.8,  -1.9,  68.6,  -6.9
2026-01-04 08:00:00,3,3.0,3.7,-3.4,975.3,-1.7,68.6,-6.7
2026-01-04 09:00:00,    3,   2.8,   3.5,  -3.7,  965.7,  -1.9,  65.5,  -7.5
2026-01-04 10:00:00,    3,   3.0,   3.8,  -2.5,  976.1,  -0.5,  63.8,  -6.5
2026-01-04 11:00:00,    3,   2.9,   3.7,  -3.0,  965.7,  -1.0,  64.7,  -6.8
2026-01-04 12:00:00,    3,   2.7,   3.5,  -2.8,  965.3,  -0.4,  58.2,  -7.6
2026-01-04 13:00:00,3,2.8,3.5,-2.1,974.8,0.6,55.0,-7.4
2026-01-04 14:00:00,    3,   2.9,   3.7,  -2.0,  974.7,   0.5,  58.0,  -6.8
2026-01-04 15:00:00,3,2.7,3.4,-2.8,964.8,-0.4,57.8,-7.7
2026-01-04 16:00:00,    3,   2.7,   3.4,  -3.3,  965.0,  -1.0,  59.4,  -7.9
2026-01-04 17:00:00,    3,   2.7,   3.4,  -3.1,  975.2,  -0.7,  58.1,  -7.9
2026-01-04 18:00:00,3,2.7,3.3,-4.6,965.0,-3.0,67.8,-8.1
2026-01-04 19:00:00,3,2.5,3.1,-6.0,965.4,-5.1,75.2,-8.8
2026-01-04 20:00:00,    3,   2.7,   3.4,  -3.7,  975.7,  -1.7,  62.6,  -7.9
2026-01-04 21:00:00,3,2.7,3.3,-4.9,965.4,-3.4,69.9,-8.1
2026-01-04 22:00:00,    3,   3.0,   3.8,  -3.5,  975.9,  -2.1,  72.3,  -6.4
2026-01-04 23:00:00,3,2.6,3.2,-4.9,965.7,-3.2,66.2,-8.6
2026-01-05 00:00:00,    3,   2.7,   3.4,  -5.1,  965.8,  -4.0,  74.8,  -7.8
2026-01-05 01:00:00,    3,   2.7,   3.3,  -5.1,  965.6,  -3.9,  72.0,  -8.2
2026-01-05 02:00:00,    3,   2.5,   3.1,  -6.6,  965.6,  -5.9,  78.7,  -9.0
2026-01-05 03:00:00,    3,   2.7,   3.4,  -5.2,  975.8,  -4.2,  75.4,  -7.9
2026-01-05 04:00:00,    3,   2.6,   3.3,  -5.9,  976.0,  -5.1,  78.2,  -8.3
2026-01-05 05:00:00,    3,   2.6,   3.2,  -6.5,  965.8,  -5.9,  80.6,  -8.7
2026-01-05 06:00:00,    3,   2.5,   3.1,  -6.6,  965.9,  -5.9,  78.1,  -9.1
2026-01-05 07:00:00,    3,   2.6,   3.2,  -6.8,  976.6,  -6.4,  84.3,  -8.6
2026-01-05 08:00:00,    3,   2.3,   2.9,  -8.2,  966.7,  -7.9,  84.8, -10.0
2026-01-05 09:00:00,    3,   2.6,   3.2,  -5.6,  966.8,  -4.5,  74.1,  -8.4
2026-01-05 10:00:00,3,2.4,3.0,-5.1,967.0,-3.4,63.1,-9.4
2026-01-05 11:00:00,    3,   2.6,   3.2,  -3.6,  977.1,  -1.4,  58.9,  -8.4
2026-01-05 12:00:00,3,2.4,3.0,-3.8,966.3,-1.3,54.0,-9.4
2026-01-05 13:00:00,    3,   2.3,   2.8,  -3.7,  976.1,  -0.9,  49.7, -10.1
2026-01-05 14:00:00,    3,   2.1,   2.7,  -3.5,  975.9,  -0.3,  45.3, -10.7
2026-01-05 15:00:00,    3,   2.3,   2.9,  -3.7,  976.1,  -1.0,  51.2,  -9.8
2026-01-05 16:00:00,    3,   2.4,   3.0,  -4.3,  976.4,  -2.0,  57.3,  -9.3
2026-01-05 17:00:00,3,2.1,2.6,-7.1,966.3,-5.7,64.6,-11.3
2026-01-05 18:00:00,3,2.5,3.0,-5.7,976.7,-4.4,69.1,-9.2
2026-01-05 19:00:00,    3,   2.7,   3.3,  -5.2,  976.9,  -4.1,  73.1,  -8.2
2026-01-05 20:00:00,3,2.3,2.8,-6.8,966.6,-5.8,71.6,-10.1
2026-01-05 21:00:00,    3,   2.3,   2.8,  -7.4,  966.6,  -6.6,  75.5, -10.2
2026-01-05 22:00:00,    3,   2.2,   2.7,  -7.2,  966.8,  -6.1,  69.3, -10.8
2026-01-05 23:00:00,    3,   2.3,   2.9,  -6.8,  976.6,  -5.8,  72.8,  -9.9
2026-01-06 00:00:00,    3,   2.1,   2.5,  -8.5,  966.7,  -7.7,  74.1, -11.5
2026-01-06 01:00:00,    3,   2.0,   2.5,  -9.1,  966.7,  -8.5,  77.6, -11.7
2026-01-06 02:00:00,    3,   2.2,   2.7,  -8.5,  966.8,  -8.0,  80.9, -10.7
2026-01-06 03:00:00,    3,   2.3,   2.8,  -7.5,  977.0,  -6.7,  74.9, -10.4
2026-01-06 04:00:00,    3,   2.3,   2.8,  -7.4,  977.2,  -6.7,  76.7, -10.1
2026-01-06 05:00:00,    3,   2.3,   2.8,  -7.5,  977.2,  -6.7,  75.5, -10.3
2026-01-06 06:00:00,    3,   2.3,   2.9,  -7.3,  977.6,  -6.6,  76.7, -10.0
2026-01-06 07:00:00,    3,   2.5,   3.0,  -7.2,  978.0,  -6.8,  83.0,  -9.2
2026-01-06 08:00:00,3,2.6,3.2,-7.0,978.5,-6.6,85.0,-8.7
2026-01-06 09:00:00,    3,   2.7,   3.3,  -6.8,  979.1,  -6.5,  87.7,  -8.2
2026-01-06 10:00:00,    3,   2.7,   3.3,  -6.3,  969.1,  -5.9,  85.1,  -8.0
2026-01-06 11:00:00,3,2.9,3.6,-5.4,979.5,-4.9,84.5,-7.1
2026-01-06 12:00:00,3,2.9,3.6,-5.1,968.9,-4.5,82.6,-7.0
2026-01-06 13:00:00,3,3.1,3.8,-4.5,979.1,-3.7,82.8,-6.2
2026-01-06 14:00:00,3,3.1,3.8,-4.3,979.2,-3.4,80.3,-6.3
2026-01-06 15:00:00,    3,   3.1,   3.9,  -4.3,  979.6,  -3.4,  82.2,  -6.0
2026-01-06 16:00:00,3,3.2,4.0,-4.3,979.7,-3.6,85.3,-5.7
2026-01-06 17:00:00,3,3.1,3.8,-4.7,969.7,-3.9,84.0,-6.2
2026-01-06 18:00:00,3,3.3,4.1,-4.0,980.5,-3.4,86.7,-5.3
2026-01-06 19:00:00,    3,   3.0,   3.8,  -4.7,  970.6,  -3.9,  82.7,  -6.4
2026-01-06 20:00:00,    3,   3.1,   3.8,  -4.7,  970.6,  -3.9,  84.0,  -6.2
2026-01-06 21:00:00,    3,   3.4,   4.2,  -4.0,  981.0,  -3.5,  90.0,  -4.9
2026-01-06 22:00:00,3,3.1,3.9,-4.8,970.6,-4.3,87.9,-6.0
2026-01-06 23:00:00,    3,   3.1,   3.9,  -5.1,  970.6,  -4.9,  91.3,  -6.1
2026-01-07 00:00:00,    3,   3.1,   3.8,  -5.0,  970.1,  -4.7,  88.5,  -6.3
2026-01-07 01:00:00,    3,   3.0,   3.7,  -5.6,  969.8,  -5.4,  91.2,  -6.6
2026-01-07 02:00:00,    3,   2.9,   3.6,  -5.8,  969.5,  -5.5,  88.5,  -7.1
2026-01-07 03:00:00,    3,   2.8,   3.4,  -6.7,  969.1,  -6.6,  91.2,  -7.8
2026-01-07 04:00:00,3,2.4,2.9,-8.7,969.2,-8.7,91.0,-9.9
2026-01-07 05:00:00,    3,   2.3,   2.9,  -8.9,  969.3,  -8.9,  91.7, -10.0
2026-01-07 06:00:00,3,2.0,2.5,-10.3,969.2,-10.2,87.3,-11.9
2026-01-07 07:00:00,    3,   2.5,   3.1,  -7.4,  979.4,  -7.1,  86.9,  -8.9
2026-01-07 08:00:00,    3,   2.1,   2.6,  -9.7,  969.1,  -9.6,  88.1, -11.2
2026-01-07 09:00:00,    3,   2.7,   3.3,  -6.2,  979.1,  -5.6,  81.9,  -8.2
2026-01-07 10:00:00,3,2.6,3.3,-5.9,978.4,-5.1,78.2,-8.3
2026-01-07 11:00:00,    3,   2.5,   3.1,  -5.9,  967.2,  -4.9,  74.1,  -8.8
2026-01-07 12:00:00,    3,   2.5,   3.2,  -5.1,  966.5,  -3.6,  67.7,  -8.7
2026-01-07 13:00:00,    3,   2.4,   3.0,  -4.2,  965.6,  -2.0,  57.8,  -9.2
2026-01-07 14:00:00,    3,   2.5,   3.2,  -3.8,  975.0,  -1.6,  58.4,  -8.7
2026-01-07 15:00:00,    3,   2.5,   3.1,  -4.1,  974.4,  -1.9,  59.2,  -8.8
2026-01-07 16:00:00,    3,   2.5,   3.1,  -5.2,  963.9,  -3.7,  67.1,  -8.9
2026-01-07 17:00:00,    3,   2.5,   3.1,  -5.9,  963.4,  -4.8,  73.5,  -8.8
2026-01-07 18:00:00,    3,   2.4,   2.9,  -5.8,  963.4,  -4.4,  66.5,  -9.7
2026-01-07 19:00:00,    3,   2.5,   3.1,  -5.5,  963.8,  -4.1,  68.7,  -9.0
2026-01-07 20:00:00,3,2.9,3.6,-4.7,973.8,-3.6,77.8,-6.9
2026-01-07 21:00:00,    3,   2.6,   3.2,  -5.5,  963.6,  -4.4,  73.6,  -8.4
2026-01-07 22:00:00,    3,   3.0,   3.8,  -4.7,  973.5,  -3.9,  82.1,  -6.5
2026-01-07 23:00:00,3,3.1,3.8,-4.0,973.7,-2.9,77.4,-6.3
2026-01-08 00:00:00,3,3.1,3.8,-4.1,963.5,-3.1,79.1,-6.2
2026-01-08 01:00:00,    3,   3.2,   3.9,  -3.9,  963.5,  -2.9,  79.8,  -5.9
2026-01-08 02:00:00,    3,   3.2,   4.1,  -3.6,  973.8,  -2.6,  80.4,  -5.5
2026-01-08 03:00:00,    3,   3.5,   4.4,  -2.7,  973.8,  -1.7,  81.2,  -4.5
2026-01-08 04:00:00,    3,   3.5,   4.4,  -2.1,  973.7,  -0.8,  77.1,  -4.3
2026-01-08 05:00:00,    3,   3.7,   4.6,  -1.7,  973.6,  -0.4,  77.8,  -3.8
2026-01-08 06:00:00,3,3.7,4.6,-1.5,973.5,-0.2,77.2,-3.7
2026-01-08 07:00:00,3,3.7,4.7,-1.6,973.4,-0.4,78.9,-3.6
2026-01-08 08:00:00,    3,   3.7,   4.7,  -1.5,  963.4,  -0.2,  77.8,  -3.6
2026-01-08 09:00:00,    3,   3.8,   4.8,  -1.0,  963.5,   0.4,  76.2,  -3.3
2026-01-08 10:00:00,3,4.0,5.1,-0.2,973.0,1.2,76.3,-2.5
2026-01-08 11:00:00,3,4.1,5.2,0.1,972.5,1.6,75.8,-2.2
2026-01-08 12:00:00,    3,   4.1,   5.2,   0.4,  961.9,   2.1,  73.7,  -2.1
2026-01-08 13:00:00,3,4.4,5.6,1.1,971.4,2.8,74.3,-1.3
2026-01-08 14:00:00,    3,   4.5,   5.8,   1.0,  970.9,   2.2,  80.5,  -0.8
2026-01-08 15:00:00,3,4.6,5.8,0.5,960.8,1.2,87.7,-0.6
2026-01-08 16:00:00,    3,   4.8,   6.1,   0.7,  970.5,   1.2,  91.0,  -0.1
2026-01-08 17:00:00,    3,   4.8,   6.0,   0.0,  960.2,   0.2,  97.1,  -0.2
2026-01-08 18:00:00,3,4.8,6.1,0.3,959.5,0.5,95.7,-0.1
2026-01-08 19:00:00,    3,   4.8,   6.0,   0.1,  959.4,   0.3,  96.4,  -0.2
2026-01-08 20:00:00,    3,   5.1,   6.4,   1.5,  968.2,   2.0,  91.1,   0.7
2026-01-08 21:00:00,    3,   5.2,   6.7,   1.7,  957.5,   2.1,  93.7,   1.2
2026-01-08 22:00:00,    3,   5.1,   6.4,   1.0,  956.1,   1.2,  96.4,   0.7
2026-01-08 23:00:00,3,5.4,6.9,2.0,955.0,2.3,95.8,1.7
2026-01-09 00:00:00,3,5.7,7.2,2.7,962.8,3.1,94.5,2.3
2026-01-09 01:00:00,3,5.9,7.6,3.7,951.5,4.3,91.2,3.0
2026-01-09 02:00:00,    3,   5.9,   7.6,   3.5,  960.3,   4.0,  93.2,   3.0
2026-01-09 03:00:00,3,6.1,7.9,4.8,949.5,6.0,83.9,3.5
2026-01-09 04:00:00,    3,   6.0,   7.7,   4.8,  949.1,   6.2,  81.0,   3.2
2026-01-09 05:00:00,    3,   6.2,   8.0,   5.5,  958.9,   7.1,  78.9,   3.7
2026-01-09 06:00:00,    3,   5.8,   7.5,   4.6,  949.4,   6.2,  78.8,   2.8
2026-01-09 07:00:00,3,5.5,7.1,4.1,949.0,6.0,75.4,2.0
2026-01-09 08:00:00,    3,   5.2,   6.7,   4.1,  949.4,   6.6,  68.3,   1.2
2026-01-09 09:00:00,    3,   5.2,   6.8,   4.8,  958.9,   7.6,  64.7,   1.4
2026-01-09 10:00:00,    3,   5.1,   6.6,   4.9,  958.1,   8.2,  60.8,   1.1
2026-01-09 11:00:00,    3,   5.0,   6.5,   5.2,  958.1,   8.8,  57.5,   0.9
2026-01-09 12:00:00,    3,   4.7,   6.1,   4.6,  957.8,   8.4,  54.9,  -0.1
2026-01-09 13:00:00,    3,   5.0,   6.5,   3.9,  948.3,   6.4,  67.8,   0.9
2026-01-09 14:00:00,    3,   4.8,   6.2,   4.1,  957.9,   7.2,  61.0,   0.2
2026-01-09 15:00:00,    3,   5.0,   6.5,   3.7,  958.0,   6.0,  69.2,   0.8
2026-01-09 16:00:00,    3,   5.0,   6.4,   2.9,  948.8,   4.6,  75.7,   0.7
2026-01-09 17:00:00,    3,   5.1,   6.5,   3.2,  958.6,   5.1,  74.2,   0.9
2026-01-09 18:00:00,3,5.2,6.7,3.1,958.5,4.6,78.5,1.2
2026-01-09 19:00:00,3,4.9,6.3,2.5,949.2,4.1,76.7,0.4
2026-01-09 20:00:00,3,5.2,6.6,2.2,949.7,3.1,86.6,1.1
2026-01-09 21:00:00,    3,   5.2,   6.6,   1.9,  950.4,   2.6,  89.8,   1.1
2026-01-09 22:00:00,    3,   4.9,   6.2,   1.5,  950.4,   2.4,  85.9,   0.3
2026-01-09 23:00:00,    3,   5.0,   6.3,   2.0,  960.4,   3.1,  83.0,   0.5
2026-01-10 00:00:00,    3,   5.1,   6.4,   1.5,  961.0,   2.1,  90.4,   0.7
2026-01-10 01:00:00,    3,   5.1,   6.4,   1.4,  961.2,   1.9,  91.7,   0.7
2026-01-10 02:00:00,    3,   4.9,   6.3,   1.4,  961.6,   2.1,  88.5,   0.4
2026-01-10 03:00:00,3,5.0,6.4,1.3,961.9,1.9,91.0,0.6
2026-01-10 04:00:00,    3,   4.8,   6.2,   1.0,  952.4,   1.7,  89.1,   0.1
2026-01-10 05:00:00,    3,   4.8,   6.1,   0.5,  953.1,   1.0,  92.3,  -0.1
2026-01-10 06:00:00,3,4.8,6.1,1.0,963.5,1.8,87.8,0.0
2026-01-10 07:00:00,3,4.6,5.9,0.9,964.3,1.9,84.0,-0.5
2026-01-10 08:00:00,3,4.5,5.8,0.5,955.2,1.4,85.2,-0.8
2026-01-10 09:00:00,    3,   4.6,   5.9,   0.5,  956.0,   1.2,  88.4,  -0.5
2026-01-10 10:00:00,    3,   4.8,   6.2,   1.1,  966.9,   1.9,  87.8,   0.1
2026-01-10 11:00:00,    3,   4.7,   6.0,   1.1,  967.5,   2.1,  84.1,  -0.3
2026-01-10 12:00:00,3,4.7,6.0,1.1,958.1,2.1,84.7,-0.2
2026-01-10 13:00:00,    3,   4.4,   5.6,   0.7,  958.8,   1.9,  80.4,  -1.1
2026-01-10 14:00:00,    3,   4.5,   5.7,   0.4,  959.8,   1.4,  84.0,  -1.0
2026-01-10 15:00:00,    3,   4.6,   5.8,   0.3,  961.0,   1.0,  88.4,  -0.7
2026-01-10 16:00:00,    3,   4.4,   5.5,  -0.3,  972.4,   0.5,  87.0,  -1.4
2026-01-10 17:00:00,3,4.4,5.6,-0.3,963.3,0.3,89.0,-1.3
2026-01-10 18:00:00,3,4.4,5.6,-0.5,975.0,0.1,90.3,-1.3
2026-01-10 19:00:00,    3,   4.3,   5.5,  -0.7,  976.0,  -0.1,  90.3,  -1.5
2026-01-10 20:00:00,    3,   4.2,   5.3,  -1.2,  977.5,  -0.7,  90.9,  -2.0
2026-01-10 21:00:00,    3,   4.1,   5.1,  -1.7,  978.6,  -1.2,  91.5,  -2.4
2026-01-10 22:00:00,3,3.8,4.8,-2.3,980.0,-1.8,89.5,-3.3
2026-01-10 23:00:00,    3,   3.7,   4.6,  -2.9,  970.7,  -2.4,  89.4,  -3.9
2026-01-11 00:00:00,    3,   3.6,   4.4,  -3.3,  971.8,  -2.7,  88.7,  -4.3
2026-01-11 01:00:00,3,3.3,4.2,-3.5,983.2,-2.7,83.5,-5.1
2026-01-11 02:00:00,3,3.2,3.9,-4.0,984.5,-3.0,80.4,-5.9
2026-01-11 03:00:00,3,3.2,4.0,-4.0,985.2,-3.2,82.8,-5.7
2026-01-11 04:00:00,3,3.2,4.0,-4.0,985.6,-3.2,82.8,-5.7
2026-01-11 05:00:00,    3,   3.3,   4.1,  -4.0,  975.3,  -3.4,  86.7,  -5.3
2026-01-11 06:00:00,    3,   3.3,   4.1,  -3.8,  986.9,  -2.9,  82.2,  -5.5
2026-01-11 07:00:00,    3,   3.3,   4.2,  -3.6,  987.3,  -2.8,  83.5,  -5.2
2026-01-11 08:00:00,    3,   3.3,   4.1,  -3.6,  987.6,  -2.7,  82.3,  -5.3
2026-01-11 09:00:00,    3,   3.5,   4.3,  -3.1,  987.8,  -2.3,  84.2,  -4.6
2026-01-11 10:00:00,3,3.5,4.3,-2.8,988.4,-1.8,81.1,-4.6
2026-01-11 11:00:00,3,3.5,4.4,-2.5,988.4,-1.4,80.0,-4.4
2026-01-11 12:00:00,3,3.6,4.5,-2.0,988.2,-0.9,79.5,-4.0
2026-01-11 13:00:00,    3,   3.5,   4.4,  -1.9,  976.8,  -0.5,  74.3,  -4.5
2026-01-11 14:00:00,    3,   3.6,   4.5,  -1.6,  977.0,  -0.2,  75.5,  -4.0
2026-01-11 15:00:00,    3,   3.5,   4.5,  -1.5,  976.7,   0.0,  73.3,  -4.2
2026-01-11 16:00:00,    3,   3.6,   4.5,  -1.5,  976.9,   0.0,  74.4,  -4.0
2026-01-11 17:00:00,    3,   3.5,   4.5,  -1.6,  976.7,  -0.1,  73.8,  -4.2
2026-01-11 18:00:00,3,3.6,4.5,-1.3,987.0,0.3,72.8,-4.0
2026-01-11 19:00:00,3,3.6,4.6,-1.3,986.6,0.2,73.9,-3.9
2026-01-11 20:00:00,    3,   3.5,   4.4,  -2.9,  976.1,  -2.1,  83.6,  -4.5
2026-01-11 21:00:00,    3,   3.5,   4.3,  -3.5,  976.0,  -2.9,  87.4,  -4.7
2026-01-11 22:00:00,    3,   3.3,   4.2,  -3.5,  975.3,  -2.7,  83.5,  -5.1
2026-01-11 23:00:00,    3,   3.2,   3.9,  -5.0,  975.0,  -4.6,  90.6,  -5.9
2026-01-12 00:00:00,    3,   3.3,   4.1,  -4.8,  974.2,  -4.5,  92.7,  -5.5
2026-01-12 01:00:00,3,3.5,4.3,-3.6,983.4,-3.0,88.0,-4.7
2026-01-12 02:00:00,    3,   3.5,   4.3,  -3.4,  972.2,  -2.7,  86.1,  -4.7
2026-01-12 03:00:00,    3,   3.5,   4.3,  -3.0,  982.4,  -2.1,  83.0,  -4.6
2026-01-12 04:00:00,3,3.5,4.4,-2.6,981.7,-1.6,81.8,-4.3
2026-01-12 05:00:00,    3,   3.6,   4.6,  -1.7,  971.1,  -0.4,  77.2,  -3.9
2026-01-12 06:00:00,3,4.0,5.0,-1.8,971.1,-1.3,90.8,-2.6
2026-01-12 07:00:00,    3,   4.2,   5.3,  -1.2,  970.1,  -0.8,  92.2,  -1.9
2026-01-12 08:00:00,    3,   4.0,   5.0,  -2.3,  969.5,  -2.0,  94.9,  -2.7
2026-01-12 09:00:00,3,4.2,5.3,-0.9,979.3,-0.2,88.3,-1.9
2026-01-12 10:00:00,    3,   4.5,   5.7,   0.0,  978.6,   0.6,  89.0,  -1.0
2026-01-12 11:00:00,3,5.0,6.3,2.1,978.0,3.3,81.8,0.5
2026-01-12 12:00:00,3,5.4,6.9,3.1,967.3,4.2,83.7,1.7
2026-01-12 13:00:00,3,5.8,7.4,3.9,966.9,5.0,85.0,2.7
2026-01-12 14:00:00,    3,   6.5,   8.4,   6.1,  976.9,   7.7,  80.1,   4.5
2026-01-12 15:00:00,3,6.7,8.7,6.4,977.0,7.9,81.3,4.9
2026-01-12 16:00:00,    3,   6.6,   8.5,   5.6,  967.2,   6.5,  87.6,   4.6
2026-01-12 17:00:00,3,6.9,8.9,6.7,977.1,8.0,83.0,5.3
2026-01-12 18:00:00,    3,   6.7,   8.7,   5.8,  967.4,   6.7,  88.2,   4.9
2026-01-12 19:00:00,3,6.8,8.8,6.4,977.0,7.7,83.6,5.1
2026-01-12 20:00:00,    3,   6.8,   8.9,   6.7,  977.0,   8.2,  81.3,   5.2
2026-01-12 21:00:00,    3,   6.8,   8.8,   6.4,  976.3,   7.7,  83.6,   5.1
2026-01-12 22:00:00,    3,   6.7,   8.7,   6.8,  976.6,   8.7,  77.0,   4.9
2026-01-12 23:00:00,    3,   6.3,   8.1,   5.6,  966.4,   7.1,  80.6,   4.0
2026-01-13 00:00:00,    3,   6.1,   7.9,   5.3,  966.8,   7.0,  78.3,   3.5
2026-01-13 01:00:00,    3,   6.1,   8.0,   5.9,  976.7,   7.9,  74.7,   3.7
2026-01-13 02:00:00,    3,   6.1,   7.9,   5.8,  977.3,   7.9,  73.6,   3.5
2026-01-13 03:00:00,3,5.6,7.3,4.6,967.3,6.5,75.0,2.4
2026-01-13 04:00:00,    3,   5.3,   6.8,   2.6,  967.8,   3.5,  86.1,   1.4
2026-01-13 05:00:00,    3,   5.7,   7.3,   4.6,  967.4,   6.5,  75.5,   2.5
2026-01-13 06:00:00,    3,   5.5,   7.1,   3.3,  967.7,   4.4,  84.3,   2.0
2026-01-13 07:00:00,    3,   5.8,   7.5,   5.2,  978.2,   7.2,  74.0,   2.9
2026-01-13 08:00:00,    3,   5.5,   7.1,   3.7,  968.6,   5.0,  81.4,   2.1
2026-01-13 09:00:00,    3,   5.9,   7.6,   5.0,  979.0,   6.8,  76.6,   3.0
2026-01-13 10:00:00,3,5.9,7.6,4.3,969.2,5.4,84.5,3.0
2026-01-13 11:00:00,    3,   6.1,   8.0,   5.7,  968.6,   7.5,  76.8,   3.7
2026-01-13 12:00:00,3,6.2,8.1,7.3,968.2,10.6,63.1,3.9
2026-01-13 13:00:00,3,6.4,8.4,8.3,977.3,12.1,59.6,4.5
2026-01-13 14:00:00,3,6.7,8.8,7.9,966.7,10.7,68.2,5.1
2026-01-13 15:00:00,3,6.8,8.9,7.7,966.4,10.3,70.6,5.2
2026-01-13 16:00:00,    3,   6.3,   8.3,   7.0,  966.3,   9.8,  68.0,   4.2
2026-01-13 17:00:00,    3,   6.6,   8.7,   7.1,  976.4,   9.3,  73.9,   4.9
2026-01-13 18:00:00,3,6.3,8.3,6.6,976.6,9.0,71.8,4.2
2026-01-13 19:00:00,3,5.8,7.5,5.0,966.9,6.9,75.0,2.8
2026-01-13 20:00:00,3,5.4,7.0,3.1,967.1,4.1,84.9,1.8
2026-01-13 21:00:00,    3,   5.7,   7.4,   4.0,  967.4,   5.2,  83.2,   2.6
2026-01-13 22:00:00,    3,   5.7,   7.4,   5.1,  977.3,   7.2,  73.0,   2.7
2026-01-13 23:00:00,    3,   5.7,   7.4,   4.8,  977.4,   6.6,  76.1,   2.7
2026-01-14 00:00:00,    3,   5.3,   6.7,   2.2,  967.4,   3.0,  88.5,   1.3
2026-01-14 01:00:00,    3,   5.7,   7.3,   4.5,  977.3,   6.2,  77.1,   2.5
2026-01-14 02:00:00,3,5.6,7.2,4.2,977.5,5.9,77.0,2.2
2026-01-14 03:00:00,3,5.1,6.6,2.2,967.6,3.2,85.4,1.0
2026-01-14 04:00:00,3,5.1,6.5,2.0,967.8,2.8,87.2,0.9
2026-01-14 05:00:00,    3,   5.5,   7.1,   4.8,  967.9,   7.1,  70.4,   2.1
2026-01-14 06:00:00,    3,   5.9,   7.6,   6.3,  977.9,   9.2,  65.5,   3.1
2026-01-14 07:00:00,    3,   5.9,   7.7,   6.5,  978.4,   9.5,  64.7,   3.2
2026-01-14 08:00:00,3,5.7,7.4,5.5,969.2,8.1,68.1,2.6
2026-01-14 09:00:00,    3,   6.0,   7.9,   6.7,  979.7,   9.7,  65.2,   3.5
2026-01-14 10:00:00,    3,   5.8,   7.6,   6.4,  970.1,   9.4,  64.7,   3.1
2026-01-14 11:00:00,3,6.1,8.1,7.7,979.8,11.5,59.5,3.9
2026-01-14 12:00:00,    3,   6.2,   8.2,   7.7,  969.7,  11.3,  61.1,   4.1
2026-01-14 13:00:00,    3,   6.4,   8.4,   8.0,  969.6,  11.6,  61.2,   4.4
2026-01-14 14:00:00,    3,   6.4,   8.4,   8.1,  969.4,  11.9,  60.4,   4.5
2026-01-14 15:00:00,    3,   6.6,   8.6,   7.9,  969.6,  11.2,  64.6,   4.8
2026-01-14 16:00:00,    3,   6.4,   8.4,   7.6,  969.5,  10.7,  65.0,   4.4
2026-01-14 17:00:00,3,6.4,8.4,8.0,980.1,11.5,62.0,4.5
2026-01-14 18:00:00,    3,   6.3,   8.3,   6.9,  970.0,   9.6,  69.0,   4.2
2026-01-14 19:00:00,3,5.9,7.7,5.3,969.9,7.2,75.6,3.2
2026-01-14 20:00:00,3,6.3,8.2,6.7,980.2,9.3,69.9,4.1
2026-01-14 21:00:00,    3,   6.3,   8.2,   6.7,  980.2,   9.2,  70.3,   4.1
2026-01-14 22:00:00,    3,   6.2,   8.1,   6.1,  980.3,   8.1,  74.7,   3.9
2026-01-14 23:00:00,3,6.1,8.0,5.6,980.2,7.3,77.8,3.7
2026-01-15 00:00:00,    3,   6.0,   7.8,   5.3,  980.1,   7.0,  77.8,   3.4
2026-01-15 01:00:00,    3,   6.1,   7.9,   5.2,  979.9,   6.8,  79.4,   3.5
2026-01-15 02:00:00,3,5.8,7.4,3.3,969.6,3.9,91.2,2.6
2026-01-15 03:00:00,    3,   5.7,   7.3,   3.3,  969.4,   3.9,  90.5,   2.5
2026-01-15 04:00:00,    3,   6.2,   8.0,   4.9,  979.5,   6.0,  85.1,   3.7
2026-01-15 05:00:00,3,6.3,8.1,4.9,979.4,5.9,86.9,3.9
2026-01-15 06:00:00,    3,   6.2,   8.0,   4.8,  979.2,   5.7,  86.9,   3.7
2026-01-15 07:00:00,    3,   5.9,   7.6,   4.0,  969.5,   4.7,  89.3,   3.1
2026-01-15 08:00:00,    3,   6.2,   8.0,   5.0,  979.8,   6.0,  85.7,   3.8
2026-01-15 09:00:00,3,6.3,8.2,5.5,979.6,6.7,83.4,4.1
2026-01-15 10:00:00,3,6.7,8.7,6.9,980.0,8.8,77.0,5.0
2026-01-15 11:00:00,    3,   6.8,   8.9,   7.4,  979.2,   9.6,  74.0,   5.2
2026-01-15 12:00:00,    3,   6.9,   9.0,   8.7,  978.3,  12.1,  63.9,   5.5
2026-01-15 13:00:00,    3,   6.4,   8.4,   8.3,  967.5,  12.2,  59.2,   4.5
2026-01-15 14:00:00,    3,   6.6,   8.7,   8.5,  966.8,  12.2,  61.3,   5.0
2026-01-15 15:00:00,    3,   6.3,   8.4,   8.3,  976.5,  12.3,  58.4,   4.4
2026-01-15 16:00:00,    3,   6.4,   8.4,   7.6,  976.6,  10.7,  65.0,   4.4
2026-01-15 17:00:00,    3,   6.3,   8.3,   6.7,  976.5,   9.2,  70.8,   4.2
2026-01-15 18:00:00,    3,   5.8,   7.5,   5.0,  966.3,   6.8,  76.1,   2.9
2026-01-15 19:00:00,    3,   5.5,   7.1,   3.8,  966.6,   5.2,  80.3,   2.1
2026-01-15 20:00:00,    3,   6.0,   7.8,   5.4,  976.7,   7.3,  76.2,   3.4
2026-01-15 21:00:00,    3,   6.1,   7.9,   5.4,  976.8,   7.2,  77.3,   3.5
2026-01-15 22:00:00,3,6.1,7.9,5.3,976.8,7.0,78.3,3.5
2026-01-15 23:00:00,    3,   4.8,   6.1,   0.6,  967.0,   1.1,  91.7,  -0.1
2026-01-16 00:00:00,    3,   4.9,   6.3,   1.7,  967.1,   2.6,  85.3,   0.4
2026-01-16 01:00:00,    3,   5.6,   7.2,   3.8,  976.8,   5.1,  81.5,   2.2
2026-01-16 02:00:00,3,5.5,7.0,3.3,977.3,4.5,83.1,1.9
2026-01-16 03:00:00,3,5.3,6.9,3.2,977.4,4.5,81.4,1.6
2026-01-16 04:00:00,    3,   5.3,   6.8,   2.8,  977.4,   3.9,  83.7,   1.4
2026-01-16 05:00:00,3,5.1,6.5,2.1,977.7,3.1,85.4,0.9
2026-01-16 06:00:00,3,4.5,5.7,-0.5,968.8,-0.2,95.0,-0.9
2026-01-16 07:00:00,3,5.0,6.4,2.1,978.8,3.3,82.4,0.6
2026-01-16 08:00:00,3,5.1,6.5,2.3,979.2,3.5,82.4,0.8
2026-01-16 09:00:00,    3,   4.7,   5.9,   0.4,  970.2,   1.0,  90.3,  -0.4
2026-01-16 10:00:00,    3,   4.9,   6.2,   1.7,  970.5,   2.8,  82.9,   0.2
2026-01-16 11:00:00,3,5.2,6.7,3.3,970.6,5.0,76.3,1.2
2026-01-16 12:00:00,3,5.5,7.2,6.3,980.1,10.0,58.2,2.2
2026-01-16 13:00:00,    3,   6.2,   8.1,   6.9,  970.2,   9.7,  67.5,   4.0
2026-01-16 14:00:00,    3,   5.9,   7.8,   7.9,  979.8,  12.3,  54.4,   3.4
2026-01-16 15:00:00,3,6.3,8.3,7.5,969.8,10.7,64.5,4.3
2026-01-16 16:00:00,    3,   5.9,   7.7,   7.1,  979.5,  10.8,  59.7,   3.3
2026-01-16 17:00:00,    3,   5.8,   7.5,   5.5,  969.8,   8.0,  69.6,   2.8
2026-01-16 18:00:00,    3,   5.6,   7.3,   6.2,  979.8,   9.6,  60.7,   2.4
2026-01-16 19:00:00,    3,   5.3,   6.8,   3.2,  970.1,   4.7,  79.1,   1.4
2026-01-16 20:00:00,    3,   5.0,   6.4,   2.7,  970.3,   4.2,  77.9,   0.7
2026-01-16 21:00:00,    3,   5.3,   6.9,   4.4,  980.0,   6.7,  70.3,   1.7
2026-01-16 22:00:00,    3,   5.3,   6.8,   3.6,  980.2,   5.3,  75.8,   1.4
2026-01-16 23:00:00,    3,   4.5,   5.8,   0.4,  970.6,   1.2,  86.5,  -0.8
2026-01-17 00:00:00,    3,   4.9,   6.2,   1.7,  970.4,   2.7,  84.1,   0.3
2026-01-17 01:00:00,    3,   5.0,   6.4,   2.5,  980.5,   3.9,  79.5,   0.7
2026-01-17 02:00:00,3,5.0,6.4,2.4,981.0,3.7,80.7,0.7
2026-01-17 03:00:00,    3,   4.4,   5.6,   0.3,  970.8,   1.3,  83.4,  -1.2
2026-01-17 04:00:00,3,4.5,5.7,0.1,970.9,0.8,87.7,-1.0
2026-01-17 05:00:00,3,4.6,5.8,1.1,981.2,2.3,80.5,-0.7
2026-01-17 06:00:00,    3,   4.6,   5.8,   0.6,  981.3,   1.5,  85.2,  -0.7
2026-01-17 07:00:00,    3,   4.5,   5.6,   0.0,  981.7,   0.8,  87.1,  -1.1
2026-01-17 08:00:00,    3,   4.4,   5.6,  -0.2,  982.1,   0.6,  87.1,  -1.3
2026-01-17 09:00:00,3,4.4,5.6,0.5,982.6,1.7,80.4,-1.3
2026-01-17 10:00:00,3,4.4,5.6,0.7,983.1,2.1,78.1,-1.3
2026-01-17 11:00:00,    3,   4.6,   5.8,   1.2,  972.7,   2.5,  79.9,  -0.6
2026-01-17 12:00:00,3,4.4,5.7,2.0,972.5,4.2,68.8,-1.0
2026-01-17 13:00:00,3,4.7,6.0,2.4,982.7,4.3,71.9,-0.3
2026-01-17 14:00:00,    3,   4.7,   6.0,   2.8,  982.8,   5.0,  68.5,  -0.3
2026-01-17 15:00:00,    3,   4.7,   6.1,   2.8,  982.9,   5.0,  69.5,  -0.1
2026-01-17 16:00:00,    3,   4.8,   6.1,   2.0,  983.1,   3.4,  78.3,   0.0
2026-01-17 17:00:00,    3,   4.2,   5.3,  -0.6,  973.2,   0.2,  85.7,  -1.9
2026-01-17 18:00:00,    3,   4.1,   5.2,  -1.3,  973.5,  -0.7,  89.6,  -2.2
2026-01-17 19:00:00,    3,   4.2,   5.2,  -0.9,  984.1,  -0.1,  86.4,  -2.1
2026-01-17 20:00:00,    3,   4.1,   5.2,  -1.1,  984.1,  -0.5,  88.3,  -2.2
2026-01-17 21:00:00,    3,   3.8,   4.8,  -2.5,  973.9,  -2.0,  90.8,  -3.3
2026-01-17 22:00:00,    3,   3.9,   4.8,  -2.4,  973.8,  -1.9,  90.8,  -3.2
2026-01-17 23:00:00,    3,   3.9,   4.8,  -2.4,  974.0,  -2.0,  91.5,  -3.2
2026-01-18 00:00:00,3,3.8,4.8,-2.5,974.2,-2.0,90.8,-3.3
2026-01-18 01:00:00,    3,   3.8,   4.7,  -2.7,  973.7,  -2.3,  91.5,  -3.5
2026-01-18 02:00:00,3,4.1,5.1,-1.2,984.0,-0.4,86.3,-2.4
2026-01-18 03:00:00,3,3.8,4.8,-2.7,973.6,-2.3,92.8,-3.3
2026-01-18 04:00:00,    3,   4.1,   5.2,  -1.1,  983.7,  -0.3,  86.3,  -2.3
2026-01-18 05:00:00,3,4.1,5.2,-1.6,973.1,-1.2,92.2,-2.3
2026-01-18 06:00:00,3,4.1,5.2,-1.6,973.1,-1.1,91.5,-2.3
2026-01-18 07:00:00,3,4.1,5.2,-1.6,973.3,-1.2,92.2,-2.3
2026-01-18 08:00:00,    3,   4.1,   5.2,  -1.6,  973.5,  -1.2,  92.2,  -2.3
2026-01-18 09:00:00,3,4.2,5.3,-1.0,973.6,-0.4,89.6,-1.9
2026-01-18 10:00:00,3,4.4,5.6,-0.3,973.6,0.4,88.3,-1.3
2026-01-18 11:00:00,3,4.5,5.8,0.6,983.7,1.5,84.6,-0.8
2026-01-18 12:00:00,    3,   4.6,   5.8,   0.8,  983.2,   1.8,  83.4,  -0.7
2026-01-18 13:00:00,    3,   4.5,   5.7,   0.5,  972.4,   1.5,  83.4,  -1.0
2026-01-18 14:00:00,3,4.6,5.8,0.9,972.2,1.9,83.4,-0.6
2026-01-18 15:00:00,3,4.7,6.0,0.9,972.1,1.8,85.9,-0.3
2026-01-18 16:00:00,    3,   4.6,   5.9,   0.9,  982.4,   1.9,  84.0,  -0.5
2026-01-18 17:00:00,3,4.5,5.8,0.6,982.4,1.6,84.0,-0.8
2026-01-18 18:00:00,    3,   4.5,   5.8,   0.4,  982.4,   1.2,  86.5,  -0.8
2026-01-18 19:00:00,    3,   4.5,   5.7,  -0.1,  972.1,   0.4,  91.0,  -0.9
2026-01-18 20:00:00,    3,   4.4,   5.5,  -0.8,  972.0,  -0.4,  92.9,  -1.4
2026-01-18 21:00:00,    3,   4.2,   5.3,  -1.5,  972.2,  -1.2,  94.3,  -2.0
2026-01-18 22:00:00,3,4.4,5.5,-0.6,982.2,0.0,90.3,-1.4
2026-01-18 23:00:00,    3,   4.2,   5.3,  -1.0,  982.1,  -0.5,  90.2,  -1.9
2026-01-19 00:00:00,3,3.9,4.9,-2.6,971.8,-2.4,95.6,-3.0
2026-01-19 01:00:00,    3,   4.2,   5.3,  -1.2,  981.8,  -0.7,  91.6,  -1.9
2026-01-19 02:00:00,    3,   4.1,   5.2,  -1.6,  981.9,  -1.2,  92.9,  -2.2
2026-01-19 03:00:00,3,4.1,5.1,-2.0,971.4,-1.8,95.7,-2.4
2026-01-19 04:00:00,    3,   4.2,   5.2,  -1.7,  981.7,  -1.5,  95.7,  -2.1
2026-01-19 05:00:00,    3,   4.0,   5.0,  -2.2,  971.4,  -2.0,  95.7,  -2.6
2026-01-19 06:00:00,    3,   4.2,   5.3,  -1.8,  981.8,  -1.8,  99.3,  -1.9
2026-01-19 07:00:00,    3,   4.1,   5.1,  -2.0,  982.1,  -1.8,  95.7,  -2.4
2026-01-19 08:00:00,    3,   4.0,   5.0,  -2.5,  972.2,  -2.4,  97.8,  -2.7
2026-01-19 09:00:00,    3,   4.1,   5.2,  -1.7,  982.9,  -1.3,  92.9,  -2.3
2026-01-19 10:00:00,    3,   4.0,   5.0,  -2.3,  972.8,  -2.0,  94.2,  -2.8
2026-01-19 11:00:00,    3,   4.1,   5.2,  -1.6,  972.7,  -1.2,  92.9,  -2.2
2026-01-19 12:00:00,3,4.2,5.3,0.6,982.5,2.2,74.2,-1.9
2026-01-19 13:00:00,3,4.4,5.6,1.0,982.1,2.6,75.4,-1.3
2026-01-19 14:00:00,    3,   4.6,   5.8,   1.3,  982.1,   2.7,  78.2,  -0.7
2026-01-19 15:00:00,    3,   4.4,   5.6,   1.7,  971.9,   3.7,  70.7,  -1.1
2026-01-19 16:00:00,    3,   4.5,   5.8,   0.7,  982.4,   1.8,  82.8,  -0.8
2026-01-19 17:00:00,    3,   4.3,   5.5,  -0.4,  982.6,   0.4,  87.0,  -1.5
2026-01-19 18:00:00,    3,   4.3,   5.5,  -0.5,  982.8,   0.1,  89.0,  -1.5
2026-01-19 19:00:00,3,4.1,5.1,-1.4,972.7,-0.8,88.9,-2.4
2026-01-19 20:00:00,    3,   3.7,   4.7,  -2.5,  972.7,  -1.9,  88.1,  -3.6
2026-01-19 21:00:00,    3,   3.8,   4.8,  -2.6,  972.7,  -2.2,  91.5,  -3.4
2026-01-19 22:00:00,3,4.3,5.4,-1.4,983.1,-1.2,96.4,-1.7
2026-01-19 23:00:00,3,4.3,5.4,-1.5,983.3,-1.4,97.8,-1.7
2026-01-20 00:00:00,    3,   3.9,   4.8,  -3.0,  983.1,  -2.9,  97.8,  -3.2
2026-01-20 01:00:00,    3,   3.9,   4.9,  -2.9,  983.0,  -2.8,  98.5,  -3.0
2026-01-20 02:00:00,    3,   3.5,   4.3,  -4.0,  972.7,  -3.7,  92.8,  -4.7
2026-01-20 03:00:00,    3,   3.6,   4.5,  -3.9,  982.6,  -3.7,  96.3,  -4.2
2026-01-20 04:00:00,3,3.3,4.1,-5.0,982.5,-4.9,95.5,-5.5
2026-01-20 05:00:00,3,3.3,4.1,-4.8,972.0,-4.6,94.8,-5.3
2026-01-20 06:00:00,    3,   3.5,   4.4,  -4.2,  972.0,  -4.0,  96.3,  -4.5
2026-01-20 07:00:00,    3,   3.4,   4.3,  -4.1,  982.0,  -3.8,  92.7,  -4.8
2026-01-20 08:00:00,    3,   3.6,   4.5,  -3.8,  971.8,  -3.6,  96.3,  -4.1
2026-01-20 09:00:00,3,3.8,4.8,-2.6,982.2,-2.1,90.8,-3.4
2026-01-20 10:00:00,    3,   3.8,   4.8,  -1.8,  972.0,  -0.9,  84.4,  -3.2
2026-01-20 11:00:00,    3,   4.0,   5.1,  -0.5,  971.7,   0.7,  79.1,  -2.5
2026-01-20 12:00:00,    3,   4.2,   5.4,   0.3,  981.4,   1.6,  78.1,  -1.8
2026-01-20 13:00:00,    3,   4.3,   5.6,   2.1,  970.2,   4.6,  65.4,  -1.3
2026-01-20 14:00:00,    3,   4.3,   5.6,   1.5,  980.2,   3.5,  70.7,  -1.3
2026-01-20 15:00:00,    3,   4.3,   5.5,   2.7,  969.5,   5.7,  60.2,  -1.4
2026-01-20 16:00:00,    3,   4.3,   5.5,   1.4,  969.4,   3.4,  70.7,  -1.4
2026-01-20 17:00:00,    3,   4.6,   5.8,   1.2,  969.2,   2.6,  78.8,  -0.7
2026-01-20 18:00:00,    3,   4.2,   5.3,  -0.7,  979.3,   0.1,  86.4,  -1.9
2026-01-20 19:00:00,    3,   4.0,   5.0,  -1.7,  968.7,  -1.1,  88.9,  -2.7
2026-01-20 20:00:00,3,4.0,5.0,-1.7,978.4,-1.2,90.2,-2.6
2026-01-20 21:00:00,    3,   4.1,   5.2,  -1.8,  978.1,  -1.5,  95.0,  -2.2
2026-01-20 22:00:00,3,4.0,5.0,-2.2,977.8,-1.9,93.5,-2.8
2026-01-20 23:00:00,    3,   4.1,   5.1,  -2.1,  977.4,  -1.9,  95.7,  -2.5
2026-01-21 00:00:00,    3,   3.1,   3.8,  -5.0,  966.5,  -4.6,  87.9,  -6.3
2026-01-21 01:00:00,    3,   3.3,   4.1,  -4.6,  966.1,  -4.2,  92.0,  -5.3
2026-01-21 02:00:00,3,3.7,4.6,-3.3,975.5,-3.0,94.9,-3.7
2026-01-21 03:00:00,    3,   3.2,   4.0,  -5.0,  964.9,  -5.0,  94.8,  -5.7
2026-01-21 04:00:00,    3,   3.1,   3.8,  -5.4,  964.3,  -5.3,  93.4,  -6.2
2026-01-21 05:00:00,    3,   3.7,   4.6,  -3.2,  973.6,  -2.8,  92.1,  -3.9
2026-01-21 06:00:00,    3,   3.6,   4.5,  -3.2,  973.1,  -2.7,  90.7,  -4.0
2026-01-21 07:00:00,3,2.9,3.6,-6.0,962.7,-5.9,91.9,-7.0
2026-01-21 08:00:00,3,3.2,3.9,-5.0,962.3,-4.7,91.3,-5.9
2026-01-21 09:00:00,    3,   3.7,   4.6,  -2.3,  971.7,  -1.5,  84.3,  -3.8
2026-01-21 10:00:00,    3,   3.7,   4.7,  -1.3,  971.3,   0.0,  76.7,  -3.6
2026-01-21 11:00:00,3,4.1,5.2,-0.5,960.4,0.6,80.9,-2.3
2026-01-21 12:00:00,3,4.1,5.2,0.8,959.5,2.7,70.6,-2.1
2026-01-21 13:00:00,    3,   4.2,   5.4,   2.0,  958.6,   4.5,  64.5,  -1.6
2026-01-21 14:00:00,    3,   4.2,   5.4,   2.4,  967.7,   5.2,  61.4,  -1.6
2026-01-21 15:00:00,    3,   4.2,   5.4,   2.4,  967.0,   5.3,  60.5,  -1.7
2026-01-21 16:00:00,    3,   4.3,   5.5,   1.5,  966.5,   3.6,  69.2,  -1.5
2026-01-21 17:00:00,3,4.2,5.4,0.4,955.8,1.9,77.0,-1.7
2026-01-21 18:00:00,3,4.2,5.3,0.2,965.3,1.7,76.4,-2.0
2026-01-21 19:00:00,    3,   4.0,   5.1,  -1.0,  954.6,  -0.1,  83.8,  -2.5
2026-01-21 20:00:00,    3,   4.1,   5.2,  -0.3,  963.9,   0.8,  80.9,  -2.1
2026-01-21 21:00:00,3,4.2,5.2,-1.0,963.4,-0.3,87.6,-2.1
2026-01-21 22:00:00,    3,   3.9,   4.9,  -1.7,  963.0,  -1.0,  86.9,  -2.9
2026-01-21 23:00:00,3,3.8,4.8,-1.9,962.6,-1.2,86.2,-3.2
2026-01-22 00:00:00,3,3.8,4.8,-2.4,962.2,-1.8,88.8,-3.4
2026-01-22 01:00:00,    3,   3.0,   3.8,  -4.9,  951.6,  -4.1,  84.0,  -6.4
2026-01-22 02:00:00,    3,   3.1,   3.9,  -4.1,  951.3,  -3.1,  79.7,  -6.1
2026-01-22 03:00:00,    3,   3.2,   3.9,  -4.0,  951.2,  -3.0,  80.4,  -5.9
2026-01-22 04:00:00,3,2.8,3.5,-5.5,951.6,-4.9,82.6,-7.4
2026-01-22 05:00:00,    3,   3.5,   4.4,  -3.9,  961.8,  -3.6,  93.5,  -4.5
2026-01-22 06:00:00,    3,   3.2,   4.0,  -5.0,  961.5,  -4.9,  94.1,  -5.7
2026-01-22 07:00:00,    3,   3.0,   3.6,  -5.9,  951.4,  -5.7,  91.2,  -6.9
2026-01-22 08:00:00,3,3.0,3.7,-5.4,951.7,-5.2,89.9,-6.6
2026-01-22 09:00:00,    3,   3.3,   4.1,  -3.9,  961.8,  -3.1,  84.1,  -5.4
2026-01-22 10:00:00,3,3.4,4.3,-2.4,961.9,-1.2,77.1,-4.7
2026-01-22 11:00:00,3,3.4,4.3,-1.7,961.8,0.0,71.1,-4.6
2026-01-22 12:00:00,3,3.5,4.4,-0.5,951.6,1.9,62.9,-4.4
2026-01-22 13:00:00,    3,   3.7,   4.7,   0.0,  951.2,   2.3,  64.9,  -3.6
2026-01-22 14:00:00,    3,   3.6,   4.6,   0.3,  951.5,   3.0,  60.4,  -3.9
2026-01-22 15:00:00,3,3.7,4.7,-0.1,961.7,2.1,66.4,-3.5
2026-01-22 16:00:00,    3,   3.9,   5.0,  -0.2,  951.9,   1.4,  74.1,  -2.7
2026-01-22 17:00:00,    3,   3.8,   4.9,  -0.5,  952.0,   1.1,  73.5,  -3.1
2026-01-22 18:00:00,3,3.6,4.6,-1.2,952.2,0.4,72.8,-3.9
2026-01-22 19:00:00,    3,   3.9,   5.0,  -0.8,  962.2,   0.4,  79.1,  -2.8
2026-01-22 20:00:00,    3,   3.6,   4.5,  -2.5,  952.3,  -1.7,  84.3,  -4.0
2026-01-22 21:00:00,    3,   3.8,   4.8,  -2.0,  952.4,  -1.3,  86.2,  -3.3
2026-01-22 22:00:00,    3,   3.7,   4.7,  -1.3,  962.0,   0.0,  76.7,  -3.6
2026-01-22 23:00:00,    3,   3.7,   4.7,  -1.2,  962.1,   0.2,  75.6,  -3.6
2026-01-23 00:00:00,    3,   3.7,   4.6,  -1.6,  962.0,  -0.3,  77.2,  -3.8
2026-01-23 01:00:00,3,3.3,4.2,-3.6,951.8,-2.8,84.1,-5.1
2026-01-23 02:00:00,    3,   3.5,   4.3,  -3.2,  952.0,  -2.5,  85.5,  -4.6
2026-01-23 03:00:00,    3,   3.5,   4.4,  -3.2,  951.7,  -2.6,  87.4,  -4.4
2026-01-23 04:00:00,    3,   3.6,   4.5,  -2.9,  951.3,  -2.3,  88.1,  -4.0
2026-01-23 05:00:00,3,3.6,4.5,-2.9,951.0,-2.2,86.1,-4.2
2026-01-23 06:00:00,    3,   3.6,   4.5,  -2.5,  960.9,  -1.6,  82.4,  -4.2
2026-01-23 07:00:00,3,3.5,4.4,-3.1,950.9,-2.3,85.5,-4.4
2026-01-23 08:00:00,    3,   3.5,   4.4,  -2.4,  961.2,  -1.4,  80.6,  -4.3
2026-01-23 09:00:00,    3,   3.6,   4.5,  -2.0,  961.2,  -0.8,  77.7,  -4.2
2026-01-23 10:00:00,    3,   3.7,   4.7,  -0.6,  961.2,   1.2,  70.3,  -3.6
2026-01-23 11:00:00,    3,   3.8,   4.8,   0.4,  961.0,   2.8,  64.1,  -3.3
2026-01-23 12:00:00,    3,   3.8,   4.9,   0.7,  950.6,   3.1,  64.1,  -3.0
2026-01-23 13:00:00,    3,   4.1,   5.3,   2.4,  960.2,   5.5,  58.8,  -1.9
2026-01-23 14:00:00,    3,   4.5,   5.7,   2.1,  950.2,   4.3,  68.8,  -0.9
2026-01-23 15:00:00,    3,   4.4,   5.7,   3.0,  960.2,   5.9,  61.5,  -0.9
2026-01-23 16:00:00,    3,   3.9,   5.0,   1.8,  960.2,   4.9,  57.8,  -2.7
2026-01-23 17:00:00,3,3.9,5.0,1.0,960.5,3.4,64.2,-2.7
2026-01-23 18:00:00,3,3.7,4.7,-1.2,950.7,0.3,75.0,-3.6
2026-01-23 19:00:00,    3,   3.4,   4.3,  -1.9,  950.8,  -0.3,  72.7,  -4.6
2026-01-23 20:00:00,3,3.5,4.4,-1.5,960.9,0.2,71.2,-4.4
2026-01-23 21:00:00,    3,   3.3,   4.2,  -2.3,  951.1,  -0.7,  72.1,  -5.1
2026-01-23 22:00:00,    3,   3.3,   4.1,  -2.1,  961.5,  -0.3,  68.9,  -5.3
2026-01-23 23:00:00,    3,   3.3,   4.2,  -2.3,  961.8,  -0.7,  71.5,  -5.2
2026-01-24 00:00:00,    3,   3.3,   4.1,  -2.5,  962.2,  -1.0,  72.6,  -5.3
2026-01-24 01:00:00,3,3.3,4.2,-3.0,963.3,-1.9,78.7,-5.1
2026-01-24 02:00:00,3,3.4,4.2,-3.2,963.5,-2.3,81.7,-5.0
2026-01-24 03:00:00,    3,   2.9,   3.6,  -5.2,  953.9,  -4.6,  82.6,  -7.1
2026-01-24 04:00:00,3,2.9,3.6,-5.4,954.0,-5.0,86.5,-6.9
2026-01-24 05:00:00,3,3.0,3.8,-4.9,954.1,-4.1,83.3,-6.5
2026-01-24 06:00:00,    3,   3.0,   3.8,  -5.0,  954.4,  -4.3,  84.6,  -6.5
2026-01-24 07:00:00,    3,   3.1,   3.9,  -4.1,  965.1,  -3.2,  80.9,  -6.0
2026-01-24 08:00:00,    3,   3.3,   4.1,  -4.1,  955.0,  -3.5,  87.3,  -5.3
2026-01-24 09:00:00,    3,   3.3,   4.2,  -3.5,  965.6,  -2.7,  83.5,  -5.1
2026-01-24 10:00:00,    3,   3.6,   4.5,  -2.2,  955.6,  -1.0,  78.8,  -4.2
2026-01-24 11:00:00,    3,   3.6,   4.6,  -1.7,  955.5,  -0.4,  77.2,  -3.9
2026-01-24 12:00:00,    3,   3.9,   5.0,  -0.1,  954.9,   1.6,  72.5,  -2.8
2026-01-24 13:00:00,    3,   4.3,   5.5,   1.2,  954.7,   3.1,  71.7,  -1.5
2026-01-24 14:00:00,3,3.9,5.0,0.4,964.7,2.4,69.0,-2.7
2026-01-24 15:00:00,    3,   4.3,   5.5,   1.2,  953.9,   3.1,  72.2,  -1.4
2026-01-24 16:00:00,    3,   4.0,   5.0,  -0.3,  954.1,   1.2,  75.7,  -2.6
2026-01-24 17:00:00,    3,   3.9,   5.0,  -0.9,  954.2,   0.3,  79.6,  -2.8
2026-01-24 18:00:00,    3,   3.6,   4.5,  -1.8,  964.9,  -0.6,  77.7,  -4.0
2026-01-24 19:00:00,    3,   3.6,   4.5,  -2.3,  965.5,  -1.4,  82.4,  -4.0
2026-01-24 20:00:00,3,3.9,4.8,-2.7,955.3,-2.4,94.2,-3.2
2026-01-24 21:00:00,    3,   3.6,   4.5,  -3.2,  955.0,  -2.8,  91.4,  -4.0
2026-01-24 22:00:00,    3,   3.5,   4.4,  -3.7,  954.4,  -3.3,  92.1,  -4.4
2026-01-24 23:00:00,    3,   3.7,   4.6,  -3.2,  965.1,  -2.8,  92.1,  -3.9
2026-01-25 00:00:00,    3,   3.6,   4.5,  -3.3,  964.7,  -2.8,  90.1,  -4.2
2026-01-25 01:00:00,    3,   3.5,   4.3,  -3.5,  964.6,  -2.9,  88.0,  -4.6
2026-01-25 02:00:00,3,3.5,4.3,-3.8,954.1,-3.4,91.4,-4.6
2026-01-25 03:00:00,    3,   3.4,   4.2,  -3.9,  964.3,  -3.4,  89.3,  -4.9
2026-01-25 04:00:00,    3,   3.6,   4.5,  -3.2,  953.9,  -2.7,  90.7,  -4.0
2026-01-25 05:00:00,    3,   3.6,   4.5,  -3.4,  963.6,  -3.0,  91.4,  -4.2
2026-01-25 06:00:00,    3,   3.5,   4.3,  -3.6,  953.0,  -3.1,  89.4,  -4.6
2026-01-25 07:00:00,    3,   3.5,   4.4,  -3.7,  963.3,  -3.3,  91.4,  -4.5
2026-01-25 08:00:00,    3,   3.7,   4.6,  -2.9,  952.6,  -2.4,  89.4,  -3.9
2026-01-25 09:00:00,3,3.7,4.6,-2.8,952.4,-2.1,87.4,-3.9
2026-01-25 10:00:00,    3,   3.9,   4.9,  -1.9,  952.0,  -1.3,  88.8,  -2.9
2026-01-25 11:00:00,    3,   3.8,   4.8,  -2.2,  951.8,  -1.5,  87.5,  -3.3
2026-01-25 12:00:00,3,3.9,4.9,-1.5,961.5,-0.7,85.0,-2.9
2026-01-25 13:00:00,    3,   4.1,   5.1,  -1.1,  961.0,  -0.3,  85.7,  -2.4
2026-01-25 14:00:00,    3,   4.0,   5.1,  -1.1,  960.7,  -0.2,  84.4,  -2.5
2026-01-25 15:00:00,    3,   4.2,   5.2,  -0.9,  950.7,  -0.1,  86.4,  -2.1
2026-01-25 16:00:00,    3,   4.3,   5.4,  -0.9,  950.3,  -0.5,  92.3,  -1.6
2026-01-25 17:00:00,    3,   4.3,   5.4,  -1.3,  959.9,  -1.1,  95.7,  -1.7
2026-01-25 18:00:00,3,4.4,5.6,-1.0,949.3,-0.8,96.4,-1.3
2026-01-25 19:00:00,    3,   4.4,   5.6,  -1.0,  949.2,  -0.8,  96.4,  -1.3
2026-01-25 20:00:00,    3,   4.2,   5.3,  -1.7,  959.6,  -1.5,  96.4,  -2.0
2026-01-25 21:00:00,3,4.2,5.3,-1.7,959.4,-1.5,96.4,-2.0
2026-01-25 22:00:00,3,4.2,5.3,-1.7,959.3,-1.5,96.4,-2.0
2026-01-25 23:00:00,    3,   4.2,   5.3,  -1.7,  959.3,  -1.5,  96.4,  -2.0
2026-01-26 00:00:00,    3,   4.1,   5.2,  -1.8,  959.3,  -1.6,  95.7,  -2.2
2026-01-26 01:00:00,    3,   4.3,   5.4,  -1.5,  949.2,  -1.3,  96.4,  -1.8
2026-01-26 02:00:00,3,4.2,5.3,-1.5,949.4,-1.3,95.7,-1.9
2026-01-26 03:00:00,    3,   4.3,   5.4,  -1.5,  959.6,  -1.4,  97.1,  -1.8
2026-01-26 04:00:00,    3,   4.4,   5.5,  -1.0,  959.8,  -0.8,  95.7,  -1.4
2026-01-26 05:00:00,    3,   4.8,   6.0,   0.2,  950.0,   0.5,  95.0,  -0.2
2026-01-26 06:00:00,3,4.8,6.1,0.5,950.6,1.0,92.3,-0.1
2026-01-26 07:00:00,3,4.7,6.0,0.4,961.1,0.9,91.6,-0.3
2026-01-26 08:00:00,    3,   5.0,   6.4,   1.8,  961.9,   2.7,  86.0,   0.6
2026-01-26 09:00:00,3,5.0,6.4,1.7,953.0,2.5,87.2,0.6
2026-01-26 10:00:00,    3,   5.0,   6.4,   1.7,  953.6,   2.5,  87.2,   0.6
2026-01-26 11:00:00,    3,   5.0,   6.3,   2.4,  963.9,   3.8,  78.9,   0.5
2026-01-26 12:00:00,3,4.8,6.2,2.1,953.9,3.6,77.8,0.1
2026-01-26 13:00:00,    3,   4.8,   6.2,   2.9,  964.0,   5.0,  71.0,   0.2
2026-01-26 14:00:00,    3,   4.9,   6.3,   2.9,  954.4,   4.9,  72.5,   0.4
2026-01-26 15:00:00,3,5.0,6.4,2.9,955.2,4.7,75.2,0.7
2026-01-26 16:00:00,3,5.1,6.6,3.4,965.5,5.2,74.7,1.1
2026-01-26 17:00:00,3,5.3,6.8,3.2,966.2,4.6,79.6,1.4
2026-01-26 18:00:00,3,5.3,6.8,3.2,966.6,4.6,80.2,1.5
2026-01-26 19:00:00,3,5.0,6.4,2.4,957.1,3.8,79.5,0.6
2026-01-26 20:00:00,3,5.0,6.4,2.2,957.5,3.4,82.4,0.7
2026-01-26 21:00:00,3,5.0,6.4,1.9,958.2,2.8,85.4,0.6
2026-01-26 22:00:00,3,5.3,6.8,2.8,968.4,3.8,84.9,1.5
2026-01-26 23:00:00,    3,   4.9,   6.2,   1.2,  958.3,   2.0,  87.8,   0.2
2026-01-27 00:00:00,    3,   5.3,   6.7,   2.2,  968.0,   2.9,  89.2,   1.3
2026-01-27 01:00:00,    3,   5.2,   6.6,   2.0,  967.6,   2.7,  89.2,   1.1
2026-01-27 02:00:00,    3,   5.2,   6.6,   1.7,  967.3,   2.2,  91.7,   1.0
2026-01-27 03:00:00,    3,   4.6,   5.8,   0.2,  956.7,   0.9,  89.0,  -0.7
2026-01-27 04:00:00,    3,   4.5,   5.7,  -0.2,  955.8,   0.3,  91.0,  -1.0
2026-01-27 05:00:00,    3,   4.1,   5.1,  -2.0,  955.2,  -1.8,  95.7,  -2.4
2026-01-27 06:00:00,    3,   4.1,   5.1,  -2.1,  954.8,  -2.0,  97.1,  -2.4
2026-01-27 07:00:00,    3,   4.6,   5.8,  -0.3,  964.1,   0.0,  94.3,  -0.8
2026-01-27 08:00:00,3,4.5,5.7,-0.4,964.0,0.0,93.6,-0.9
2026-01-27 09:00:00,    3,   4.4,   5.6,   0.4,  963.5,   1.5,  82.8,  -1.1
2026-01-27 10:00:00,    3,   4.4,   5.6,   0.3,  953.4,   1.2,  84.6,  -1.1
2026-01-27 11:00:00,    3,   4.3,   5.5,   1.1,  952.6,   2.8,  73.8,  -1.4
2026-01-27 12:00:00,    3,   4.3,   5.6,   1.9,  951.6,   4.3,  66.8,  -1.3
2026-01-27 13:00:00,3,4.7,6.1,3.5,960.3,6.3,63.9,0.0
2026-01-27 14:00:00,    3,   4.9,   6.2,   3.1,  950.1,   5.4,  69.5,   0.3
2026-01-27 15:00:00,3,4.8,6.2,3.4,959.9,5.8,67.6,0.3
2026-01-27 16:00:00,3,4.7,6.1,3.2,950.3,5.7,66.6,0.0
2026-01-27 17:00:00,    3,   4.8,   6.2,   2.0,  949.9,   3.5,  78.3,   0.1
2026-01-27 18:00:00,    3,   4.8,   6.2,   1.4,  949.3,   2.3,  85.3,   0.1
2026-01-27 19:00:00,    3,   5.2,   6.6,   2.6,  958.6,   3.7,  83.0,   1.1
2026-01-27 20:00:00,    3,   5.3,   6.7,   2.5,  958.4,   3.5,  85.5,   1.3
2026-01-27 21:00:00,    3,   5.7,   7.3,   3.0,  948.7,   3.4,  93.1,   2.4
2026-01-27 22:00:00,    3,   5.6,   7.1,   2.5,  948.7,   2.9,  94.4,   2.1
2026-01-27 23:00:00,    3,   5.9,   7.6,   3.4,  957.9,   3.8,  94.5,   3.0
2026-01-28 00:00:00,3,5.4,6.8,1.7,947.8,1.9,97.2,1.5
2026-01-28 01:00:00,3,5.7,7.2,2.6,957.4,2.9,95.8,2.3
2026-01-28 02:00:00,3,5.3,6.8,1.9,947.3,2.2,94.4,1.4
2026-01-28 03:00:00,3,5.2,6.6,1.6,946.8,2.0,93.7,1.1
2026-01-28 04:00:00,    3,   5.5,   7.1,   2.3,  956.0,   2.6,  95.8,   2.0
2026-01-28 05:00:00,3,5.7,7.2,2.5,955.8,2.6,97.9,2.3
2026-01-28 06:00:00,    3,   5.8,   7.4,   2.7,  955.6,   2.8,  98.6,   2.6
2026-01-28 07:00:00,3,5.8,7.4,2.7,955.6,2.8,98.6,2.6
2026-01-28 08:00:00,3,5.1,6.4,1.5,945.9,2.1,90.4,0.7
2026-01-28 09:00:00,    3,   5.6,   7.1,   2.5,  945.9,   2.9,  94.4,   2.1
2026-01-28 10:00:00,    3,   5.6,   7.2,   2.4,  955.5,   2.6,  97.2,   2.2
2026-01-28 11:00:00,    3,   5.4,   6.9,   2.4,  955.3,   2.9,  91.8,   1.7
2026-01-28 12:00:00,    3,   5.5,   7.1,   2.9,  955.0,   3.6,  89.2,   2.0
2026-01-28 13:00:00,    3,   5.3,   6.8,   2.6,  944.5,   3.5,  86.7,   1.5
2026-01-28 14:00:00,3,5.3,6.8,2.6,944.4,3.5,86.1,1.4
2026-01-28 15:00:00,    3,   5.5,   7.0,   2.6,  954.6,   3.2,  91.1,   1.9
2026-01-28 16:00:00,3,5.3,6.8,2.3,944.9,3.1,88.5,1.4
2026-01-28 17:00:00,    3,   5.3,   6.7,   2.0,  955.3,   2.6,  91.1,   1.3
2026-01-28 18:00:00,3,5.2,6.6,1.9,945.9,2.6,89.8,1.1
2026-01-28 19:00:00,3,5.2,6.6,1.7,946.2,2.2,91.7,1.0
2026-01-28 20:00:00,3,5.2,6.6,1.7,946.6,2.2,92.4,1.1
2026-01-28 21:00:00,3,5.2,6.6,1.8,956.8,2.3,91.7,1.1
2026-01-28 22:00:00,    3,   5.2,   6.6,   1.6,  946.9,   2.1,  92.4,   1.0
2026-01-28 23:00:00,    3,   5.1,   6.5,   1.5,  947.3,   2.0,  92.4,   0.9
2026-01-29 00:00:00,    3,   5.1,   6.4,   1.3,  947.7,   1.8,  92.4,   0.7
2026-01-29 01:00:00,    3,   5.1,   6.4,   1.2,  948.1,   1.6,  93.7,   0.7
2026-01-29 02:00:00,3,5.1,6.4,1.1,958.7,1.3,95.8,0.7
2026-01-29 03:00:00,3,5.1,6.4,1.1,949.0,1.3,95.8,0.7
2026-01-29 04:00:00,3,5.1,6.5,1.0,949.3,1.1,97.9,0.8
2026-01-29 05:00:00,3,5.1,6.5,1.0,949.5,1.1,97.9,0.8
2026-01-29 06:00:00,    3,   5.0,   6.3,   0.6,  960.0,   0.8,  97.1,   0.4
2026-01-29 07:00:00,    3,   5.0,   6.3,   0.7,  960.7,   0.8,  97.8,   0.5
2026-01-29 08:00:00,3,5.0,6.4,0.9,961.3,1.1,96.4,0.6
2026-01-29 09:00:00,3,4.9,6.2,0.8,961.7,1.1,94.4,0.3
2026-01-29 10:00:00,    3,   5.0,   6.3,   0.8,  962.0,   1.1,  95.1,   0.4
2026-01-29 11:00:00,    3,   5.0,   6.3,   0.9,  962.2,   1.2,  95.1,   0.5
2026-01-29 12:00:00,3,5.0,6.3,1.2,953.2,1.7,91.7,0.5
2026-01-29 13:00:00,    3,   5.0,   6.3,   1.1,  962.1,   1.5,  93.0,   0.5
2026-01-29 14:00:00,    3,   4.9,   6.2,   0.8,  952.6,   1.3,  91.7,   0.1
2026-01-29 15:00:00,3,5.0,6.3,0.9,952.9,1.2,94.4,0.4
2026-01-29 16:00:00,    3,   5.0,   6.4,   1.0,  953.2,   1.3,  95.1,   0.6
2026-01-29 17:00:00,    3,   5.1,   6.4,   1.0,  953.5,   1.2,  96.4,   0.7
2026-01-29 18:00:00,    3,   5.3,   6.7,   1.5,  963.7,   1.7,  97.2,   1.3
2026-01-29 19:00:00,    3,   5.3,   6.8,   1.7,  963.6,   1.9,  96.5,   1.4
2026-01-29 20:00:00,    3,   5.0,   6.4,   0.8,  953.7,   0.9,  97.8,   0.6
2026-01-29 21:00:00,3,5.3,6.7,1.4,963.5,1.6,97.2,1.2
2026-01-29 22:00:00,    3,   4.7,   6.0,  -0.2,  953.4,  -0.2,  99.3,  -0.3
2026-01-29 23:00:00,3,4.5,5.7,-0.9,953.5,-0.9,100.0,-0.9
2026-01-30 00:00:00,    3,   4.9,   6.2,   0.4,  963.2,   0.5,  98.6,   0.3
2026-01-30 01:00:00,    3,   4.3,   5.4,  -1.6,  953.2,  -1.5,  97.8,  -1.8
2026-01-30 02:00:00,    3,   4.2,   5.3,  -1.9,  953.1,  -1.9, 100.0,  -1.9
2026-01-30 03:00:00,3,4.6,5.8,-0.6,962.7,-0.5,97.8,-0.8
2026-01-30 04:00:00,3,4.5,5.7,-0.9,962.5,-0.9,99.3,-1.0
2026-01-30 05:00:00,    3,   3.7,   4.6,  -3.5,  952.5,  -3.3,  97.1,  -3.7
2026-01-30 06:00:00,    3,   3.7,   4.6,  -3.7,  952.7,  -3.6,  98.5,  -3.8
2026-01-30 07:00:00,    3,   3.6,   4.5,  -3.6,  952.9,  -3.4,  95.6,  -4.0
2026-01-30 08:00:00,3,4.2,5.3,-1.7,963.2,-1.6,97.1,-2.0
2026-01-30 09:00:00,    3,   4.3,   5.4,  -1.4,  953.2,  -1.2,  96.4,  -1.7
2026-01-30 10:00:00,3,4.7,5.9,0.3,963.1,0.8,91.6,-0.4
2026-01-30 11:00:00,3,4.9,6.2,0.5,953.1,0.8,95.0,0.1
2026-01-30 12:00:00,    3,   5.0,   6.3,   2.1,  952.8,   3.4,  81.2,   0.5
2026-01-30 13:00:00,    3,   5.2,   6.6,   2.3,  952.5,   3.2,  86.0,   1.1
2026-01-30 14:00:00,    3,   4.9,   6.3,   2.8,  962.4,   4.6,  74.6,   0.5
2026-01-30 15:00:00,    3,   5.5,   7.0,   2.9,  953.0,   3.8,  87.3,   1.9
2026-01-30 16:00:00,    3,   5.3,   6.8,   2.7,  953.0,   3.7,  85.5,   1.5
2026-01-30 17:00:00,    3,   5.4,   6.9,   2.8,  953.4,   3.7,  86.7,   1.7
2026-01-30 18:00:00,    3,   5.5,   7.0,   2.9,  953.6,   3.8,  87.3,   1.9
2026-01-30 19:00:00,    3,   5.5,   7.1,   3.2,  963.5,   4.2,  85.5,   2.0
2026-01-30 20:00:00,    3,   5.8,   7.4,   3.1,  963.5,   3.5,  94.5,   2.7
2026-01-30 21:00:00,    3,   5.7,   7.3,   3.0,  963.6,   3.4,  93.1,   2.4
2026-01-30 22:00:00,    3,   5.5,   7.0,   2.1,  953.9,   2.2,  97.9,   1.9
2026-01-30 23:00:00,    3,   5.7,   7.3,   2.7,  963.8,   3.0,  95.8,   2.4
2026-01-31 00:00:00,    3,   5.5,   7.1,   2.4,  963.7,   2.7,  95.1,   2.0
2026-01-31 01:00:00,3,5.3,6.7,1.5,953.9,1.7,97.2,1.3
2026-01-31 02:00:00,    3,   5.4,   6.9,   2.0,  963.9,   2.3,  95.1,   1.6
2026-01-31 03:00:00,    3,   5.3,   6.8,   1.9,  963.5,   2.2,  94.4,   1.4
2026-01-31 04:00:00,3,4.8,6.1,-0.1,954.0,-0.1,100.0,-0.1
2026-01-31 05:00:00,3,5.0,6.4,0.9,964.0,1.2,95.7,0.6
2026-01-31 06:00:00,    3,   5.0,   6.4,   0.8,  964.6,   1.0,  97.1,   0.6
2026-01-31 07:00:00,    3,   4.8,   6.0,   0.3,  965.2,   0.6,  94.3,  -0.2
2026-01-31 08:00:00,    3,   4.8,   6.1,   0.2,  965.6,   0.3,  97.8,   0.0
2026-01-31 09:00:00,    3,   4.9,   6.2,   0.3,  956.2,   0.4,  98.6,   0.2
2026-01-31 10:00:00,3,5.1,6.5,0.9,966.5,0.9,99.3,0.8
2026-01-31 11:00:00,3,5.1,6.5,0.8,956.7,0.8,100.0,0.8
2026-01-31 12:00:00,    3,   5.4,   6.9,   1.8,  956.9,   2.0,  97.2,   1.6
2026-01-31 13:00:00,    3,   5.3,   6.7,   1.9,  957.1,   2.4,  92.4,   1.3
2026-01-31 14:00:00,    3,   5.4,   6.9,   2.7,  957.5,   3.5,  87.9,   1.7
2026-01-31 15:00:00,    3,   5.4,   7.0,   4.2,  968.0,   6.1,  74.4,   1.9
2026-01-31 16:00:00,    3,   5.5,   7.0,   3.1,  958.7,   4.1,  85.5,   1.9
2026-01-31 17:00:00,    3,   5.4,   6.9,   2.2,  959.4,   2.6,  93.8,   1.7
2026-01-31 18:00:00,    3,   4.8,   6.0,   0.4,  960.2,   0.9,  92.3,  -0.2
2026-01-31 19:00:00,    3,   4.7,   5.9,  -0.1,  960.8,   0.1,  95.7,  -0.5
2026-01-31 20:00:00,    3,   4.7,   6.0,   0.1,  961.4,   0.4,  95.0,  -0.3
2026-01-31 21:00:00,3,4.9,6.2,0.8,971.6,1.3,92.3,0.2
2026-01-31 22:00:00,3,4.9,6.2,1.1,972.1,1.6,91.0,0.3
2026-01-31 23:00:00,3,4.8,6.1,0.6,972.4,1.0,92.3,-0.1
2026-02-01 00:00:00,3,4.6,5.8,-0.2,962.4,0.2,93.0,-0.8
2026-02-01 01:00:00,3,4.9,6.2,0.8,972.2,1.2,93.0,0.2
2026-02-01 02:00:00,    3,   4.5,   5.7,  -0.1,  962.6,   0.5,  89.6,  -1.0
2026-02-01 03:00:00,    3,   4.6,   5.8,   0.5,  972.3,   1.3,  86.5,  -0.7
2026-02-01 04:00:00,3,4.5,5.7,0.3,972.4,1.1,85.8,-1.0
2026-02-01 05:00:00,3,4.5,5.7,0.2,972.5,0.9,87.7,-0.9
2026-02-01 06:00:00,    3,   4.5,   5.7,  -0.5,  962.9,  -0.1,  93.6,  -1.0
2026-02-01 07:00:00,    3,   4.4,   5.6,  -0.8,  963.1,  -0.4,  93.6,  -1.3
2026-02-01 08:00:00,3,4.5,5.7,0.5,973.0,1.4,84.6,-0.9
2026-02-01 09:00:00,    3,   4.6,   5.9,   1.0,  972.9,   2.1,  82.8,  -0.5
2026-02-01 10:00:00,    3,   4.7,   5.9,   0.6,  963.0,   1.3,  88.4,  -0.4
2026-02-01 11:00:00,    3,   5.0,   6.3,   1.7,  962.7,   2.6,  86.0,   0.5
2026-02-01 12:00:00,3,5.1,6.5,3.0,972.1,4.7,76.3,0.9
2026-02-01 13:00:00,    3,   5.2,   6.7,   3.1,  961.7,   4.6,  78.5,   1.2
2026-02-01 14:00:00,3,5.3,6.8,3.6,971.2,5.3,76.4,1.5
2026-02-01 15:00:00,    3,   5.5,   7.0,   3.5,  961.1,   4.8,  81.4,   1.9
2026-02-01 16:00:00,3,5.5,7.1,3.3,960.8,4.3,85.5,2.1
2026-02-01 17:00:00,    3,   5.1,   6.6,   2.9,  970.2,   4.3,  79.0,   1.0
2026-02-01 18:00:00,3,4.5,5.7,-0.1,960.3,0.5,89.6,-1.0
2026-02-01 19:00:00,    3,   4.5,   5.7,  -0.3,  960.0,   0.1,  93.0,  -0.9
2026-02-01 20:00:00,    3,   4.9,   6.2,   1.5,  969.9,   2.3,  86.6,   0.3
2026-02-01 21:00:00,    3,   4.2,   5.3,  -1.2,  960.2,  -0.8,  92.2,  -1.9
2026-02-01 22:00:00,    3,   4.3,   5.4,  -1.3,  960.1,  -1.1,  95.7,  -1.7
2026-02-01 23:00:00,    3,   4.1,   5.1,  -2.1,  959.8,  -1.8,  95.0,  -2.5
2026-02-02 00:00:00,    3,   3.9,   4.8,  -2.6,  959.1,  -2.2,  92.8,  -3.2
2026-02-02 01:00:00,    3,   4.5,   5.6,  -0.4,  968.3,   0.1,  91.6,  -1.1
2026-02-02 02:00:00,    3,   4.4,   5.6,  -0.4,  968.1,   0.2,  89.6,  -1.3
2026-02-02 03:00:00,    3,   4.4,   5.6,  -0.3,  967.2,   0.4,  88.3,  -1.3
2026-02-02 04:00:00,    3,   4.4,   5.5,  -0.3,  967.0,   0.5,  87.0,  -1.4
2026-02-02 05:00:00,    3,   4.3,   5.4,  -1.0,  956.7,  -0.6,  92.2,  -1.7
2026-02-02 06:00:00,3,4.5,5.7,-0.2,966.5,0.3,91.0,-1.0
2026-02-02 07:00:00,    3,   4.3,   5.4,  -0.7,  956.0,  -0.2,  90.3,  -1.6
2026-02-02 08:00:00,3,4.5,5.6,0.0,965.9,0.7,87.7,-1.1
2026-02-02 09:00:00,3,4.5,5.6,-0.3,955.8,0.2,90.9,-1.1
2026-02-02 10:00:00,3,4.6,5.8,0.0,955.9,0.5,91.0,-0.8
2026-02-02 11:00:00,3,4.7,5.9,0.5,955.6,1.1,89.7,-0.4
2026-02-02 12:00:00,    3,   5.0,   6.3,   2.0,  965.3,   3.1,  83.0,   0.5
2026-02-02 13:00:00,    3,   5.2,   6.6,   2.7,  964.9,   3.9,  81.9,   1.1
2026-02-02 14:00:00,    3,   5.1,   6.5,   2.9,  964.4,   4.4,  77.9,   0.9
2026-02-02 15:00:00,    3,   5.0,   6.3,   2.1,  954.3,   3.3,  81.8,   0.5
2026-02-02 16:00:00,    3,   4.7,   6.0,   1.1,  954.3,   2.1,  84.1,  -0.3
2026-02-02 17:00:00,    3,   4.6,   5.9,   0.5,  954.4,   1.2,  88.4,  -0.5
2026-02-02 18:00:00,    3,   4.7,   6.0,   1.4,  964.5,   2.6,  81.7,  -0.2
2026-02-02 19:00:00,    3,   4.6,   5.8,   0.2,  954.2,   0.9,  89.0,  -0.7
2026-02-02 20:00:00,    3,   4.5,   5.7,   0.1,  964.1,   0.8,  87.7,  -1.0
2026-02-02 21:00:00,    3,   4.4,   5.6,  -0.2,  963.6,   0.5,  87.7,  -1.3
2026-02-02 22:00:00,    3,   4.4,   5.6,  -0.3,  963.5,   0.3,  89.0,  -1.3
2026-02-02 23:00:00,    3,   4.2,   5.4,  -0.6,  963.3,   0.1,  87.0,  -1.8
2026-02-03 00:00:00,3,4.3,5.4,-0.7,963.3,-0.1,89.6,-1.6
2026-02-03 01:00:00,    3,   4.3,   5.4,  -0.5,  963.2,   0.3,  86.4,  -1.7
2026-02-03 02:00:00,3,4.2,5.2,-1.2,953.0,-0.6,89.6,-2.1
2026-02-03 03:00:00,3,4.2,5.3,-1.0,952.3,-0.4,88.9,-2.0
2026-02-03 04:00:00,    3,   4.1,   5.2,  -1.0,  961.8,  -0.2,  86.3,  -2.2
2026-02-03 05:00:00,    3,   3.9,   5.0,  -0.9,  961.4,   0.2,  80.2,  -2.8
2026-02-03 06:00:00,    3,   3.9,   5.0,  -1.0,  961.2,   0.1,  80.8,  -2.8
2026-02-03 07:00:00,3,3.9,4.9,-1.2,961.2,-0.1,81.4,-2.9
2026-02-03 08:00:00,    3,   3.9,   4.9,  -1.4,  950.3,  -0.5,  83.2,  -3.0
2026-02-03 09:00:00,    3,   4.0,   5.0,  -0.6,  960.6,   0.6,  79.1,  -2.6
2026-02-03 10:00:00,    3,   4.2,   5.4,  -0.2,  961.5,   0.9,  82.1,  -1.8
2026-02-03 11:00:00,    3,   4.4,   5.6,   0.4,  962.4,   1.6,  81.0,  -1.3
2026-02-03 12:00:00,3,4.6,5.8,0.7,962.7,1.6,85.2,-0.6
2026-02-03 13:00:00,3,4.7,6.0,1.2,953.2,2.2,84.1,-0.2
2026-02-03 14:00:00,3,5.5,7.1,3.5,953.5,4.7,83.2,2.1
2026-02-03 15:00:00,3,6.0,7.8,5.6,954.3,7.7,74.1,3.4
2026-02-03 16:00:00,3,5.0,6.4,2.0,965.1,3.1,83.6,0.6
2026-02-03 17:00:00,    3,   5.8,   7.4,   3.3,  955.3,   4.0,  90.5,   2.6
2026-02-03 18:00:00,    3,   6.0,   7.6,   3.9,  955.7,   4.6,  90.0,   3.1
2026-02-03 19:00:00,3,5.5,7.0,2.6,955.8,3.2,90.5,1.8
2026-02-03 20:00:00,3,5.2,6.7,2.0,965.9,2.7,89.8,1.2
2026-02-03 21:00:00,3,5.2,6.7,1.8,966.0,2.2,93.1,1.2
2026-02-03 22:00:00,3,4.4,5.6,-0.8,956.5,-0.5,95.0,-1.2
2026-02-03 23:00:00,3,4.9,6.2,0.7,966.2,1.0,95.0,0.3
2026-02-04 00:00:00,    3,   4.9,   6.2,   0.6,  966.3,   0.9,  95.0,   0.2
2026-02-04 01:00:00,3,4.8,6.1,0.5,966.0,1.0,92.3,-0.1
2026-02-04 02:00:00,3,4.7,6.0,0.3,965.6,0.7,93.0,-0.3
2026-02-04 03:00:00,    3,   3.4,   4.3,  -4.2,  955.2,  -3.9,  93.4,  -4.8
2026-02-04 04:00:00,    3,   4.7,   5.9,  -0.1,  964.5,   0.1,  95.7,  -0.5
2026-02-04 05:00:00,    3,   4.6,   5.8,  -0.2,  964.0,   0.1,  95.0,  -0.6
2026-02-04 06:00:00,    3,   4.1,   5.1,  -2.1,  953.5,  -1.9,  95.7,  -2.5
2026-02-04 07:00:00,    3,   4.0,   5.0,  -2.6,  953.2,  -2.5,  97.8,  -2.8
2026-02-04 08:00:00,3,4.5,5.6,-0.7,953.0,-0.5,95.7,-1.1
2026-02-04 09:00:00,    3,   4.6,   5.8,   0.1,  952.5,   0.8,  89.0,  -0.8
2026-02-04 10:00:00,    3,   4.9,   6.3,   1.7,  951.7,   2.7,  84.7,   0.4
2026-02-04 11:00:00,    3,   5.0,   6.4,   2.1,  961.5,   3.2,  83.0,   0.6
2026-02-04 12:00:00,    3,   5.3,   6.9,   3.9,  950.2,   5.8,  74.3,   1.6
2026-02-04 13:00:00,    3,   5.3,   6.9,   3.9,  949.3,   5.9,  73.8,   1.6
2026-02-04 14:00:00,3,5.6,7.2,4.0,958.6,5.6,78.7,2.2
2026-02-04 15:00:00,    3,   5.3,   6.8,   3.9,  958.3,   5.9,  73.3,   1.5
2026-02-04 16:00:00,    3,   4.8,   6.2,   2.3,  947.9,   4.0,  75.6,   0.1
2026-02-04 17:00:00,    3,   4.8,   6.1,   1.7,  947.5,   3.1,  79.4,  -0.1
2026-02-04 18:00:00,    3,   5.1,   6.5,   2.6,  957.0,   3.9,  80.7,   0.9
2026-02-04 19:00:00,    3,   5.0,   6.3,   1.8,  957.0,   2.7,  85.4,   0.5
2026-02-04 20:00:00,3,4.3,5.4,-0.7,946.9,-0.1,88.9,-1.7
2026-02-04 21:00:00,3,4.5,5.7,-0.5,946.5,-0.1,93.6,-1.0
2026-02-04 22:00:00,3,4.1,5.2,-1.6,946.4,-1.1,91.5,-2.3
2026-02-04 23:00:00,3,4.6,5.8,0.1,956.6,0.7,89.6,-0.8
2026-02-05 00:00:00,    3,   4.2,   5.3,  -1.5,  946.7,  -1.3,  95.7,  -1.9
2026-02-05 01:00:00,    3,   4.0,   5.0,  -2.4,  946.6,  -2.1,  94.9,  -2.8
2026-02-05 02:00:00,3,4.5,5.7,-0.3,956.9,0.1,93.0,-0.9
2026-02-05 03:00:00,3,4.4,5.5,-0.7,956.8,-0.3,92.3,-1.4
2026-02-05 04:00:00,    3,   4.4,   5.6,  -0.9,  956.6,  -0.6,  95.0,  -1.3
2026-02-05 05:00:00,3,3.9,4.9,-2.7,946.9,-2.6,97.8,-2.9
2026-02-05 06:00:00,3,4.2,5.3,-1.6,957.1,-1.4,95.7,-2.0
2026-02-05 07:00:00,    3,   4.2,   5.2,  -1.6,  957.5,  -1.3,  94.3,  -2.1
2026-02-05 08:00:00,    3,   4.3,   5.4,  -1.3,  947.5,  -1.0,  94.3,  -1.8
2026-02-05 09:00:00,    3,   4.4,   5.5,  -0.8,  957.3,  -0.4,  92.9,  -1.4
2026-02-05 10:00:00,3,4.4,5.6,-0.6,957.3,-0.2,92.9,-1.2
2026-02-05 11:00:00,    3,   4.5,   5.7,  -0.2,  957.0,   0.4,  90.3,  -1.0
2026-02-05 12:00:00,    3,   4.7,   5.9,   1.6,  956.4,   3.0,  78.3,  -0.4
2026-02-05 13:00:00,    3,   4.7,   6.0,   2.6,  956.0,   4.8,  69.4,  -0.3
2026-02-05 14:00:00,    3,   4.9,   6.3,   3.8,  955.4,   6.5,  64.9,   0.4
2026-02-05 15:00:00,3,5.0,6.5,4.2,945.2,6.9,65.5,0.9
2026-02-05 16:00:00,    3,   5.4,   7.0,   4.3,  944.8,   6.4,  72.3,   1.8
2026-02-05 17:00:00,    3,   4.9,   6.3,   2.8,  945.2,   4.6,  74.6,   0.5
2026-02-05 18:00:00,    3,   4.7,   6.1,   1.8,  944.4,   3.3,  78.3,  -0.1
2026-02-05 19:00:00,    3,   4.9,   6.2,   2.1,  953.1,   3.5,  79.5,   0.3
2026-02-05 20:00:00,3,4.2,5.4,-0.5,942.5,0.4,85.1,-1.8
2026-02-05 21:00:00,    3,   4.4,   5.6,   0.4,  952.6,   1.4,  83.4,  -1.1
2026-02-05 22:00:00,    3,   4.2,   5.4,  -0.3,  952.6,   0.7,  83.3,  -1.8
2026-02-05 23:00:00,3,4.2,5.3,-0.8,952.7,0.0,86.4,-2.0
2026-02-06 00:00:00,    3,   4.1,   5.2,  -1.2,  952.6,  -0.5,  88.3,  -2.2
2026-02-06 01:00:00,    3,   4.2,   5.3,  -1.2,  952.6,  -0.7,  90.9,  -2.0
2026-02-06 02:00:00,    3,   4.2,   5.2,  -1.4,  952.4,  -1.0,  92.2,  -2.1
2026-02-06 03:00:00,3,4.2,5.3,-1.4,952.4,-1.1,94.3,-1.9
2026-02-06 04:00:00,    3,   4.2,   5.2,  -1.4,  943.0,  -0.9,  91.5,  -2.1
2026-02-06 05:00:00,    3,   4.0,   5.1,  -1.8,  943.6,  -1.3,  91.5,  -2.5
2026-02-06 06:00:00,3,4.2,5.3,-1.2,944.3,-0.7,90.9,-2.0
2026-02-06 07:00:00,3,4.2,5.3,-1.4,955.0,-1.0,93.6,-1.9
2026-02-06 08:00:00,3,4.2,5.3,-1.2,945.6,-0.8,92.2,-1.9
2026-02-06 09:00:00,    3,   4.5,   5.7,   0.3,  946.2,   1.2,  85.8,  -0.9
2026-02-06 10:00:00,3,4.6,5.8,0.8,956.9,1.8,83.4,-0.7
2026-02-06 11:00:00,3,4.6,5.9,1.3,957.2,2.6,79.9,-0.5
2026-02-06 12:00:00,3,4.8,6.2,2.3,957.6,3.9,76.1,0.1
2026-02-06 13:00:00,3,6.2,8.0,5.1,947.8,6.3,83.4,3.7
2026-02-06 14:00:00,    3,   5.3,   6.9,   3.7,  958.0,   5.4,  76.4,   1.6
2026-02-06 15:00:00,    3,   5.6,   7.2,   4.1,  958.7,   5.8,  77.6,   2.2
2026-02-06 16:00:00,    3,   7.0,   9.2,   7.3,  949.2,   9.1,  79.2,   5.7
2026-02-06 17:00:00,3,5.9,7.6,4.2,959.7,5.3,85.0,3.0
2026-02-06 18:00:00,3,6.0,7.7,4.6,960.2,5.7,84.5,3.3
2026-02-06 19:00:00,    3,   7.0,   9.0,   6.2,  951.6,   7.0,  90.1,   5.5
2026-02-06 20:00:00,    3,   6.8,   8.9,   6.1,  952.0,   6.9,  88.9,   5.2
2026-02-06 21:00:00,    3,   7.0,   9.2,   7.1,  962.5,   8.6,  81.9,   5.7
2026-02-06 22:00:00,3,6.9,9.0,6.9,963.2,8.4,81.3,5.4
2026-02-06 23:00:00,    3,   6.9,   8.9,   6.9,  963.9,   8.5,  80.2,   5.3
2026-02-07 00:00:00,3,6.9,8.9,6.7,964.3,8.1,82.4,5.3
2026-02-07 01:00:00,3,6.6,8.5,5.7,955.0,6.7,87.0,4.7
2026-02-07 02:00:00,    3,   6.8,   8.9,   6.5,  965.1,   7.9,  83.0,   5.2
2026-02-07 03:00:00,3,6.0,7.7,3.8,955.5,4.4,91.9,3.2
2026-02-07 04:00:00,3,6.2,7.9,4.0,955.9,4.4,94.5,3.6
2026-02-07 05:00:00,3,6.4,8.3,5.2,956.3,6.2,87.0,4.2
2026-02-07 06:00:00,    3,   6.6,   8.5,   5.8,  966.5,   6.9,  85.8,   4.7
2026-02-07 07:00:00,3,6.6,8.5,5.8,967.1,6.8,86.4,4.7
2026-02-07 08:00:00,    3,   6.4,   8.3,   5.4,  957.6,   6.4,  86.4,   4.3
2026-02-07 09:00:00,    3,   7.0,   9.0,   6.6,  967.9,   7.8,  85.3,   5.5
2026-02-07 10:00:00,    3,   6.6,   8.5,   6.1,  958.4,   7.5,  82.4,   4.7
2026-02-07 11:00:00,    3,   6.6,   8.6,   7.3,  958.4,   9.9,  70.5,   4.8
2026-02-07 12:00:00,    3,   6.6,   8.7,   8.0,  958.1,  11.3,  64.6,   4.9
2026-02-07 13:00:00,3,7.2,9.4,8.0,967.8,10.2,75.1,6.0
2026-02-07 14:00:00,3,6.5,8.5,7.4,957.9,10.2,68.6,4.7
2026-02-07 15:00:00,    3,   6.7,   8.7,   7.4,  968.1,   9.9,  71.5,   5.0
2026-02-07 16:00:00,3,6.5,8.4,6.8,958.5,9.1,72.8,4.5
2026-02-07 17:00:00,    3,   6.8,   8.9,   6.7,  968.9,   8.2,  81.3,   5.2
2026-02-07 18:00:00,    3,   6.8,   8.8,   6.2,  969.6,   7.3,  85.9,   5.1
2026-02-07 19:00:00,    3,   6.9,   8.9,   6.2,  969.9,   7.0,  88.9,   5.3
2026-02-07 20:00:00,    3,   5.1,   6.5,   1.3,  960.2,   1.6,  95.1,   0.9
2026-02-07 21:00:00,    3,   5.6,   7.2,   2.5,  960.4,   2.8,  95.8,   2.2
2026-02-07 22:00:00,    3,   6.3,   8.1,   4.3,  970.4,   4.5,  96.5,   4.0
2026-02-07 23:00:00,3,5.9,7.6,3.1,970.5,3.1,99.3,3.0
2026-02-08 00:00:00,    3,   5.9,   7.5,   3.0,  970.5,   3.2,  97.2,   2.8
2026-02-08 01:00:00,    3,   5.6,   7.2,   2.3,  970.6,   2.3,  99.3,   2.2
2026-02-08 02:00:00,3,5.4,6.9,1.7,970.7,1.7,99.3,1.6
2026-02-08 03:00:00,    3,   5.1,   6.4,   0.9,  970.3,   1.0,  97.9,   0.7
2026-02-08 04:00:00,3,4.6,5.8,-0.6,970.6,-0.4,97.1,-0.8
2026-02-08 05:00:00,3,4.6,5.8,-0.6,970.8,-0.6,99.3,-0.7
2026-02-08 06:00:00,    3,   5.0,   6.4,   0.7,  970.9,   0.7,  99.3,   0.6
2026-02-08 07:00:00,3,5.4,6.9,1.6,971.4,1.6,100.0,1.6
2026-02-08 08:00:00,    3,   4.6,   5.8,  -0.6,  961.5,  -0.5,  97.8,  -0.8
2026-02-08 09:00:00,3,5.4,6.8,1.6,971.8,1.6,99.3,1.5
2026-02-08 10:00:00,    3,   5.7,   7.2,   2.4,  971.7,   2.5,  98.6,   2.3
2026-02-08 11:00:00,    3,   5.9,   7.6,   3.4,  971.8,   3.7,  95.2,   3.0
2026-02-08 12:00:00,    3,   6.0,   7.7,   4.8,  971.4,   6.3,  80.5,   3.2
2026-02-08 13:00:00,3,5.9,7.6,4.8,961.1,6.4,78.8,3.0
2026-02-08 14:00:00,    3,   6.3,   8.2,   5.6,  970.8,   7.1,  81.2,   4.1
2026-02-08 15:00:00,    3,   5.7,   7.4,   4.8,  960.7,   6.7,  75.0,   2.6
2026-02-08 16:00:00,    3,   6.3,   8.2,   5.7,  970.6,   7.3,  80.1,   4.1
2026-02-08 17:00:00,3,5.5,7.1,3.5,961.0,4.8,82.0,2.0
2026-02-08 18:00:00,    3,   5.4,   7.0,   3.5,  961.4,   5.0,  79.7,   1.8
2026-02-08 19:00:00,    3,   5.3,   6.7,   2.5,  961.5,   3.5,  85.5,   1.3
2026-02-08 20:00:00,    3,   5.0,   6.4,   1.8,  961.9,   2.7,  86.0,   0.6
2026-02-08 21:00:00,    3,   5.3,   6.7,   2.3,  961.9,   3.1,  87.9,   1.3
2026-02-08 22:00:00,    3,   5.7,   7.4,   3.7,  971.8,   4.6,  86.8,   2.6
2026-02-08 23:00:00,3,5.3,6.8,2.4,961.7,3.2,88.6,1.5
2026-02-09 00:00:00,3,5.4,6.9,2.5,961.7,3.3,88.6,1.6
2026-02-09 01:00:00,3,4.9,6.2,0.8,961.3,1.1,94.4,0.3
2026-02-09 02:00:00,    3,   5.2,   6.6,   1.5,  971.2,   1.9,  93.7,   1.0
2026-02-09 03:00:00,    3,   5.1,   6.5,   1.4,  960.8,   1.7,  94.4,   0.9
2026-02-09 04:00:00,    3,   4.9,   6.2,   0.8,  971.2,   1.2,  93.0,   0.2
2026-02-09 05:00:00,3,5.1,6.5,1.4,960.8,1.8,93.0,0.8
2026-02-09 06:00:00,    3,   5.0,   6.3,   1.0,  970.8,   1.4,  93.7,   0.5
2026-02-09 07:00:00,3,5.1,6.4,1.5,971.0,2.0,91.1,0.7
2026-02-09 08:00:00,    3,   5.1,   6.5,   1.7,  971.1,   2.4,  89.1,   0.8
2026-02-09 09:00:00,3,5.1,6.5,1.8,961.0,2.5,89.1,0.9
2026-02-09 10:00:00,    3,   5.0,   6.4,   2.1,  961.0,   3.2,  83.6,   0.7
2026-02-09 11:00:00,    3,   5.1,   6.5,   2.5,  961.1,   3.8,  81.3,   0.9
2026-02-09 12:00:00,    3,   5.1,   6.6,   2.8,  960.6,   4.3,  79.0,   1.0
2026-02-09 13:00:00,    3,   5.1,   6.5,   3.2,  970.1,   5.0,  74.7,   0.9
2026-02-09 14:00:00,    3,   5.1,   6.6,   3.3,  959.6,   5.1,  75.3,   1.1
2026-02-09 15:00:00,    3,   5.1,   6.6,   3.2,  959.4,   4.9,  75.8,   1.0
2026-02-09 16:00:00,    3,   5.0,   6.4,   2.5,  959.4,   4.0,  78.4,   0.6
2026-02-09 17:00:00,3,4.8,6.2,1.6,959.2,2.7,82.9,0.1
2026-02-09 18:00:00,    3,   4.6,   5.9,   0.6,  958.8,   1.3,  87.7,  -0.5
2026-02-09 19:00:00,    3,   4.8,   6.2,   1.3,  968.7,   2.1,  86.5,   0.1
2026-02-09 20:00:00,3,4.5,5.7,-0.7,958.6,-0.5,97.1,-0.9
2026-02-09 21:00:00,3,4.1,5.1,-1.9,958.6,-1.5,92.9,-2.5
2026-02-09 22:00:00,    3,   3.9,   4.9,  -2.2,  957.9,  -1.8,  92.2,  -2.9
2026-02-09 23:00:00,    3,   4.0,   5.0,  -2.3,  957.4,  -2.0,  94.2,  -2.8
2026-02-10 00:00:00,3,4.6,5.8,-0.1,967.0,0.3,93.0,-0.7
2026-02-10 01:00:00,    3,   3.9,   4.9,  -2.6,  956.6,  -2.3,  94.2,  -3.1
2026-02-10 02:00:00,3,4.6,5.8,-0.2,966.0,0.1,94.3,-0.7
2026-02-10 03:00:00,    3,   4.7,   5.9,   0.3,  965.4,   0.8,  91.6,  -0.4
2026-02-10 04:00:00,3,4.1,5.1,-1.9,954.8,-1.6,94.3,-2.4
2026-02-10 05:00:00,    3,   4.6,   5.8,   0.2,  964.2,   0.8,  89.7,  -0.7
2026-02-10 06:00:00,    3,   4.4,   5.5,  -1.4,  954.1,  -1.4,  99.3,  -1.5
2026-02-10 07:00:00,3,4.3,5.4,-1.5,953.9,-1.3,96.4,-1.8
2026-02-10 08:00:00,    3,   4.4,   5.6,  -0.8,  953.9,  -0.5,  94.3,  -1.3
2026-02-10 09:00:00,    3,   4.6,   5.8,  -0.3,  953.6,   0.1,  93.6,  -0.8
2026-02-10 10:00:00,    3,   5.1,   6.5,   2.7,  962.9,   4.2,  79.0,   0.9
2026-02-10 11:00:00,    3,   5.3,   6.8,   3.4,  962.6,   5.0,  78.0,   1.5
2026-02-10 12:00:00,    3,   5.7,   7.4,   4.8,  961.9,   6.6,  76.1,   2.7
2026-02-10 13:00:00,3,6.0,7.8,6.2,951.5,8.8,68.8,3.4
2026-02-10 14:00:00,3,5.9,7.7,5.9,950.8,8.4,69.7,3.2
2026-02-10 15:00:00,3,6.1,8.0,6.8,959.6,9.8,66.1,3.8
2026-02-10 16:00:00,    3,   6.3,   8.3,   6.7,  959.1,   9.2,  70.8,   4.2
2026-02-10 17:00:00,    3,   6.2,   8.0,   6.0,  958.6,   8.1,  74.2,   3.8
2026-02-10 18:00:00,3,6.2,8.0,6.0,958.2,8.1,74.2,3.8
2026-02-10 19:00:00,    3,   6.1,   7.9,   5.9,  957.4,   8.1,  73.2,   3.6
2026-02-10 20:00:00,    3,   5.7,   7.3,   4.0,  947.2,   5.4,  81.5,   2.5
2026-02-10 21:00:00,3,5.8,7.4,3.9,946.4,5.0,85.0,2.7
2026-02-10 22:00:00,3,5.9,7.6,4.5,954.8,5.9,81.6,3.0
2026-02-10 23:00:00,3,5.8,7.5,4.3,953.9,5.6,82.7,2.9
2026-02-11 00:00:00,3,6.1,7.9,5.2,952.8,6.8,79.4,3.5
2026-02-11 01:00:00,    3,   6.7,   8.6,   5.9,  952.4,   6.9,  86.4,   4.8
2026-02-11 02:00:00,3,6.7,8.7,5.6,942.5,6.2,91.3,4.9
2026-02-11 03:00:00,    3,   7.0,   9.1,   6.4,  941.8,   7.2,  89.5,   5.6
2026-02-11 04:00:00,    3,   7.1,   9.2,   6.3,  941.8,   7.0,  91.4,   5.7
2026-02-11 05:00:00,3,7.2,9.4,6.9,942.0,7.8,88.3,6.0
2026-02-11 06:00:00,    3,   7.4,   9.6,   7.4,  942.0,   8.5,  86.6,   6.4
2026-02-11 07:00:00,    3,   7.2,   9.4,   7.2,  942.1,   8.4,  85.4,   6.1
2026-02-11 08:00:00,3,7.5,9.8,8.1,951.9,9.7,81.0,6.6
2026-02-11 09:00:00,    3,   7.5,   9.8,   8.2,  952.7,  10.0,  79.3,   6.6
2026-02-11 10:00:00,    3,   7.6,   9.9,   8.5,  953.3,  10.4,  78.3,   6.8
2026-02-11 11:00:00,    3,   7.9,  10.4,   9.2,  953.5,  11.1,  78.4,   7.5
2026-02-11 12:00:00,    3,   7.6,  10.0,   9.5,  953.3,  12.4,  69.5,   7.0
2026-02-11 13:00:00,3,7.6,10.0,9.0,953.3,11.5,73.3,6.9
2026-02-11 14:00:00,    3,   7.3,   9.5,   7.9,  944.4,   9.8,  78.2,   6.2
2026-02-11 15:00:00,3,7.4,9.7,8.0,944.5,9.7,80.4,6.5
2026-02-11 16:00:00,3,7.8,10.2,8.5,944.8,9.9,83.3,7.2
2026-02-11 17:00:00,    3,   7.7,  10.1,   8.2,  944.9,   9.4,  85.5,   7.1
2026-02-11 18:00:00,    3,   7.5,   9.8,   8.2,  954.5,   9.8,  81.0,   6.7
2026-02-11 19:00:00,    3,   7.3,   9.5,   7.9,  954.4,   9.7,  78.8,   6.2
2026-02-11 20:00:00,    3,   7.3,   9.5,   7.5,  954.0,   8.8,  83.7,   6.2
2026-02-11 21:00:00,    3,   6.6,   8.6,   6.6,  943.7,   8.5,  77.5,   4.8
2026-02-11 22:00:00,    3,   6.3,   8.1,   6.0,  942.2,   7.9,  76.3,   4.0
2026-02-11 23:00:00,3,6.1,7.9,5.7,940.5,7.7,74.7,3.5
2026-02-12 00:00:00,    3,   6.1,   7.9,   4.8,  938.9,   5.9,  85.1,   3.6
2026-02-12 01:00:00,    3,   6.5,   8.4,   5.9,  948.0,   7.2,  82.9,   4.5
2026-02-12 02:00:00,    3,   6.6,   8.5,   5.5,  937.9,   6.4,  88.8,   4.7
2026-02-12 03:00:00,    3,   6.4,   8.3,   5.3,  936.8,   6.3,  86.4,   4.2
2026-02-12 04:00:00,    3,   6.5,   8.4,   5.3,  936.0,   6.1,  88.8,   4.4
2026-02-12 05:00:00,3,6.5,8.4,5.4,935.4,6.3,87.6,4.4
2026-02-12 06:00:00,3,6.7,8.6,5.7,934.8,6.6,88.2,4.8
2026-02-12 07:00:00,3,6.6,8.5,5.8,934.5,6.9,85.2,4.6
2026-02-12 08:00:00,    3,   6.7,   8.7,   6.1,  934.7,   7.4,  84.1,   4.9
2026-02-12 09:00:00,    3,   7.1,   9.2,   6.8,  934.7,   8.0,  85.4,   5.7
2026-02-12 10:00:00,3,7.3,9.6,8.4,944.2,10.6,75.2,6.4
2026-02-12 11:00:00,    3,   6.8,   8.8,   6.9,  935.3,   8.7,  78.1,   5.1
2026-02-12 12:00:00,    3,   7.3,   9.5,   7.4,  945.3,   8.6,  84.8,   6.2
2026-02-12 13:00:00,3,7.0,9.0,6.6,937.5,7.7,85.9,5.5
2026-02-12 14:00:00,    3,   6.8,   8.9,   6.9,  948.7,   8.7,  78.6,   5.2
2026-02-12 15:00:00,3,6.7,8.8,7.3,950.4,9.5,73.9,5.1
2026-02-12 16:00:00,    3,   6.7,   8.7,   6.4,  941.6,   7.9,  81.3,   4.9
2026-02-12 17:00:00,    3,   6.8,   8.8,   6.8,  951.9,   8.6,  78.6,   5.1
2026-02-12 18:00:00,    3,   7.0,   9.0,   6.3,  943.2,   7.2,  88.9,   5.5
2026-02-12 19:00:00,3,7.1,9.2,6.4,943.9,7.1,90.8,5.7
2026-02-12 20:00:00,    3,   6.9,   8.9,   6.5,  954.2,   7.7,  84.7,   5.3
2026-02-12 21:00:00,    3,   6.3,   8.1,   5.0,  945.5,   6.0,  86.9,   4.0
2026-02-12 22:00:00,    3,   6.2,   8.0,   4.9,  946.1,   6.0,  85.7,   3.8
2026-02-12 23:00:00,3,6.7,8.7,5.8,956.2,6.6,88.9,4.9
2026-02-13 00:00:00,    3,   6.7,   8.6,   5.6,  947.1,   6.4,  89.5,   4.8
2026-02-13 01:00:00,3,6.4,8.3,6.0,957.2,7.6,79.5,4.3
2026-02-13 02:00:00,    3,   6.3,   8.2,   5.2,  948.3,   6.3,  85.8,   4.1
2026-02-13 03:00:00,3,6.2,8.0,4.9,948.6,6.0,85.7,3.8
2026-02-13 04:00:00,    3,   6.1,   7.8,   4.6,  948.9,   5.6,  85.7,   3.4
2026-02-13 05:00:00,3,5.9,7.6,4.8,958.3,6.5,78.3,3.0
2026-02-13 06:00:00,3,5.7,7.4,4.4,958.1,6.0,78.7,2.6
2026-02-13 07:00:00,3,5.6,7.2,3.9,958.5,5.3,80.9,2.3
2026-02-13 08:00:00,3,5.7,7.3,3.9,949.1,5.1,83.2,2.5
2026-02-13 09:00:00,    3,   6.1,   7.9,   4.3,  949.1,   5.0,  90.0,   3.5
2026-02-13 10:00:00,    3,   6.4,   8.3,   5.5,  948.5,   6.7,  84.0,   4.2
2026-02-13 11:00:00,    3,   5.7,   7.5,   5.7,  958.2,   8.3,  68.2,   2.8
2026-02-13 12:00:00,    3,   6.2,   8.0,   6.2,  958.0,   8.4,  72.7,   3.8
2026-02-13 13:00:00,    3,   6.0,   7.9,   6.1,  957.3,   8.5,  70.7,   3.5
2026-02-13 14:00:00,    3,   5.9,   7.6,   5.7,  947.0,   8.2,  70.1,   3.1
2026-02-13 15:00:00,    3,   5.9,   7.7,   5.8,  946.8,   8.2,  70.6,   3.2
2026-02-13 16:00:00,    3,   6.0,   7.8,   5.7,  946.7,   7.8,  73.6,   3.4
2026-02-13 17:00:00,    3,   6.3,   8.2,   6.1,  956.6,   8.0,  76.3,   4.1
2026-02-13 18:00:00,3,5.6,7.3,5.0,956.7,7.2,72.0,2.5
2026-02-13 19:00:00,3,6.3,8.1,4.8,946.9,5.7,88.2,3.9
2026-02-13 20:00:00,    3,   5.8,   7.5,   4.9,  956.7,   6.7,  76.6,   2.9
2026-02-13 21:00:00,    3,   6.1,   7.9,   4.5,  947.2,   5.4,  87.5,   3.5
2026-02-13 22:00:00,    3,   6.0,   7.7,   4.4,  947.0,   5.4,  86.3,   3.3
2026-02-13 23:00:00,    3,   6.0,   7.7,   4.3,  947.1,   5.3,  86.3,   3.2
2026-02-14 00:00:00,    3,   6.2,   8.0,   4.7,  957.3,   5.5,  88.8,   3.8
2026-02-14 01:00:00,3,5.9,7.6,4.3,947.6,5.4,85.1,3.1
2026-02-14 02:00:00,    3,   6.1,   7.8,   4.4,  948.1,   5.4,  86.9,   3.4
2026-02-14 03:00:00,3,5.9,7.5,4.2,948.1,5.4,83.9,2.9
2026-02-14 04:00:00,    3,   6.5,   8.4,   4.7,  958.9,   5.0,  95.9,   4.4
2026-02-14 05:00:00,    3,   6.5,   8.4,   4.7,  959.5,   5.0,  95.9,   4.4
2026-02-14 06:00:00,3,6.3,8.1,4.3,950.0,4.7,94.5,3.9
2026-02-14 07:00:00,3,6.2,7.9,4.1,951.3,4.6,93.2,3.6
2026-02-14 08:00:00,3,6.3,8.1,4.4,962.4,4.7,95.2,4.0
2026-02-14 09:00:00,    3,   6.3,   8.1,   4.3,  963.5,   4.6,  95.9,   4.0
2026-02-14 10:00:00,    3,   6.2,   8.0,   4.2,  964.6,   4.7,  93.2,   3.7
2026-02-14 11:00:00,    3,   6.2,   8.0,   4.4,  965.5,   5.0,  91.3,   3.7
2026-02-14 12:00:00,3,6.2,8.0,4.4,956.1,5.1,90.6,3.7
2026-02-14 13:00:00,    3,   5.9,   7.5,   3.4,  957.0,   3.9,  93.2,   2.9
2026-02-14 14:00:00,3,5.5,7.0,2.8,968.2,3.5,89.2,1.9
2026-02-14 15:00:00,3,5.3,6.7,2.4,969.5,3.2,87.3,1.3
2026-02-14 16:00:00,    3,   5.2,   6.7,   1.9,  960.7,   2.4,  91.7,   1.2
2026-02-14 17:00:00,    3,   4.9,   6.2,   1.0,  962.2,   1.6,  91.0,   0.3
2026-02-14 18:00:00,    3,   4.9,   6.2,   0.9,  974.1,   1.4,  91.7,   0.2
2026-02-14 19:00:00,    3,   4.7,   6.0,   0.7,  975.1,   1.3,  89.7,  -0.2
2026-02-14 20:00:00,    3,   4.7,   6.0,   0.5,  976.0,   1.0,  91.0,  -0.3
2026-02-14 21:00:00,    3,   4.7,   6.0,   0.4,  977.3,   0.8,  92.3,  -0.3
2026-02-14 22:00:00,3,4.6,5.8,0.0,967.7,0.5,91.0,-0.8
2026-02-14 23:00:00,    3,   4.5,   5.7,   0.1,  978.3,   0.9,  87.1,  -1.0
2026-02-15 00:00:00,3,4.2,5.3,-0.3,978.9,0.7,82.7,-1.9
2026-02-15 01:00:00,    3,   4.3,   5.5,  -0.5,  969.3,   0.2,  88.3,  -1.5
2026-02-15 02:00:00,3,4.1,5.2,-0.5,980.0,0.5,82.1,-2.2
2026-02-15 03:00:00,    3,   4.2,   5.2,  -1.0,  969.6,  -0.3,  87.6,  -2.1
2026-02-15 04:00:00,    3,   4.1,   5.2,  -1.0,  970.2,  -0.2,  85.7,  -2.3
2026-02-15 05:00:00,3,4.0,5.1,-1.0,970.4,-0.1,83.8,-2.5
2026-02-15 06:00:00,    3,   4.1,   5.1,  -0.8,  980.6,   0.2,  82.6,  -2.4
2026-02-15 07:00:00,    3,   4.1,   5.1,  -1.1,  971.1,  -0.3,  85.7,  -2.4
2026-02-15 08:00:00,    3,   4.1,   5.2,  -0.8,  980.6,   0.2,  83.2,  -2.3
2026-02-15 09:00:00,3,4.1,5.2,-0.4,980.7,0.6,82.1,-2.1
2026-02-15 10:00:00,3,4.1,5.2,-0.6,970.2,0.4,83.3,-2.1
2026-02-15 11:00:00,3,4.1,5.2,0.0,979.4,1.4,77.5,-2.1
2026-02-15 12:00:00,3,3.8,4.8,-0.3,968.3,1.5,70.9,-3.2
2026-02-15 13:00:00,    3,   3.8,   4.8,   0.2,  977.5,   2.3,  66.9,  -3.2
2026-02-15 14:00:00,    3,   4.2,   5.3,   0.7,  966.1,   2.4,  73.2,  -1.9
2026-02-15 15:00:00,    3,   4.1,   5.2,   0.6,  964.8,   2.5,  71.0,  -2.2
2026-02-15 16:00:00,    3,   4.0,   5.2,   0.8,  973.2,   2.8,  69.0,  -2.3
2026-02-15 17:00:00,    3,   4.2,   5.3,   0.3,  961.8,   1.8,  75.8,  -2.0
2026-02-15 18:00:00,    3,   4.2,   5.3,  -0.1,  960.3,   1.1,  79.7,  -2.0
2026-02-15 19:00:00,    3,   4.1,   5.2,   0.3,  968.6,   1.9,  74.7,  -2.1
2026-02-15 20:00:00,    3,   4.6,   5.8,  -0.1,  957.3,   0.4,  92.3,  -0.7
2026-02-15 21:00:00,    3,   4.7,   6.0,  -0.1,  965.4,   0.1,  97.1,  -0.3
2026-02-15 22:00:00,    3,   4.8,   6.0,  -0.1,  963.3,   0.0,  98.6,  -0.2
2026-02-15 23:00:00,3,4.9,6.2,0.4,953.0,0.6,97.1,0.2
2026-02-16 00:00:00,3,5.1,6.5,1.5,962.1,2.0,92.4,0.9
2026-02-16 01:00:00,3,5.3,6.8,2.2,952.4,2.9,89.8,1.4
2026-02-16 02:00:00,3,5.6,7.1,2.9,952.3,3.6,89.9,2.1
2026-02-16 03:00:00,3,5.6,7.2,3.2,951.6,3.9,89.3,2.3
2026-02-16 04:00:00,    3,   6.0,   7.6,   3.6,  951.9,   4.1,  93.2,   3.1
2026-02-16 05:00:00,    3,   5.9,   7.5,   4.0,  961.6,   5.0,  86.2,   2.9
2026-02-16 06:00:00,    3,   5.7,   7.3,   3.7,  962.0,   4.8,  84.4,   2.4
2026-02-16 07:00:00,    3,   5.9,   7.6,   4.0,  962.9,   4.9,  87.5,   3.0
2026-02-16 08:00:00,3,5.5,7.0,3.6,953.3,5.0,80.3,1.9
2026-02-16 09:00:00,    3,   5.7,   7.4,   4.8,  963.0,   6.8,  74.5,   2.6
2026-02-16 10:00:00,    3,   5.8,   7.5,   5.0,  962.8,   6.9,  75.6,   2.9
2026-02-16 11:00:00,    3,   5.4,   7.0,   5.1,  962.2,   8.0,  64.8,   1.8
2026-02-16 12:00:00,    3,   5.7,   7.4,   5.5,  952.2,   8.1,  68.1,   2.6
2026-02-16 13:00:00,    3,   5.1,   6.7,   5.5,  960.8,   9.1,  58.0,   1.3
2026-02-16 14:00:00,    3,   5.6,   7.3,   4.8,  960.3,   7.0,  72.4,   2.4
2026-02-16 15:00:00,    3,   6.1,   7.9,   5.2,  959.9,   6.7,  80.5,   3.6
2026-02-16 16:00:00,3,5.4,6.9,3.2,951.3,4.5,82.0,1.7
2026-02-16 17:00:00,3,5.2,6.7,3.0,952.0,4.4,79.6,1.2
2026-02-16 18:00:00,    3,   5.2,   6.6,   2.7,  953.7,   4.0,  81.3,   1.1
2026-02-16 19:00:00,    3,   5.1,   6.5,   2.8,  964.0,   4.3,  77.9,   0.8
2026-02-16 20:00:00,    3,   5.2,   6.6,   3.0,  964.1,   4.6,  77.9,   1.1
2026-02-16 21:00:00,    3,   5.1,   6.6,   3.1,  964.1,   4.8,  76.3,   1.0
2026-02-16 22:00:00,    3,   5.2,   6.7,   3.1,  964.3,   4.6,  79.1,   1.3
2026-02-16 23:00:00,    3,   5.1,   6.6,   2.5,  964.0,   3.6,  83.0,   1.0
2026-02-17 00:00:00,    3,   5.2,   6.6,   2.9,  963.9,   4.3,  79.6,   1.1
2026-02-17 01:00:00,    3,   5.4,   6.9,   2.5,  954.7,   3.3,  88.6,   1.6
2026-02-17 02:00:00,    3,   5.1,   6.5,   2.2,  955.6,   3.3,  83.6,   0.8
2026-02-17 03:00:00,    3,   4.9,   6.2,   2.2,  965.7,   3.7,  78.4,   0.3
2026-02-17 04:00:00,    3,   4.8,   6.1,   1.2,  957.2,   2.2,  84.7,  -0.1
2026-02-17 05:00:00,    3,   4.7,   6.0,   1.0,  958.4,   1.9,  85.9,  -0.2
2026-02-17 06:00:00,3,4.8,6.2,1.2,959.4,2.0,87.2,0.1
2026-02-17 07:00:00,    3,   4.8,   6.2,   1.4,  960.6,   2.4,  84.7,   0.1
2026-02-17 08:00:00,    3,   4.9,   6.2,   1.8,  961.2,   2.9,  82.3,   0.2
2026-02-17 09:00:00,    3,   5.0,   6.4,   2.5,  961.4,   3.9,  79.5,   0.7
2026-02-17 10:00:00,    3,   5.1,   6.6,   3.3,  961.9,   5.1,  75.3,   1.1
2026-02-17 11:00:00,    3,   5.0,   6.5,   3.6,  962.2,   5.8,  70.1,   0.8
2026-02-17 12:00:00,    3,   4.2,   5.4,   3.0,  962.0,   6.3,  56.9,  -1.6
2026-02-17 13:00:00,3,5.0,6.4,2.3,962.5,3.6,80.7,0.6
2026-02-17 14:00:00,    3,   5.5,   7.1,   3.0,  972.7,   3.8,  88.0,   2.0
2026-02-17 15:00:00,3,5.0,6.4,2.8,963.2,4.5,75.7,0.6
2026-02-17 16:00:00,3,5.1,6.5,2.2,973.9,3.3,83.6,0.8
2026-02-17 17:00:00,    3,   5.1,   6.5,   1.9,  964.9,   2.8,  86.6,   0.8
2026-02-17 18:00:00,    3,   5.1,   6.5,   2.5,  976.2,   3.7,  81.8,   0.9
2026-02-17 19:00:00,    3,   4.9,   6.2,   1.5,  967.4,   2.4,  85.9,   0.3
2026-02-17 20:00:00,3,4.5,5.8,1.1,967.8,2.5,78.8,-0.8
2026-02-17 21:00:00,    3,   4.3,   5.5,   1.3,  978.4,   3.2,  71.2,  -1.5
2026-02-17 22:00:00,    3,   4.1,   5.2,   1.0,  978.8,   3.1,  68.6,  -2.1
2026-02-17 23:00:00,3,4.2,5.3,0.3,968.9,1.8,75.8,-2.0
2026-02-18 00:00:00,    3,   4.2,   5.3,   0.4,  968.8,   1.9,  75.8,  -1.9
2026-02-18 01:00:00,    3,   4.0,   5.1,   0.2,  979.1,   1.8,  73.6,  -2.4
2026-02-18 02:00:00,3,4.3,5.4,-0.2,968.9,0.7,84.5,-1.6
2026-02-18 03:00:00,    3,   4.0,   5.1,  -1.3,  968.3,  -0.5,  86.3,  -2.5
2026-02-18 04:00:00,    3,   4.0,   5.1,   0.0,  978.0,   1.5,  74.7,  -2.5
2026-02-18 05:00:00,    3,   4.1,   5.1,  -0.9,  967.7,   0.1,  83.2,  -2.4
2026-02-18 06:00:00,    3,   3.8,   4.8,  -2.3,  967.4,  -1.7,  88.8,  -3.3
2026-02-18 07:00:00,    3,   3.9,   4.9,  -1.5,  967.4,  -0.7,  85.0,  -2.9
2026-02-18 08:00:00,    3,   4.1,   5.1,  -0.7,  967.3,   0.4,  81.4,  -2.4
2026-02-18 09:00:00,    3,   4.1,   5.2,  -0.2,  967.7,   1.2,  77.4,  -2.3
2026-02-18 10:00:00,    3,   4.1,   5.3,   0.8,  976.9,   2.6,  71.6,  -2.0
2026-02-18 11:00:00,    3,   4.1,   5.2,   0.5,  966.6,   2.2,  73.1,  -2.1
2026-02-18 12:00:00,3,3.9,4.9,0.7,965.1,3.1,64.6,-2.9
2026-02-18 13:00:00,3,3.8,4.9,0.9,963.9,3.4,62.8,-3.0
2026-02-18 14:00:00,3,4.0,5.2,1.4,963.9,3.9,63.9,-2.3
2026-02-18 15:00:00,3,3.8,4.9,1.6,972.7,4.6,57.7,-3.0
2026-02-18 16:00:00,    3,   4.8,   6.2,   1.7,  961.8,   2.8,  82.3,   0.1
2026-02-18 17:00:00,    3,   5.0,   6.3,   1.4,  961.1,   2.1,  89.1,   0.5
2026-02-18 18:00:00,    3,   5.0,   6.3,   1.4,  960.7,   2.1,  89.1,   0.5
2026-02-18 19:00:00,3,4.7,6.0,1.9,970.5,3.6,75.5,-0.3
2026-02-18 20:00:00,3,5.0,6.4,1.5,959.8,2.2,89.1,0.6
2026-02-18 21:00:00,3,5.0,6.3,1.8,958.9,2.7,85.4,0.5
2026-02-18 22:00:00,3,5.0,6.4,1.7,958.3,2.4,88.5,0.7
2026-02-18 23:00:00,3,5.0,6.3,0.9,957.0,1.2,94.4,0.4
2026-02-19 00:00:00,    3,   5.1,   6.4,   1.2,  966.5,   1.5,  94.4,   0.7
2026-02-19 01:00:00,    3,   5.0,   6.4,   0.9,  955.9,   1.2,  95.7,   0.6
2026-02-19 02:00:00,    3,   5.0,   6.4,   0.9,  955.0,   1.2,  95.7,   0.6
2026-02-19 03:00:00,    3,   5.1,   6.5,   1.5,  964.1,   2.0,  91.7,   0.8
2026-02-19 04:00:00,    3,   5.1,   6.5,   1.3,  953.8,   1.5,  95.8,   0.9
2026-02-19 05:00:00,    3,   5.2,   6.6,   1.5,  954.0,   1.8,  94.4,   1.0
2026-02-19 06:00:00,    3,   5.2,   6.6,   1.3,  953.9,   1.5,  96.5,   1.0
2026-02-19 07:00:00,    3,   5.1,   6.5,   1.2,  953.6,   1.4,  96.5,   0.9
2026-02-19 08:00:00,    3,   5.2,   6.6,   1.6,  953.7,   1.9,  94.4,   1.1
2026-02-19 09:00:00,    3,   5.2,   6.7,   1.7,  953.9,   2.1,  93.7,   1.2
2026-02-19 10:00:00,    3,   5.4,   6.9,   2.4,  964.1,   2.9,  91.8,   1.7
2026-02-19 11:00:00,    3,   5.6,   7.1,   2.5,  954.8,   2.8,  95.1,   2.1
2026-02-19 12:00:00,    3,   5.8,   7.4,   2.9,  954.7,   3.1,  96.5,   2.6
2026-02-19 13:00:00,    3,   5.8,   7.4,   3.0,  964.8,   3.4,  94.5,   2.6
2026-02-19 14:00:00,    3,   6.0,   7.7,   3.6,  955.1,   4.0,  94.5,   3.2
2026-02-19 15:00:00,    3,   5.9,   7.6,   3.7,  965.8,   4.3,  91.2,   3.0
2026-02-19 16:00:00,    3,   5.8,   7.5,   3.6,  966.1,   4.2,  90.6,   2.8
2026-02-19 17:00:00,    3,   5.6,   7.1,   3.0,  967.0,   3.8,  88.6,   2.1
2026-02-19 18:00:00,    3,   5.4,   6.9,   2.4,  957.9,   3.0,  91.1,   1.7
2026-02-19 19:00:00,3,5.3,6.8,2.1,958.8,2.6,91.8,1.4
2026-02-19 20:00:00,    3,   5.2,   6.7,   1.7,  970.2,   2.0,  94.4,   1.2
2026-02-19 21:00:00,    3,   5.1,   6.5,   1.5,  971.4,   2.0,  91.7,   0.8
2026-02-19 22:00:00,3,5.0,6.4,1.1,961.9,1.5,93.7,0.6
2026-02-19 23:00:00,3,5.0,6.3,0.9,973.6,1.2,94.4,0.4
2026-02-20 00:00:00,    3,   4.9,   6.2,   0.7,  964.7,   1.0,  95.0,   0.3
2026-02-20 01:00:00,    3,   4.9,   6.2,   0.6,  965.7,   0.9,  94.4,   0.1
2026-02-20 02:00:00,    3,   4.9,   6.2,   0.8,  976.9,   1.2,  93.7,   0.3
2026-02-20 03:00:00,    3,   4.9,   6.2,   0.7,  978.2,   1.0,  94.4,   0.2
2026-02-20 04:00:00,3,4.7,5.9,0.3,968.7,0.8,91.0,-0.5
2026-02-20 05:00:00,    3,   4.8,   6.0,   0.3,  970.0,   0.6,  94.3,  -0.2
2026-02-20 06:00:00,3,4.7,6.0,0.5,971.3,1.0,91.0,-0.3
2026-02-20 07:00:00,3,4.7,5.9,0.5,982.3,1.1,89.7,-0.4
2026-02-20 08:00:00,    3,   4.8,   6.1,   0.7,  973.3,   1.2,  91.0,  -0.1
2026-02-20 09:00:00,    3,   4.9,   6.3,   1.3,  974.2,   1.9,  89.7,   0.4
2026-02-20 10:00:00,    3,   4.9,   6.3,   1.8,  974.6,   2.9,  83.5,   0.4
2026-02-20 11:00:00,    3,   4.9,   6.3,   2.6,  985.4,   4.1,  77.3,   0.5
2026-02-20 12:00:00,    3,   5.0,   6.4,   2.6,  975.1,   4.0,  79.0,   0.7
2026-02-20 13:00:00,    3,   5.3,   6.9,   3.3,  975.3,   4.7,  80.2,   1.6
2026-02-20 14:00:00,    3,   5.3,   6.8,   3.5,  975.3,   5.1,  76.9,   1.4
2026-02-20 15:00:00,    3,   5.4,   6.9,   3.5,  985.7,   4.9,  79.7,   1.7
2026-02-20 16:00:00,    3,   5.5,   7.1,   3.6,  985.7,   4.9,  81.4,   2.0
2026-02-20 17:00:00,    3,   5.7,   7.3,   3.7,  975.8,   4.7,  85.0,   2.4
2026-02-20 18:00:00,3,5.5,7.1,3.4,986.3,4.4,84.9,2.1
2026-02-20 19:00:00,    3,   5.7,   7.3,   3.6,  986.5,   4.5,  86.2,   2.4
2026-02-20 20:00:00,    3,   6.0,   7.7,   4.0,  986.4,   4.7,  90.0,   3.2
2026-02-20 21:00:00,    3,   5.7,   7.4,   4.0,  976.7,   5.2,  83.2,   2.6
2026-02-20 22:00:00,    3,   5.9,   7.6,   4.2,  986.6,   5.2,  86.3,   3.1
2026-02-20 23:00:00,3,6.0,7.7,4.3,986.5,5.1,88.1,3.3
2026-02-21 00:00:00,3,5.9,7.6,4.2,985.8,5.2,86.3,3.1
2026-02-21 01:00:00,    3,   5.8,   7.4,   4.2,  985.3,   5.5,  82.1,   2.7
2026-02-21 02:00:00,3,5.6,7.3,4.2,984.8,5.8,78.7,2.4
2026-02-21 03:00:00,    3,   5.6,   7.3,   4.3,  984.5,   6.0,  77.6,   2.4
2026-02-21 04:00:00,    3,   5.7,   7.3,   4.1,  974.9,   5.4,  81.5,   2.5
2026-02-21 05:00:00,3,5.9,7.6,4.2,974.7,5.3,85.0,3.0
2026-02-21 06:00:00,    3,   6.1,   7.9,   5.0,  984.6,   6.2,  83.4,   3.6
2026-02-21 07:00:00,    3,   6.1,   7.9,   4.7,  975.4,   5.7,  86.3,   3.6
2026-02-21 08:00:00,    3,   6.3,   8.1,   5.3,  975.9,   6.5,  83.4,   3.9
2026-02-21 09:00:00,    3,   7.0,   9.0,   6.1,  986.2,   6.7,  92.0,   5.5
2026-02-21 10:00:00,    3,   6.9,   9.0,   6.0,  976.6,   6.6,  92.0,   5.4
2026-02-21 11:00:00,    3,   6.7,   8.6,   5.8,  976.9,   6.7,  87.6,   4.8
2026-02-21 12:00:00,    3,   6.8,   8.8,   6.0,  976.5,   6.8,  88.9,   5.1
2026-02-21 13:00:00,    3,   7.1,   9.2,   6.3,  976.0,   6.9,  92.0,   5.7
2026-02-21 14:00:00,    3,   7.4,   9.6,   7.0,  976.0,   7.6,  92.1,   6.4
2026-02-21 15:00:00,    3,   7.8,  10.1,   7.5,  976.1,   8.0,  94.0,   7.1
2026-02-21 16:00:00,    3,   8.0,  10.4,   7.9,  976.6,   8.3,  94.7,   7.5
2026-02-21 17:00:00,3,7.7,10.0,7.7,976.7,8.5,90.3,7.0
2026-02-21 18:00:00,    3,   7.8,  10.1,   7.7,  977.3,   8.4,  91.5,   7.1
2026-02-21 19:00:00,    3,   7.5,   9.8,   7.6,  977.9,   8.6,  87.8,   6.7
2026-02-21 20:00:00,    3,   7.4,   9.6,   7.4,  978.2,   8.4,  87.2,   6.4
2026-02-21 21:00:00,    3,   7.2,   9.4,   7.7,  988.6,   9.4,  79.3,   6.0
2026-02-21 22:00:00,    3,   7.1,   9.2,   7.3,  988.4,   8.9,  80.9,   5.8
2026-02-21 23:00:00,    3,   7.1,   9.2,   7.4,  988.3,   9.1,  79.8,   5.8
2026-02-22 00:00:00,    3,   7.1,   9.2,   7.7,  988.1,   9.6,  77.1,   5.8
2026-02-22 01:00:00,    3,   6.9,   9.0,   7.2,  987.7,   8.9,  79.2,   5.5
2026-02-22 02:00:00,    3,   6.9,   8.9,   6.9,  987.3,   8.4,  80.8,   5.3
2026-02-22 03:00:00,    3,   6.8,   8.9,   6.8,  976.6,   8.4,  80.2,   5.2
2026-02-22 04:00:00,3,6.8,8.8,6.7,976.3,8.3,80.2,5.1
2026-02-22 05:00:00,    3,   7.5,   9.8,   7.7,  985.9,   8.9,  85.5,   6.6
2026-02-22 06:00:00,3,7.1,9.2,6.9,975.7,8.0,85.9,5.8
2026-02-22 07:00:00,3,7.6,9.9,7.9,985.7,9.1,85.5,6.8
2026-02-22 08:00:00,    3,   7.3,   9.6,   7.3,  975.9,   8.4,  86.6,   6.3
2026-02-22 09:00:00,    3,   7.8,  10.2,   8.6,  986.0,  10.0,  83.3,   7.3
2026-02-22 10:00:00,    3,   7.8,  10.2,   9.0,  986.1,  10.8,  78.9,   7.3
2026-02-22 11:00:00,3,7.8,10.2,9.1,986.0,11.2,76.9,7.3
2026-02-22 12:00:00,3,7.7,10.1,8.9,975.3,11.0,76.8,7.1
2026-02-22 13:00:00,3,7.8,10.2,9.4,985.0,11.8,73.9,7.3
2026-02-22 14:00:00,    3,   7.6,  10.0,   9.2,  984.6,  11.7,  72.8,   7.0
2026-02-22 15:00:00,    3,   7.8,  10.3,   9.6,  984.1,  12.1,  72.9,   7.4
2026-02-22 16:00:00,3,7.9,10.3,9.1,983.9,11.0,78.4,7.4
2026-02-22 17:00:00,    3,   7.9,  10.4,   9.1,  983.8,  10.8,  80.0,   7.5
2026-02-22 18:00:00,3,7.8,10.2,9.1,983.9,11.1,77.4,7.3
2026-02-22 19:00:00,    3,   7.5,   9.8,   8.4,  973.6,  10.3,  78.3,   6.7
2026-02-22 20:00:00,    3,   7.7,  10.1,   9.0,  983.4,  11.2,  75.8,   7.1
2026-02-22 21:00:00,    3,   7.6,  10.0,   8.5,  973.4,  10.3,  79.4,   6.9
2026-02-22 22:00:00,    3,   8.1,  10.6,   9.0,  983.4,  10.3,  84.4,   7.8
2026-02-22 23:00:00,    3,   8.2,  10.7,   8.7,  983.0,   9.6,  89.7,   8.0
2026-02-23 00:00:00,    3,   7.9,  10.4,   8.6,  983.2,   9.8,  85.6,   7.5
2026-02-23 01:00:00,    3,   7.6,  10.0,   7.8,  972.8,   8.8,  87.8,   6.9
2026-02-23 02:00:00,3,7.8,10.2,8.3,982.8,9.5,85.5,7.2
2026-02-23 03:00:00,    3,   7.6,  10.0,   7.8,  972.5,   8.8,  87.8,   6.9
2026-02-23 04:00:00,    3,   7.7,  10.0,   7.8,  972.4,   8.6,  89.6,   7.0
2026-02-23 05:00:00,    3,   7.7,  10.1,   8.1,  982.4,   9.3,  86.1,   7.1
2026-02-23 06:00:00,    3,   7.6,   9.9,   7.6,  972.5,   8.5,  89.0,   6.8
2026-02-23 07:00:00,    3,   7.4,   9.6,   7.5,  972.2,   8.7,  85.4,   6.4
2026-02-23 08:00:00,    3,   7.4,   9.6,   7.7,  972.3,   9.1,  83.1,   6.4
2026-02-23 09:00:00,    3,   7.5,   9.8,   8.0,  972.4,   9.6,  81.5,   6.6
2026-02-23 10:00:00,    3,   7.6,  10.0,   8.9,  982.5,  11.0,  75.8,   6.9
2026-02-23 11:00:00,    3,   7.2,   9.4,   8.8,  982.3,  11.7,  68.4,   6.1
2026-02-23 12:00:00,3,6.8,9.0,8.8,982.1,12.4,62.3,5.4
2026-02-23 13:00:00,3,6.8,8.9,8.6,971.2,12.1,63.1,5.3
2026-02-23 14:00:00,    3,   6.2,   8.1,   8.2,  981.5,  12.4,  56.4,   4.0
2026-02-23 15:00:00,    3,   6.0,   7.9,   7.9,  981.3,  12.1,  56.0,   3.6
2026-02-23 16:00:00,    3,   6.0,   7.9,   7.3,  971.5,  10.9,  60.2,   3.5
2026-02-23 17:00:00,    3,   6.3,   8.3,   7.3,  971.5,  10.4,  65.4,   4.2
2026-02-23 18:00:00,3,6.5,8.5,7.5,971.3,10.5,66.8,4.6
2026-02-23 19:00:00,    3,   6.9,   9.0,   7.6,  971.3,   9.9,  73.5,   5.4
2026-02-23 20:00:00,    3,   6.6,   8.7,   8.0,  981.4,  11.2,  65.1,   4.9
2026-02-23 21:00:00,    3,   6.9,   9.0,   8.1,  981.6,  10.8,  69.7,   5.5
2026-02-23 22:00:00,    3,   6.6,   8.7,   7.3,  972.0,   9.8,  71.5,   4.9
2026-02-23 23:00:00,    3,   6.7,   8.8,   7.5,  971.9,   9.9,  72.0,   5.1
2026-02-24 00:00:00,3,7.0,9.1,7.5,972.2,9.5,76.6,5.6
2026-02-24 01:00:00,    3,   7.6,   9.8,   7.5,  971.9,   8.3,  89.6,   6.7
2026-02-24 02:00:00,3,7.8,10.1,7.4,971.7,7.8,95.3,7.1
2026-02-24 03:00:00,    3,   7.9,  10.3,   7.6,  971.0,   7.8,  97.3,   7.4
2026-02-24 04:00:00,3,8.3,10.7,8.0,980.7,8.1,99.3,8.0
2026-02-24 05:00:00,    3,   8.1,  10.6,   8.3,  970.4,   8.9,  92.8,   7.8
2026-02-24 06:00:00,    3,   8.2,  10.7,   8.6,  971.0,   9.2,  92.2,   8.0
2026-02-24 07:00:00,    3,   8.3,  10.9,   8.7,  971.8,   9.2,  93.4,   8.2
2026-02-24 08:00:00,    3,   9.1,  11.9,   9.7,  982.7,  10.0,  96.7,   9.5
2026-02-24 09:00:00,    3,   9.0,  11.8,   9.5,  972.9,   9.7,  98.0,   9.4
2026-02-24 10:00:00,    3,   8.8,  11.6,   9.5,  973.3,  10.0,  94.1,   9.1
2026-02-24 11:00:00,3,8.9,11.6,9.4,973.4,9.8,95.4,9.1
2026-02-24 12:00:00,    3,   8.7,  11.4,   9.3,  973.5,   9.8,  94.1,   8.9
2026-02-24 13:00:00,    3,   8.9,  11.6,   9.3,  983.8,   9.6,  96.7,   9.1
2026-02-24 14:00:00,3,9.0,11.8,9.7,984.1,10.0,96.0,9.4
2026-02-24 15:00:00,    3,   9.0,  11.7,   9.6,  984.3,  10.0,  95.4,   9.3
2026-02-24 16:00:00,3,9.2,12.0,9.7,984.4,9.9,98.0,9.6
2026-02-24 17:00:00,    3,   8.9,  11.6,   9.4,  974.5,   9.6,  97.3,   9.2
2026-02-24 18:00:00,    3,   9.1,  11.9,   9.6,  985.2,   9.7,  98.7,   9.5
2026-02-24 19:00:00,    3,   9.2,  12.0,   9.7,  985.4,   9.8,  99.3,   9.7
2026-02-24 20:00:00,    3,   8.8,  11.5,   9.1,  975.0,   9.2,  98.7,   9.0
2026-02-24 21:00:00,3,8.9,11.6,9.3,985.1,9.4,98.7,9.2
2026-02-24 22:00:00,    3,   8.5,  11.1,   8.5,  985.1,   8.5, 100.0,   8.5
2026-02-24 23:00:00,    3,   8.0,  10.3,   7.4,  974.6,   7.5,  99.3,   7.4
2026-02-25 00:00:00,3,7.7,10.0,6.9,975.0,6.9,100.0,6.9
2026-02-25 01:00:00,    3,   8.2,  10.6,   7.8,  985.1,   7.8, 100.0,   7.8
2026-02-25 02:00:00,    3,   7.5,   9.8,   6.6,  974.4,   6.6, 100.0,   6.6
2026-02-25 03:00:00,3,7.9,10.2,7.2,984.8,7.2,100.0,7.2
2026-02-25 04:00:00,3,7.8,10.1,7.1,985.0,7.1,100.0,7.1
2026-02-25 05:00:00,3,6.8,8.8,5.1,975.0,5.1,100.0,5.1
2026-02-25 06:00:00,    3,   7.4,   9.6,   6.4,  985.5,   6.5,  99.3,   6.4
2026-02-25 07:00:00,3,6.8,8.8,5.1,975.4,5.1,100.0,5.1
2026-02-25 08:00:00,    3,   7.1,   9.1,   5.6,  985.9,   5.6, 100.0,   5.6
2026-02-25 09:00:00,3,7.4,9.5,6.2,975.5,6.2,100.0,6.2
2026-02-25 10:00:00,3,7.6,9.9,7.1,986.1,7.5,95.3,6.8
2026-02-25 11:00:00,    3,   8.0,  10.5,   8.7,  986.3,   9.9,  86.2,   7.7
2026-02-25 12:00:00,    3,   8.2,  10.7,   9.7,  985.8,  11.7,  78.0,   8.0
2026-02-25 13:00:00,    3,   8.7,  11.6,  11.3,  985.3,  14.0,  72.3,   9.1
2026-02-25 14:00:00,    3,   8.2,  10.9,  11.1,  974.9,  14.8,  64.6,   8.2
2026-02-25 15:00:00,3,8.7,11.6,12.0,984.8,15.6,65.6,9.2
2026-02-25 16:00:00,    3,   8.5,  11.3,  11.7,  975.0,  15.5,  64.3,   8.8
2026-02-25 17:00:00,    3,   8.4,  11.0,  10.3,  975.4,  12.6,  75.5,   8.4
2026-02-25 18:00:00,    3,   7.5,   9.9,  10.1,  985.4,  13.8,  62.6,   6.8
2026-02-25 19:00:00,3,7.2,9.4,7.4,976.1,8.8,83.1,6.1
2026-02-25 20:00:00,    3,   7.0,   9.1,   6.4,  976.2,   7.2,  89.5,   5.6
2026-02-25 21:00:00,3,7.0,9.1,6.2,976.5,6.7,92.7,5.6
2026-02-25 22:00:00,    3,   7.3,   9.5,   7.3,  986.2,   8.5,  85.4,   6.2
2026-02-25 23:00:00,    3,   7.2,   9.3,   6.7,  986.3,   7.5,  89.6,   5.9
2026-02-26 00:00:00,    3,   6.3,   8.1,   4.0,  976.8,   4.0,  99.3,   3.9
2026-02-26 01:00:00,    3,   6.9,   9.0,   6.0,  986.5,   6.6,  92.0,   5.4
2026-02-26 02:00:00,    3,   5.9,   7.6,   3.0,  976.6,   3.0, 100.0,   3.0
2026-02-26 03:00:00,    3,   6.7,   8.7,   5.2,  986.4,   5.5,  95.9,   4.9
2026-02-26 04:00:00,    3,   6.6,   8.5,   5.1,  986.6,   5.4,  95.2,   4.7
2026-02-26 05:00:00,    3,   5.7,   7.3,   2.4,  977.1,   2.4, 100.0,   2.4
2026-02-26 06:00:00,    3,   5.4,   6.9,   1.7,  977.3,   1.8,  98.6,   1.6
2026-02-26 07:00:00,    3,   5.5,   7.0,   2.0,  977.6,   2.1,  97.9,   1.8
2026-02-26 08:00:00,3,6.2,8.0,4.1,977.9,4.4,95.2,3.7
2026-02-26 09:00:00,3,6.9,9.0,6.5,977.7,7.6,85.9,5.4
2026-02-26 10:00:00,3,8.1,10.7,9.7,977.6,11.9,76.4,7.9
2026-02-26 11:00:00,3,8.3,11.0,10.7,977.7,13.6,70.3,8.3
2026-02-26 12:00:00,3,9.0,12.0,12.2,977.6,15.6,67.4,9.6
2026-02-26 13:00:00,    3,   8.4,  11.3,  12.2,  977.1,  16.8,  58.8,   8.7
2026-02-26 14:00:00,    3,   8.8,  11.9,  13.0,  976.7,  17.7,  58.6,   9.5
2026-02-26 15:00:00,    3,   8.7,  11.6,  13.1,  976.2,  18.4,  55.0,   9.2
2026-02-26 16:00:00,    3,   8.3,  11.1,  12.4,  986.2,  17.4,  55.8,   8.5
2026-02-26 17:00:00,3,6.6,8.9,10.9,976.6,17.4,44.5,5.2
2026-02-26 18:00:00,3,8.5,11.3,11.5,986.5,15.0,66.4,8.8
2026-02-26 19:00:00,3,8.5,11.3,11.3,986.6,14.7,67.2,8.7
2026-02-26 20:00:00,3,8.4,11.1,10.5,986.7,12.8,75.1,8.5
2026-02-26 21:00:00,3,8.3,10.9,9.7,986.8,11.4,80.7,8.2
2026-02-26 22:00:00,3,8.1,10.6,9.1,986.5,10.6,82.8,7.8
2026-02-26 23:00:00,    3,   7.4,   9.7,   8.0,  986.3,   9.6,  80.9,   6.5
2026-02-27 00:00:00,3,6.3,8.1,4.8,976.4,5.6,89.4,4.0
2026-02-27 01:00:00,    3,   6.5,   8.4,   4.7,  976.2,   5.0,  95.9,   4.4
2026-02-27 02:00:00,    3,   6.3,   8.1,   4.2,  975.9,   4.4,  96.5,   3.9
2026-02-27 03:00:00,3,5.9,7.5,3.1,975.6,3.4,95.8,2.8
2026-02-27 04:00:00,    3,   6.7,   8.7,   5.9,  984.9,   6.9,  87.0,   4.9
2026-02-27 05:00:00,    3,   6.5,   8.4,   5.5,  984.8,   6.5,  87.0,   4.5
2026-02-27 06:00:00,    3,   6.4,   8.2,   4.9,  984.8,   5.7,  89.4,   4.1
2026-02-27 07:00:00,    3,   5.5,   7.0,   2.1,  975.2,   2.3,  97.2,   1.9
2026-02-27 08:00:00,    3,   6.5,   8.4,   5.9,  984.9,   7.3,  82.3,   4.5
2026-02-27 09:00:00,    3,   6.9,   9.0,   7.8,  984.5,  10.2,  72.5,   5.5
2026-02-27 10:00:00,    3,   8.3,  11.0,  10.9,  974.6,  14.1,  68.5,   8.4
2026-02-27 11:00:00,    3,   7.7,  10.3,  11.9,  974.1,  17.4,  51.8,   7.4
2026-02-27 12:00:00,    3,   6.0,   8.1,  11.4,  973.5,  19.7,  35.1,   3.9
2026-02-27 13:00:00,3,7.1,9.6,12.6,982.2,20.3,40.3,6.4
2026-02-27 14:00:00,    3,   5.0,   6.8,  11.2,  981.6,  21.1,  27.0,   1.4
2026-02-27 15:00:00,    3,   6.6,   8.9,  12.3,  971.7,  20.7,  36.5,   5.3
2026-02-27 16:00:00,    3,   7.1,   9.6,  12.3,  971.5,  19.7,  41.6,   6.3
2026-02-27 17:00:00,3,6.6,8.9,11.1,971.6,17.8,43.7,5.3
2026-02-27 18:00:00,    3,   6.4,   8.6,  10.9,  981.1,  17.6,  42.7,   4.8
2026-02-27 19:00:00,    3,   6.0,   8.0,   9.7,  981.3,  15.9,  44.0,   3.7
2026-02-27 20:00:00,    3,   5.9,   7.9,   9.1,  981.5,  14.7,  46.9,   3.5
2026-02-27 21:00:00,    3,   6.0,   7.9,   8.9,  981.5,  14.2,  48.8,   3.6
2026-02-27 22:00:00,3,6.0,7.8,6.8,972.5,10.0,63.4,3.4
2026-02-27 23:00:00,    3,   5.7,   7.4,   5.6,  972.4,   8.2,  68.2,   2.7
2026-02-28 00:00:00,3,5.8,7.5,4.8,972.3,6.6,76.6,2.8
2026-02-28 01:00:00,    3,   5.2,   6.7,   3.3,  972.1,   4.8,  78.0,   1.3
2026-02-28 02:00:00,3,5.1,6.6,3.0,971.9,4.5,77.9,1.0
2026-02-28 03:00:00,    3,   6.1,   7.9,   5.7,  982.0,   7.7,  75.2,   3.6
2026-02-28 04:00:00,    3,   6.0,   7.7,   5.0,  982.5,   6.5,  79.9,   3.3
2026-02-28 05:00:00,    3,   6.0,   7.7,   5.0,  983.2,   6.6,  79.4,   3.3
2026-02-28 06:00:00,    3,   5.5,   7.0,   2.9,  973.5,   3.7,  88.0,   1.9
2026-02-28 07:00:00,    3,   5.5,   7.1,   3.4,  974.3,   4.4,  84.9,   2.1
2026-02-28 08:00:00,3,6.7,8.7,6.5,974.6,8.0,80.7,4.9
2026-02-28 09:00:00,3,6.7,8.8,7.1,974.7,9.2,75.5,5.1
2026-02-28 10:00:00,    3,   7.3,   9.6,   9.6,  975.0,  13.1,  63.7,   6.4
2026-02-28 11:00:00,    3,   7.0,   9.3,   9.8,  984.9,  14.1,  57.7,   5.9
2026-02-28 12:00:00,    3,   6.9,   9.2,  10.1,  984.8,  14.9,  54.0,   5.7
2026-02-28 13:00:00,    3,   6.9,   9.1,   9.5,  975.3,  13.7,  58.0,   5.6
2026-02-28 14:00:00,    3,   7.0,   9.3,   9.5,  975.4,  13.6,  59.6,   5.9
2026-02-28 15:00:00,    3,   7.2,   9.5,   9.6,  975.6,  13.3,  62.0,   6.2
2026-02-28 16:00:00,    3,   7.2,   9.4,   8.9,  976.0,  11.9,  67.5,   6.1
2026-02-28 17:00:00,    3,   7.0,   9.2,   8.3,  976.3,  11.0,  70.2,   5.8
2026-02-28 18:00:00,    3,   7.0,   9.2,   8.0,  976.7,  10.5,  72.1,   5.7
2026-02-28 19:00:00,    3,   5.9,   7.8,   7.3,  987.0,  11.1,  58.9,   3.4
2026-02-28 20:00:00,3,6.6,8.7,7.4,977.5,9.8,71.5,4.9
2026-02-28 21:00:00,    3,   6.6,   8.6,   7.2,  987.9,   9.5,  72.4,   4.8
2026-02-28 22:00:00,    3,   6.5,   8.5,   7.1,  987.9,   9.4,  72.4,   4.7
2026-02-28 23:00:00,3,6.6,8.6,6.6,978.3,8.4,78.0,4.8
2026-03-01 00:00:00,    3,   6.7,   8.7,   6.3,  978.4,   7.6,  83.0,   4.9
2026-03-01 01:00:00,    3,   6.1,   8.0,   6.3,  988.5,   8.7,  70.7,   3.7
2026-03-01 02:00:00,    3,   6.2,   8.0,   6.0,  988.6,   8.1,  74.2,   3.8
2026-03-01 03:00:00,    3,   6.7,   8.7,   6.2,  978.6,   7.4,  84.7,   5.0
2026-03-01 04:00:00,    3,   6.6,   8.6,   6.0,  978.8,   7.1,  85.3,   4.8
2026-03-01 05:00:00,    3,   6.7,   8.7,   5.9,  978.7,   6.8,  87.6,   4.9
2026-03-01 06:00:00,3,6.7,8.7,6.0,988.9,7.0,87.1,5.0
2026-03-01 07:00:00,    3,   7.1,   9.2,   6.4,  989.2,   7.2,  90.2,   5.7
2026-03-01 08:00:00,    3,   6.7,   8.7,   6.1,  989.4,   7.2,  85.9,   5.0
2026-03-01 09:00:00,    3,   6.4,   8.4,   6.3,  989.6,   8.0,  77.9,   4.4
2026-03-01 10:00:00,    3,   6.4,   8.3,   7.1,  989.4,   9.9,  68.1,   4.3
2026-03-01 11:00:00,3,6.5,8.5,7.9,989.3,11.2,63.7,4.6
2026-03-01 12:00:00,    3,   5.5,   7.2,   6.3,  979.0,  10.0,  58.7,   2.3
2026-03-01 13:00:00,    3,   5.8,   7.6,   7.1,  978.5,  10.9,  58.1,   3.0
2026-03-01 14:00:00,    3,   5.6,   7.4,   7.1,  987.8,  11.2,  55.7,   2.7
2026-03-01 15:00:00,    3,   5.9,   7.8,   7.7,  977.6,  11.8,  56.3,   3.4
2026-03-01 16:00:00,3,5.7,7.5,7.1,977.5,11.2,56.1,2.8
2026-03-01 17:00:00,    3,   5.8,   7.6,   6.7,  977.6,  10.1,  61.7,   3.1
2026-03-01 18:00:00,3,6.0,7.8,6.0,978.0,8.5,70.2,3.4
2026-03-01 19:00:00,    3,   6.0,   7.7,   5.4,  977.9,   7.3,  75.7,   3.3
2026-03-01 20:00:00,    3,   5.9,   7.7,   5.7,  987.5,   8.0,  71.6,   3.2
2026-03-01 21:00:00,    3,   6.0,   7.7,   5.5,  987.7,   7.4,  75.1,   3.3
2026-03-01 22:00:00,    3,   5.9,   7.6,   4.9,  987.5,   6.4,  79.4,   3.1
2026-03-01 23:00:00,3,5.5,7.0,2.5,977.6,3.0,92.4,1.9
2026-03-02 00:00:00,    3,   5.9,   7.5,   4.1,  987.1,   5.1,  85.6,   2.9
2026-03-02 01:00:00,    3,   5.8,   7.4,   3.6,  986.9,   4.4,  88.7,   2.7
2026-03-02 02:00:00,    3,   5.7,   7.3,   3.2,  986.7,   3.9,  89.9,   2.4
2026-03-02 03:00:00,3,5.0,6.3,0.8,976.6,1.1,95.7,0.5
2026-03-02 04:00:00,    3,   5.3,   6.8,   2.2,  986.6,   2.7,  91.8,   1.5
2026-03-02 05:00:00,3,5.3,6.8,2.0,986.4,2.5,92.4,1.4
2026-03-02 06:00:00,3,5.2,6.6,1.8,986.4,2.4,91.1,1.1
2026-03-02 07:00:00,3,5.3,6.8,2.1,986.5,2.6,91.8,1.4
2026-03-02 08:00:00,    3,   5.5,   7.0,   3.2,  986.8,   4.3,  84.3,   1.9
2026-03-02 09:00:00,3,5.8,7.4,4.6,987.0,6.2,78.2,2.7
2026-03-02 10:00:00,    3,   5.9,   7.6,   5.3,  977.0,   7.3,  74.1,   3.0
2026-03-02 11:00:00,3,6.1,8.0,6.9,976.9,9.9,65.2,3.7
2026-03-02 12:00:00,    3,   6.1,   8.0,   7.5,  976.5,  11.1,  60.6,   3.8
2026-03-02 13:00:00,3,5.9,7.7,7.9,975.7,12.4,53.7,3.3
2026-03-02 14:00:00,3,5.6,7.4,7.8,975.3,12.8,49.8,2.6
2026-03-02 15:00:00,    3,   5.6,   7.4,   8.4,  984.9,  13.9,  46.7,   2.7
2026-03-02 16:00:00,    3,   5.2,   6.8,   7.5,  975.1,  13.0,  45.4,   1.5
2026-03-02 17:00:00,    3,   5.5,   7.2,   7.5,  985.0,  12.4,  50.0,   2.3
2026-03-02 18:00:00,    3,   5.8,   7.6,   7.2,  985.4,  11.1,  57.7,   3.1
2026-03-02 19:00:00,    3,   5.8,   7.6,   6.7,  985.9,  10.1,  61.7,   3.1
2026-03-02 20:00:00,    3,   6.0,   7.9,   6.3,  986.3,   8.9,  68.8,   3.5
2026-03-02 21:00:00,    3,   5.7,   7.4,   4.2,  976.8,   5.6,  80.9,   2.6
2026-03-02 22:00:00,    3,   6.2,   8.0,   5.4,  986.7,   6.9,  80.0,   3.7
2026-03-02 23:00:00,3,4.8,6.1,1.1,977.1,1.9,87.2,0.0
2026-03-03 00:00:00,3,6.1,7.9,4.8,987.1,5.9,84.5,3.5
2026-03-03 01:00:00,    3,   6.0,   7.7,   4.3,  987.3,   5.1,  88.1,   3.3
2026-03-03 02:00:00,    3,   5.8,   7.4,   3.1,  987.3,   3.6,  93.1,   2.6
2026-03-03 03:00:00,    3,   5.6,   7.2,   2.7,  987.5,   3.1,  93.8,   2.2
2026-03-03 04:00:00,    3,   5.5,   7.0,   2.7,  987.8,   3.4,  89.9,   1.9
2026-03-03 05:00:00,    3,   4.9,   6.2,   0.3,  978.3,   0.4,  97.8,   0.1
2026-03-03 06:00:00,    3,   4.9,   6.2,   0.3,  978.8,   0.4,  98.6,   0.2
2026-03-03 07:00:00,    3,   4.6,   5.8,  -0.2,  979.1,   0.2,  93.0,  -0.8
2026-03-03 08:00:00,    3,   5.1,   6.5,   1.7,  979.2,   2.4,  89.1,   0.8
2026-03-03 09:00:00,    3,   5.5,   7.1,   4.3,  989.8,   6.1,  75.4,   2.1
2026-03-03 10:00:00,3,5.9,7.6,5.1,979.8,7.0,75.6,3.0
2026-03-03 11:00:00,    3,   5.8,   7.6,   6.9,  989.8,  10.4,  60.5,   3.1
2026-03-03 12:00:00,3,5.9,7.7,7.7,989.7,11.8,55.9,3.3
2026-03-03 13:00:00,3,5.7,7.5,7.9,979.6,12.8,50.5,2.8
2026-03-03 14:00:00,    3,   5.1,   6.7,   7.4,  979.0,  12.9,  45.0,   1.3
2026-03-03 15:00:00,3,5.7,7.5,8.1,988.8,13.1,49.5,2.8
2026-03-03 16:00:00,    3,   5.5,   7.3,   7.5,  978.7,  12.3,  51.1,   2.5
2026-03-03 17:00:00,    3,   5.7,   7.5,   7.3,  979.1,  11.6,  54.6,   2.8
2026-03-03 18:00:00,3,5.4,7.1,6.6,979.4,10.7,55.2,2.1
2026-03-03 19:00:00,3,5.7,7.5,6.7,989.1,10.3,60.0,2.9
2026-03-03 20:00:00,    3,   5.5,   7.1,   4.8,  979.7,   7.1,  70.4,   2.1
2026-03-03 21:00:00,    3,   5.6,   7.3,   4.4,  979.8,   6.1,  77.1,   2.4
2026-03-03 22:00:00,3,6.1,8.0,5.7,989.6,7.5,76.8,3.7
2026-03-03 23:00:00,    3,   5.6,   7.2,   3.2,  979.7,   4.0,  88.6,   2.3
2026-03-04 00:00:00,    3,   6.2,   8.0,   4.9,  989.9,   6.0,  85.1,   3.7
2026-03-04 01:00:00,    3,   5.3,   6.8,   2.2,  979.7,   2.8,  91.1,   1.5
2026-03-04 02:00:00,    3,   6.0,   7.7,   3.9,  989.7,   4.5,  91.9,   3.3
2026-03-04 03:00:00,    3,   6.1,   7.8,   4.0,  989.5,   4.6,  91.9,   3.4
2026-03-04 04:00:00,3,5.2,6.7,1.5,979.5,1.7,96.5,1.2
2026-03-04 05:00:00,    3,   5.6,   7.2,   3.0,  989.6,   3.7,  89.9,   2.2
2026-03-04 06:00:00,    3,   5.1,   6.5,   0.9,  979.6,   1.0,  98.6,   0.8
2026-03-04 07:00:00,    3,   4.8,   6.1,   0.3,  979.9,   0.5,  96.4,   0.0
2026-03-04 08:00:00,    3,   5.3,   6.8,   2.5,  980.1,   3.3,  87.3,   1.4
2026-03-04 09:00:00,    3,   5.8,   7.5,   4.4,  980.2,   5.8,  81.0,   2.8
2026-03-04 10:00:00,    3,   6.3,   8.1,   6.4,  980.2,   8.7,  72.3,   4.0
2026-03-04 11:00:00,    3,   6.2,   8.1,   7.6,  990.2,  11.1,  61.1,   3.9
2026-03-04 12:00:00,3,6.3,8.4,8.8,989.7,13.2,55.1,4.4
2026-03-04 13:00:00,3,5.7,7.6,8.7,979.0,14.3,46.4,3.0
2026-03-04 14:00:00,    3,   6.0,   8.0,   9.3,  988.6,  15.0,  46.6,   3.7
2026-03-04 15:00:00,    3,   6.1,   8.1,   9.2,  988.2,  14.7,  48.2,   3.9
2026-03-04 16:00:00,    3,   6.0,   8.0,   9.2,  987.9,  14.7,  47.6,   3.7
2026-03-04 17:00:00,3,6.5,8.7,9.1,988.0,13.4,56.3,4.9
2026-03-04 18:00:00,    3,   6.0,   7.8,   6.7,  978.5,   9.8,  64.3,   3.4
2026-03-04 19:00:00,    3,   5.6,   7.2,   5.0,  978.7,   7.4,  70.0,   2.3
2026-03-04 20:00:00,    3,   5.7,   7.4,   5.9,  988.5,   8.8,  65.4,   2.7
2026-03-04 21:00:00,3,5.5,7.2,5.7,988.6,8.6,64.5,2.3
2026-03-04 22:00:00,    3,   4.9,   6.3,   2.5,  978.7,   4.1,  76.7,   0.4
2026-03-04 23:00:00,    3,   5.3,   6.9,   4.5,  988.3,   6.9,  69.4,   1.7
2026-03-05 00:00:00,    3,   5.4,   6.9,   4.0,  988.0,   5.9,  74.3,   1.7
2026-03-05 01:00:00,    3,   5.5,   7.0,   3.6,  987.7,   4.9,  80.8,   1.9
2026-03-05 02:00:00,    3,   4.9,   6.2,   1.2,  977.1,   1.8,  89.7,   0.3
2026-03-05 03:00:00,    3,   4.5,   5.7,   0.3,  976.8,   1.1,  85.8,  -1.0
2026-03-05 04:00:00,    3,   3.8,   4.8,  -2.0,  976.5,  -1.2,  85.0,  -3.4
2026-03-05 05:00:00,    3,   5.3,   6.7,   2.1,  986.3,   2.7,  90.4,   1.3
2026-03-05 06:00:00,    3,   4.9,   6.2,   0.6,  976.0,   1.0,  93.7,   0.1
2026-03-05 07:00:00,    3,   5.0,   6.4,   1.6,  975.9,   2.4,  87.8,   0.6
2026-03-05 08:00:00,    3,   5.5,   7.0,   3.5,  985.9,   4.7,  82.0,   1.9
2026-03-05 09:00:00,    3,   5.8,   7.5,   4.9,  986.0,   6.7,  76.1,   2.8
2026-03-05 10:00:00,    3,   5.7,   7.4,   5.5,  975.6,   8.1,  68.6,   2.7
2026-03-05 11:00:00,    3,   5.8,   7.6,   6.7,  975.7,  10.2,  60.8,   3.0
2026-03-05 12:00:00,3,5.5,7.3,7.2,975.2,11.6,53.1,2.4
2026-03-05 13:00:00,    3,   5.7,   7.5,   8.8,  984.4,  14.7,  44.9,   2.9
2026-03-05 14:00:00,3,5.3,7.0,8.8,983.5,15.5,39.7,1.9
2026-03-05 15:00:00,3,5.3,7.1,8.6,973.1,14.9,41.6,2.0
2026-03-05 16:00:00,    3,   5.1,   6.8,   8.0,  972.9,  14.0,  42.5,   1.5
2026-03-05 17:00:00,3,5.1,6.8,7.8,982.4,13.7,43.1,1.4
2026-03-05 18:00:00,    3,   5.6,   7.2,   5.4,  973.2,   8.1,  66.7,   2.3
2026-03-05 19:00:00,3,5.7,7.4,4.8,973.3,6.7,75.0,2.6
2026-03-05 20:00:00,    3,   6.0,   7.8,   4.9,  973.4,   6.2,  82.2,   3.4
2026-03-05 21:00:00,3,5.0,6.4,2.2,973.5,3.4,81.8,0.6
2026-03-05 22:00:00,3,5.6,7.2,3.6,973.5,4.7,84.4,2.3
2026-03-05 23:00:00,3,5.1,6.5,2.0,973.4,2.8,87.2,0.9
2026-03-06 00:00:00,3,6.4,8.3,5.2,983.5,6.1,87.6,4.2
2026-03-06 01:00:00,    3,   4.7,   5.9,   0.7,  973.5,   1.5,  87.1,  -0.4
2026-03-06 02:00:00,3,6.1,7.8,4.3,983.3,5.1,88.7,3.4
2026-03-06 03:00:00,    3,   5.1,   6.4,   1.3,  973.1,   1.7,  93.0,   0.7
2026-03-06 04:00:00,    3,   5.8,   7.4,   3.3,  983.3,   3.8,  92.5,   2.7
2026-03-06 05:00:00,    3,   4.9,   6.2,   0.6,  973.4,   0.9,  95.0,   0.2
2026-03-06 06:00:00,    3,   5.6,   7.1,   3.2,  983.6,   4.1,  86.8,   2.1
2026-03-06 07:00:00,3,5.6,7.2,3.1,984.0,3.8,89.9,2.3
2026-03-06 08:00:00,    3,   5.3,   6.7,   2.2,  974.3,   2.9,  89.2,   1.3
2026-03-06 09:00:00,    3,   5.8,   7.4,   4.3,  974.6,   5.7,  81.0,   2.7
2026-03-06 10:00:00,    3,   6.4,   8.4,   6.7,  974.8,   9.0,  72.8,   4.4
2026-03-06 11:00:00,    3,   6.2,   8.2,   8.1,  984.8,  12.1,  58.0,   4.1
2026-03-06 12:00:00,    3,   5.8,   7.6,   8.6,  984.6,  13.9,  48.0,   3.1
2026-03-06 13:00:00,    3,   6.3,   8.4,   9.4,  984.3,  14.5,  51.0,   4.5
2026-03-06 14:00:00,    3,   5.8,   7.7,   9.1,  983.9,  14.9,  45.6,   3.3
2026-03-06 15:00:00,    3,   5.6,   7.5,   9.2,  973.7,  15.5,  42.7,   2.9
2026-03-06 16:00:00,3,6.4,8.5,9.6,983.8,14.9,50.4,4.7
2026-03-06 17:00:00,    3,   6.8,   9.0,   9.3,  984.0,  13.5,  57.9,   5.4
2026-03-06 18:00:00,3,6.3,8.3,7.5,974.9,10.6,64.9,4.3
2026-03-06 19:00:00,    3,   6.6,   8.6,   7.3,  975.2,   9.8,  71.0,   4.8
2026-03-06 20:00:00,3,6.6,8.6,7.9,985.1,11.1,65.1,4.8
2026-03-06 21:00:00,    3,   5.8,   7.5,   4.9,  975.6,   6.6,  77.2,   2.9
2026-03-06 22:00:00,3,6.2,8.1,5.6,975.6,7.2,79.5,3.9
2026-03-06 23:00:00,    3,   6.0,   7.7,   4.6,  975.7,   5.7,  84.5,   3.3
2026-03-07 00:00:00,    3,   5.6,   7.2,   3.7,  975.7,   4.8,  83.8,   2.3
2026-03-07 01:00:00,    3,   5.6,   7.2,   3.3,  975.7,   4.2,  86.8,   2.2
2026-03-07 02:00:00,    3,   5.6,   7.1,   3.0,  975.9,   3.8,  88.6,   2.1
2026-03-07 03:00:00,3,5.2,6.6,1.9,975.9,2.6,89.1,1.0
2026-03-07 04:00:00,3,5.3,6.7,1.8,976.2,2.2,93.7,1.3
2026-03-07 05:00:00,    3,   6.0,   7.7,   4.1,  986.4,   4.7,  90.6,   3.3
2026-03-07 06:00:00,3,6.0,7.6,3.8,986.5,4.3,91.9,3.1
2026-03-07 07:00:00,3,5.5,7.0,2.3,976.8,2.6,95.1,1.9
2026-03-07 08:00:00,3,5.9,7.5,4.0,976.9,4.9,86.8,2.9
2026-03-07 09:00:00,    3,   6.4,   8.3,   6.6,  986.8,   8.7,  73.8,   4.3
2026-03-07 10:00:00,    3,   6.0,   7.9,   6.8,  976.9,   9.9,  64.3,   3.5
2026-03-07 11:00:00,3,6.3,8.3,8.3,976.9,12.4,57.6,4.3
2026-03-07 12:00:00,    3,   6.0,   8.0,   9.2,  976.7,  14.9,  46.9,   3.7
2026-03-07 13:00:00,    3,   6.0,   8.0,  10.2,  976.1,  17.0,  41.3,   3.8
2026-03-07 14:00:00,    3,   5.4,   7.2,   9.9,  975.6,  17.6,  35.8,   2.3
2026-03-07 15:00:00,3,6.9,9.2,11.2,985.3,17.5,46.1,5.8
2026-03-07 16:00:00,    3,   6.6,   8.8,  10.9,  985.3,  17.3,  44.4,   5.1
2026-03-07 17:00:00,3,6.3,8.4,9.5,975.7,14.8,50.0,4.5
2026-03-07 18:00:00,    3,   5.3,   7.1,   8.6,  985.8,  14.7,  42.4,   2.1
2026-03-07 19:00:00,    3,   5.3,   7.0,   6.3,  976.4,  10.4,  55.1,   1.8
2026-03-07 20:00:00,    3,   5.4,   7.0,   5.8,  976.6,   9.2,  60.2,   1.9
2026-03-07 21:00:00,    3,   5.1,   6.6,   4.9,  976.8,   8.1,  60.7,   1.0
2026-03-07 22:00:00,    3,   5.1,   6.6,   4.1,  977.0,   6.5,  68.3,   1.1
2026-03-07 23:00:00,    3,   4.9,   6.3,   3.5,  976.8,   5.8,  68.6,   0.5
2026-03-08 00:00:00,3,5.7,7.4,5.0,986.7,7.0,73.5,2.6
2026-03-08 01:00:00,    3,   5.6,   7.3,   4.6,  986.6,   6.4,  75.5,   2.4
2026-03-08 02:00:00,    3,   4.2,   5.3,  -0.1,  976.4,   1.2,  79.2,  -2.0
2026-03-08 03:00:00,3,5.3,6.9,3.4,986.4,4.8,79.7,1.6
2026-03-08 04:00:00,    3,   4.6,   5.8,   0.4,  976.4,   1.1,  87.7,  -0.7
2026-03-08 05:00:00,    3,   5.3,   6.8,   2.9,  986.4,   4.0,  83.1,   1.4
2026-03-08 06:00:00,    3,   5.1,   6.6,   2.4,  986.7,   3.5,  83.6,   1.0
2026-03-08 07:00:00,3,5.3,6.8,3.0,987.0,4.1,83.1,1.5
2026-03-08 08:00:00,3,5.1,6.6,2.5,977.5,3.6,83.0,1.0
2026-03-08 09:00:00,    3,   5.6,   7.3,   4.6,  977.7,   6.4,  75.5,   2.4
2026-03-08 10:00:00,    3,   6.1,   8.0,   6.8,  977.6,   9.8,  65.7,   3.7
2026-03-08 11:00:00,3,5.8,7.7,8.4,987.5,13.4,49.9,3.2
2026-03-08 12:00:00,    3,   5.7,   7.5,   8.6,  977.1,  14.2,  46.4,   2.9
2026-03-08 13:00:00,    3,   5.6,   7.4,   8.9,  976.6,  15.1,  43.2,   2.7
2026-03-08 14:00:00,    3,   4.8,   6.4,   8.3,  976.3,  15.2,  37.1,   0.7
2026-03-08 15:00:00,    3,   5.3,   7.0,   9.0,  986.0,  15.8,  39.0,   1.9
2026-03-08 16:00:00,    3,   4.8,   6.4,   8.2,  975.9,  15.1,  37.4,   0.7
2026-03-08 17:00:00,    3,   5.0,   6.7,   8.3,  985.8,  14.8,  39.8,   1.3
2026-03-08 18:00:00,    3,   4.6,   6.1,   7.0,  976.4,  13.1,  40.2,  -0.1
2026-03-08 19:00:00,    3,   6.2,   8.2,   8.2,  986.1,  12.3,  57.2,   4.1
2026-03-08 20:00:00,3,6.2,8.1,7.8,986.1,11.6,59.5,4.0
2026-03-08 21:00:00,3,6.2,8.1,7.1,986.1,10.0,66.2,4.0
2026-03-08 22:00:00,3,6.1,7.9,6.4,985.8,9.0,68.8,3.6
2026-03-08 23:00:00,3,5.2,6.6,2.9,975.8,4.4,79.0,1.1
2026-03-09 00:00:00,3,6.1,7.9,5.7,985.6,7.6,75.7,3.6
2026-03-09 01:00:00,3,6.0,7.7,5.5,985.7,7.4,75.1,3.3
2026-03-09 02:00:00,    3,   5.8,   7.5,   4.6,  985.4,   6.0,  80.4,   2.9
2026-03-09 03:00:00,    3,   5.7,   7.4,   4.3,  984.8,   5.8,  79.8,   2.6
2026-03-09 04:00:00,    3,   5.0,   6.3,   1.2,  974.9,   1.8,  90.4,   0.4
2026-03-09 05:00:00,    3,   5.0,   6.3,   1.4,  975.0,   2.0,  89.7,   0.5
2026-03-09 06:00:00,    3,   5.2,   6.6,   1.6,  975.1,   2.1,  92.4,   1.0
2026-03-09 07:00:00,    3,   5.5,   7.1,   3.8,  985.2,   5.3,  79.8,   2.1
2026-03-09 08:00:00,    3,   5.8,   7.5,   4.9,  985.5,   6.8,  75.6,   2.8
2026-03-09 09:00:00,3,6.1,7.9,5.8,976.1,7.9,74.2,3.6
2026-03-09 10:00:00,    3,   6.7,   8.9,   8.0,  976.0,  11.0,  67.3,   5.2
2026-03-09 11:00:00,    3,   6.1,   8.1,   8.8,  985.1,  13.6,  52.2,   4.0
2026-03-09 12:00:00,    3,   7.0,   9.3,  10.4,  984.4,  15.4,  53.0,   5.9
2026-03-09 13:00:00,    3,   6.5,   8.7,  10.0,  973.7,  15.6,  49.2,   5.0
2026-03-09 14:00:00,3,6.7,9.0,10.0,973.3,15.0,52.6,5.4
2026-03-09 15:00:00,3,7.0,9.4,10.5,973.1,15.6,52.7,6.0
2026-03-09 16:00:00,    3,   6.5,   8.7,  10.3,  982.6,  16.0,  47.9,   5.0
2026-03-09 17:00:00,    3,   6.6,   8.8,  10.1,  982.6,  15.5,  49.8,   5.1
2026-03-09 18:00:00,    3,   6.7,   8.9,   9.9,  982.7,  14.9,  52.2,   5.2
2026-03-09 19:00:00,    3,   6.7,   8.9,   9.3,  982.6,  13.5,  57.5,   5.3
2026-03-09 20:00:00,3,6.3,8.3,6.4,972.7,8.6,73.8,4.2
2026-03-09 21:00:00,    3,   6.9,   9.1,   8.4,  982.6,  11.4,  67.4,   5.6
2026-03-09 22:00:00,    3,   5.9,   7.6,   4.7,  972.7,   6.2,  79.9,   3.0
2026-03-09 23:00:00,    3,   6.6,   8.5,   5.9,  972.6,   7.1,  84.7,   4.7
2026-03-10 00:00:00,    3,   6.8,   8.9,   6.7,  982.3,   8.2,  81.3,   5.2
2026-03-10 01:00:00,3,6.3,8.1,4.6,972.7,5.3,90.6,3.9
2026-03-10 02:00:00,    3,   6.5,   8.4,   6.0,  982.5,   7.4,  81.8,   4.5
2026-03-10 03:00:00,    3,   6.4,   8.3,   5.7,  982.3,   7.0,  82.9,   4.3
2026-03-10 04:00:00,    3,   5.9,   7.5,   3.4,  972.5,   3.9,  93.2,   2.9
2026-03-10 05:00:00,    3,   5.5,   7.1,   2.4,  972.3,   2.8,  94.4,   2.0
2026-03-10 06:00:00,3,6.1,7.8,4.6,982.2,5.7,85.1,3.4
2026-03-10 07:00:00,3,6.1,7.9,5.0,982.4,6.3,82.8,3.6
2026-03-10 08:00:00,    3,   6.4,   8.3,   6.2,  982.5,   8.0,  76.9,   4.2
2026-03-10 09:00:00,    3,   6.7,   8.7,   7.5,  982.7,  10.1,  70.5,   5.0
2026-03-10 10:00:00,    3,   6.9,   9.1,   8.9,  973.0,  12.4,  63.1,   5.6
2026-03-10 11:00:00,    3,   7.1,   9.5,  10.1,  972.9,  14.5,  57.4,   6.2
2026-03-10 12:00:00,3,6.7,9.0,10.2,982.1,15.5,50.9,5.4
2026-03-10 13:00:00,3,6.5,8.7,10.5,981.4,16.6,45.8,4.9
2026-03-10 14:00:00,    3,   6.3,   8.5,  10.7,  980.9,  17.3,  42.9,   4.6
2026-03-10 15:00:00,3,5.9,7.9,10.2,970.8,17.3,39.7,3.5
2026-03-10 16:00:00,    3,   7.1,   9.5,  10.7,  980.4,  16.0,  52.1,   6.2
2026-03-10 17:00:00,    3,   7.0,   9.3,  10.0,  970.9,  14.6,  55.8,   5.9
2026-03-10 18:00:00,3,7.4,9.7,8.5,973.1,10.6,75.7,6.5
2026-03-10 19:00:00,    3,   7.5,   9.8,   8.4,  972.3,  10.3,  78.3,   6.7
2026-03-10 20:00:00,3,7.9,10.3,8.3,973.2,9.4,87.3,7.4
2026-03-10 21:00:00,    3,   7.8,  10.2,   8.0,  973.6,   8.9,  89.1,   7.2
2026-03-10 22:00:00,    3,   7.9,  10.3,   8.4,  983.0,   9.5,  86.7,   7.4
2026-03-10 23:00:00,    3,   8.1,  10.6,   8.5,  982.9,   9.3,  90.3,   7.8
2026-03-11 00:00:00,    3,   8.1,  10.5,   8.5,  982.8,   9.4,  89.1,   7.7
2026-03-11 01:00:00,    3,   7.5,   9.8,   8.1,  982.8,   9.6,  82.1,   6.7
2026-03-11 02:00:00,3,7.7,10.0,8.1,982.4,9.4,84.9,7.0
2026-03-11 03:00:00,    3,   6.9,   9.0,   6.0,  972.9,   6.5,  92.7,   5.4
2026-03-11 04:00:00,    3,   7.2,   9.3,   6.9,  972.8,   7.9,  87.1,   5.9
2026-03-11 05:00:00,    3,   7.0,   9.1,   6.5,  972.6,   7.5,  87.7,   5.6
2026-03-11 06:00:00,3,6.9,9.0,6.2,972.5,6.9,90.1,5.4
2026-03-11 07:00:00,3,7.2,9.3,6.9,972.5,8.0,86.5,5.9
2026-03-11 08:00:00,3,7.4,9.6,7.9,972.6,9.5,80.9,6.4
2026-03-11 09:00:00,3,7.5,9.9,9.5,981.9,12.5,68.1,6.8
2026-03-11 10:00:00,    3,   7.4,   9.8,   9.4,  972.1,  12.5,  67.2,   6.6
2026-03-11 11:00:00,    3,   7.2,   9.5,   9.7,  981.2,  13.6,  60.8,   6.2
2026-03-11 12:00:00,    3,   7.4,   9.9,  10.4,  980.6,  14.6,  59.4,   6.8
2026-03-11 13:00:00,    3,   6.6,   8.7,   9.5,  979.6,  14.3,  53.5,   5.0
2026-03-11 14:00:00,3,6.4,8.5,9.6,979.0,14.8,50.7,4.7
2026-03-11 15:00:00,    3,   6.7,   8.9,   9.4,  969.4,  13.8,  56.4,   5.3
2026-03-11 16:00:00,    3,   7.5,   9.9,   9.0,  969.4,  11.5,  72.8,   6.8
2026-03-11 17:00:00,    3,   7.6,  10.0,   8.7,  969.7,  10.8,  76.8,   6.9
2026-03-11 18:00:00,    3,   7.0,   9.2,   8.5,  979.7,  11.3,  68.8,   5.8
2026-03-11 19:00:00,3,7.8,10.2,8.4,970.7,9.7,85.0,7.3
2026-03-11 20:00:00,3,7.6,9.9,8.2,980.6,9.8,81.5,6.8
2026-03-11 21:00:00,3,7.6,10.0,8.1,981.0,9.5,83.8,6.9
2026-03-11 22:00:00,    3,   7.6,  10.0,   8.0,  981.4,   9.1,  86.1,   6.9
2026-03-11 23:00:00,    3,   8.0,  10.4,   8.1,  981.9,   8.6,  93.4,   7.6
2026-03-12 00:00:00,    3,   7.9,  10.3,   7.9,  982.4,   8.5,  92.8,   7.4
2026-03-12 01:00:00,    3,   7.4,   9.6,   7.2,  983.1,   8.2,  87.8,   6.3
2026-03-12 02:00:00,3,7.3,9.5,7.1,983.5,8.1,87.8,6.2
2026-03-12 03:00:00,    3,   7.0,   9.0,   6.4,  974.5,   7.3,  88.3,   5.5
2026-03-12 04:00:00,    3,   6.9,   8.9,   6.2,  975.2,   7.0,  88.9,   5.3
2026-03-12 05:00:00,    3,   6.4,   8.3,   4.8,  975.7,   5.4,  91.9,   4.2
2026-03-12 06:00:00,3,6.8,8.8,5.8,986.2,6.5,90.7,5.1
2026-03-12 07:00:00,3,6.7,8.6,5.8,986.9,6.7,87.6,4.8
2026-03-12 08:00:00,3,6.7,8.7,6.6,987.2,8.3,79.1,4.9
2026-03-12 09:00:00,3,6.1,8.0,6.5,977.8,9.1,68.8,3.7
2026-03-12 10:00:00,    3,   5.8,   7.5,   6.7,  977.9,  10.2,  60.4,   2.9
2026-03-12 11:00:00,    3,   5.3,   7.0,   6.7,  987.5,  11.1,  53.0,   1.9
2026-03-12 12:00:00,    3,   5.2,   6.8,   7.0,  986.9,  11.9,  48.8,   1.5
2026-03-12 13:00:00,    3,   4.8,   6.3,   6.7,  986.4,  12.1,  44.5,   0.4
2026-03-12 14:00:00,    3,   4.8,   6.3,   6.6,  976.1,  11.8,  45.7,   0.5
2026-03-12 15:00:00,    3,   4.8,   6.3,   6.7,  975.6,  12.0,  45.1,   0.5
2026-03-12 16:00:00,    3,   4.8,   6.3,   6.8,  974.9,  12.4,  43.6,   0.4
2026-03-12 17:00:00,    3,   4.9,   6.5,   6.2,  974.7,  10.9,  49.6,   0.8
2026-03-12 18:00:00,    3,   4.7,   6.2,   6.4,  984.2,  11.5,  45.9,   0.3
2026-03-12 19:00:00,3,4.8,6.3,5.8,984.2,10.3,50.1,0.4
2026-03-12 20:00:00,3,5.2,6.7,5.4,984.2,8.9,58.8,1.3
2026-03-12 21:00:00,3,5.0,6.4,3.2,974.4,5.2,72.6,0.7
2026-03-12 22:00:00,    3,   4.8,   6.2,   2.1,  974.0,   3.6,  77.8,   0.1
2026-03-12 23:00:00,    3,   5.4,   7.0,   4.2,  982.8,   6.3,  72.8,   1.8
2026-03-13 00:00:00,    3,   5.4,   7.0,   3.8,  982.3,   5.5,  77.0,   1.8
2026-03-13 01:00:00,    3,   5.3,   6.8,   3.3,  981.7,   4.8,  79.1,   1.5
2026-03-13 02:00:00,3,4.9,6.3,3.4,981.1,5.8,68.1,0.4
2026-03-13 03:00:00,    3,   4.4,   5.6,   0.2,  970.9,   1.2,  83.4,  -1.3
2026-03-13 04:00:00,    3,   4.4,   5.6,   0.0,  970.3,   0.8,  85.8,  -1.3
2026-03-13 05:00:00,    3,   4.3,   5.4,  -0.9,  969.9,  -0.4,  91.6,  -1.6
2026-03-13 06:00:00,3,5.0,6.3,2.2,979.1,3.4,81.2,0.5
2026-03-13 07:00:00,3,4.5,5.8,0.3,969.4,1.0,87.7,-0.8
2026-03-13 08:00:00,3,5.5,7.2,4.5,978.6,6.5,73.9,2.2
2026-03-13 09:00:00,3,5.8,7.6,6.4,968.3,9.4,64.7,3.1
2026-03-13 10:00:00,    3,   5.5,   7.3,   7.1,  967.5,  11.4,  53.8,   2.4
2026-03-13 11:00:00,    3,   6.0,   7.9,   8.5,  975.6,  13.5,  51.0,   3.6
2026-03-13 12:00:00,    3,   5.6,   7.4,   8.7,  974.2,  14.6,  44.6,   2.7
2026-03-13 13:00:00,    3,   4.9,   6.5,   8.4,  973.1,  15.4,  36.9,   0.8
2026-03-13 14:00:00,    3,   4.9,   6.5,   8.3,  963.2,  15.3,  37.2,   0.8
2026-03-13 15:00:00,3,5.7,7.6,8.9,962.4,14.8,45.3,3.1
2026-03-13 16:00:00,3,5.4,7.2,8.4,961.3,14.4,43.6,2.2
2026-03-13 17:00:00,3,5.5,7.3,8.6,970.1,14.5,44.2,2.5
2026-03-13 18:00:00,    3,   6.2,   8.1,   6.9,  960.1,   9.8,  67.1,   4.0
2026-03-13 19:00:00,    3,   5.8,   7.6,   7.9,  968.8,  12.5,  52.6,   3.1
2026-03-13 20:00:00,3,5.5,7.2,6.4,958.8,10.3,57.1,2.2
2026-03-13 21:00:00,    3,   5.9,   7.7,   7.3,  967.5,  11.2,  58.1,   3.3
2026-03-13 22:00:00,    3,   5.5,   7.3,   6.8,  966.7,  10.9,  55.6,   2.4
2026-03-13 23:00:00,    3,   5.3,   7.0,   6.6,  965.7,  11.0,  52.9,   1.8
2026-03-14 00:00:00,    3,   5.4,   7.1,   7.4,  955.8,  12.4,  49.0,   2.0
2026-03-14 01:00:00,3,5.4,7.2,7.6,964.4,12.8,48.4,2.2
2026-03-14 02:00:00,3,5.8,7.5,6.5,954.0,10.0,61.2,2.9
2026-03-14 03:00:00,    3,   6.0,   7.8,   7.0,  953.0,  10.5,  61.4,   3.4
2026-03-14 04:00:00,    3,   6.7,   8.8,   8.0,  962.9,  11.1,  66.4,   5.1
2026-03-14 05:00:00,    3,   7.1,   9.2,   6.6,  963.6,   7.4,  89.5,   5.8
2026-03-14 06:00:00,3,6.7,8.7,6.4,963.6,7.9,81.3,4.9
2026-03-14 07:00:00,3,6.9,9.0,6.0,963.9,6.6,92.0,5.4
2026-03-14 08:00:00,    3,   6.7,   8.6,   5.4,  964.6,   6.0,  92.0,   4.8
2026-03-14 09:00:00,    3,   5.6,   7.3,   4.2,  955.8,   5.8,  78.7,   2.4
2026-03-14 10:00:00,3,5.6,7.3,4.0,956.2,5.4,80.9,2.4
2026-03-14 11:00:00,    3,   5.1,   6.6,   3.3,  966.3,   5.0,  75.8,   1.1
2026-03-14 12:00:00,    3,   5.3,   6.8,   3.6,  966.6,   5.4,  75.9,   1.5
2026-03-14 13:00:00,    3,   4.9,   6.3,   3.6,  966.5,   6.1,  67.2,   0.5
2026-03-14 14:00:00,3,5.1,6.6,3.7,957.1,5.8,71.7,1.1
2026-03-14 15:00:00,    3,   4.9,   6.3,   3.4,  967.1,   5.6,  69.6,   0.5
2026-03-14 16:00:00,    3,   4.6,   6.0,   3.0,  957.6,   5.5,  66.1,  -0.3
2026-03-14 17:00:00,    3,   4.8,   6.2,   3.0,  968.2,   5.3,  69.0,   0.1
2026-03-14 18:00:00,3,4.8,6.2,2.8,968.9,4.9,71.0,0.1
2026-03-14 19:00:00,    3,   4.7,   6.1,   2.6,  969.4,   4.6,  71.4,  -0.1
2026-03-14 20:00:00,    3,   4.7,   6.0,   2.4,  969.8,   4.4,  71.4,  -0.3
2026-03-14 21:00:00,    3,   4.6,   5.9,   2.2,  970.4,   4.2,  71.9,  -0.4
2026-03-14 22:00:00,    3,   4.4,   5.6,   0.8,  961.1,   2.2,  78.1,  -1.2
2026-03-14 23:00:00,    3,   4.6,   5.9,   1.7,  971.4,   3.3,  76.0,  -0.5
2026-03-15 00:00:00,3,4.8,6.2,2.2,972.0,3.7,77.2,0.1
2026-03-15 01:00:00,3,4.7,5.9,1.5,962.9,2.9,78.8,-0.4
2026-03-15 02:00:00,    3,   4.8,   6.1,   1.6,  963.4,   2.8,  81.1,  -0.1
2026-03-15 03:00:00,    3,   5.0,   6.4,   2.3,  973.7,   3.6,  80.7,   0.6
2026-03-15 04:00:00,    3,   4.9,   6.3,   1.9,  964.7,   3.0,  83.0,   0.4
2026-03-15 05:00:00,    3,   5.0,   6.3,   1.9,  965.4,   3.0,  83.6,   0.5
2026-03-15 06:00:00,3,5.0,6.4,2.1,966.1,3.2,83.0,0.6
2026-03-15 07:00:00,    3,   5.2,   6.7,   2.6,  976.7,   3.7,  84.2,   1.3
2026-03-15 08:00:00,    3,   5.2,   6.6,   2.7,  977.5,   3.9,  81.9,   1.1
2026-03-15 09:00:00,    3,   5.3,   6.8,   3.2,  978.0,   4.6,  79.6,   1.4
2026-03-15 10:00:00,    3,   5.1,   6.5,   3.4,  978.3,   5.4,  72.6,   0.9
2026-03-15 11:00:00,3,4.9,6.2,3.1,968.5,5.3,70.0,0.3
2026-03-15 12:00:00,    3,   4.8,   6.2,   3.1,  968.6,   5.4,  69.0,   0.2
2026-03-15 13:00:00,    3,   4.6,   5.9,   3.0,  968.7,   5.6,  65.2,  -0.4
2026-03-15 14:00:00,    3,   4.6,   6.0,   3.2,  968.8,   5.9,  64.3,  -0.3
2026-03-15 15:00:00,3,4.8,6.2,3.5,968.9,6.1,65.3,0.1
2026-03-15 16:00:00,    3,   4.7,   6.1,   3.3,  969.2,   5.9,  65.2,  -0.1
2026-03-15 17:00:00,3,4.9,6.4,3.7,979.6,6.2,67.2,0.6
2026-03-15 18:00:00,3,4.9,6.3,3.6,980.2,6.1,66.7,0.4
2026-03-15 19:00:00,    3,   4.8,   6.2,   3.2,  970.9,   5.5,  68.1,   0.1
2026-03-15 20:00:00,3,5.1,6.6,3.2,970.8,5.0,75.2,1.0
2026-03-15 21:00:00,3,5.1,6.5,2.7,971.0,4.2,78.4,0.8
2026-03-15 22:00:00,    3,   4.5,   5.7,   0.8,  970.8,   2.0,  80.4,  -1.0
2026-03-15 23:00:00,3,4.6,5.9,2.6,980.3,4.9,67.9,-0.5
2026-03-16 00:00:00,    3,   4.5,   5.8,   2.0,  980.3,   3.9,  71.8,  -0.7
2026-03-16 01:00:00,3,4.7,6.0,1.2,970.7,2.2,84.1,-0.2
2026-03-16 02:00:00,    3,   4.4,   5.6,   0.5,  969.6,   1.5,  82.8,  -1.1
2026-03-16 03:00:00,3,4.6,5.8,1.2,979.4,2.4,80.5,-0.6
2026-03-16 04:00:00,3,4.6,5.8,1.1,979.3,2.4,79.9,-0.7
2026-03-16 05:00:00,    3,   4.5,   5.7,   1.7,  978.8,   3.6,  72.3,  -0.9
2026-03-16 06:00:00,    3,   4.5,   5.8,   1.9,  979.2,   3.8,  71.8,  -0.8
2026-03-16 07:00:00,3,4.6,5.9,2.3,979.8,4.4,70.4,-0.5
2026-03-16 08:00:00,3,4.9,6.3,3.1,980.3,5.2,71.0,0.4
2026-03-16 09:00:00,    3,   4.9,   6.3,   3.8,  980.3,   6.4,  65.8,   0.5
2026-03-16 10:00:00,    3,   5.4,   7.0,   4.6,  980.3,   7.0,  69.4,   1.8
2026-03-16 11:00:00,    3,   4.7,   6.2,   5.0,  980.1,   9.0,  53.5,   0.1
2026-03-16 12:00:00,3,4.7,6.1,4.6,970.7,8.3,55.3,-0.1
2026-03-16 13:00:00,    3,   4.5,   5.8,   4.5,  970.5,   8.6,  52.3,  -0.6
2026-03-16 14:00:00,3,6.0,7.7,4.4,981.3,5.4,86.3,3.3
2026-03-16 15:00:00,    3,   5.8,   7.5,   4.7,  972.1,   6.3,  78.8,   2.9
2026-03-16 16:00:00,    3,   5.8,   7.6,   5.6,  981.8,   8.0,  70.6,   3.0
2026-03-16 17:00:00,    3,   5.4,   7.0,   4.5,  973.1,   6.8,  70.3,   1.8
2026-03-16 18:00:00,    3,   5.5,   7.1,   4.5,  973.6,   6.5,  73.4,   2.1
2026-03-16 19:00:00,    3,   5.9,   7.6,   4.2,  984.0,   5.3,  85.0,   3.0
2026-03-16 20:00:00,3,5.7,7.4,3.9,975.0,5.1,83.8,2.6
2026-03-16 21:00:00,3,6.0,7.7,4.6,985.0,5.9,82.7,3.2
2026-03-16 22:00:00,    3,   5.8,   7.5,   4.4,  985.2,   5.7,  82.1,   2.9
2026-03-16 23:00:00,3,5.9,7.6,4.5,985.5,5.7,82.7,3.0
2026-03-17 00:00:00,    3,   5.7,   7.4,   3.6,  975.5,   4.5,  87.4,   2.6
2026-03-17 01:00:00,    3,   5.9,   7.6,   4.1,  975.5,   4.9,  88.1,   3.1
2026-03-17 02:00:00,3,5.9,7.5,4.0,975.2,5.0,86.2,2.9
2026-03-17 03:00:00,    3,   6.1,   7.8,   4.7,  984.8,   5.9,  83.9,   3.4
2026-03-17 04:00:00,    3,   6.1,   7.9,   4.9,  985.1,   6.1,  83.9,   3.6
2026-03-17 05:00:00,    3,   6.3,   8.0,   4.1,  975.3,   4.4,  95.9,   3.8
2026-03-17 06:00:00,    3,   6.5,   8.4,   4.9,  985.1,   5.4,  93.2,   4.4
2026-03-17 07:00:00,3,6.6,8.5,5.3,985.2,5.9,92.0,4.7
2026-03-17 08:00:00,3,6.6,8.5,5.5,985.5,6.2,90.1,4.7
2026-03-17 09:00:00,    3,   6.2,   8.0,   5.1,  975.4,   6.2,  84.6,   3.8
2026-03-17 10:00:00,    3,   6.6,   8.5,   6.0,  986.0,   7.3,  83.5,   4.7
2026-03-17 11:00:00,    3,   6.8,   8.8,   6.6,  985.7,   8.1,  81.3,   5.1
2026-03-17 12:00:00,3,6.6,8.5,6.5,975.5,8.2,78.5,4.7
2026-03-17 13:00:00,3,6.3,8.2,6.9,985.0,9.6,68.5,4.1
2026-03-17 14:00:00,    3,   6.1,   7.9,   6.8,  984.6,   9.9,  64.8,   3.6
2026-03-17 15:00:00,3,6.4,8.3,7.0,974.0,9.6,69.4,4.3
2026-03-17 16:00:00,    3,   6.2,   8.1,   6.8,  983.9,   9.5,  68.5,   4.0
2026-03-17 17:00:00,    3,   6.3,   8.3,   6.4,  973.8,   8.5,  74.3,   4.2
2026-03-17 18:00:00,    3,   6.2,   8.1,   6.4,  984.2,   8.7,  71.7,   3.9
2026-03-17 19:00:00,    3,   6.0,   7.7,   5.9,  984.6,   8.2,  71.1,   3.3
2026-03-17 20:00:00,    3,   5.9,   7.6,   5.3,  984.8,   7.3,  74.6,   3.1
2026-03-17 21:00:00,    3,   5.9,   7.6,   5.0,  985.1,   6.6,  78.3,   3.1
2026-03-17 22:00:00,3,5.9,7.6,4.8,985.1,6.4,78.8,3.0
2026-03-17 23:00:00,    3,   5.5,   7.1,   3.7,  975.0,   5.0,  81.4,   2.1
2026-03-18 00:00:00,    3,   5.0,   6.3,   2.0,  975.3,   3.1,  83.0,   0.5
2026-03-18 01:00:00,3,4.8,6.1,1.5,975.3,2.6,82.9,0.0
2026-03-18 02:00:00,3,4.6,5.9,0.9,975.0,1.9,84.0,-0.5
2026-03-18 03:00:00,    3,   4.6,   5.9,   1.3,  974.9,   2.5,  80.5,  -0.5
2026-03-18 04:00:00,    3,   4.6,   5.9,   1.3,  985.4,   2.5,  80.5,  -0.5
2026-03-18 05:00:00,    3,   4.0,   5.1,  -0.7,  975.0,   0.5,  80.2,  -2.5
2026-03-18 06:00:00,    3,   4.2,   5.4,   0.4,  975.3,   1.8,  76.9,  -1.8
2026-03-18 07:00:00,    3,   4.4,   5.6,   1.7,  986.3,   3.7,  70.7,  -1.1
2026-03-18 08:00:00,    3,   4.5,   5.8,   2.5,  975.8,   4.9,  66.5,  -0.8
2026-03-18 09:00:00,3,4.6,6.0,3.4,976.2,6.3,62.5,-0.3
2026-03-18 10:00:00,3,5.2,6.7,4.9,976.2,8.0,62.5,1.3
2026-03-18 11:00:00,3,5.0,6.5,5.4,986.3,9.2,55.6,0.8
2026-03-18 12:00:00,3,5.5,7.2,6.8,986.1,11.0,54.5,2.2
2026-03-18 13:00:00,    3,   5.2,   6.9,   6.6,  985.4,  11.0,  52.2,   1.6
2026-03-18 14:00:00,3,5.3,7.0,7.1,985.1,11.9,50.2,1.9
2026-03-18 15:00:00,    3,   5.3,   7.1,   7.5,  984.9,  12.5,  48.6,   2.0
2026-03-18 16:00:00,    3,   5.4,   7.1,   7.3,  984.8,  12.2,  49.6,   2.0
2026-03-18 17:00:00,    3,   5.2,   6.8,   6.5,  975.0,  11.0,  51.8,   1.5
2026-03-18 18:00:00,3,5.0,6.6,6.2,975.5,10.6,51.3,1.0
2026-03-18 19:00:00,3,5.1,6.6,5.2,975.7,8.6,59.1,1.1
2026-03-18 20:00:00,    3,   5.6,   7.3,   6.1,  985.8,   9.4,  61.5,   2.4
2026-03-18 21:00:00,3,5.5,7.2,5.8,985.9,8.9,62.7,2.2
2026-03-18 22:00:00,3,5.5,7.2,5.7,986.0,8.7,63.6,2.2
2026-03-18 23:00:00,    3,   5.1,   6.6,   3.6,  975.7,   5.6,  72.7,   1.1
2026-03-19 00:00:00,    3,   5.2,   6.7,   3.7,  975.8,   5.6,  73.7,   1.3
2026-03-19 01:00:00,3,5.3,6.9,4.6,985.9,7.1,67.9,1.6
2026-03-19 02:00:00,    3,   5.3,   6.9,   4.3,  985.7,   6.4,  71.8,   1.7
2026-03-19 03:00:00,3,4.9,6.2,2.0,975.2,3.3,80.0,0.2
2026-03-19 04:00:00,3,5.0,6.5,3.5,985.5,5.6,71.1,0.8
2026-03-19 05:00:00,3,5.0,6.4,2.9,985.7,4.7,74.6,0.6
2026-03-19 06:00:00,3,4.8,6.2,2.6,986.0,4.5,73.0,0.1
2026-03-19 07:00:00,3,4.8,6.2,2.2,976.0,3.8,76.7,0.1
2026-03-19 08:00:00,    3,   5.0,   6.4,   3.8,  976.6,   6.3,  67.3,   0.7
2026-03-19 09:00:00,3,4.8,6.2,4.8,976.6,8.4,56.6,0.3
2026-03-19 10:00:00,    3,   4.8,   6.2,   6.0,  976.3,  10.9,  47.8,   0.3
2026-03-19 11:00:00,    3,   5.2,   6.8,   7.2,  986.3,  12.4,  47.2,   1.5
2026-03-19 12:00:00,    3,   4.7,   6.3,   7.4,  975.4,  13.6,  40.3,   0.4
2026-03-19 13:00:00,    3,   4.8,   6.3,   7.7,  985.0,  14.1,  39.3,   0.5
2026-03-19 14:00:00,    3,   3.6,   4.8,   6.6,  974.2,  14.3,  29.1,  -3.4
2026-03-19 15:00:00,3,4.0,5.3,7.2,983.9,14.6,31.9,-1.9
2026-03-19 16:00:00,3,3.9,5.2,6.8,983.7,14.1,32.0,-2.3
2026-03-19 17:00:00,3,3.5,4.7,5.9,983.7,12.9,31.4,-3.6
2026-03-19 18:00:00,3,3.6,4.8,4.4,974.0,10.0,38.7,-3.4
2026-03-19 19:00:00,    3,   3.8,   4.9,   4.2,  974.3,   9.3,  42.1,  -2.9
2026-03-19 20:00:00,    3,   3.9,   5.1,   3.6,  974.4,   7.9,  48.0,  -2.4
2026-03-19 21:00:00,    3,   4.3,   5.6,   4.5,  984.3,   8.8,  49.7,  -1.1
2026-03-19 22:00:00,    3,   4.1,   5.2,   2.3,  974.0,   5.3,  58.7,  -2.1
2026-03-19 23:00:00,    3,   4.3,   5.5,   3.2,  983.8,   6.5,  56.9,  -1.4
2026-03-20 00:00:00,3,4.0,5.1,0.6,973.3,2.6,69.5,-2.4
2026-03-20 01:00:00,    3,   4.4,   5.6,   1.9,  983.0,   4.0,  68.8,  -1.2
2026-03-20 02:00:00,3,4.3,5.5,1.4,982.8,3.3,71.2,-1.4
2026-03-20 03:00:00,    3,   3.7,   4.6,  -1.4,  972.3,   0.0,  76.1,  -3.7
2026-03-20 04:00:00,    3,   3.8,   4.8,  -1.2,  972.5,   0.0,  79.0,  -3.2
2026-03-20 05:00:00,    3,   3.6,   4.6,  -1.8,  972.4,  -0.6,  78.3,  -3.9
2026-03-20 06:00:00,3,3.9,4.9,-1.5,972.6,-0.5,82.5,-3.1
2026-03-20 07:00:00,    3,   4.5,   5.8,   1.3,  983.1,   2.8,  77.1,  -0.8
2026-03-20 08:00:00,    3,   4.7,   6.0,   2.7,  983.3,   4.9,  69.4,  -0.2
2026-03-20 09:00:00,3,4.4,5.6,3.3,973.2,6.5,58.2,-1.1
2026-03-20 10:00:00,    3,   4.8,   6.3,   5.4,  972.9,   9.6,  52.5,   0.4
2026-03-20 11:00:00,    3,   5.0,   6.5,   6.7,  972.4,  11.8,  47.0,   0.9
2026-03-20 12:00:00,    3,   4.0,   5.2,   6.3,  971.9,  13.0,  34.9,  -2.1
2026-03-20 13:00:00,    3,   4.3,   5.7,   6.9,  971.2,  13.4,  37.2,  -0.9
2026-03-20 14:00:00,3,4.5,5.9,7.2,980.8,13.7,37.8,-0.4
2026-03-20 15:00:00,    3,   4.6,   6.2,   7.7,  980.2,  14.3,  37.7,   0.1
2026-03-20 16:00:00,    3,   4.3,   5.8,   7.3,  979.9,  14.2,  35.5,  -0.8
2026-03-20 17:00:00,    3,   4.4,   5.9,   7.1,  979.6,  13.5,  38.0,  -0.5
2026-03-20 18:00:00,    3,   4.6,   6.1,   6.5,  979.8,  12.1,  42.9,  -0.1
2026-03-20 19:00:00,3,4.5,6.0,6.1,979.9,11.3,44.6,-0.3
2026-03-20 20:00:00,3,4.8,6.2,5.9,979.8,10.5,49.1,0.3
2026-03-20 21:00:00,    3,   4.7,   6.1,   4.6,  970.3,   8.3,  55.3,  -0.1
2026-03-20 22:00:00,3,4.8,6.3,5.5,979.4,9.7,52.6,0.5
2026-03-20 23:00:00,    3,   5.2,   6.7,   4.1,  969.9,   6.5,  68.8,   1.2
2026-03-21 00:00:00,    3,   4.8,   6.2,   4.7,  978.9,   8.3,  56.5,   0.2
2026-03-21 01:00:00,    3,   4.9,   6.3,   4.0,  969.1,   6.9,  63.1,   0.4
2026-03-21 02:00:00,    3,   5.0,   6.5,   4.1,  978.4,   6.7,  66.4,   0.9
2026-03-21 03:00:00,    3,   4.3,   5.5,   1.1,  968.4,   2.9,  73.2,  -1.4
2026-03-21 04:00:00,    3,   4.2,   5.4,   0.4,  968.3,   1.8,  76.9,  -1.8
2026-03-21 05:00:00,3,5.1,6.6,3.2,978.1,4.9,75.8,1.0
2026-03-21 06:00:00,    3,   5.1,   6.5,   2.8,  978.2,   4.3,  77.9,   0.8
2026-03-21 07:00:00,3,4.9,6.3,2.8,978.5,4.6,74.1,0.4
2026-03-21 08:00:00,    3,   5.3,   6.8,   3.7,  978.5,   5.5,  75.3,   1.5
2026-03-21 09:00:00,    3,   5.3,   7.0,   5.5,  968.7,   8.8,  61.4,   1.8
2026-03-21 10:00:00,    3,   5.8,   7.5,   5.8,  978.4,   8.5,  67.8,   2.9
2026-03-21 11:00:00,3,5.7,7.4,6.6,978.1,10.1,60.0,2.7
2026-03-21 12:00:00,    3,   5.6,   7.3,   7.3,  977.4,  11.9,  52.4,   2.5
2026-03-21 13:00:00,3,5.6,7.4,7.3,976.9,11.7,53.5,2.6
2026-03-21 14:00:00,3,5.9,7.7,6.2,967.1,9.0,66.9,3.2
2026-03-21 15:00:00,3,5.9,7.7,7.1,976.1,10.8,59.7,3.3
2026-03-21 16:00:00,    3,   5.9,   7.7,   6.6,  976.1,   9.7,  63.8,   3.2
2026-03-21 17:00:00,3,6.1,7.9,6.3,976.4,8.9,69.3,3.6
2026-03-21 18:00:00,    3,   6.0,   7.9,   6.0,  976.9,   8.3,  71.7,   3.5
2026-03-21 19:00:00,    3,   6.7,   8.7,   5.9,  977.3,   6.8,  87.6,   4.9
2026-03-21 20:00:00,    3,   6.7,   8.7,   6.0,  977.2,   7.0,  87.1,   5.0
2026-03-21 21:00:00,    3,   6.5,   8.4,   5.3,  967.5,   6.0,  90.1,   4.5
2026-03-21 22:00:00,    3,   6.3,   8.1,   4.6,  967.4,   5.3,  90.6,   3.9
2026-03-21 23:00:00,3,6.7,8.7,5.6,976.8,6.3,90.7,4.9
2026-03-22 00:00:00,    3,   6.5,   8.4,   5.0,  976.6,   5.6,  92.0,   4.4
2026-03-22 01:00:00,    3,   6.1,   7.8,   4.0,  976.4,   4.6,  91.9,   3.4
2026-03-22 02:00:00,    3,   5.9,   7.5,   3.6,  976.0,   4.2,  91.2,   2.9
2026-03-22 03:00:00,3,5.7,7.3,3.2,976.1,3.8,90.5,2.4
2026-03-22 04:00:00,3,5.7,7.3,3.5,966.2,4.3,88.0,2.5
2026-03-22 05:00:00,3,5.8,7.4,3.6,966.2,4.3,89.3,2.7
2026-03-22 06:00:00,    3,   5.5,   7.0,   3.3,  966.3,   4.5,  83.1,   1.9
2026-03-22 07:00:00,    3,   5.4,   7.0,   3.4,  966.6,   4.7,  81.4,   1.8
2026-03-22 08:00:00,    3,   5.4,   7.0,   3.5,  976.6,   4.9,  80.3,   1.8
2026-03-22 09:00:00,    3,   5.4,   7.0,   3.9,  966.6,   5.7,  75.9,   1.8
2026-03-22 10:00:00,    3,   5.2,   6.8,   4.2,  966.4,   6.6,  69.3,   1.4
2026-03-22 11:00:00,3,5.6,7.4,6.5,975.9,10.1,59.5,2.6
2026-03-22 12:00:00,    3,   5.7,   7.5,   6.8,  966.0,  10.5,  58.8,   2.8
2026-03-22 13:00:00,3,5.2,6.8,7.3,975.4,12.5,46.9,1.5
2026-03-22 14:00:00,    3,   4.9,   6.5,   7.4,  975.0,  13.4,  42.0,   0.8
2026-03-22 15:00:00,    3,   5.1,   6.7,   7.7,  965.1,  13.7,  42.8,   1.3
2026-03-22 16:00:00,    3,   4.8,   6.4,   7.1,  965.2,  12.9,  42.8,   0.6
2026-03-22 17:00:00,    3,   4.7,   6.2,   6.6,  965.5,  12.2,  43.2,   0.1
2026-03-22 18:00:00,    3,   4.5,   5.9,   5.7,  965.8,  10.9,  45.1,  -0.5
2026-03-22 19:00:00,    3,   4.3,   5.7,   5.4,  975.5,  10.5,  44.7,  -1.0
2026-03-22 20:00:00,    3,   4.3,   5.6,   4.8,  975.9,   9.4,  47.4,  -1.2
2026-03-22 21:00:00,    3,   4.4,   5.7,   4.4,  976.2,   8.6,  50.8,  -1.0
2026-03-22 22:00:00,    3,   4.5,   5.8,   3.7,  976.4,   7.1,  57.1,  -0.8
2026-03-22 23:00:00,    3,   4.4,   5.7,   3.1,  976.8,   6.2,  59.8,  -1.0
2026-03-23 00:00:00,    3,   4.5,   5.8,   2.8,  977.0,   5.4,  64.2,  -0.8
2026-03-23 01:00:00,    3,   4.7,   6.0,   2.5,  977.3,   4.5,  71.4,  -0.2
2026-03-23 02:00:00,    3,   4.4,   5.6,   0.7,  968.0,   2.0,  78.7,  -1.3
2026-03-23 03:00:00,    3,   4.7,   6.0,   1.6,  977.8,   2.9,  80.0,  -0.2
2026-03-23 04:00:00,    3,   3.9,   4.9,  -1.3,  968.5,  -0.3,  82.0,  -3.0
2026-03-23 05:00:00,    3,   4.9,   6.2,   1.3,  978.5,   2.1,  87.2,   0.2
2026-03-23 06:00:00,3,4.9,6.2,1.8,979.1,3.0,81.8,0.2
2026-03-23 07:00:00,    3,   4.7,   6.0,   0.8,  970.2,   1.5,  87.8,  -0.3
2026-03-23 08:00:00,3,4.7,6.1,2.1,970.8,3.7,76.1,-0.1
2026-03-23 09:00:00,    3,   5.1,   6.6,   3.9,  980.9,   6.2,  69.2,   1.0
2026-03-23 10:00:00,3,5.3,6.9,5.5,981.3,8.8,60.5,1.6
2026-03-23 11:00:00,    3,   5.5,   7.2,   6.3,  971.9,   9.9,  59.1,   2.3
2026-03-23 12:00:00,    3,   4.9,   6.4,   6.4,  971.7,  11.5,  47.0,   0.6
2026-03-23 13:00:00,3,3.9,5.1,5.8,971.7,12.2,35.7,-2.5
2026-03-23 14:00:00,    3,   4.0,   5.3,   6.5,  981.4,  13.2,  35.0,  -1.9
2026-03-23 15:00:00,3,3.9,5.2,6.2,981.6,12.8,34.9,-2.3
2026-03-23 16:00:00,    3,   3.9,   5.2,   5.9,  972.3,  12.3,  36.0,  -2.3
2026-03-23 17:00:00,3,4.3,5.7,5.8,973.2,11.3,42.3,-1.0
2026-03-23 18:00:00,    3,   4.0,   5.2,   5.6,  982.9,  11.7,  37.7,  -2.2
2026-03-23 19:00:00,    3,   4.4,   5.8,   3.8,  973.9,   7.3,  56.3,  -0.8
2026-03-23 20:00:00,3,4.2,5.5,4.7,984.0,9.4,46.7,-1.4
2026-03-23 21:00:00,    3,   4.5,   5.8,   3.4,  974.8,   6.5,  59.5,  -0.8
2026-03-23 22:00:00,    3,   4.2,   5.3,   1.4,  974.7,   3.6,  67.2,  -1.9
2026-03-23 23:00:00,    3,   4.4,   5.6,   1.3,  974.8,   3.0,  74.3,  -1.1
2026-03-24 00:00:00,    3,   4.8,   6.1,   2.8,  984.8,   4.9,  70.5,   0.0
2026-03-24 01:00:00,    3,   4.6,   5.9,   2.3,  984.7,   4.3,  71.4,  -0.4
2026-03-24 02:00:00,    3,   4.6,   5.8,   2.1,  984.7,   4.0,  71.8,  -0.6
2026-03-24 03:00:00,    3,   4.4,   5.6,  -0.3,  975.0,   0.3,  89.6,  -1.2
2026-03-24 04:00:00,3,4.1,5.1,-1.2,975.6,-0.5,87.0,-2.4
2026-03-24 05:00:00,    3,   4.4,   5.6,   0.8,  985.2,   2.2,  78.1,  -1.2
2026-03-24 06:00:00,    3,   4.4,   5.6,   0.6,  985.2,   1.9,  79.3,  -1.3
2026-03-24 07:00:00,    3,   4.5,   5.7,   1.4,  985.5,   3.0,  74.9,  -1.0
2026-03-24 08:00:00,    3,   5.0,   6.3,   2.1,  976.0,   3.3,  81.8,   0.5
2026-03-24 09:00:00,    3,   5.4,   7.0,   4.4,  976.0,   6.5,  71.8,   1.8
2026-03-24 10:00:00,    3,   5.7,   7.4,   6.7,  975.8,  10.3,  59.2,   2.7
2026-03-24 11:00:00,3,5.1,6.8,7.8,984.7,13.6,43.3,1.4
2026-03-24 12:00:00,    3,   3.8,   5.1,   7.2,  984.1,  14.9,  30.2,  -2.4
2026-03-24 13:00:00,    3,   4.3,   5.7,   7.6,  973.7,  15.0,  33.2,  -1.0
2026-03-24 14:00:00,    3,   3.8,   5.1,   7.3,  972.9,  15.1,  29.8,  -2.4
2026-03-24 15:00:00,3,4.3,5.8,7.9,972.5,15.5,32.7,-0.8
2026-03-24 16:00:00,    3,   4.7,   6.3,   7.9,  981.5,  14.6,  37.8,   0.4
2026-03-24 17:00:00,3,4.8,6.3,7.7,980.8,14.1,39.3,0.5
2026-03-24 18:00:00,    3,   5.0,   6.6,   6.9,  971.0,  12.1,  46.8,   1.1
2026-03-24 19:00:00,3,4.7,6.2,6.8,980.0,12.6,42.1,0.1
2026-03-24 20:00:00,3,5.0,6.6,6.1,970.2,10.5,52.0,1.1
2026-03-24 21:00:00,    3,   5.1,   6.7,   6.3,  978.7,  10.6,  52.4,   1.3
2026-03-24 22:00:00,    3,   4.9,   6.4,   5.5,  968.8,   9.6,  53.7,   0.7
2026-03-24 23:00:00,3,4.9,6.4,6.2,977.7,11.0,48.5,0.6
2026-03-25 00:00:00,    3,   4.6,   6.0,   4.0,  967.8,   7.3,  58.8,  -0.2
2026-03-25 01:00:00,    3,   4.9,   6.3,   5.1,  965.9,   9.0,  55.1,   0.5
2026-03-25 02:00:00,3,4.9,6.3,5.4,973.9,9.5,53.3,0.5
2026-03-25 03:00:00,    3,   4.9,   6.4,   5.5,  972.9,   9.5,  53.7,   0.6
2026-03-25 04:00:00,3,5.0,6.5,5.0,962.7,8.6,57.9,0.8
2026-03-25 05:00:00,3,5.4,7.0,6.2,970.9,10.1,56.6,1.9
2026-03-25 06:00:00,3,5.4,7.1,6.1,970.2,9.8,58.2,2.0
2026-03-25 07:00:00,3,5.3,7.0,6.4,960.2,10.5,55.1,1.9
2026-03-25 08:00:00,3,5.2,6.8,7.2,958.9,12.4,47.2,1.5
2026-03-25 09:00:00,    3,   4.6,   6.1,   6.9,  967.6,  12.9,  40.7,  -0.1
2026-03-25 10:00:00,    3,   4.6,   6.1,   6.4,  958.3,  11.9,  43.5,  -0.1
2026-03-25 11:00:00,3,6.0,7.9,6.8,967.4,10.0,63.9,3.5
2026-03-25 12:00:00,    3,   6.4,   8.4,   6.3,  957.6,   8.2,  76.9,   4.4
2026-03-25 13:00:00,3,5.6,7.3,4.7,967.4,6.6,74.5,2.4
2026-03-25 14:00:00,    3,   5.4,   7.0,   4.2,  958.4,   6.2,  73.3,   1.8
2026-03-25 15:00:00,3,5.6,7.3,5.2,968.0,7.6,70.0,2.5
2026-03-25 16:00:00,    3,   5.6,   7.2,   3.8,  958.7,   5.1,  82.0,   2.3
2026-03-25 17:00:00,    3,   5.1,   6.6,   4.1,  959.7,   6.6,  67.3,   1.0
2026-03-25 18:00:00,    3,   5.3,   6.8,   2.3,  970.4,   2.9,  90.5,   1.5
2026-03-25 19:00:00,3,5.5,7.0,2.5,971.1,3.1,91.1,1.8
2026-03-25 20:00:00,3,5.3,6.8,2.4,961.5,3.1,89.2,1.5
2026-03-25 21:00:00,3,5.2,6.7,2.3,961.4,3.2,86.7,1.2
2026-03-25 22:00:00,3,5.0,6.4,2.0,961.8,3.1,83.6,0.6
2026-03-25 23:00:00,    3,   5.1,   6.5,   1.9,  962.0,   2.8,  86.6,   0.8
2026-03-26 00:00:00,3,5.3,6.8,2.7,971.9,3.6,86.1,1.5
2026-03-26 01:00:00,    3,   5.0,   6.3,   1.9,  962.1,   2.9,  84.2,   0.5
2026-03-26 02:00:00,3,5.1,6.5,1.5,962.0,2.1,91.1,0.8
2026-03-26 03:00:00,3,5.4,6.9,2.3,972.3,2.9,91.1,1.6
2026-03-26 04:00:00,3,5.1,6.5,1.9,973.0,2.7,87.2,0.8
2026-03-26 05:00:00,3,4.9,6.3,1.5,973.6,2.4,86.6,0.4
2026-03-26 06:00:00,3,4.7,5.9,1.0,964.5,2.0,84.0,-0.4
2026-03-26 07:00:00,    3,   4.6,   5.9,   1.2,  975.1,   2.4,  81.1,  -0.5
2026-03-26 08:00:00,    3,   4.4,   5.6,   1.0,  966.1,   2.6,  75.9,  -1.2
2026-03-26 09:00:00,    3,   4.6,   5.9,   2.0,  976.4,   3.7,  74.5,  -0.4
2026-03-26 10:00:00,    3,   4.7,   6.0,   1.7,  976.9,   3.1,  78.8,  -0.2
2026-03-26 11:00:00,    3,   4.6,   5.9,   1.8,  967.4,   3.5,  75.0,  -0.5
2026-03-26 12:00:00,    3,   4.5,   5.8,   3.2,  977.1,   6.0,  62.5,  -0.6
2026-03-26 13:00:00,3,3.8,4.9,2.5,977.1,6.4,50.5,-3.1
2026-03-26 14:00:00,3,3.3,4.3,2.4,977.1,7.0,43.0,-4.7
2026-03-26 15:00:00,3,3.3,4.2,1.9,977.1,6.3,44.1,-5.0
2026-03-26 16:00:00,3,3.3,4.2,2.1,977.3,6.6,43.5,-4.9
2026-03-26 17:00:00,3,3.8,4.9,2.1,968.2,5.4,55.0,-2.9
2026-03-26 18:00:00,    3,   4.0,   5.1,   1.5,  978.7,   4.2,  61.6,  -2.5
2026-03-26 19:00:00,    3,   3.9,   4.9,   0.5,  970.0,   2.7,  66.5,  -2.9
2026-03-26 20:00:00,3,4.3,5.4,0.2,970.9,1.4,80.4,-1.6
2026-03-26 21:00:00,    3,   4.2,   5.3,  -0.1,  971.3,   1.2,  79.2,  -2.0
2026-03-26 22:00:00,    3,   3.9,   4.9,  -0.9,  971.4,   0.3,  78.5,  -3.0
2026-03-26 23:00:00,    3,   3.9,   4.9,  -0.9,  971.8,   0.4,  77.9,  -3.0
2026-03-27 00:00:00,    3,   3.9,   5.0,  -0.8,  982.2,   0.5,  78.5,  -2.8
2026-03-27 01:00:00,    3,   3.9,   5.0,  -0.9,  982.5,   0.3,  79.6,  -2.8
2026-03-27 02:00:00,    3,   3.9,   4.9,  -1.2,  982.8,  -0.1,  80.2,  -3.1
2026-03-27 03:00:00,    3,   3.8,   4.8,  -1.5,  983.1,  -0.5,  81.9,  -3.2
2026-03-27 04:00:00,3,3.6,4.5,-2.5,973.5,-1.6,83.0,-4.1
2026-03-27 05:00:00,    3,   3.7,   4.6,  -2.2,  974.1,  -1.3,  83.1,  -3.8
2026-03-27 06:00:00,    3,   3.6,   4.6,  -2.4,  974.7,  -1.5,  83.7,  -3.9
2026-03-27 07:00:00,3,3.8,4.8,-1.0,975.3,0.3,77.3,-3.2
2026-03-27 08:00:00,3,3.9,4.9,-0.9,975.8,0.4,77.9,-3.0
2026-03-27 09:00:00,3,4.0,5.0,-0.1,976.3,1.5,74.1,-2.6
2026-03-27 10:00:00,3,3.8,4.8,0.1,976.6,2.2,67.4,-3.2
2026-03-27 11:00:00,    3,   3.5,   4.5,   0.4,  976.4,   3.1,  59.1,  -4.1
2026-03-27 12:00:00,    3,   3.3,   4.2,   0.8,  986.0,   4.3,  50.7,  -5.0
2026-03-27 13:00:00,    3,   3.0,   3.8,   0.7,  985.7,   4.7,  44.3,  -6.4
2026-03-27 14:00:00,    3,   3.0,   3.9,   1.3,  985.3,   5.6,  42.9,  -6.0
2026-03-27 15:00:00,3,2.9,3.8,1.4,985.0,6.0,40.2,-6.5
2026-03-27 16:00:00,    3,   2.7,   3.5,   1.1,  975.0,   5.9,  37.7,  -7.4
2026-03-27 17:00:00,    3,   2.8,   3.6,   0.5,  975.2,   4.6,  42.9,  -6.9
2026-03-27 18:00:00,    3,   2.8,   3.5,  -0.1,  975.5,   3.9,  43.7,  -7.3
2026-03-27 19:00:00,    3,   2.9,   3.6,  -1.6,  975.9,   1.2,  54.3,  -7.0
2026-03-27 20:00:00,3,3.1,4.0,0.0,985.6,3.3,51.6,-5.7
2026-03-27 21:00:00,    3,   3.1,   4.0,  -1.3,  975.9,   1.2,  59.5,  -5.8
2026-03-27 22:00:00,3,3.3,4.2,-2.5,975.6,-1.1,73.6,-5.2
2026-03-27 23:00:00,3,3.6,4.5,-1.3,985.5,0.3,72.8,-4.0
2026-03-28 00:00:00,3,3.3,4.1,-3.2,975.5,-2.1,78.1,-5.4
2026-03-28 01:00:00,3,3.3,4.2,-2.1,985.0,-0.6,72.1,-5.0
2026-03-28 02:00:00,    3,   3.3,   4.2,  -2.4,  984.4,  -1.0,  73.7,  -5.1
2026-03-28 03:00:00,3,3.3,4.2,-2.6,984.2,-1.2,74.8,-5.1
2026-03-28 04:00:00,    3,   3.3,   4.2,  -2.9,  983.9,  -1.7,  77.0,  -5.2
2026-03-28 05:00:00,3,3.2,4.0,-4.4,973.9,-3.7,86.0,-5.7
2026-03-28 06:00:00,3,3.5,4.4,-2.5,983.6,-1.4,79.4,-4.5
2026-03-28 07:00:00,    3,   3.6,   4.5,  -1.4,  983.6,   0.1,  73.3,  -4.1
2026-03-28 08:00:00,    3,   3.7,   4.7,   0.0,  983.5,   2.1,  66.4,  -3.5
2026-03-28 09:00:00,    3,   3.9,   5.0,   1.9,  983.2,   5.0,  57.8,  -2.6
2026-03-28 10:00:00,3,2.9,3.7,1.7,982.8,6.7,37.7,-6.7
2026-03-28 11:00:00,    3,   3.2,   4.2,   2.3,  982.2,   6.9,  42.0,  -5.1
2026-03-28 12:00:00,    3,   3.2,   4.1,   2.0,  972.1,   6.6,  42.2,  -5.3
2026-03-28 13:00:00,    3,   3.9,   5.1,   2.2,  972.2,   5.5,  56.2,  -2.5
2026-03-28 14:00:00,3,4.9,6.2,2.0,972.4,3.3,80.6,0.3
2026-03-28 15:00:00,3,5.2,6.7,2.3,972.4,3.1,87.3,1.2
2026-03-28 16:00:00,    3,   5.2,   6.7,   2.1,  982.3,   2.8,  89.2,   1.2
2026-03-28 17:00:00,    3,   5.2,   6.6,   2.0,  982.8,   2.6,  89.8,   1.1
2026-03-28 18:00:00,    3,   5.1,   6.4,   1.6,  973.3,   2.2,  89.8,   0.7
2026-03-28 19:00:00,3,5.2,6.6,1.6,984.0,2.0,93.1,1.0
2026-03-28 20:00:00,3,5.1,6.5,1.5,974.5,2.0,92.4,0.9
2026-03-28 21:00:00,    3,   5.5,   7.0,   2.4,  984.9,   2.8,  93.8,   1.9
2026-03-28 22:00:00,    3,   5.6,   7.1,   2.7,  985.4,   3.1,  93.1,   2.1
2026-03-28 23:00:00,    3,   5.5,   7.0,   2.6,  985.7,   3.1,  91.8,   1.9
2026-03-29 00:00:00,    3,   5.1,   6.6,   2.1,  976.1,   3.0,  86.6,   1.0
2026-03-29 01:00:00,    3,   5.2,   6.6,   2.1,  976.6,   2.8,  88.5,   1.1
2026-03-29 02:00:00,3,5.3,6.8,2.2,986.7,2.8,91.1,1.5
2026-03-29 03:00:00,3,5.0,6.4,1.9,977.3,2.8,86.0,0.7
2026-03-29 04:00:00,    3,   4.9,   6.2,   1.6,  977.8,   2.5,  85.3,   0.3
2026-03-29 05:00:00,    3,   4.7,   6.0,   1.0,  978.2,   1.9,  85.9,  -0.2
2026-03-29 06:00:00,    3,   4.7,   6.0,   0.8,  979.1,   1.5,  88.4,  -0.2
2026-03-29 07:00:00,3,4.9,6.2,1.5,989.6,2.3,86.6,0.3
2026-03-29 08:00:00,3,5.0,6.3,2.3,990.2,3.6,80.1,0.5
2026-03-29 09:00:00,    3,   4.6,   5.9,   2.0,  980.8,   3.7,  74.5,  -0.4
2026-03-29 10:00:00,    3,   5.3,   6.8,   3.7,  991.3,   5.6,  74.3,   1.4
2026-03-29 11:00:00,3,4.6,5.9,3.2,981.2,5.9,63.8,-0.4
2026-03-29 12:00:00,3,4.5,5.9,3.9,980.8,7.2,57.9,-0.5
2026-03-29 13:00:00,3,3.5,4.5,2.5,980.6,6.8,45.6,-4.1
2026-03-29 14:00:00,    3,   3.6,   4.6,   2.9,  980.4,   7.4,  45.1,  -3.7
2026-03-29 15:00:00,    3,   3.7,   4.8,   3.6,  990.0,   8.4,  43.4,  -3.3
2026-03-29 16:00:00,    3,   3.9,   5.0,   3.4,  989.8,   7.6,  47.9,  -2.7
2026-03-29 17:00:00,    3,   4.2,   5.5,   3.3,  980.2,   6.8,  55.3,  -1.5
2026-03-29 18:00:00,    3,   4.3,   5.5,   2.2,  980.2,   4.8,  63.6,  -1.5
2026-03-29 19:00:00,    3,   4.4,   5.6,   2.1,  979.8,   4.4,  66.9,  -1.2
2026-03-29 20:00:00,    3,   4.4,   5.6,   2.3,  989.4,   4.8,  65.5,  -1.1
2026-03-29 21:00:00,3,4.1,5.2,0.5,979.5,2.2,73.1,-2.1
2026-03-29 22:00:00,3,4.2,5.4,0.8,979.1,2.5,73.2,-1.8
2026-03-29 23:00:00,    3,   4.3,   5.5,   2.1,  987.9,   4.6,  64.5,  -1.5
2026-03-30 00:00:00,3,4.2,5.4,2.0,986.8,4.5,64.5,-1.6
2026-03-30 01:00:00,3,4.3,5.4,1.2,975.9,3.1,71.2,-1.6
2026-03-30 02:00:00,    3,   4.2,   5.3,   1.3,  974.9,   3.4,  68.1,  -1.9
2026-03-30 03:00:00,3,4.2,5.4,2.2,983.4,5.0,61.8,-1.7
2026-03-30 04:00:00,    3,   4.5,   5.7,   2.0,  982.5,   4.0,  70.3,  -0.9
2026-03-30 05:00:00,    3,   4.5,   5.8,   1.8,  971.9,   3.5,  73.9,  -0.7
2026-03-30 06:00:00,    3,   4.8,   6.1,   2.1,  980.7,   3.6,  77.2,   0.0
2026-03-30 07:00:00,3,4.8,6.2,2.1,970.7,3.5,78.9,0.2
2026-03-30 08:00:00,    3,   4.9,   6.2,   1.0,  980.8,   1.6,  90.4,   0.2
2026-03-30 09:00:00,    3,   5.7,   7.3,   3.8,  980.4,   4.9,  84.4,   2.5
2026-03-30 10:00:00,    3,   4.9,   6.4,   4.4,  980.2,   7.4,  61.9,   0.6
2026-03-30 11:00:00,    3,   5.0,   6.5,   4.0,  979.8,   6.5,  67.3,   0.9
2026-03-30 12:00:00,    3,   5.0,   6.3,   2.1,  970.3,   3.3,  81.8,   0.5
2026-03-30 13:00:00,    3,   5.4,   6.9,   2.8,  970.4,   3.8,  85.5,   1.6
2026-03-30 14:00:00,    3,   5.6,   7.2,   4.2,  970.0,   5.8,  77.6,   2.2
2026-03-30 15:00:00,    3,   5.2,   6.7,   4.0,  979.8,   6.2,  70.2,   1.2
2026-03-30 16:00:00,    3,   5.3,   6.9,   4.0,  970.3,   5.9,  73.8,   1.6
2026-03-30 17:00:00,    3,   5.2,   6.7,   3.6,  970.5,   5.4,  74.8,   1.3
2026-03-30 18:00:00,3,5.0,6.4,3.0,980.6,4.8,74.1,0.6
2026-03-30 19:00:00,    3,   5.0,   6.4,   2.7,  972.0,   4.3,  77.3,   0.7
2026-03-30 20:00:00,    3,   4.9,   6.3,   1.9,  972.9,   3.0,  83.0,   0.4
2026-03-30 21:00:00,    3,   5.1,   6.5,   1.7,  973.3,   2.3,  90.4,   0.9
2026-03-30 22:00:00,3,5.1,6.5,1.8,973.8,2.5,89.1,0.9
2026-03-30 23:00:00,    3,   5.3,   6.8,   2.4,  984.3,   3.1,  89.2,   1.5
2026-03-31 00:00:00,    3,   5.1,   6.5,   1.8,  974.8,   2.4,  89.8,   0.9
2026-03-31 01:00:00,    3,   5.2,   6.7,   2.1,  975.1,   2.7,  89.8,   1.2
2026-03-31 02:00:00,    3,   5.3,   6.7,   2.1,  985.5,   2.7,  90.4,   1.3
2026-03-31 03:00:00,    3,   5.1,   6.5,   1.8,  975.8,   2.6,  87.9,   0.8
2026-03-31 04:00:00,    3,   5.0,   6.4,   1.6,  976.3,   2.3,  88.5,   0.6
2026-03-31 05:00:00,    3,   4.9,   6.2,   1.5,  976.9,   2.3,  86.6,   0.3
2026-03-31 06:00:00,    3,   4.9,   6.3,   1.4,  977.7,   2.2,  87.8,   0.4
2026-03-31 07:00:00,    3,   5.1,   6.5,   2.0,  988.4,   2.8,  87.2,   0.9
2026-03-31 08:00:00,3,4.8,6.1,1.7,978.7,3.0,80.6,0.0
2026-03-31 09:00:00,3,5.3,6.8,3.0,989.2,4.3,81.3,1.4
2026-03-31 10:00:00,3,4.5,5.8,2.4,979.1,4.7,67.4,-0.8
2026-03-31 11:00:00,    3,   5.1,   6.5,   3.6,  989.5,   5.7,  71.1,   0.9
2026-03-31 12:00:00,    3,   4.8,   6.2,   3.5,  989.4,   6.2,  64.8,   0.1
2026-03-31 13:00:00,    3,   5.0,   6.5,   3.9,  989.2,   6.3,  67.8,   0.8
2026-03-31 14:00:00,    3,   5.2,   6.6,   2.7,  989.3,   3.9,  81.9,   1.1
2026-03-31 15:00:00,    3,   5.5,   7.1,   3.9,  988.8,   5.4,  78.6,   2.0
2026-03-31 16:00:00,3,5.5,7.1,4.8,988.4,7.1,69.9,2.0
2026-03-31 17:00:00,    3,   5.4,   7.0,   3.9,  978.3,   5.6,  76.4,   1.8
2026-03-31 18:00:00,    3,   5.1,   6.6,   3.9,  988.8,   6.3,  68.7,   1.0
2026-03-31 19:00:00,    3,   5.0,   6.4,   3.6,  989.4,   5.9,  68.7,   0.6
2026-03-31 20:00:00,    3,   4.9,   6.2,   2.8,  989.4,   4.7,  73.0,   0.3
2026-03-31 21:00:00,    3,   5.1,   6.5,   2.1,  979.5,   3.1,  84.8,   0.8
2026-03-31 22:00:00,3,5.0,6.3,1.6,979.4,2.4,87.2,0.5
2026-03-31 23:00:00,    3,   4.8,   6.1,   1.2,  979.0,   2.1,  85.9,   0.0
2026-04-01 00:00:00,3,5.1,6.6,2.8,988.9,4.2,79.6,1.0
2026-04-01 01:00:00,3,5.2,6.7,2.7,988.3,3.7,84.2,1.3
2026-04-01 02:00:00,    3,   5.6,   7.2,   3.0,  988.0,   3.6,  91.2,   2.3
2026-04-01 03:00:00,    3,   5.2,   6.6,   1.6,  977.3,   2.0,  93.7,   1.1
2026-04-01 04:00:00,    3,   5.1,   6.5,   1.3,  977.2,   1.7,  93.7,   0.8
2026-04-01 05:00:00,3,5.1,6.5,1.2,977.3,1.5,95.1,0.8
2026-04-01 06:00:00,    3,   5.5,   7.0,   2.2,  987.4,   2.6,  94.4,   1.8
2026-04-01 07:00:00,3,5.1,6.5,1.7,977.3,2.4,89.1,0.8
2026-04-01 08:00:00,    3,   5.1,   6.5,   2.5,  977.2,   3.7,  81.8,   0.9
2026-04-01 09:00:00,    3,   5.5,   7.0,   3.0,  977.4,   3.8,  87.3,   1.9
2026-04-01 10:00:00,    3,   5.5,   7.1,   4.1,  987.4,   5.8,  76.5,   2.0
2026-04-01 11:00:00,    3,   5.1,   6.5,   3.4,  977.2,   5.3,  73.2,   0.9
2026-04-01 12:00:00,3,4.7,6.1,4.2,986.7,7.5,58.9,0.0
2026-04-01 13:00:00,    3,   4.4,   5.8,   3.9,  976.0,   7.4,  55.9,  -0.8
2026-04-01 14:00:00,    3,   4.8,   6.3,   5.0,  985.4,   8.7,  55.8,   0.4
2026-04-01 15:00:00,    3,   4.7,   6.1,   4.4,  985.0,   8.0,  56.5,  -0.1
2026-04-01 16:00:00,    3,   4.7,   6.1,   5.0,  984.4,   9.1,  52.4,  -0.1
2026-04-01 17:00:00,    3,   4.5,   5.8,   4.5,  984.4,   8.4,  53.0,  -0.6
2026-04-01 18:00:00,    3,   4.3,   5.6,   3.4,  974.3,   6.8,  56.6,  -1.2
2026-04-01 19:00:00,    3,   4.4,   5.6,   2.2,  974.6,   4.6,  66.4,  -1.1
2026-04-01 20:00:00,    3,   4.2,   5.4,   1.6,  974.3,   3.8,  67.7,  -1.6
2026-04-01 21:00:00,3,4.3,5.6,2.5,983.9,5.2,62.7,-1.3
2026-04-01 22:00:00,3,4.4,5.6,2.1,983.5,4.4,66.9,-1.2
2026-04-01 23:00:00,    3,   4.3,   5.6,   1.5,  983.0,   3.4,  71.2,  -1.3
2026-04-02 00:00:00,    3,   4.5,   5.8,   1.1,  982.7,   2.4,  79.3,  -0.8
2026-04-02 01:00:00,3,4.5,5.7,1.1,981.9,2.5,77.6,-1.0
2026-04-02 02:00:00,    3,   4.1,   5.2,  -0.7,  970.8,   0.3,  82.6,  -2.3
2026-04-02 03:00:00,    3,   4.2,   5.2,  -0.9,  970.6,  -0.1,  86.4,  -2.1
2026-04-02 04:00:00,    3,   4.0,   5.0,  -1.4,  970.8,  -0.6,  85.7,  -2.7
2026-04-02 05:00:00,3,4.0,5.1,-1.8,970.5,-1.4,92.2,-2.5
2026-04-02 06:00:00,    3,   4.3,   5.5,   0.1,  981.0,   1.1,  82.7,  -1.5
2026-04-02 07:00:00,    3,   4.2,   5.4,   0.5,  980.9,   2.0,  75.8,  -1.8
2026-04-02 08:00:00,    3,   4.5,   5.8,   2.2,  980.8,   4.4,  68.8,  -0.8
2026-04-02 09:00:00,    3,   4.9,   6.4,   3.9,  980.6,   6.5,  65.9,   0.6
2026-04-02 10:00:00,    3,   4.7,   6.1,   4.4,  980.5,   7.9,  57.3,   0.0
2026-04-02 11:00:00,3,4.7,6.1,4.8,969.9,8.8,53.5,-0.1
2026-04-02 12:00:00,    3,   4.4,   5.7,   5.2,  969.6,  10.1,  46.2,  -0.9
2026-04-02 13:00:00,3,4.3,5.6,5.4,969.3,10.7,43.4,-1.2
2026-04-02 14:00:00,3,3.6,4.7,4.8,969.0,10.9,36.1,-3.5
2026-04-02 15:00:00,    3,   4.2,   5.6,   5.7,  968.7,  11.3,  41.4,  -1.3
2026-04-02 16:00:00,3,4.3,5.7,6.3,978.5,12.2,40.2,-0.9
2026-04-02 17:00:00,3,3.6,4.7,5.3,978.8,11.7,34.3,-3.5
2026-04-02 18:00:00,3,3.7,4.8,4.7,979.1,10.5,37.7,-3.3
2026-04-02 19:00:00,3,3.9,5.0,2.4,970.1,5.9,54.3,-2.6
2026-04-02 20:00:00,3,3.8,4.9,1.6,970.3,4.6,58.1,-2.9
2026-04-02 21:00:00,3,4.0,5.2,3.4,980.0,7.5,49.7,-2.3
2026-04-02 22:00:00,    3,   4.3,   5.4,   1.4,  970.2,   3.4,  69.7,  -1.6
2026-04-02 23:00:00,    3,   4.3,   5.6,   2.8,  980.1,   5.8,  60.6,  -1.2
2026-04-03 00:00:00,    3,   4.3,   5.5,   1.8,  970.4,   4.0,  67.8,  -1.4
2026-04-03 01:00:00,    3,   4.7,   6.0,   1.8,  970.3,   3.3,  77.7,  -0.2
2026-04-03 02:00:00,    3,   4.7,   5.9,   1.3,  970.2,   2.5,  81.1,  -0.4
2026-04-03 03:00:00,    3,   4.4,   5.7,   1.8,  980.3,   3.7,  71.3,  -1.0
2026-04-03 04:00:00,    3,   4.5,   5.8,   1.6,  980.9,   3.3,  74.9,  -0.7
2026-04-03 05:00:00,    3,   4.4,   5.6,   0.5,  971.4,   1.6,  82.2,  -1.1
2026-04-03 06:00:00,3,4.6,5.8,1.7,981.6,3.3,75.5,-0.6
2026-04-03 07:00:00,    3,   4.9,   6.3,   2.9,  981.9,   4.8,  73.1,   0.4
2026-04-03 08:00:00,    3,   5.4,   7.1,   5.3,  982.0,   8.1,  65.3,   2.0
2026-04-03 09:00:00,    3,   5.4,   7.1,   5.7,  982.2,   9.0,  61.4,   2.0
2026-04-03 10:00:00,    3,   5.2,   6.9,   6.4,  972.1,  10.7,  53.2,   1.6
2026-04-03 11:00:00,3,6.3,8.3,7.4,982.2,10.5,64.9,4.2
2026-04-03 12:00:00,3,6.5,8.5,8.0,981.6,11.4,63.3,4.7
2026-04-03 13:00:00,    3,   5.3,   7.0,   7.4,  971.3,  12.5,  48.3,   1.9
2026-04-03 14:00:00,    3,   5.1,   6.8,   7.7,  970.9,  13.6,  43.3,   1.4
2026-04-03 15:00:00,    3,   5.0,   6.6,   7.4,  970.9,  13.2,  43.2,   1.0
2026-04-03 16:00:00,    3,   4.9,   6.5,   7.4,  970.9,  13.3,  42.6,   0.9
2026-04-03 17:00:00,3,4.9,6.5,7.3,980.8,13.0,43.2,0.8
2026-04-03 18:00:00,    3,   5.1,   6.7,   7.4,  981.1,  12.8,  45.3,   1.3
2026-04-03 19:00:00,    3,   5.3,   7.0,   7.2,  981.7,  12.1,  49.6,   1.9
2026-04-03 20:00:00,    3,   5.3,   7.0,   6.8,  972.3,  11.3,  51.9,   1.8
2026-04-03 21:00:00,    3,   5.3,   6.9,   6.9,  982.2,  11.6,  50.5,   1.7
2026-04-03 22:00:00,    3,   5.3,   7.0,   7.0,  982.3,  11.7,  50.5,   1.8
2026-04-03 23:00:00,    3,   5.4,   7.2,   7.0,  982.8,  11.4,  53.0,   2.2
2026-04-04 00:00:00,3,5.6,7.3,6.5,973.1,10.1,59.1,2.5
2026-04-04 01:00:00,    3,   5.5,   7.2,   6.3,  972.9,  10.0,  58.2,   2.2
2026-04-04 02:00:00,3,6.0,7.8,7.1,983.0,10.6,60.9,3.4
2026-04-04 03:00:00,    3,   6.4,   8.4,   7.4,  983.2,  10.4,  66.3,   4.4
2026-04-04 04:00:00,3,6.3,8.3,6.7,973.5,9.2,70.8,4.2
2026-04-04 05:00:00,    3,   6.4,   8.4,   7.0,  973.7,   9.5,  70.4,   4.4
2026-04-04 06:00:00,    3,   6.8,   8.9,   7.8,  984.1,  10.3,  71.1,   5.3
2026-04-04 07:00:00,    3,   7.1,   9.3,   8.3,  984.8,  10.8,  71.7,   5.9
2026-04-04 08:00:00,    3,   7.4,   9.8,   8.6,  975.5,  10.8,  75.2,   6.6
2026-04-04 09:00:00,3,7.7,10.2,9.6,975.8,12.3,71.0,7.2
2026-04-04 10:00:00,    3,   7.9,  10.5,  10.4,  985.8,  13.5,  67.9,   7.7
2026-04-04 11:00:00,    3,   8.1,  10.7,  10.7,  976.2,  13.9,  67.5,   8.0
2026-04-04 12:00:00,3,8.3,11.0,10.9,986.0,13.9,69.4,8.4
2026-04-04 13:00:00,3,7.7,10.2,10.4,976.2,14.0,63.9,7.3
2026-04-04 14:00:00,    3,   8.1,  10.7,  10.9,  976.1,  14.4,  65.4,   8.0
2026-04-04 15:00:00,    3,   8.2,  10.9,  11.2,  985.8,  14.8,  64.6,   8.2
2026-04-04 16:00:00,    3,   7.8,  10.4,  10.8,  975.9,  14.7,  62.0,   7.5
2026-04-04 17:00:00,    3,   8.2,  11.0,  11.3,  985.4,  14.9,  64.6,   8.3
2026-04-04 18:00:00,    3,   8.1,  10.8,  11.0,  985.2,  14.5,  65.4,   8.1
2026-04-04 19:00:00,3,8.1,10.7,10.1,975.4,12.8,72.0,7.9
2026-04-04 20:00:00,    3,   8.0,  10.5,   9.5,  975.3,  11.6,  76.9,   7.7
2026-04-04 21:00:00,3,8.1,10.6,9.1,974.8,10.7,82.2,7.8
2026-04-04 22:00:00,3,7.7,10.0,8.3,974.7,9.7,83.2,7.0
2026-04-04 23:00:00,    3,   6.7,   8.7,   6.1,  974.1,   7.2,  85.9,   5.0
2026-04-05 00:00:00,3,7.0,9.0,6.3,973.7,7.2,88.9,5.5
2026-04-05 01:00:00,3,7.6,9.9,8.1,983.1,9.5,83.2,6.8
2026-04-05 02:00:00,3,6.6,8.6,6.0,972.7,7.2,84.7,4.8
2026-04-05 03:00:00,    3,   7.5,   9.8,   7.7,  972.6,   8.8,  86.0,   6.6
2026-04-05 04:00:00,    3,   7.3,   9.6,   7.4,  981.5,   8.5,  86.0,   6.3
2026-04-05 05:00:00,3,7.3,9.6,7.5,981.2,8.8,84.3,6.3
2026-04-05 06:00:00,    3,   7.7,  10.1,   9.5,  971.8,  12.2,  71.0,   7.1
2026-04-05 07:00:00,    3,   7.7,  10.2,  10.0,  972.1,  13.2,  66.9,   7.2
2026-04-05 08:00:00,    3,   7.5,  10.0,  10.4,  972.4,  14.5,  60.2,   6.9
2026-04-05 09:00:00,    3,   7.8,  10.4,  11.8,  982.0,  17.0,  53.8,   7.6
2026-04-05 10:00:00,    3,   7.8,  10.5,  11.8,  972.9,  17.0,  54.2,   7.7
2026-04-05 11:00:00,    3,   7.4,  10.0,  12.2,  972.7,  18.8,  45.8,   6.9
2026-04-05 12:00:00,    3,   5.7,   7.7,  11.9,  981.8,  21.5,  30.1,   3.3
2026-04-05 13:00:00,    3,   5.7,   7.8,  12.0,  982.0,  21.6,  30.2,   3.4
2026-04-05 14:00:00,    3,   5.7,   7.8,  11.7,  982.2,  20.7,  31.9,   3.4
2026-04-05 15:00:00,    3,   6.0,   8.1,  11.7,  982.4,  20.2,  34.3,   4.0
2026-04-05 16:00:00,3,5.7,7.7,11.3,972.9,20.2,32.4,3.2
2026-04-05 17:00:00,3,7.4,9.8,10.8,983.7,15.5,55.7,6.7
2026-04-05 18:00:00,    3,   7.4,   9.8,  10.2,  984.1,  14.2,  60.6,   6.7
2026-04-05 19:00:00,3,7.6,10.0,10.1,975.2,13.8,63.5,7.0
2026-04-05 20:00:00,3,7.2,9.6,9.7,985.3,13.5,61.7,6.3
2026-04-05 21:00:00,    3,   7.0,   9.2,   9.3,  986.3,  13.1,  61.1,   5.8
2026-04-05 22:00:00,3,7.0,9.2,8.7,977.1,11.9,66.2,5.8
2026-04-05 23:00:00,    3,   7.1,   9.3,   8.8,  977.5,  11.9,  66.6,   5.9
2026-04-06 00:00:00,    3,   7.0,   9.2,   8.8,  988.2,  12.0,  65.7,   5.8
2026-04-06 01:00:00,    3,   6.6,   8.6,   7.8,  978.7,  10.8,  66.4,   4.8
2026-04-06 02:00:00,    3,   6.1,   8.0,   6.5,  978.9,   9.1,  68.8,   3.7
2026-04-06 03:00:00,    3,   5.4,   7.1,   6.0,  989.5,   9.4,  60.2,   2.1
2026-04-06 04:00:00,    3,   4.8,   6.2,   4.3,  989.7,   7.6,  59.3,   0.2
2026-04-06 05:00:00,    3,   4.8,   6.3,   4.5,  980.1,   7.7,  59.8,   0.4
2026-04-06 06:00:00,3,5.5,7.2,4.8,980.3,7.0,71.4,2.2
2026-04-06 07:00:00,    3,   4.9,   6.4,   5.5,  980.5,   9.5,  54.1,   0.7
2026-04-06 08:00:00,    3,   5.0,   6.5,   6.4,  991.0,  11.2,  49.0,   0.9
2026-04-06 09:00:00,    3,   5.1,   6.8,   7.1,  991.2,  12.1,  47.8,   1.4
2026-04-06 10:00:00,3,5.0,6.6,7.4,991.1,12.9,44.4,1.1
2026-04-06 11:00:00,    3,   5.6,   7.4,   8.1,  980.7,  13.4,  47.9,   2.6
2026-04-06 12:00:00,    3,   5.5,   7.3,   8.7,  990.4,  14.6,  44.0,   2.5
2026-04-06 13:00:00,    3,   5.6,   7.4,   8.9,  979.8,  15.0,  43.5,   2.7
2026-04-06 14:00:00,    3,   5.6,   7.4,   9.1,  979.2,  15.5,  42.1,   2.7
2026-04-06 15:00:00,    3,   5.8,   7.7,   9.3,  978.8,  15.4,  44.2,   3.3
2026-04-06 16:00:00,3,5.8,7.7,8.8,988.7,14.4,46.8,3.2
2026-04-06 17:00:00,    3,   5.6,   7.4,   8.6,  988.3,  14.3,  45.5,   2.7
2026-04-06 18:00:00,    3,   5.8,   7.6,   8.1,  978.1,  12.9,  51.2,   3.1
2026-04-06 19:00:00,    3,   4.9,   6.5,   6.9,  988.5,  12.2,  45.5,   0.8
2026-04-06 20:00:00,3,5.1,6.6,6.0,978.8,10.3,52.7,1.1
2026-04-06 21:00:00,    3,   5.0,   6.6,   6.1,  988.8,  10.5,  51.7,   1.0
2026-04-06 22:00:00,    3,   4.9,   6.5,   5.9,  988.7,  10.1,  52.3,   0.8
2026-04-06 23:00:00,    3,   5.4,   7.0,   5.4,  988.7,   8.3,  63.9,   1.9
2026-04-07 00:00:00,    3,   5.3,   6.8,   4.6,  988.6,   7.2,  67.0,   1.5
2026-04-07 01:00:00,    3,   5.9,   7.6,   4.8,  988.5,   6.4,  78.8,   3.0
2026-04-07 02:00:00,    3,   4.7,   6.0,   1.8,  978.1,   3.3,  77.2,  -0.3
2026-04-07 03:00:00,    3,   4.9,   6.3,   2.6,  978.0,   4.2,  76.8,   0.5
2026-04-07 04:00:00,3,4.7,6.0,1.7,977.9,3.0,79.4,-0.2
2026-04-07 05:00:00,3,5.0,6.3,2.0,977.8,3.1,83.0,0.5
2026-04-07 06:00:00,    3,   5.2,   6.7,   2.9,  977.9,   4.1,  81.9,   1.3
2026-04-07 07:00:00,    3,   5.8,   7.5,   5.1,  988.2,   7.1,  74.6,   2.9
2026-04-07 08:00:00,    3,   5.5,   7.2,   6.0,  988.2,   9.4,  60.6,   2.2
2026-04-07 09:00:00,3,5.7,7.5,7.5,978.2,11.9,54.0,2.9
2026-04-07 10:00:00,    3,   5.8,   7.7,   8.9,  977.9,  14.5,  46.8,   3.3
2026-04-07 11:00:00,    3,   5.6,   7.5,   9.5,  987.7,  16.1,  40.8,   2.8
2026-04-07 12:00:00,    3,   5.7,   7.6,  10.0,  987.3,  17.1,  39.1,   3.1
2026-04-07 13:00:00,3,6.2,8.4,10.8,987.0,17.8,41.0,4.4
2026-04-07 14:00:00,    3,   6.0,   8.1,  10.7,  976.4,  18.0,  39.1,   3.9
2026-04-07 15:00:00,    3,   5.9,   8.0,  10.7,  976.1,  18.3,  37.8,   3.7
2026-04-07 16:00:00,    3,   5.3,   7.2,  10.4,  985.9,  18.6,  33.4,   2.2
2026-04-07 17:00:00,3,5.1,6.9,9.9,985.9,17.9,33.6,1.7
2026-04-07 18:00:00,    3,   5.2,   7.0,   8.7,  976.3,  15.4,  39.7,   1.8
2026-04-07 19:00:00,    3,   4.7,   6.2,   7.8,  986.6,  14.4,  38.0,   0.3
2026-04-07 20:00:00,    3,   4.7,   6.2,   7.4,  987.1,  13.5,  40.3,   0.3
2026-04-07 21:00:00,    3,   5.1,   6.7,   6.2,  977.7,  10.6,  52.1,   1.2
2026-04-07 22:00:00,    3,   4.7,   6.2,   6.5,  987.5,  11.8,  45.0,   0.3
2026-04-07 23:00:00,    3,   4.9,   6.4,   4.9,  977.8,   8.4,  58.2,   0.7
2026-04-08 00:00:00,    3,   4.8,   6.2,   3.5,  977.9,   6.0,  66.2,   0.2
2026-04-08 01:00:00,3,4.9,6.3,5.4,988.0,9.4,53.6,0.5
2026-04-08 02:00:00,    3,   4.8,   6.1,   2.6,  977.8,   4.6,  72.0,   0.0
2026-04-08 03:00:00,    3,   4.9,   6.3,   3.9,  987.9,   6.5,  65.4,   0.5
2026-04-08 04:00:00,3,4.6,6.0,3.4,988.0,6.2,63.0,-0.3
2026-04-08 05:00:00,    3,   4.4,   5.7,   3.0,  988.0,   5.9,  61.5,  -0.9
2026-04-08 06:00:00,3,4.1,5.4,3.4,988.2,7.1,53.0,-1.8
2026-04-08 07:00:00,    3,   4.6,   5.9,   4.4,  978.0,   8.1,  54.9,  -0.4
2026-04-08 08:00:00,    3,   4.2,   5.5,   5.4,  978.2,  10.7,  42.5,  -1.5
2026-04-08 09:00:00,    3,   4.3,   5.6,   6.7,  978.2,  13.1,  37.3,  -1.1
2026-04-08 10:00:00,3,4.5,6.0,8.0,988.2,15.2,34.5,-0.3
2026-04-08 11:00:00,    3,   4.4,   5.9,   8.3,  977.6,  16.2,  31.9,  -0.5
2026-04-08 12:00:00,    3,   4.5,   6.0,   9.0,  977.4,  17.5,  30.1,  -0.2
2026-04-08 13:00:00,3,4.6,6.2,9.5,976.8,18.4,29.0,0.1
2026-04-08 14:00:00,3,4.9,6.7,10.3,986.2,19.3,29.7,1.2
2026-04-08 15:00:00,3,4.5,6.0,9.9,985.7,19.4,26.7,-0.2
2026-04-08 16:00:00,3,4.5,6.1,9.7,975.7,18.9,27.9,0.0
2026-04-08 17:00:00,3,3.9,5.3,8.9,985.5,18.3,25.0,-2.0
2026-04-08 18:00:00,3,4.4,5.9,8.2,975.8,15.8,33.0,-0.4
2026-04-08 19:00:00,3,4.0,5.4,6.6,976.2,13.5,34.5,-1.8
2026-04-08 20:00:00,    3,   3.8,   5.0,   5.6,  976.6,  11.9,  36.2,  -2.6
2026-04-08 21:00:00,    3,   3.8,   4.9,   4.7,  976.4,  10.3,  39.3,  -2.9
2026-04-08 22:00:00,    3,   3.9,   5.1,   4.4,  976.3,   9.5,  43.1,  -2.4
2026-04-08 23:00:00,    3,   3.8,   5.0,   5.1,  985.9,  10.8,  38.6,  -2.7
2026-04-09 00:00:00,    3,   4.2,   5.4,   2.7,  975.9,   5.8,  58.9,  -1.6
2026-04-09 01:00:00,    3,   4.2,   5.4,   2.5,  975.4,   5.4,  60.5,  -1.6
2026-04-09 02:00:00,3,4.3,5.6,3.7,984.9,7.4,54.3,-1.2
2026-04-09 03:00:00,    3,   4.2,   5.3,   1.2,  974.4,   3.3,  68.6,  -1.9
2026-04-09 04:00:00,    3,   4.1,   5.2,   1.2,  974.1,   3.5,  66.2,  -2.2
2026-04-09 05:00:00,    3,   4.8,   6.1,   2.7,  983.9,   4.8,  71.0,   0.0
2026-04-09 06:00:00,    3,   5.0,   6.4,   3.0,  983.7,   4.7,  75.2,   0.7
2026-04-09 07:00:00,    3,   5.1,   6.6,   4.4,  983.9,   7.1,  65.1,   1.0
2026-04-09 08:00:00,    3,   4.9,   6.4,   5.7,  984.0,  10.0,  51.9,   0.6
2026-04-09 09:00:00,    3,   5.2,   6.9,   7.4,  983.9,  12.5,  47.6,   1.7
2026-04-09 10:00:00,    3,   4.3,   5.7,   7.1,  973.6,  14.0,  35.5,  -1.0
2026-04-09 11:00:00,3,4.3,5.7,8.2,983.0,16.1,31.2,-0.9
2026-04-09 12:00:00,    3,   4.8,   6.5,   9.6,  972.1,  18.0,  31.5,   0.9
2026-04-09 13:00:00,    3,   4.4,   6.0,   9.3,  981.6,  18.0,  28.9,  -0.3
2026-04-09 14:00:00,    3,   4.7,   6.4,   9.7,  971.1,  18.5,  29.9,   0.6
2026-04-09 15:00:00,3,4.3,5.8,9.6,980.6,19.0,26.4,-0.7
2026-04-09 16:00:00,    3,   4.4,   5.9,   9.4,  970.5,  18.5,  27.8,  -0.4
2026-04-09 17:00:00,3,3.9,5.3,8.9,980.0,18.2,25.4,-1.9
2026-04-09 18:00:00,    3,   4.3,   5.8,   8.2,  970.4,  16.2,  31.2,  -0.8
2026-04-09 19:00:00,3,4.2,5.6,7.4,970.5,14.6,33.6,-1.2
2026-04-09 20:00:00,3,5.0,6.6,7.2,970.5,12.8,44.4,1.0
2026-04-09 21:00:00,3,4.5,5.9,7.2,979.6,13.7,37.8,-0.4
2026-04-09 22:00:00,    3,   4.9,   6.3,   4.9,  970.0,   8.5,  57.0,   0.5
2026-04-09 23:00:00,    3,   5.1,   6.6,   4.4,  969.7,   7.3,  64.2,   1.0
2026-04-10 00:00:00,    3,   4.8,   6.3,   5.5,  969.4,   9.7,  52.6,   0.5
2026-04-10 01:00:00,    3,   5.4,   7.1,   6.6,  978.0,  10.7,  54.8,   2.0
2026-04-10 02:00:00,3,5.4,7.1,6.5,977.8,10.5,55.9,2.1
2026-04-10 03:00:00,3,5.8,7.6,7.1,978.4,10.9,58.1,3.0
2026-04-10 04:00:00,    3,   6.9,   9.1,   8.4,  968.7,  11.4,  67.4,   5.6
2026-04-10 05:00:00,    3,   7.5,   9.8,   8.0,  977.9,   9.4,  83.2,   6.7
2026-04-10 06:00:00,3,8.0,10.5,8.8,977.9,10.0,85.6,7.7
2026-04-10 07:00:00,    3,   8.8,  11.6,  10.0,  979.0,  11.1,  87.5,   9.1
2026-04-10 08:00:00,    3,   8.5,  11.1,   9.4,  970.2,  10.4,  88.0,   8.5
2026-04-10 09:00:00,    3,   7.7,  10.0,   7.9,  971.4,   8.9,  87.8,   7.0
2026-04-10 10:00:00,    3,   7.1,   9.3,   7.7,  981.3,   9.6,  77.7,   5.9
2026-04-10 11:00:00,3,6.8,8.9,7.9,981.3,10.6,69.2,5.2
2026-04-10 12:00:00,    3,   6.3,   8.3,   7.6,  981.7,  10.9,  63.2,   4.2
2026-04-10 13:00:00,    3,   5.8,   7.6,   7.1,  981.6,  11.0,  57.7,   3.0
2026-04-10 14:00:00,3,5.8,7.7,7.5,981.2,11.6,56.2,3.2
2026-04-10 15:00:00,3,6.5,8.5,8.5,971.4,12.5,58.9,4.7
2026-04-10 16:00:00,3,5.5,7.3,7.0,981.2,11.3,54.2,2.4
2026-04-10 17:00:00,3,5.7,7.5,6.9,971.1,10.7,58.4,2.9
2026-04-10 18:00:00,3,5.6,7.4,6.6,971.3,10.3,58.7,2.6
2026-04-10 19:00:00,    3,   5.5,   7.2,   6.5,  980.9,  10.3,  57.1,   2.2
2026-04-10 20:00:00,    3,   5.8,   7.5,   6.1,  971.0,   9.0,  65.5,   2.9
2026-04-10 21:00:00,    3,   5.7,   7.4,   5.8,  971.1,   8.7,  65.4,   2.6
2026-04-10 22:00:00,    3,   5.9,   7.6,   5.5,  970.6,   7.7,  72.6,   3.1
2026-04-10 23:00:00,    3,   5.6,   7.3,   4.3,  970.3,   6.0,  77.6,   2.4
2026-04-11 00:00:00,3,5.9,7.6,4.8,969.8,6.3,79.9,3.1
2026-04-11 01:00:00,3,6.2,8.0,5.5,969.3,7.1,78.9,3.7
2026-04-11 02:00:00,    3,   6.2,   8.0,   4.9,  968.6,   5.8,  86.9,   3.8
2026-04-11 03:00:00,    3,   6.4,   8.2,   4.9,  978.2,   5.7,  89.4,   4.1
2026-04-11 04:00:00,    3,   6.0,   7.7,   4.4,  968.0,   5.4,  86.3,   3.3
2026-04-11 05:00:00,    3,   6.1,   7.9,   4.4,  968.0,   5.1,  89.4,   3.5
2026-04-11 06:00:00,3,6.8,8.7,5.8,977.9,6.6,89.5,5.0
2026-04-11 07:00:00,3,7.2,9.3,6.8,967.9,7.7,88.3,5.9
2026-04-11 08:00:00,    3,   7.5,   9.8,   8.6,  967.6,  10.7,  76.2,   6.7
2026-04-11 09:00:00,    3,   8.1,  10.7,  10.0,  967.3,  12.6,  73.0,   7.9
2026-04-11 10:00:00,    3,   8.1,  10.8,  10.8,  967.0,  14.1,  67.1,   8.1
2026-04-11 11:00:00,    3,   8.4,  11.2,  11.5,  966.5,  15.3,  64.2,   8.6
2026-04-11 12:00:00,    3,   8.5,  11.3,  12.2,  966.2,  16.6,  59.9,   8.8
2026-04-11 13:00:00,    3,   7.7,  10.3,  12.2,  975.1,  18.2,  49.2,   7.4
2026-04-11 14:00:00,    3,   7.4,  10.0,  12.4,  965.1,  19.2,  45.0,   7.0
2026-04-11 15:00:00,3,7.7,10.4,13.2,973.9,20.5,43.0,7.5
2026-04-11 16:00:00,    3,   7.3,   9.8,  12.6,  973.6,  19.9,  42.2,   6.7
2026-04-11 17:00:00,3,8.1,11.0,12.8,964.2,18.8,50.4,8.3
2026-04-11 18:00:00,3,10.0,13.2,12.6,965.0,14.6,79.5,11.1
2026-04-11 19:00:00,    3,  10.7,  14.2,  13.1,  965.6,  14.5,  86.1,  12.2
2026-04-11 20:00:00,3,10.6,14.0,12.9,965.8,14.1,87.2,12.0
2026-04-11 21:00:00,    3,  10.3,  13.6,  12.2,  965.8,  13.2,  89.4,  11.5
2026-04-11 22:00:00,3,10.6,14.0,13.1,975.3,14.6,84.4,12.0
2026-04-11 23:00:00,    3,  10.0,  13.2,  12.4,  976.0,  14.1,  82.1,  11.1
2026-04-12 00:00:00,3,9.8,13.1,12.2,976.2,13.9,82.1,10.9
2026-04-12 01:00:00,    3,  10.5,  13.9,  12.3,  976.5,  13.1,  91.8,  11.8
2026-04-12 02:00:00,    3,   9.8,  12.9,  11.3,  967.2,  12.2,  90.5,  10.7
2026-04-12 03:00:00,    3,   9.4,  12.3,  10.6,  967.5,  11.3,  91.7,  10.0
2026-04-12 04:00:00,    3,   8.6,  11.3,   9.7,  968.0,  10.9,  86.8,   8.8
2026-04-12 05:00:00,    3,   7.7,  10.0,   7.6,  968.6,   8.3,  91.5,   7.0
2026-04-12 06:00:00,    3,   7.1,   9.2,   6.3,  979.4,   6.9,  92.7,   5.8
2026-04-12 07:00:00,    3,   6.5,   8.4,   5.5,  980.2,   6.4,  87.6,   4.5
2026-04-12 08:00:00,3,6.3,8.1,5.1,980.3,6.2,85.1,3.9
2026-04-12 09:00:00,3,6.4,8.3,5.3,980.6,6.3,86.4,4.2
2026-04-12 10:00:00,    3,   6.3,   8.2,   5.4,  980.4,   6.6,  84.0,   4.1
2026-04-12 11:00:00,    3,   6.4,   8.3,   5.6,  980.2,   6.9,  82.9,   4.2
2026-04-12 12:00:00,    3,   6.5,   8.4,   5.6,  969.8,   6.6,  86.4,   4.5
2026-04-12 13:00:00,    3,   6.6,   8.5,   5.8,  969.5,   6.9,  85.8,   4.7
2026-04-12 14:00:00,    3,   6.8,   8.8,   6.3,  979.3,   7.5,  84.7,   5.1
2026-04-12 15:00:00,    3,   6.8,   8.8,   6.2,  968.8,   7.3,  85.9,   5.1
2026-04-12 16:00:00,    3,   7.0,   9.1,   6.4,  978.7,   7.3,  88.9,   5.6
2026-04-12 17:00:00,3,7.0,9.1,6.4,978.8,7.2,89.5,5.6
2026-04-12 18:00:00,    3,   7.0,   9.0,   6.1,  968.4,   6.7,  92.0,   5.5
2026-04-12 19:00:00,    3,   7.0,   9.0,   6.1,  968.2,   6.7,  92.0,   5.5
2026-04-12 20:00:00,3,7.3,9.5,6.5,978.1,6.8,95.9,6.2
2026-04-12 21:00:00,3,7.4,9.6,6.5,977.7,6.8,96.6,6.3
2026-04-12 22:00:00,    3,   7.1,   9.2,   6.2,  967.0,   6.6,  94.0,   5.7
2026-04-12 23:00:00,    3,   7.3,   9.4,   6.4,  976.4,   6.7,  95.9,   6.1
2026-04-13 00:00:00,    3,   7.4,   9.6,   6.6,  975.8,   6.8,  97.3,   6.4
2026-04-13 01:00:00,    3,   7.3,   9.4,   6.3,  965.1,   6.6,  96.6,   6.1
2026-04-13 02:00:00,    3,   7.5,   9.7,   6.7,  974.8,   7.0,  96.6,   6.5
2026-04-13 03:00:00,    3,   7.6,   9.8,   6.9,  974.4,   7.1,  97.3,   6.7
2026-04-13 04:00:00,    3,   7.4,   9.6,   6.5,  963.8,   6.8,  96.6,   6.3
2026-04-13 05:00:00,    3,   7.8,  10.1,   7.2,  973.8,   7.3,  98.6,   7.1
2026-04-13 06:00:00,    3,   7.6,   9.8,   6.8,  963.5,   7.0,  98.0,   6.7
2026-04-13 07:00:00,    3,   7.7,  10.0,   7.0,  963.6,   7.2,  98.0,   6.9
2026-04-13 08:00:00,    3,   7.7,  10.0,   7.2,  963.3,   7.5,  96.0,   6.9
2026-04-13 09:00:00,    3,   7.7,  10.0,   7.4,  963.7,   7.8,  94.7,   7.0
2026-04-13 10:00:00,3,8.1,10.5,8.0,973.3,8.4,95.3,7.7
2026-04-13 11:00:00,3,7.8,10.2,7.8,963.5,8.4,92.1,7.2
2026-04-13 12:00:00,3,7.9,10.2,8.0,973.2,8.7,90.9,7.3
2026-04-13 13:00:00,3,7.7,10.1,8.0,973.5,8.9,88.4,7.1
2026-04-13 14:00:00,    3,   7.9,  10.3,   8.3,  973.5,   9.2,  88.5,   7.4
2026-04-13 15:00:00,    3,   7.6,  10.0,   8.0,  973.7,   9.1,  86.1,   6.9
2026-04-13 16:00:00,    3,   7.8,  10.2,   8.2,  974.0,   9.2,  87.3,   7.2
2026-04-13 17:00:00,    3,   8.0,  10.4,   8.3,  974.2,   9.2,  89.7,   7.6
2026-04-13 18:00:00,    3,   7.8,  10.2,   7.8,  965.1,   8.5,  91.5,   7.2
2026-04-13 19:00:00,    3,   7.9,  10.2,   7.8,  965.8,   8.3,  93.4,   7.3
2026-04-13 20:00:00,    3,   7.8,  10.2,   7.7,  966.4,   8.2,  93.4,   7.2
2026-04-13 21:00:00,    3,   7.8,  10.2,   7.6,  966.6,   8.1,  94.0,   7.2
2026-04-13 22:00:00,3,7.9,10.2,7.7,976.8,8.1,94.7,7.3
2026-04-13 23:00:00,    3,   7.7,  10.0,   7.4,  967.7,   7.9,  94.0,   7.0
2026-04-14 00:00:00,3,7.7,10.0,7.3,977.8,7.7,94.7,6.9
2026-04-14 01:00:00,    3,   7.8,  10.1,   7.4,  978.2,   7.7,  96.0,   7.1
2026-04-14 02:00:00,    3,   7.6,   9.9,   7.2,  978.5,   7.7,  94.0,   6.8
2026-04-14 03:00:00,    3,   7.4,   9.6,   6.9,  969.2,   7.5,  92.7,   6.4
2026-04-14 04:00:00,3,7.5,9.7,7.0,979.4,7.5,93.4,6.5
2026-04-14 05:00:00,    3,   6.9,   9.0,   6.3,  970.3,   7.2,  88.3,   5.4
2026-04-14 06:00:00,    3,   7.0,   9.1,   6.4,  971.0,   7.2,  89.5,   5.6
2026-04-14 07:00:00,    3,   7.1,   9.2,   6.6,  971.2,   7.5,  88.3,   5.7
2026-04-14 08:00:00,    3,   7.1,   9.2,   6.6,  971.7,   7.5,  88.9,   5.8
2026-04-14 09:00:00,3,7.0,9.1,6.8,982.5,8.0,84.8,5.6
2026-04-14 10:00:00,3,7.1,9.2,7.2,983.0,8.6,82.5,5.8
2026-04-14 11:00:00,    3,   6.8,   8.9,   7.1,  983.3,   8.9,  78.1,   5.3
2026-04-14 12:00:00,    3,   7.1,   9.2,   7.4,  983.5,   9.0,  80.3,   5.8
2026-04-14 13:00:00,    3,   6.9,   9.0,   7.4,  983.8,   9.4,  76.0,   5.4
2026-04-14 14:00:00,    3,   6.9,   9.0,   7.7,  984.0,   9.9,  74.0,   5.5
2026-04-14 15:00:00,3,7.1,9.3,7.9,984.0,9.9,76.1,5.9
2026-04-14 16:00:00,3,7.1,9.3,8.0,984.3,10.2,74.6,5.9
2026-04-14 17:00:00,3,6.9,9.0,7.4,974.7,9.5,75.5,5.4
2026-04-14 18:00:00,    3,   6.8,   8.9,   7.4,  975.1,   9.5,  75.0,   5.3
2026-04-14 19:00:00,3,7.1,9.3,7.7,985.4,9.6,77.7,5.9
2026-04-14 20:00:00,    3,   7.1,   9.2,   7.3,  975.7,   8.8,  81.4,   5.8
2026-04-14 21:00:00,    3,   7.2,   9.4,   7.6,  986.1,   9.3,  79.8,   6.0
2026-04-14 22:00:00,3,7.2,9.4,7.6,986.1,9.1,81.4,6.1
2026-04-14 23:00:00,3,7.4,9.6,7.5,985.9,8.6,86.0,6.4
2026-04-15 00:00:00,    3,   7.4,   9.6,   7.0,  985.8,   7.7,  91.5,   6.4
2026-04-15 01:00:00,    3,   7.5,   9.8,   6.8,  985.7,   7.1,  96.6,   6.6
2026-04-15 02:00:00,3,5.8,7.4,3.5,975.4,4.1,90.6,2.7
2026-04-15 03:00:00,3,7.1,9.1,5.8,985.6,6.0,97.3,5.6
2026-04-15 04:00:00,    3,   7.0,   9.0,   5.4,  985.4,   5.5,  99.3,   5.4
2026-04-15 05:00:00,3,6.3,8.1,4.2,985.5,4.4,96.5,3.9
2026-04-15 06:00:00,3,6.3,8.0,3.8,975.9,3.8,100.0,3.8
2026-04-15 07:00:00,    3,   6.7,   8.6,   5.0,  986.3,   5.2,  97.2,   4.8
2026-04-15 08:00:00,3,7.1,9.2,5.7,976.1,5.8,99.3,5.7
2026-04-15 09:00:00,    3,   7.5,   9.8,   8.2,  986.1,   9.9,  80.4,   6.7
2026-04-15 10:00:00,3,7.5,9.8,8.0,975.8,9.4,82.6,6.6
2026-04-15 11:00:00,    3,   7.6,  10.0,   9.0,  975.3,  11.3,  74.8,   7.0
2026-04-15 12:00:00,    3,   7.4,   9.8,  10.0,  984.9,  13.7,  62.6,   6.7
2026-04-15 13:00:00,    3,   7.5,  10.0,  10.4,  984.5,  14.4,  60.6,   6.9
2026-04-15 14:00:00,    3,   7.6,  10.2,  10.6,  984.0,  14.6,  61.1,   7.2
2026-04-15 15:00:00,    3,   8.1,  10.7,  10.9,  983.8,  14.4,  65.4,   8.0
2026-04-15 16:00:00,    3,   8.3,  11.0,  11.0,  983.7,  14.2,  67.6,   8.3
2026-04-15 17:00:00,    3,   8.0,  10.6,  10.5,  983.9,  13.8,  67.0,   7.8
2026-04-15 18:00:00,    3,   8.2,  10.9,  10.2,  974.0,  12.6,  74.5,   8.2
2026-04-15 19:00:00,3,8.4,11.1,10.1,974.5,12.1,78.6,8.5
2026-04-15 20:00:00,    3,   8.3,  10.9,   9.9,  974.6,  11.9,  78.0,   8.2
2026-04-15 21:00:00,    3,   8.3,  10.9,   9.7,  974.8,  11.4,  80.7,   8.2
2026-04-15 22:00:00,    3,   8.3,  11.0,   9.6,  974.8,  11.2,  82.3,   8.3
2026-04-15 23:00:00,    3,   8.1,  10.7,   9.0,  974.8,  10.3,  85.0,   7.9
2026-04-16 00:00:00,    3,   8.0,  10.5,   9.2,  984.8,  11.0,  80.0,   7.7
2026-04-16 01:00:00,3,7.2,9.4,6.8,974.8,7.7,89.0,6.0
2026-04-16 02:00:00,    3,   7.9,  10.3,   8.3,  985.0,   9.4,  87.3,   7.4
2026-04-16 03:00:00,3,8.0,10.4,8.3,984.9,9.1,90.3,7.6
2026-04-16 04:00:00,    3,   7.7,  10.0,   7.6,  984.9,   8.3,  91.5,   7.0
2026-04-16 05:00:00,    3,   7.6,   9.8,   7.4,  985.3,   8.2,  90.2,   6.7
2026-04-16 06:00:00,    3,   7.2,   9.4,   6.9,  975.9,   7.9,  87.7,   6.0
2026-04-16 07:00:00,3,7.6,9.9,8.1,976.2,9.5,83.2,6.8
2026-04-16 08:00:00,    3,   8.2,  10.7,   9.6,  976.1,  11.6,  78.5,   8.0
2026-04-16 09:00:00,3,8.4,11.2,11.2,986.1,14.4,68.1,8.6
2026-04-16 10:00:00,3,8.3,11.0,11.6,986.1,15.6,62.2,8.4
2026-04-16 11:00:00,3,7.9,10.5,11.6,986.0,16.4,56.3,7.7
2026-04-16 12:00:00,    3,   7.1,   9.6,  11.2,  975.8,  17.0,  49.2,   6.3
2026-04-16 13:00:00,    3,   7.1,   9.6,  11.6,  985.4,  17.9,  46.5,   6.3
2026-04-16 14:00:00,    3,   7.6,  10.2,  12.4,  985.0,  18.7,  47.4,   7.3
2026-04-16 15:00:00,    3,   7.7,  10.4,  12.5,  984.7,  18.7,  48.0,   7.5
2026-04-16 16:00:00,    3,   7.1,   9.6,  12.2,  984.7,  19.1,  43.4,   6.4
2026-04-16 17:00:00,    3,   7.4,   9.9,  11.9,  984.6,  18.1,  47.5,   6.8
2026-04-16 18:00:00,    3,   7.5,  10.1,  11.7,  974.8,  17.3,  51.0,   7.1
2026-04-16 19:00:00,3,8.2,11.0,11.7,985.0,16.0,60.2,8.3
2026-04-16 20:00:00,3,7.9,10.4,10.0,975.5,12.9,69.6,7.5
2026-04-16 21:00:00,    3,   7.7,  10.2,   9.2,  975.5,  11.4,  75.3,   7.2
2026-04-16 22:00:00,    3,   8.3,  11.0,  10.0,  985.3,  12.1,  77.5,   8.3
2026-04-16 23:00:00,    3,   8.3,  10.9,   9.2,  985.3,  10.4,  86.2,   8.2
2026-04-17 00:00:00,    3,   8.1,  10.6,   8.9,  985.4,  10.1,  85.6,   7.8
2026-04-17 01:00:00,    3,   7.9,  10.3,   8.6,  985.1,   9.9,  84.4,   7.4
2026-04-17 02:00:00,3,7.0,9.0,5.9,975.2,6.4,93.9,5.5
2026-04-17 03:00:00,3,6.8,8.7,5.5,975.2,6.0,93.3,5.0
2026-04-17 04:00:00,    3,   6.8,   8.7,   5.3,  975.2,   5.5,  96.6,   5.0
2026-04-17 05:00:00,    3,   6.7,   8.6,   5.0,  975.3,   5.2,  97.2,   4.8
2026-04-17 06:00:00,    3,   6.9,   9.0,   6.4,  975.5,   7.4,  87.1,   5.4
2026-04-17 07:00:00,    3,   7.5,   9.9,   8.6,  985.4,  10.5,  77.8,   6.8
2026-04-17 08:00:00,    3,   7.8,  10.4,  10.1,  985.4,  13.1,  68.7,   7.5
2026-04-17 09:00:00,    3,   8.1,  10.7,  11.2,  975.6,  15.2,  62.1,   8.0
2026-04-17 10:00:00,    3,   7.8,  10.5,  12.5,  985.1,  18.5,  49.3,   7.7
2026-04-17 11:00:00,    3,   7.5,  10.2,  12.4,  974.9,  18.9,  46.5,   7.2
2026-04-17 12:00:00,    3,   7.2,   9.8,  12.4,  984.2,  19.5,  43.0,   6.6
2026-04-17 13:00:00,    3,   7.0,   9.5,  12.5,  974.0,  20.1,  40.3,   6.2
2026-04-17 14:00:00,3,5.8,7.9,11.6,973.6,20.4,33.0,3.6
2026-04-17 15:00:00,3,6.5,8.9,12.4,973.1,20.9,35.8,5.2
2026-04-17 16:00:00,3,7.1,9.6,13.1,982.6,21.4,37.7,6.4
2026-04-17 17:00:00,3,6.3,8.5,12.2,973.1,20.9,34.5,4.7
2026-04-17 18:00:00,    3,   7.4,  10.0,  12.3,  982.9,  19.0,  45.2,   6.9
2026-04-17 19:00:00,    3,   7.5,  10.1,  11.5,  973.7,  16.8,  52.7,   7.1
2026-04-17 20:00:00,3,7.5,10.0,11.6,983.5,17.2,51.0,7.0
2026-04-17 21:00:00,3,7.7,10.2,9.7,974.0,12.6,69.6,7.2
2026-04-17 22:00:00,3,7.9,10.4,10.6,983.6,14.1,64.8,7.6
2026-04-17 23:00:00,    3,   8.0,  10.6,  10.1,  983.6,  12.7,  72.0,   7.8
2026-04-18 00:00:00,    3,   6.7,   8.7,   6.8,  974.1,   8.5,  78.6,   5.0
2026-04-18 01:00:00,    3,   7.5,   9.8,   8.9,  983.2,  11.3,  73.3,   6.7
2026-04-18 02:00:00,    3,   7.3,   9.6,   8.3,  983.2,  10.4,  76.2,   6.4
2026-04-18 03:00:00,    3,   7.3,   9.5,   7.9,  983.4,   9.6,  79.3,   6.2
2026-04-18 04:00:00,    3,   6.8,   8.8,   5.5,  973.9,   5.9,  94.6,   5.1
2026-04-18 05:00:00,3,6.8,8.8,5.6,973.9,6.0,93.9,5.1
2026-04-18 06:00:00,    3,   7.1,   9.3,   7.8,  983.8,   9.7,  77.1,   5.9
2026-04-18 07:00:00,3,7.5,9.9,9.2,983.7,12.0,70.4,6.8
2026-04-18 08:00:00,3,8.6,11.4,11.1,973.7,13.8,72.2,8.9
2026-04-18 09:00:00,3,7.9,10.6,12.0,983.4,17.3,53.6,7.8
2026-04-18 10:00:00,    3,   7.7,  10.4,  12.8,  983.2,  19.6,  45.4,   7.5
2026-04-18 11:00:00,    3,   6.7,   9.1,  12.9,  973.0,  21.7,  35.0,   5.6
2026-04-18 12:00:00,    3,   6.7,   9.1,  12.6,  982.5,  21.1,  36.3,   5.6
2026-04-18 13:00:00,    3,   7.3,  10.0,  13.3,  982.1,  21.4,  39.0,   6.9
2026-04-18 14:00:00,    3,   7.7,  10.4,  13.7,  981.8,  21.8,  39.9,   7.6
2026-04-18 15:00:00,    3,   7.7,  10.5,  13.8,  981.5,  21.7,  40.5,   7.7
2026-04-18 16:00:00,    3,   7.9,  10.7,  13.5,  981.3,  20.9,  43.1,   7.9
2026-04-18 17:00:00,3,7.9,10.7,13.4,981.3,20.5,44.5,8.0
2026-04-18 18:00:00,    3,   8.0,  10.7,  12.6,  971.8,  18.5,  50.3,   8.0
2026-04-18 19:00:00,3,8.1,10.9,12.4,981.6,17.7,53.7,8.2
2026-04-18 20:00:00,    3,   8.4,  11.3,  11.8,  972.0,  15.9,  62.2,   8.7
2026-04-18 21:00:00,    3,   8.5,  11.3,  12.2,  981.5,  16.7,  59.5,   8.8
2026-04-18 22:00:00,3,8.3,11.0,10.7,971.5,13.6,70.7,8.4
2026-04-18 23:00:00,3,8.5,11.3,11.7,981.0,15.5,64.3,8.8
2026-04-19 00:00:00,    3,   8.5,  11.3,  11.3,  980.6,  14.6,  68.1,   8.8
2026-04-19 01:00:00,    3,   8.6,  11.4,  11.1,  980.0,  13.9,  71.8,   8.9
2026-04-19 02:00:00,    3,   8.6,  11.3,  10.8,  979.7,  13.2,  74.6,   8.8
2026-04-19 03:00:00,    3,   8.8,  11.6,  10.7,  979.5,  12.7,  78.7,   9.1
2026-04-19 04:00:00,    3,   7.9,  10.3,   8.5,  969.4,   9.8,  85.0,   7.4
2026-04-19 05:00:00,    3,   8.5,  11.2,   9.8,  978.9,  11.3,  83.4,   8.6
2026-04-19 06:00:00,    3,   8.4,  11.1,  10.0,  979.7,  11.8,  80.2,   8.5
2026-04-19 07:00:00,    3,   8.3,  11.0,  10.1,  970.8,  12.2,  77.0,   8.3
2026-04-19 08:00:00,    3,   8.1,  10.7,  10.0,  971.4,  12.4,  74.5,   8.0
2026-04-19 09:00:00,    3,   7.9,  10.4,   9.8,  971.6,  12.5,  72.0,   7.6
2026-04-19 10:00:00,    3,   8.4,  11.0,   9.7,  982.3,  11.3,  82.3,   8.4
2026-04-19 11:00:00,    3,   8.1,  10.7,   9.8,  972.6,  12.1,  75.4,   7.9
2026-04-19 12:00:00,    3,   8.2,  10.7,   9.8,  982.6,  11.9,  77.0,   8.0
2026-04-19 13:00:00,    3,   7.4,   9.8,   9.4,  972.2,  12.5,  67.2,   6.6
2026-04-19 14:00:00,    3,   6.3,   8.4,   9.1,  972.1,  14.0,  52.3,   4.4
2026-04-19 15:00:00,    3,   5.5,   7.3,   8.2,  972.6,  13.9,  45.7,   2.4
2026-04-19 16:00:00,3,4.6,6.2,7.2,972.9,13.5,39.7,0.1
2026-04-19 17:00:00,    3,   4.5,   5.9,   6.7,  973.1,  12.8,  40.1,  -0.4
2026-04-19 18:00:00,3,4.8,6.3,6.3,973.2,11.4,46.6,0.4
2026-04-19 19:00:00,    3,   4.7,   6.2,   5.8,  973.4,  10.4,  49.1,   0.2
2026-04-19 20:00:00,    3,   5.0,   6.5,   4.3,  973.6,   7.2,  63.7,   0.8
2026-04-19 21:00:00,    3,   5.1,   6.7,   5.0,  973.6,   8.1,  61.6,   1.2
2026-04-19 22:00:00,    3,   5.4,   7.0,   5.6,  983.2,   8.8,  61.8,   1.9
2026-04-19 23:00:00,    3,   5.5,   7.1,   5.1,  983.0,   7.7,  67.6,   2.1
2026-04-20 00:00:00,    3,   5.3,   6.8,   3.5,  973.2,   5.1,  77.5,   1.5
2026-04-20 01:00:00,3,6.0,7.7,4.6,982.4,5.8,83.3,3.2
2026-04-20 02:00:00,    3,   5.7,   7.3,   4.1,  982.3,   5.5,  80.9,   2.5
2026-04-20 03:00:00,    3,   5.4,   6.9,   2.9,  972.1,   3.8,  86.1,   1.7
2026-04-20 04:00:00,3,5.9,7.5,4.2,981.6,5.3,84.4,2.9
2026-04-20 05:00:00,3,5.6,7.2,3.6,981.6,4.7,83.8,2.2
2026-04-20 06:00:00,3,5.6,7.3,3.9,982.0,5.2,82.1,2.4
2026-04-20 07:00:00,    3,   6.0,   7.8,   5.2,  982.0,   6.8,  78.9,   3.4
2026-04-20 08:00:00,    3,   5.9,   7.7,   6.1,  971.9,   8.8,  67.8,   3.2
2026-04-20 09:00:00,    3,   6.1,   7.9,   6.8,  972.0,   9.8,  65.2,   3.6
2026-04-20 10:00:00,    3,   5.3,   7.0,   6.9,  981.7,  11.4,  51.5,   1.8
2026-04-20 11:00:00,3,5.6,7.4,7.5,971.4,12.1,52.1,2.6
2026-04-20 12:00:00,3,5.4,7.1,7.3,981.1,12.0,50.6,2.1
2026-04-20 13:00:00,    3,   4.6,   6.2,   7.3,  980.7,  13.5,  39.7,   0.1
2026-04-20 14:00:00,    3,   4.5,   5.9,   7.0,  980.2,  13.4,  38.5,  -0.4
2026-04-20 15:00:00,    3,   4.5,   6.0,   6.9,  969.9,  13.0,  39.8,  -0.3
2026-04-20 16:00:00,    3,   4.1,   5.5,   6.3,  970.2,  12.6,  37.5,  -1.5
2026-04-20 17:00:00,    3,   4.3,   5.7,   6.7,  980.0,  13.0,  37.9,  -1.0
2026-04-20 18:00:00,3,4.5,5.9,6.1,970.4,11.6,43.1,-0.5
2026-04-20 19:00:00,3,4.5,5.9,5.4,970.9,10.1,47.6,-0.5
2026-04-20 20:00:00,3,4.4,5.8,4.7,981.1,8.9,50.5,-0.8
2026-04-20 21:00:00,    3,   4.5,   5.8,   4.2,  981.3,   8.0,  54.0,  -0.7
2026-04-20 22:00:00,    3,   4.4,   5.7,   3.8,  971.8,   7.4,  55.1,  -1.0
2026-04-20 23:00:00,    3,   4.5,   5.8,   3.2,  972.0,   6.2,  60.7,  -0.8
2026-04-21 00:00:00,    3,   4.6,   5.9,   2.9,  972.2,   5.3,  66.6,  -0.4
2026-04-21 01:00:00,    3,   5.0,   6.5,   3.4,  982.3,   5.4,  72.1,   0.8
2026-04-21 02:00:00,    3,   5.2,   6.6,   3.2,  982.3,   4.8,  76.9,   1.1
2026-04-21 03:00:00,3,5.0,6.4,2.5,982.4,3.9,79.5,0.7
2026-04-21 04:00:00,3,5.0,6.3,2.0,982.2,3.1,83.0,0.5
2026-04-21 05:00:00,3,4.7,5.9,1.1,972.0,2.1,83.4,-0.4
2026-04-21 06:00:00,3,5.0,6.4,2.5,972.5,3.8,80.1,0.7
2026-04-21 07:00:00,    3,   5.3,   6.8,   4.1,  982.7,   6.3,  71.3,   1.5
2026-04-21 08:00:00,    3,   5.4,   7.0,   4.6,  972.5,   6.9,  70.4,   1.9
2026-04-21 09:00:00,    3,   5.6,   7.2,   5.0,  972.8,   7.3,  70.5,   2.3
2026-04-21 10:00:00,    3,   6.2,   8.1,   5.8,  983.3,   7.6,  77.3,   3.9
2026-04-21 11:00:00,    3,   6.0,   7.8,   6.2,  983.1,   8.8,  68.8,   3.4
2026-04-21 12:00:00,3,6.0,7.9,6.8,972.9,10.0,63.9,3.5
2026-04-21 13:00:00,    3,   5.8,   7.6,   6.2,  973.5,   9.1,  65.5,   3.0
2026-04-21 14:00:00,    3,   6.0,   7.8,   6.4,  973.0,   9.3,  66.5,   3.4
2026-04-21 15:00:00,3,6.2,8.2,7.6,982.7,11.1,61.9,4.1
2026-04-21 16:00:00,    3,   5.8,   7.5,   6.6,  973.0,  10.0,  61.2,   2.9
2026-04-21 17:00:00,    3,   5.7,   7.5,   6.4,  973.0,   9.8,  61.6,   2.8
2026-04-21 18:00:00,    3,   6.4,   8.3,   5.9,  973.4,   7.4,  80.6,   4.3
2026-04-21 19:00:00,3,6.2,8.0,6.2,983.6,8.5,72.2,3.8
2026-04-21 20:00:00,3,6.3,8.1,6.0,984.1,7.9,76.3,4.0
2026-04-21 21:00:00,3,5.6,7.3,4.1,974.4,5.6,79.8,2.4
2026-04-21 22:00:00,    3,   5.7,   7.4,   4.8,  984.7,   6.7,  75.0,   2.6
2026-04-21 23:00:00,    3,   5.2,   6.6,   2.8,  974.9,   4.1,  80.7,   1.1
2026-04-22 00:00:00,    3,   5.3,   6.9,   3.7,  985.1,   5.4,  76.4,   1.6
2026-04-22 01:00:00,3,5.1,6.6,2.5,975.0,3.7,82.4,1.0
2026-04-22 02:00:00,    3,   5.1,   6.6,   2.8,  985.0,   4.2,  79.6,   1.0
2026-04-22 03:00:00,    3,   4.7,   6.0,   1.1,  974.9,   2.1,  84.1,  -0.3
2026-04-22 04:00:00,    3,   4.6,   5.8,   0.9,  975.2,   2.0,  82.8,  -0.6
2026-04-22 05:00:00,3,4.6,5.8,1.2,975.7,2.5,79.9,-0.6
2026-04-22 06:00:00,3,5.0,6.4,2.8,976.1,4.4,76.8,0.7
2026-04-22 07:00:00,3,5.1,6.6,4.1,976.3,6.6,67.8,1.1
2026-04-22 08:00:00,3,5.6,7.4,6.2,986.7,9.5,62.0,2.6
2026-04-22 09:00:00,3,4.7,6.2,6.0,976.8,10.9,47.5,0.2
2026-04-22 10:00:00,3,4.1,5.4,6.2,986.8,12.3,37.9,-1.6
2026-04-22 11:00:00,    3,   4.6,   6.1,   7.0,  976.7,  13.0,  40.4,  -0.1
2026-04-22 12:00:00,    3,   4.2,   5.6,   7.1,  986.6,  14.1,  34.5,  -1.3
2026-04-22 13:00:00,    3,   4.3,   5.7,   7.7,  986.6,  15.0,  33.5,  -0.9
2026-04-22 14:00:00,    3,   4.0,   5.3,   7.6,  986.2,  15.4,  30.1,  -2.0
2026-04-22 15:00:00,3,3.8,5.1,7.7,986.0,16.0,27.9,-2.5
2026-04-22 16:00:00,    3,   4.0,   5.3,   7.9,  986.0,  16.1,  29.0,  -1.9
2026-04-22 17:00:00,    3,   3.8,   5.0,   7.3,  986.0,  15.1,  29.4,  -2.6
2026-04-22 18:00:00,3,4.2,5.5,7.1,986.3,14.0,34.4,-1.4
2026-04-22 19:00:00,3,4.2,5.6,6.3,987.0,12.3,39.1,-1.2
2026-04-22 20:00:00,3,4.4,5.7,5.9,987.5,11.3,42.7,-0.9
2026-04-22 21:00:00,    3,   4.4,   5.7,   3.8,  978.3,   7.4,  55.5,  -0.9
2026-04-22 22:00:00,3,4.2,5.4,2.8,978.7,6.0,57.6,-1.7
2026-04-22 23:00:00,    3,   4.3,   5.5,   2.2,  978.9,   4.9,  63.1,  -1.5
2026-04-23 00:00:00,    3,   4.3,   5.5,   2.0,  979.0,   4.3,  66.3,  -1.4
2026-04-23 01:00:00,    3,   4.4,   5.6,   1.1,  979.3,   2.7,  76.0,  -1.1
2026-04-23 02:00:00,    3,   4.5,   5.7,   1.4,  979.4,   3.1,  74.9,  -0.9
2026-04-23 03:00:00,3,4.8,6.2,2.7,989.0,4.7,72.0,0.1
2026-04-23 04:00:00,3,4.3,5.4,0.3,979.3,1.6,79.2,-1.6
2026-04-23 05:00:00,3,4.3,5.4,1.1,979.8,2.9,72.2,-1.6
2026-04-23 06:00:00,    3,   4.8,   6.2,   4.1,  990.1,   7.1,  61.4,   0.2
2026-04-23 07:00:00,    3,   5.6,   7.3,   5.5,  990.4,   8.1,  67.7,   2.5
2026-04-23 08:00:00,    3,   4.9,   6.4,   6.1,  990.6,  10.6,  49.9,   0.6
2026-04-23 09:00:00,    3,   4.6,   6.1,   7.2,  990.5,  13.4,  39.4,  -0.1
2026-04-23 10:00:00,    3,   3.7,   4.9,   6.7,  990.3,  14.2,  30.4,  -2.9
2026-04-23 11:00:00,    3,   3.8,   5.0,   7.2,  980.2,  15.0,  29.5,  -2.6
2026-04-23 12:00:00,3,3.8,5.0,7.6,979.7,15.9,27.7,-2.7
2026-04-23 13:00:00,    3,   4.3,   5.8,   9.3,  988.9,  18.2,  27.7,  -0.7
2026-04-23 14:00:00,    3,   4.2,   5.7,   8.7,  978.6,  17.3,  28.7,  -1.0
2026-04-23 15:00:00,    3,   3.6,   4.9,   8.5,  987.5,  17.9,  23.8,  -3.0
2026-04-23 16:00:00,3,3.9,5.3,9.0,986.9,18.5,24.9,-1.9
2026-04-23 17:00:00,3,4.4,5.9,9.5,986.5,18.5,27.8,-0.4
2026-04-23 18:00:00,    3,   4.5,   6.1,   9.1,  986.3,  17.4,  30.5,  -0.1
2026-04-23 19:00:00,    3,   4.8,   6.4,   8.1,  986.3,  14.9,  37.6,   0.6
2026-04-23 20:00:00,    3,   4.6,   6.1,   7.7,  986.4,  14.4,  37.2,   0.0
2026-04-23 21:00:00,    3,   4.6,   6.1,   5.5,  977.2,  10.1,  49.0,  -0.1
2026-04-23 22:00:00,3,4.7,6.1,5.2,977.1,9.4,51.7,0.0
2026-04-23 23:00:00,    3,   4.4,   5.8,   5.6,  986.4,  10.7,  44.7,  -0.8
2026-04-24 00:00:00,3,4.4,5.8,5.1,986.2,9.7,48.2,-0.7
2026-04-24 01:00:00,3,4.8,6.2,2.3,976.4,4.0,75.6,0.1
2026-04-24 02:00:00,3,4.9,6.2,2.2,976.4,3.6,78.9,0.3
2026-04-24 03:00:00,3,4.9,6.2,2.5,976.2,4.1,76.2,0.3
2026-04-24 04:00:00,3,4.7,5.9,1.0,975.9,1.9,84.7,-0.4
2026-04-24 05:00:00,3,4.6,5.9,1.2,975.8,2.4,81.1,-0.5
2026-04-24 06:00:00,    3,   5.0,   6.4,   2.8,  975.9,   4.4,  76.8,   0.7
2026-04-24 07:00:00,    3,   5.5,   7.2,   5.8,  985.6,   8.8,  63.6,   2.3
2026-04-24 08:00:00,    3,   5.2,   6.9,   6.5,  975.9,  10.8,  52.9,   1.6
2026-04-24 09:00:00,    3,   5.1,   6.7,   7.7,  985.2,  13.6,  43.0,   1.3
2026-04-24 10:00:00,    3,   5.0,   6.7,   8.8,  984.8,  15.8,  37.3,   1.3
2026-04-24 11:00:00,    3,   4.8,   6.4,   9.3,  984.2,  17.5,  31.9,   0.6
2026-04-24 12:00:00,    3,   3.0,   4.0,   7.9,  983.8,  18.1,  19.2,  -5.7
2026-04-24 13:00:00,    3,   4.1,   5.6,   9.4,  983.4,  18.9,  25.4,  -1.3
2026-04-24 14:00:00,    3,   3.5,   4.7,   8.8,  983.1,  19.0,  21.3,  -3.6
2026-04-24 15:00:00,    3,   3.2,   4.4,   8.8,  982.6,  19.4,  19.4,  -4.5
2026-04-24 16:00:00,    3,   2.5,   3.4,   8.0,  982.4,  19.3,  15.2,  -7.8
2026-04-24 17:00:00,    3,   2.5,   3.3,   7.2,  972.6,  17.8,  16.4,  -8.0
2026-04-24 18:00:00,    3,   3.3,   4.4,   7.3,  972.5,  16.3,  23.9,  -4.3
2026-04-24 19:00:00,3,3.6,4.8,6.1,972.7,13.4,30.9,-3.4
2026-04-24 20:00:00,3,4.2,5.5,4.9,972.7,9.8,45.5,-1.4
2026-04-24 21:00:00,3,4.3,5.7,7.0,982.2,13.7,36.2,-1.0
2026-04-24 22:00:00,    3,   4.5,   5.8,   4.2,  972.7,   8.1,  53.7,  -0.7
2026-04-24 23:00:00,3,4.6,5.9,3.7,972.7,6.9,59.1,-0.5
2026-04-25 00:00:00,3,4.6,6.0,5.0,982.0,9.1,52.0,-0.2
2026-04-25 01:00:00,    3,   4.6,   5.9,   2.7,  972.2,   5.0,  67.5,  -0.5
2026-04-25 02:00:00,3,4.7,6.1,3.9,981.7,7.0,60.5,-0.1
2026-04-25 03:00:00,    3,   4.8,   6.2,   3.5,  981.7,   5.9,  67.2,   0.3
2026-04-25 04:00:00,    3,   4.6,   5.9,   2.9,  981.6,   5.4,  66.1,  -0.4
2026-04-25 05:00:00,    3,   4.7,   6.0,   2.7,  981.8,   4.8,  69.9,  -0.2
2026-04-25 06:00:00,    3,   4.9,   6.3,   3.8,  981.8,   6.5,  64.9,   0.4
2026-04-25 07:00:00,3,5.3,7.0,5.8,981.9,9.2,59.7,1.8
2026-04-25 08:00:00,    3,   6.0,   7.9,   7.5,  971.8,  11.3,  59.0,   3.6
2026-04-25 09:00:00,    3,   6.3,   8.4,   9.4,  971.8,  14.5,  51.0,   4.5
2026-04-25 10:00:00,3,6.3,8.4,10.5,981.6,17.0,43.4,4.5
2026-04-25 11:00:00,3,5.6,7.5,10.2,971.4,17.8,36.9,2.9
2026-04-25 12:00:00,    3,   5.2,   7.1,  10.4,  980.9,  18.9,  32.3,   2.0
2026-04-25 13:00:00,3,5.2,7.0,10.4,970.7,19.1,31.6,1.9
2026-04-25 14:00:00,3,4.6,6.2,10.4,980.3,20.3,26.0,0.2
2026-04-25 15:00:00,    3,   5.2,   7.1,  10.8,  970.4,  20.0,  30.1,   2.0
2026-04-25 16:00:00,    3,   4.2,   5.7,   9.6,  970.5,  19.2,  25.5,  -1.0
2026-04-25 17:00:00,    3,   4.0,   5.4,   9.2,  970.6,  18.9,  24.5,  -1.8
2026-04-25 18:00:00,    3,   4.0,   5.4,   8.6,  970.9,  17.4,  27.3,  -1.6
2026-04-25 19:00:00,    3,   4.4,   5.8,   8.0,  981.0,  15.6,  32.7,  -0.7
2026-04-25 20:00:00,    3,   3.9,   5.2,   7.4,  981.8,  15.2,  29.8,  -2.3
2026-04-25 21:00:00,    3,   3.9,   5.2,   6.7,  982.0,  13.7,  33.1,  -2.2
2026-04-25 22:00:00,    3,   4.4,   5.8,   6.4,  982.4,  12.2,  40.8,  -0.7
2026-04-25 23:00:00,3,4.3,5.6,4.7,973.3,9.2,48.0,-1.2
2026-04-26 00:00:00,3,3.8,4.9,4.7,973.6,10.3,39.3,-2.9
2026-04-26 01:00:00,3,3.7,4.8,2.9,973.7,7.2,47.1,-3.3
2026-04-26 02:00:00,3,3.8,5.0,2.9,974.4,6.9,49.9,-2.8
2026-04-26 03:00:00,3,3.9,5.0,3.5,984.3,7.8,47.3,-2.7
2026-04-26 04:00:00,    3,   5.1,   6.6,   3.8,  984.9,   6.0,  70.7,   1.1
2026-04-26 05:00:00,    3,   4.3,   5.4,   0.9,  975.5,   2.5,  74.3,  -1.6
2026-04-26 06:00:00,    3,   4.9,   6.3,   3.2,  976.1,   5.4,  70.1,   0.4
2026-04-26 07:00:00,    3,   5.0,   6.5,   4.5,  976.3,   7.5,  62.4,   0.8
2026-04-26 08:00:00,    3,   4.5,   5.9,   6.5,  986.4,  12.4,  40.8,  -0.5
2026-04-26 09:00:00,3,4.4,5.9,7.2,976.4,13.8,37.3,-0.5
2026-04-26 10:00:00,3,4.1,5.5,7.5,976.3,15.0,32.0,-1.5
2026-04-26 11:00:00,3,4.2,5.6,8.3,976.2,16.5,29.8,-1.2
2026-04-26 12:00:00,3,4.8,6.5,9.5,975.8,17.8,31.7,0.8
2026-04-26 13:00:00,    3,   4.9,   6.6,   9.7,  975.5,  18.0,  32.0,   1.1
2026-04-26 14:00:00,    3,   5.1,   6.8,  10.1,  984.8,  18.5,  31.9,   1.5
2026-04-26 15:00:00,    3,   4.8,   6.4,   9.7,  974.9,  18.4,  30.3,   0.7
2026-04-26 16:00:00,    3,   4.9,   6.6,   9.9,  974.7,  18.5,  30.8,   1.0
2026-04-26 17:00:00,    3,   4.1,   5.5,   9.1,  984.2,  18.5,  25.7,  -1.5
2026-04-26 18:00:00,    3,   5.0,   6.7,   9.5,  984.3,  17.3,  33.9,   1.3
2026-04-26 19:00:00,    3,   5.1,   6.8,   8.4,  974.9,  14.9,  40.1,   1.5
2026-04-26 20:00:00,    3,   5.4,   7.1,   7.2,  975.5,  12.1,  49.9,   2.0
2026-04-26 21:00:00,    3,   5.3,   6.9,   6.4,  975.7,  10.6,  54.0,   1.7
2026-04-26 22:00:00,3,5.5,7.2,5.7,975.7,8.7,64.0,2.3
2026-04-26 23:00:00,    3,   5.3,   6.9,   6.1,  985.5,   9.9,  56.6,   1.7
2026-04-27 00:00:00,    3,   5.5,   7.2,   6.1,  985.5,   9.5,  60.7,   2.3
2026-04-27 01:00:00,    3,   5.4,   7.1,   5.4,  985.2,   8.3,  64.4,   2.0
2026-04-27 02:00:00,    3,   5.6,   7.2,   5.0,  984.9,   7.4,  70.0,   2.3
2026-04-27 03:00:00,    3,   5.6,   7.3,   4.5,  984.8,   6.2,  76.5,   2.4
2026-04-27 04:00:00,    3,   5.6,   7.2,   4.2,  984.8,   5.9,  77.0,   2.2
2026-04-27 05:00:00,3,5.6,7.3,4.2,985.1,5.8,78.7,2.4
2026-04-27 06:00:00,3,5.5,7.1,4.5,975.3,6.6,72.9,2.1
2026-04-27 07:00:00,    3,   5.7,   7.4,   6.6,  985.5,  10.1,  60.0,   2.7
2026-04-27 08:00:00,    3,   5.7,   7.6,   7.8,  985.4,  12.4,  52.6,   3.0
2026-04-27 09:00:00,3,5.4,7.2,8.3,975.3,14.2,44.2,2.2
2026-04-27 10:00:00,    3,   5.9,   7.9,   9.8,  974.8,  16.3,  42.3,   3.5
2026-04-27 11:00:00,3,5.4,7.3,9.8,974.3,17.3,36.7,2.4
2026-04-27 12:00:00,    3,   5.9,   8.0,  11.3,  973.9,  19.5,  35.3,   3.8
2026-04-27 13:00:00,3,5.0,6.8,10.6,983.4,19.8,29.2,1.4
2026-04-27 14:00:00,    3,   4.5,   6.1,  10.1,  982.8,  19.7,  26.4,  -0.1
2026-04-27 15:00:00,    3,   4.5,   6.1,  10.0,  982.4,  19.4,  26.9,  -0.1
2026-04-27 16:00:00,    3,   4.8,   6.5,  10.2,  982.0,  19.2,  29.3,   0.9
2026-04-27 17:00:00,    3,   4.9,   6.6,   9.9,  981.7,  18.6,  30.6,   1.0
2026-04-27 18:00:00,    3,   5.2,   7.0,   9.2,  971.9,  16.3,  37.8,   1.9
2026-04-27 19:00:00,    3,   4.9,   6.6,   8.5,  981.6,  15.4,  37.5,   1.0
2026-04-27 20:00:00,    3,   5.1,   6.8,   8.3,  981.8,  14.8,  40.1,   1.4
2026-04-27 21:00:00,    3,   5.3,   7.0,   7.5,  971.9,  12.9,  46.7,   1.8
2026-04-27 22:00:00,3,5.0,6.6,7.5,981.3,13.2,43.5,1.1
2026-04-27 23:00:00,    3,   5.0,   6.6,   7.0,  981.0,  12.3,  46.2,   1.1
2026-04-28 00:00:00,    3,   5.2,   6.8,   5.8,  971.3,   9.6,  56.5,   1.4
2026-04-28 01:00:00,    3,   5.4,   7.0,   5.4,  970.9,   8.4,  63.5,   1.9
2026-04-28 02:00:00,    3,   5.6,   7.4,   6.4,  980.5,   9.9,  60.3,   2.6
2026-04-28 03:00:00,3,5.6,7.4,6.1,980.5,9.2,63.2,2.6
2026-04-28 04:00:00,    3,   5.5,   7.2,   5.6,  980.2,   8.5,  64.4,   2.2
2026-04-28 05:00:00,    3,   5.3,   6.9,   4.7,  970.3,   7.2,  67.9,   1.7
2026-04-28 06:00:00,3,5.5,7.2,6.2,970.8,9.8,59.5,2.3
2026-04-28 07:00:00,3,5.5,7.2,7.2,970.9,11.8,52.0,2.3
2026-04-28 08:00:00,    3,   5.6,   7.4,   8.4,  980.9,  14.0,  46.4,   2.7
2026-04-28 09:00:00,    3,   5.3,   7.2,   9.5,  970.9,  16.7,  37.6,   2.2
2026-04-28 10:00:00,3,6.0,8.0,10.8,980.8,18.4,37.8,3.8
2026-04-28 11:00:00,    3,   5.0,   6.7,  10.5,  980.5,  19.7,  29.2,   1.3
2026-04-28 12:00:00,    3,   5.1,   6.9,  10.6,  970.4,  19.8,  29.6,   1.6
2026-04-28 13:00:00,    3,   5.5,   7.4,  11.7,  979.9,  21.4,  29.1,   2.7
2026-04-28 14:00:00,    3,   5.3,   7.2,  11.2,  969.8,  20.7,  29.3,   2.2
2026-04-28 15:00:00,3,5.4,7.3,11.3,969.6,20.7,29.9,2.5
2026-04-28 16:00:00,    3,   5.1,   6.9,  11.0,  979.2,  20.5,  28.6,   1.7
2026-04-28 17:00:00,3,5.0,6.7,10.5,979.5,19.6,29.4,1.3
2026-04-28 18:00:00,    3,   5.3,   7.1,  10.2,  979.9,  18.5,  33.3,   2.1
2026-04-28 19:00:00,    3,   5.5,   7.4,   9.9,  980.5,  17.2,  37.5,   2.6
2026-04-28 20:00:00,3,5.3,7.1,9.3,981.2,16.4,37.8,2.0
2026-04-28 21:00:00,3,5.3,7.1,8.3,971.4,14.4,43.0,2.0
2026-04-28 22:00:00,    3,   6.2,   8.3,   9.1,  982.0,  14.2,  50.9,   4.2
2026-04-28 23:00:00,3,5.6,7.4,8.1,972.1,13.4,47.9,2.6
2026-04-29 00:00:00,3,5.5,7.3,7.5,982.4,12.2,51.0,2.4
2026-04-29 01:00:00,    3,   5.4,   7.1,   6.9,  972.2,  11.4,  52.3,   2.0
2026-04-29 02:00:00,    3,   5.2,   6.9,   6.3,  982.4,  10.5,  54.0,   1.6
2026-04-29 03:00:00,    3,   5.3,   6.9,   5.9,  972.4,   9.7,  57.3,   1.7
2026-04-29 04:00:00,3,5.0,6.5,5.4,983.0,9.3,55.2,0.8
2026-04-29 05:00:00,    3,   5.0,   6.5,   5.6,  973.2,   9.5,  54.9,   0.9
2026-04-29 06:00:00,3,4.9,6.4,5.9,984.2,10.3,51.2,0.7
2026-04-29 07:00:00,3,5.0,6.6,6.8,974.0,11.9,47.4,1.1
2026-04-29 08:00:00,3,5.4,7.2,8.1,974.2,13.7,45.6,2.2
2026-04-29 09:00:00,    3,   5.8,   7.7,   9.4,  974.2,  15.7,  43.0,   3.2
2026-04-29 10:00:00,    3,   5.4,   7.2,   9.3,  974.3,  16.2,  39.1,   2.3
2026-04-29 11:00:00,    3,   5.8,   7.7,  10.2,  974.2,  17.5,  38.7,   3.3
2026-04-29 12:00:00,3,5.2,7.1,10.1,974.2,18.3,33.5,2.0
2026-04-29 13:00:00,3,5.2,7.0,10.3,974.1,18.8,32.2,1.9
2026-04-29 14:00:00,3,4.8,6.5,9.8,974.0,18.5,30.6,0.9
2026-04-29 15:00:00,    3,   4.2,   5.7,   9.3,  974.1,  18.6,  26.6,  -0.9
2026-04-29 16:00:00,    3,   4.1,   5.5,   9.0,  984.2,  18.1,  26.3,  -1.5
2026-04-29 17:00:00,    3,   3.3,   4.5,   7.9,  984.5,  17.3,  22.6,  -4.2
2026-04-29 18:00:00,    3,   3.5,   4.6,   7.5,  984.9,  16.2,  25.2,  -3.7
2026-04-29 19:00:00,    3,   3.6,   4.8,   6.8,  985.6,  14.5,  29.0,  -3.3
2026-04-29 20:00:00,3,3.7,4.8,5.0,976.3,11.1,36.5,-3.2
2026-04-29 21:00:00,    3,   3.7,   4.8,   5.7,  986.6,  12.3,  33.7,  -3.2
2026-04-29 22:00:00,3,3.9,5.1,5.1,987.2,10.7,39.7,-2.4
2026-04-29 23:00:00,3,3.8,4.9,3.7,977.8,8.3,45.0,-2.9
2026-04-30 00:00:00,3,3.4,4.5,3.2,978.1,8.2,41.1,-4.2
2026-04-30 01:00:00,    3,   3.1,   4.1,   3.0,  988.5,   8.3,  37.3,  -5.4
2026-04-30 02:00:00,3,3.3,4.3,2.2,978.5,6.7,43.9,-4.7
2026-04-30 03:00:00,    3,   3.4,   4.4,   1.8,  988.6,   5.7,  47.8,  -4.5
2026-04-30 04:00:00,3,3.2,4.2,0.9,978.2,4.6,48.9,-5.2
2026-04-30 05:00:00,3,3.3,4.2,1.1,978.6,4.8,49.3,-4.9
2026-04-30 06:00:00,3,3.2,4.1,2.0,978.9,6.6,41.9,-5.4
2026-04-30 07:00:00,3,3.1,4.1,2.8,979.2,8.0,37.8,-5.5
2026-04-30 08:00:00,    3,   3.1,   4.1,   4.1,  989.6,  10.3,  32.8,  -5.3
2026-04-30 09:00:00,    3,   3.3,   4.3,   5.0,  989.8,  11.7,  31.5,  -4.6
2026-04-30 10:00:00,    3,   3.2,   4.2,   5.6,  989.6,  13.0,  27.9,  -5.1
2026-04-30 11:00:00,    3,   3.6,   4.8,   7.2,  989.2,  15.4,  27.3,  -3.3
2026-04-30 12:00:00,    3,   2.9,   3.9,   6.3,  978.5,  15.0,  22.9,  -6.0
2026-04-30 13:00:00,    3,   3.0,   4.0,   6.6,  978.0,  15.5,  22.5,  -5.8
2026-04-30 14:00:00,    3,   2.7,   3.6,   6.8,  977.7,  16.5,  19.2,  -7.0
2026-04-30 15:00:00,    3,   3.0,   4.0,   7.2,  977.4,  16.7,  21.1,  -5.6
2026-04-30 16:00:00,    3,   3.0,   4.0,   7.5,  987.6,  17.2,  20.5,  -5.6
2026-04-30 17:00:00,    3,   2.8,   3.8,   7.1,  987.7,  16.6,  20.0,  -6.4
2026-04-30 18:00:00,    3,   2.9,   3.9,   5.8,  978.1,  14.1,  24.2,  -6.0
2026-04-30 19:00:00,    3,   3.5,   4.6,   5.9,  988.2,  13.0,  30.8,  -3.8
2026-04-30 20:00:00,3,3.4,4.5,5.0,988.7,11.5,33.2,-4.1
2026-04-30 21:00:00,3,3.6,4.7,5.1,988.9,11.3,34.9,-3.6
2026-04-30 22:00:00,    3,   3.4,   4.4,   2.9,  979.2,   7.7,  42.2,  -4.3
2026-04-30 23:00:00,    3,   3.5,   4.5,   2.9,  979.2,   7.5,  43.5,  -4.1
