STATIONS_ID;MESS_DATUM;QN_7;SD_SO;EOR
       4928;2024102803;   10;  0.00;eor
       4928;2024102804;   10;  0.00;eor
       4928;2024102805;   10;  0.00;eor
       4928;2024102806;   10;  0.00;eor
       4928;2024102807;   10;  4.00;eor
       4928;2024102808;   10; 55.00;eor
       4928;2024102809;   10; 47.00;eor
       4928;2024102810;   10; 46.00;eor
       4928;2024102811;   10;  2.00;eor
       4928;2024102812;   10; 28.00;eor
       4928;2024102813;   10; 60.00;eor
       4928;2024102814;   10; 59.00;eor
       4928;2024102815;   10; 60.00;eor
       4928;2024102816;   10; 50.00;eor
       4928;2024102817;   10;  0.00;eor
       4928;2024102818;   10;  0.00;eor
       4928;2024102819;   10;  0.00;eor
       4928;2024102820;   10;  0.00;eor
       4928;2024102903;   10;  0.00;eor
       4928;2024102904;   10;  0.00;eor
       4928;2024102905;   10;  0.00;eor
       4928;2024102906;   10;  0.00;eor
       4928;2024102907;   10;  5.00;eor
       4928;2024102908;   10; 49.00;eor
       4928;2024102909;   10; 57.00;eor
       4928;2024102910;   10; 60.00;eor
       4928;2024102911;   10; 60.00;eor
       4928;2024102912;   10; 60.00;eor
       4928;2024102913;   10; 60.00;eor
       4928;2024102914;   10; 60.00;eor
       4928;2024102915;   10; 60.00;eor
       4928;2024102916;   10; 47.00;eor
       4928;2024102917;   10;  0.00;eor
       4928;2024102918;   10;  0.00;eor
       4928;2024102919;   10;  0.00;eor
       4928;2024102920;   10;  0.00;eor
       4928;2024103003;   10;  0.00;eor
       4928;2024103004;   10;  0.00;eor
       4928;2024103005;   10;  0.00;eor
       4928;2024103006;   10;  0.00;eor
       4928;2024103007;   10;  0.00;eor
       4928;2024103008;   10; 24.00;eor
       4928;2024103009;   10; 54.00;eor
       4928;2024103010;   10; 60.00;eor
       4928;2024103011;   10; 47.00;eor
       4928;2024103012;   10; 31.00;eor
       4928;2024103013;   10; 28.00;eor
       4928;2024103014;   10; 58.00;eor
       4928;2024103015;   10; 60.00;eor
       4928;2024103016;   10; 48.00;eor
       4928;2024103017;   10;  0.00;eor
       4928;2024103018;   10;  0.00;eor
       4928;2024103019;   10;  0.00;eor
       4928;2024103020;   10;  0.00;eor
       4928;2024103103;   10;  0.00;eor
       4928;2024103104;   10;  0.00;eor
       4928;2024103105;   10;  0.00;eor
       4928;2024103106;   10;  0.00;eor
       4928;2024103107;   10;  0.00;eor
       4928;2024103108;   10;  0.00;eor
       4928;2024103109;   10;  0.00;eor
       4928;2024103110;   10;  0.00;eor
       4928;2024103111;   10;  0.00;eor
       4928;2024103112;   10;  0.00;eor
       4928;2024103113;   10;  0.00;eor
       4928;2024103114;   10;  0.00;eor
       4928;2024103115;   10;  0.00;eor
       4928;2024103116;   10;  0.00;eor
       4928;2024103117;   10;  0.00;eor
       4928;2024103118;   10;  0.00;eor
       4928;2024103119;   10;  0.00;eor
       4928;2024103120;   10;  0.00;eor
       4928;2024110103;   10;  0.00;eor
       4928;2024110104;   10;  0.00;eor
       4928;2024110105;   10;  0.00;eor
       4928;2024110106;   10;  0.00;eor
       4928;2024110107;   10;  0.00;eor
       4928;2024110108;   10;  0.00;eor
       4928;2024110109;   10;  0.00;eor
       4928;2024110110;   10;  0.00;eor
       4928;2024110111;   10;  0.00;eor
       4928;2024110112;   10; 40.00;eor
       4928;2024110113;   10; 59.00;eor
       4928;2024110114;   10; 60.00;eor
       4928;2024110115;   10; 60.00;eor
       4928;2024110116;   10; 50.00;eor
       4928;2024110117;   10;  0.00;eor
       4928;2024110118;   10;  0.00;eor
       4928;2024110119;   10;  0.00;eor
       4928;2024110120;   10;  0.00;eor
       4928;2024110203;   10;  0.00;eor
       4928;2024110204;   10;  0.00;eor
       4928;2024110205;   10;  0.00;eor
       4928;2024110206;   10;  0.00;eor
       4928;2024110207;   10;  0.00;eor
       4928;2024110208;   10;  0.00;eor
       4928;2024110209;   10;  0.00;eor
       4928;2024110210;   10;  0.00;eor
       4928;2024110211;   10;  3.00;eor
       4928;2024110212;   10;  0.00;eor
       4928;2024110213;   10;  0.00;eor
       4928;2024110214;   10;  0.00;eor
       4928;2024110215;   10;  0.00;eor
       4928;2024110216;   10;  0.00;eor
       4928;2024110217;   10;  0.00;eor
       4928;2024110218;   10;  0.00;eor
       4928;2024110219;   10;  0.00;eor
       4928;2024110220;   10;  0.00;eor
       4928;2024110303;   10;  0.00;eor
       4928;2024110304;   10;  0.00;eor
       4928;2024110305;   10;  0.00;eor
       4928;2024110306;   10;  0.00;eor
       4928;2024110307;   10;  0.00;eor
       4928;2024110308;   10;  0.00;eor
       4928;2024110309;   10;  0.00;eor
       4928;2024110310;   10;  0.00;eor
       4928;2024110311;   10;  0.00;eor
       4928;2024110312;   10;  7.00;eor
       4928;2024110313;   10;  0.00;eor
       4928;2024110314;   10;  0.00;eor
       4928;2024110315;   10;  0.00;eor
       4928;2024110316;   10;  0.00;eor
       4928;2024110317;   10;  0.00;eor
       4928;2024110318;   10;  0.00;eor
       4928;2024110319;   10;  0.00;eor
       4928;2024110320;   10;  0.00;eor
       4928;2024110403;   10;  0.00;eor
       4928;2024110404;   10;  0.00;eor
       4928;2024110405;   10;  0.00;eor
       4928;2024110406;   10;  0.00;eor
       4928;2024110407;   10;  0.00;eor
       4928;2024110408;   10;  0.00;eor
       4928;2024110409;   10;  0.00;eor
       4928;2024110410;   10;  0.00;eor
       4928;2024110411;   10; 47.00;eor
       4928;2024110412;   10; 60.00;eor
       4928;2024110413;   10; 60.00;eor
       4928;2024110414;   10; 60.00;eor
       4928;2024110415;   10; 60.00;eor
       4928;2024110416;   10; 44.00;eor
       4928;2024110417;   10;  0.00;eor
       4928;2024110418;   10;  0.00;eor
       4928;2024110419;   10;  0.00;eor
       4928;2024110420;   10;  0.00;eor
       4928;2024110503;   10;  0.00;eor
       4928;2024110504;   10;  0.00;eor
       4928;2024110505;   10;  0.00;eor
       4928;2024110506;   10;  0.00;eor
       4928;2024110507;   10;  0.00;eor
       4928;2024110508;   10;  0.00;eor
       4928;2024110509;   10; 27.00;eor
       4928;2024110510;   10; 60.00;eor
       4928;2024110511;   10; 58.00;eor
       4928;2024110512;   10; 60.00;eor
       4928;2024110513;   10; 60.00;eor
       4928;2024110514;   10; 60.00;eor
       4928;2024110515;   10; 43.00;eor
       4928;2024110516;   10; 16.00;eor
       4928;2024110517;   10;  0.00;eor
       4928;2024110518;   10;  0.00;eor
       4928;2024110519;   10;  0.00;eor
       4928;2024110520;   10;  0.00;eor
       4928;2024110603;   10;  0.00;eor
       4928;2024110604;   10;  0.00;eor
       4928;2024110605;   10;  0.00;eor
       4928;2024110606;   10;  0.00;eor
       4928;2024110607;   10;  0.00;eor
       4928;2024110608;   10;  0.00;eor
       4928;2024110609;   10;  0.00;eor
       4928;2024110610;   10;  0.00;eor
       4928;2024110611;   10;  0.00;eor
       4928;2024110612;   10;  0.00;eor
       4928;2024110613;   10;  0.00;eor
       4928;2024110614;   10;  0.00;eor
       4928;2024110615;   10;  0.00;eor
       4928;2024110616;   10;  0.00;eor
       4928;2024110617;   10;  0.00;eor
       4928;2024110618;   10;  0.00;eor
       4928;2024110619;   10;  0.00;eor
       4928;2024110620;   10;  0.00;eor
       4928;2024110703;   10;  0.00;eor
       4928;2024110704;   10;  0.00;eor
       4928;2024110705;   10;  0.00;eor
       4928;2024110706;   10;  0.00;eor
       4928;2024110707;   10;  0.00;eor
       4928;2024110708;   10;  0.00;eor
       4928;2024110709;   10;  0.00;eor
       4928;2024110710;   10;  0.00;eor
       4928;2024110711;   10;  0.00;eor
       4928;2024110712;   10;  0.00;eor
       4928;2024110713;   10;  0.00;eor
       4928;2024110714;   10;  0.00;eor
       4928;2024110715;   10;  0.00;eor
       4928;2024110716;   10;  0.00;eor
       4928;2024110717;   10;  0.00;eor
       4928;2024110718;   10;  0.00;eor
       4928;2024110719;   10;  0.00;eor
       4928;2024110720;   10;  0.00;eor
       4928;2024110803;   10;  0.00;eor
       4928;2024110804;   10;  0.00;eor
       4928;2024110805;   10;  0.00;eor
       4928;2024110806;   10;  0.00;eor
       4928;2024110807;   10;  0.00;eor
       4928;2024110808;   10;  0.00;eor
       4928;2024110809;   10;  0.00;eor
       4928;2024110810;   10;  0.00;eor
       4928;2024110811;   10;  0.00;eor
       4928;2024110812;   10;  0.00;eor
       4928;2024110813;   10;  0.00;eor
       4928;2024110814;   10;  0.00;eor
       4928;2024110815;   10;  0.00;eor
       4928;2024110816;   10;  0.00;eor
       4928;2024110817;   10;  0.00;eor
       4928;2024110818;   10;  0.00;eor
       4928;2024110819;   10;  0.00;eor
       4928;2024110820;   10;  0.00;eor
       4928;2024110903;   10;  0.00;eor
       4928;2024110904;   10;  0.00;eor
       4928;2024110905;   10;  0.00;eor
       4928;2024110906;   10;  0.00;eor
       4928;2024110907;   10;  0.00;eor
       4928;2024110908;   10;  0.00;eor
       4928;2024110909;   10; 49.00;eor
       4928;2024110910;   10; 60.00;eor
       4928;2024110911;   10; 60.00;eor
       4928;2024110912;   10; 60.00;eor
       4928;2024110913;   10; 60.00;eor
       4928;2024110914;   10; 60.00;eor
       4928;2024110915;   10; 60.00;eor
       4928;2024110916;   10;  8.00;eor
       4928;2024110917;   10;  0.00;eor
       4928;2024110918;   10;  0.00;eor
       4928;2024110919;   10;  0.00;eor
       4928;2024110920;   10;  0.00;eor
       4928;2024111003;   10;  0.00;eor
       4928;2024111004;   10;  0.00;eor
       4928;2024111005;   10;  0.00;eor
       4928;2024111006;   10;  0.00;eor
       4928;2024111007;   10;  0.00;eor
       4928;2024111008;   10;  0.00;eor
       4928;2024111009;   10;  0.00;eor
       4928;2024111010;   10;  0.00;eor
       4928;2024111011;   10;  0.00;eor
       4928;2024111012;   10;  0.00;eor
       4928;2024111013;   10;  0.00;eor
       4928;2024111014;   10;  0.00;eor
       4928;2024111015;   10;  0.00;eor
       4928;2024111016;   10;  0.00;eor
       4928;2024111017;   10;  0.00;eor
       4928;2024111018;   10;  0.00;eor
       4928;2024111019;   10;  0.00;eor
       4928;2024111020;   10;  0.00;eor
       4928;2024111103;   10;  0.00;eor
       4928;2024111104;   10;  0.00;eor
       4928;2024111105;   10;  0.00;eor
       4928;2024111106;   10;  0.00;eor
       4928;2024111107;   10;  0.00;eor
       4928;2024111108;   10;  0.00;eor
       4928;2024111109;   10;  0.00;eor
       4928;2024111110;   10;  0.00;eor
       4928;2024111111;   10;  0.00;eor
       4928;2024111112;   10;  0.00;eor
       4928;2024111113;   10;  2.00;eor
       4928;2024111114;   10;  1.00;eor
       4928;2024111115;   10;  0.00;eor
       4928;2024111116;   10;  0.00;eor
       4928;2024111117;   10;  0.00;eor
       4928;2024111118;   10;  0.00;eor
       4928;2024111119;   10;  0.00;eor
       4928;2024111120;   10;  0.00;eor
       4928;2024111203;   10;  0.00;eor
       4928;2024111204;   10;  0.00;eor
       4928;2024111205;   10;  0.00;eor
       4928;2024111206;   10;  0.00;eor
       4928;2024111207;   10;  0.00;eor
       4928;2024111208;   10;  0.00;eor
       4928;2024111209;   10;  0.00;eor
       4928;2024111210;   10;  0.00;eor
       4928;2024111211;   10;  0.00;eor
       4928;2024111212;   10;  0.00;eor
       4928;2024111213;   10;  0.00;eor
       4928;2024111214;   10;  0.00;eor
       4928;2024111215;   10;  0.00;eor
       4928;2024111216;   10;  0.00;eor
       4928;2024111217;   10;  0.00;eor
       4928;2024111218;   10;  0.00;eor
       4928;2024111219;   10;  0.00;eor
       4928;2024111220;   10;  0.00;eor
       4928;2024111303;   10;  0.00;eor
       4928;2024111304;   10;  0.00;eor
       4928;2024111305;   10;  0.00;eor
       4928;2024111306;   10;  0.00;eor
       4928;2024111307;   10;  0.00;eor
       4928;2024111308;   10;  0.00;eor
       4928;2024111309;   10;  0.00;eor
       4928;2024111310;   10;  0.00;eor
       4928;2024111311;   10;  0.00;eor
       4928;2024111312;   10;  0.00;eor
       4928;2024111313;   10;  0.00;eor
       4928;2024111314;   10;  0.00;eor
       4928;2024111315;   10;  0.00;eor
       4928;2024111316;   10;  0.00;eor
       4928;2024111317;   10;  0.00;eor
       4928;2024111318;   10;  0.00;eor
       4928;2024111319;   10;  0.00;eor
       4928;2024111320;   10;  0.00;eor
       4928;2024111403;   10;  0.00;eor
       4928;2024111404;   10;  0.00;eor
       4928;2024111405;   10;  0.00;eor
       4928;2024111406;   10;  0.00;eor
       4928;2024111407;   10;  0.00;eor
       4928;2024111408;   10;  0.00;eor
       4928;2024111409;   10;  0.00;eor
       4928;2024111410;   10;  0.00;eor
       4928;2024111411;   10;  0.00;eor
       4928;2024111412;   10;  0.00;eor
       4928;2024111413;   10;  0.00;eor
       4928;2024111414;   10;  0.00;eor
       4928;2024111415;   10;  0.00;eor
       4928;2024111416;   10;  0.00;eor
       4928;2024111417;   10;  0.00;eor
       4928;2024111418;   10;  0.00;eor
       4928;2024111419;   10;  0.00;eor
       4928;2024111420;   10;  0.00;eor
       4928;2024111503;   10;  0.00;eor
       4928;2024111504;   10;  0.00;eor
       4928;2024111505;   10;  0.00;eor
       4928;2024111506;   10;  0.00;eor
       4928;2024111507;   10;  0.00;eor
       4928;2024111508;   10;  0.00;eor
       4928;2024111509;   10;  0.00;eor
       4928;2024111510;   10;  0.00;eor
       4928;2024111511;   10;  0.00;eor
       4928;2024111512;   10;  0.00;eor
       4928;2024111513;   10;  0.00;eor
       4928;2024111514;   10;  0.00;eor
       4928;2024111515;   10;  0.00;eor
       4928;2024111516;   10;  0.00;eor
       4928;2024111517;   10;  0.00;eor
       4928;2024111518;   10;  0.00;eor
       4928;2024111519;   10;  0.00;eor
       4928;2024111520;   10;  0.00;eor
       4928;2024111603;   10;  0.00;eor
       4928;2024111604;   10;  0.00;eor
       4928;2024111605;   10;  0.00;eor
       4928;2024111606;   10;  0.00;eor
       4928;2024111607;   10;  0.00;eor
       4928;2024111608;   10; 33.00;eor
       4928;2024111609;   10;  6.00;eor
       4928;2024111610;   10; 52.00;eor
       4928;2024111611;   10; 32.00;eor
       4928;2024111612;   10; 11.00;eor
       4928;2024111613;   10; 60.00;eor
       4928;2024111614;   10; 60.00;eor
       4928;2024111615;   10; 60.00;eor
       4928;2024111616;   10; 22.00;eor
       4928;2024111617;   10;  0.00;eor
       4928;2024111618;   10;  0.00;eor
       4928;2024111619;   10;  0.00;eor
       4928;2024111620;   10;  0.00;eor
       4928;2024111703;   10;  0.00;eor
       4928;2024111704;   10;  0.00;eor
       4928;2024111705;   10;  0.00;eor
       4928;2024111706;   10;  0.00;eor
       4928;2024111707;   10;  0.00;eor
       4928;2024111708;   10; 26.00;eor
       4928;2024111709;   10; 41.00;eor
       4928;2024111710;   10;  1.00;eor
       4928;2024111711;   10;  0.00;eor
       4928;2024111712;   10;  0.00;eor
       4928;2024111713;   10;  0.00;eor
       4928;2024111714;   10;  0.00;eor
       4928;2024111715;   10;  0.00;eor
       4928;2024111716;   10;  0.00;eor
       4928;2024111717;   10;  0.00;eor
       4928;2024111718;   10;  0.00;eor
       4928;2024111719;   10;  0.00;eor
       4928;2024111720;   10;  0.00;eor
       4928;2024111803;   10;  0.00;eor
       4928;2024111804;   10;  0.00;eor
       4928;2024111805;   10;  0.00;eor
       4928;2024111806;   10;  0.00;eor
       4928;2024111807;   10;  0.00;eor
       4928;2024111808;   10;  0.00;eor
       4928;2024111809;   10;  0.00;eor
       4928;2024111810;   10;  0.00;eor
       4928;2024111811;   10;  0.00;eor
       4928;2024111812;   10;  0.00;eor
       4928;2024111813;   10;  0.00;eor
       4928;2024111814;   10;  0.00;eor
       4928;2024111815;   10;  0.00;eor
       4928;2024111816;   10;  0.00;eor
       4928;2024111817;   10;  0.00;eor
       4928;2024111818;   10;  0.00;eor
       4928;2024111819;   10;  0.00;eor
       4928;2024111820;   10;  0.00;eor
       4928;2024111903;   10;  0.00;eor
       4928;2024111904;   10;  0.00;eor
       4928;2024111905;   10;  0.00;eor
       4928;2024111906;   10;  0.00;eor
       4928;2024111907;   10;  0.00;eor
       4928;2024111908;   10;  0.00;eor
       4928;2024111909;   10;  0.00;eor
       4928;2024111910;   10;  0.00;eor
       4928;2024111911;   10;  0.00;eor
       4928;2024111912;   10; 19.00;eor
       4928;2024111913;   10;  0.00;eor
       4928;2024111914;   10;  0.00;eor
       4928;2024111915;   10;  0.00;eor
       4928;2024111916;   10;  0.00;eor
       4928;2024111917;   10;  0.00;eor
       4928;2024111918;   10;  0.00;eor
       4928;2024111919;   10;  0.00;eor
       4928;2024111920;   10;  0.00;eor
       4928;2024112003;   10;  0.00;eor
       4928;2024112004;   10;  0.00;eor
       4928;2024112005;   10;  0.00;eor
       4928;2024112006;   10;  0.00;eor
       4928;2024112007;   10;  0.00;eor
       4928;2024112008;   10; 20.00;eor
       4928;2024112009;   10; 58.00;eor
       4928;2024112010;   10; 25.00;eor
       4928;2024112011;   10; 59.00;eor
       4928;2024112012;   10; 60.00;eor
       4928;2024112013;   10; 60.00;eor
       4928;2024112014;   10; 60.00;eor
       4928;2024112015;   10; 60.00;eor
       4928;2024112016;   10;  9.00;eor
       4928;2024112017;   10;  0.00;eor
       4928;2024112018;   10;  0.00;eor
       4928;2024112019;   10;  0.00;eor
       4928;2024112020;   10;  0.00;eor
       4928;2024112103;   10;  0.00;eor
       4928;2024112104;   10;  0.00;eor
       4928;2024112105;   10;  0.00;eor
       4928;2024112106;   10;  0.00;eor
       4928;2024112107;   10;  0.00;eor
       4928;2024112108;   10;  0.00;eor
       4928;2024112109;   10;  0.00;eor
       4928;2024112110;   10;  3.00;eor
       4928;2024112111;   10;  8.00;eor
       4928;2024112112;   10;  0.00;eor
       4928;2024112113;   10;  0.00;eor
       4928;2024112114;   10;  0.00;eor
       4928;2024112115;   10;  0.00;eor
       4928;2024112116;   10;  0.00;eor
       4928;2024112117;   10;  0.00;eor
       4928;2024112118;   10;  0.00;eor
       4928;2024112119;   10;  0.00;eor
       4928;2024112120;   10;  0.00;eor
       4928;2024112203;   10;  0.00;eor
       4928;2024112204;   10;  0.00;eor
       4928;2024112205;   10;  0.00;eor
       4928;2024112206;   10;  0.00;eor
       4928;2024112207;   10;  0.00;eor
       4928;2024112208;   10; 26.00;eor
       4928;2024112209;   10; 36.00;eor
       4928;2024112210;   10; 51.00;eor
       4928;2024112211;   10; 29.00;eor
       4928;2024112212;   10; 13.00;eor
       4928;2024112213;   10;  7.00;eor
       4928;2024112214;   10;  0.00;eor
       4928;2024112215;   10;  0.00;eor
       4928;2024112216;   10;  0.00;eor
       4928;2024112217;   10;  0.00;eor
       4928;2024112218;   10;  0.00;eor
       4928;2024112219;   10;  0.00;eor
       4928;2024112220;   10;  0.00;eor
       4928;2024112303;   10;  0.00;eor
       4928;2024112304;   10;  0.00;eor
       4928;2024112305;   10;  0.00;eor
       4928;2024112306;   10;  0.00;eor
       4928;2024112307;   10;  0.00;eor
       4928;2024112308;   10; 24.00;eor
       4928;2024112309;   10; 20.00;eor
       4928;2024112310;   10; 14.00;eor
       4928;2024112311;   10; 50.00;eor
       4928;2024112312;   10; 44.00;eor
       4928;2024112313;   10; 55.00;eor
       4928;2024112314;   10;  0.00;eor
       4928;2024112315;   10;  0.00;eor
       4928;2024112316;   10;  0.00;eor
       4928;2024112317;   10;  0.00;eor
       4928;2024112318;   10;  0.00;eor
       4928;2024112319;   10;  0.00;eor
       4928;2024112320;   10;  0.00;eor
       4928;2024112403;   10;  0.00;eor
       4928;2024112404;   10;  0.00;eor
       4928;2024112405;   10;  0.00;eor
       4928;2024112406;   10;  0.00;eor
       4928;2024112407;   10;  0.00;eor
       4928;2024112408;   10;  0.00;eor
       4928;2024112409;   10;  0.00;eor
       4928;2024112410;   10;  0.00;eor
       4928;2024112411;   10; 10.00;eor
       4928;2024112412;   10; 42.00;eor
       4928;2024112413;   10; 60.00;eor
       4928;2024112414;   10; 35.00;eor
       4928;2024112415;   10;  2.00;eor
       4928;2024112416;   10;  0.00;eor
       4928;2024112417;   10;  0.00;eor
       4928;2024112418;   10;  0.00;eor
       4928;2024112419;   10;  0.00;eor
       4928;2024112420;   10;  0.00;eor
       4928;2024112503;   10;  0.00;eor
       4928;2024112504;   10;  0.00;eor
       4928;2024112505;   10;  0.00;eor
       4928;2024112506;   10;  0.00;eor
       4928;2024112507;   10;  0.00;eor
       4928;2024112508;   10; 27.00;eor
       4928;2024112509;   10; 60.00;eor
       4928;2024112510;   10; 35.00;eor
       4928;2024112511;   10; 43.00;eor
       4928;2024112512;   10; 23.00;eor
       4928;2024112513;   10; 10.00;eor
       4928;2024112514;   10;  0.00;eor
       4928;2024112515;   10;  0.00;eor
       4928;2024112516;   10;  0.00;eor
       4928;2024112517;   10;  0.00;eor
       4928;2024112518;   10;  0.00;eor
       4928;2024112519;   10;  0.00;eor
       4928;2024112520;   10;  0.00;eor
       4928;2024112603;   10;  0.00;eor
       4928;2024112604;   10;  0.00;eor
       4928;2024112605;   10;  0.00;eor
       4928;2024112606;   10;  0.00;eor
       4928;2024112607;   10;  0.00;eor
       4928;2024112608;   10;  2.00;eor
       4928;2024112609;   10; 24.00;eor
       4928;2024112610;   10; 19.00;eor
       4928;2024112611;   10; 20.00;eor
       4928;2024112612;   10;  4.00;eor
       4928;2024112613;   10;  5.00;eor
       4928;2024112614;   10;  2.00;eor
       4928;2024112615;   10;  9.00;eor
       4928;2024112616;   10;  0.00;eor
       4928;2024112617;   10;  0.00;eor
       4928;2024112618;   10;  0.00;eor
       4928;2024112619;   10;  0.00;eor
       4928;2024112620;   10;  0.00;eor
       4928;2024112703;   10;  0.00;eor
       4928;2024112704;   10;  0.00;eor
       4928;2024112705;   10;  0.00;eor
       4928;2024112706;   10;  0.00;eor
       4928;2024112707;   10;  0.00;eor
       4928;2024112708;   10;  0.00;eor
       4928;2024112709;   10;  0.00;eor
       4928;2024112710;   10; 24.00;eor
       4928;2024112711;   10; 60.00;eor
       4928;2024112712;   10; 60.00;eor
       4928;2024112713;   10; 60.00;eor
       4928;2024112714;   10; 60.00;eor
       4928;2024112715;   10; 58.00;eor
       4928;2024112716;   10;  4.00;eor
       4928;2024112717;   10;  0.00;eor
       4928;2024112718;   10;  0.00;eor
       4928;2024112719;   10;  0.00;eor
       4928;2024112720;   10;  0.00;eor
       4928;2024112803;   10;  0.00;eor
       4928;2024112804;   10;  0.00;eor
       4928;2024112805;   10;  0.00;eor
       4928;2024112806;   10;  0.00;eor
       4928;2024112807;   10;  0.00;eor
       4928;2024112808;   10;  0.00;eor
       4928;2024112809;   10; 15.00;eor
       4928;2024112810;   10; 17.00;eor
       4928;2024112811;   10; 24.00;eor
       4928;2024112812;   10;  6.00;eor
       4928;2024112813;   10; 16.00;eor
       4928;2024112814;   10; 13.00;eor
       4928;2024112815;   10;  9.00;eor
       4928;2024112816;   10;  0.00;eor
       4928;2024112817;   10;  0.00;eor
       4928;2024112818;   10;  0.00;eor
       4928;2024112819;   10;  0.00;eor
       4928;2024112820;   10;  0.00;eor
       4928;2024112903;   10;  0.00;eor
       4928;2024112904;   10;  0.00;eor
       4928;2024112905;   10;  0.00;eor
       4928;2024112906;   10;  0.00;eor
       4928;2024112907;   10;  0.00;eor
       4928;2024112908;   10;  0.00;eor
       4928;2024112909;   10; 51.00;eor
       4928;2024112910;   10; 60.00;eor
       4928;2024112911;   10; 60.00;eor
       4928;2024112912;   10; 54.00;eor
       4928;2024112913;   10; 29.00;eor
       4928;2024112914;   10; 43.00;eor
       4928;2024112915;   10; 38.00;eor
       4928;2024112916;   10; 16.00;eor
       4928;2024112917;   10;  0.00;eor
       4928;2024112918;   10;  0.00;eor
       4928;2024112919;   10;  0.00;eor
       4928;2024112920;   10;  0.00;eor
       4928;2024113003;   10;  0.00;eor
       4928;2024113004;   10;  0.00;eor
       4928;2024113005;   10;  0.00;eor
       4928;2024113006;   10;  0.00;eor
       4928;2024113007;   10;  0.00;eor
       4928;2024113008;   10; 18.00;eor
       4928;2024113009;   10; 60.00;eor
       4928;2024113010;   10; 60.00;eor
       4928;2024113011;   10; 60.00;eor
       4928;2024113012;   10; 60.00;eor
       4928;2024113013;   10; 60.00;eor
       4928;2024113014;   10; 60.00;eor
       4928;2024113015;   10; 58.00;eor
       4928;2024113016;   10;  4.00;eor
       4928;2024113017;   10;  0.00;eor
       4928;2024113018;   10;  0.00;eor
       4928;2024113019;   10;  0.00;eor
       4928;2024113020;   10;  0.00;eor
       4928;2024120103;   10;  0.00;eor
       4928;2024120104;   10;  0.00;eor
       4928;2024120105;   10;  0.00;eor
       4928;2024120106;   10;  0.00;eor
       4928;2024120107;   10;  0.00;eor
       4928;2024120108;   10;  8.00;eor
       4928;2024120109;   10; 60.00;eor
       4928;2024120110;   10; 60.00;eor
       4928;2024120111;   10; 60.00;eor
       4928;2024120112;   10; 60.00;eor
       4928;2024120113;   10; 60.00;eor
       4928;2024120114;   10; 60.00;eor
       4928;2024120115;   10; 60.00;eor
       4928;2024120116;   10; 14.00;eor
       4928;2024120117;   10;  0.00;eor
       4928;2024120118;   10;  0.00;eor
       4928;2024120119;   10;  0.00;eor
       4928;2024120120;   10;  0.00;eor
       4928;2024120203;   10;  0.00;eor
       4928;2024120204;   10;  0.00;eor
       4928;2024120205;   10;  0.00;eor
       4928;2024120206;   10;  0.00;eor
       4928;2024120207;   10;  0.00;eor
       4928;2024120208;   10;  0.00;eor
       4928;2024120209;   10;  0.00;eor
       4928;2024120210;   10; 19.00;eor
       4928;2024120211;   10; 54.00;eor
       4928;2024120212;   10; 50.00;eor
       4928;2024120213;   10;  7.00;eor
       4928;2024120214;   10;  0.00;eor
       4928;2024120215;   10;  0.00;eor
       4928;2024120216;   10;  0.00;eor
       4928;2024120217;   10;  0.00;eor
       4928;2024120218;   10;  0.00;eor
       4928;2024120219;   10;  0.00;eor
       4928;2024120220;   10;  0.00;eor
       4928;2024120303;   10;  0.00;eor
       4928;2024120304;   10;  0.00;eor
       4928;2024120305;   10;  0.00;eor
       4928;2024120306;   10;  0.00;eor
       4928;2024120307;   10;  0.00;eor
       4928;2024120308;   10; 12.00;eor
       4928;2024120309;   10;  2.00;eor
       4928;2024120310;   10; 26.00;eor
       4928;2024120311;   10;  1.00;eor
       4928;2024120312;   10;  0.00;eor
       4928;2024120313;   10;  0.00;eor
       4928;2024120314;   10;  0.00;eor
       4928;2024120315;   10;  0.00;eor
       4928;2024120316;   10;  0.00;eor
       4928;2024120317;   10;  0.00;eor
       4928;2024120318;   10;  0.00;eor
       4928;2024120319;   10;  0.00;eor
       4928;2024120320;   10;  0.00;eor
       4928;2024120403;   10;  0.00;eor
       4928;2024120404;   10;  0.00;eor
       4928;2024120405;   10;  0.00;eor
       4928;2024120406;   10;  0.00;eor
       4928;2024120407;   10;  0.00;eor
       4928;2024120408;   10;  0.00;eor
       4928;2024120409;   10;  7.00;eor
       4928;2024120410;   10; 22.00;eor
       4928;2024120411;   10; 36.00;eor
       4928;2024120412;   10; 53.00;eor
       4928;2024120413;   10;  7.00;eor
       4928;2024120414;   10;  2.00;eor
       4928;2024120415;   10;  0.00;eor
       4928;2024120416;   10;  0.00;eor
       4928;2024120417;   10;  0.00;eor
       4928;2024120418;   10;  0.00;eor
       4928;2024120419;   10;  0.00;eor
       4928;2024120420;   10;  0.00;eor
       4928;2024120503;   10;  0.00;eor
       4928;2024120504;   10;  0.00;eor
       4928;2024120505;   10;  0.00;eor
       4928;2024120506;   10;  0.00;eor
       4928;2024120507;   10;  0.00;eor
       4928;2024120508;   10; 11.00;eor
       4928;2024120509;   10; 60.00;eor
       4928;2024120510;   10; 60.00;eor
       4928;2024120511;   10; 60.00;eor
       4928;2024120512;   10; 38.00;eor
       4928;2024120513;   10;  1.00;eor
       4928;2024120514;   10;  0.00;eor
       4928;2024120515;   10;  0.00;eor
       4928;2024120516;   10;  0.00;eor
       4928;2024120517;   10;  0.00;eor
       4928;2024120518;   10;  0.00;eor
       4928;2024120519;   10;  0.00;eor
       4928;2024120520;   10;  0.00;eor
       4928;2024120603;   10;  0.00;eor
       4928;2024120604;   10;  0.00;eor
       4928;2024120605;   10;  0.00;eor
       4928;2024120606;   10;  0.00;eor
       4928;2024120607;   10;  0.00;eor
       4928;2024120608;   10;  0.00;eor
       4928;2024120609;   10;  8.00;eor
       4928;2024120610;   10;  0.00;eor
       4928;2024120611;   10;  0.00;eor
       4928;2024120612;   10; 13.00;eor
       4928;2024120613;   10; 32.00;eor
       4928;2024120614;   10; 13.00;eor
       4928;2024120615;   10; 29.00;eor
       4928;2024120616;   10;  0.00;eor
       4928;2024120617;   10;  0.00;eor
       4928;2024120618;   10;  0.00;eor
       4928;2024120619;   10;  0.00;eor
       4928;2024120620;   10;  0.00;eor
       4928;2024120703;   10;  0.00;eor
       4928;2024120704;   10;  0.00;eor
       4928;2024120705;   10;  0.00;eor
       4928;2024120706;   10;  0.00;eor
       4928;2024120707;   10;  0.00;eor
       4928;2024120708;   10;  0.00;eor
       4928;2024120709;   10;  0.00;eor
       4928;2024120710;   10;  0.00;eor
       4928;2024120711;   10;  0.00;eor
       4928;2024120712;   10;  0.00;eor
       4928;2024120713;   10;  0.00;eor
       4928;2024120714;   10;  0.00;eor
       4928;2024120715;   10;  0.00;eor
       4928;2024120716;   10;  0.00;eor
       4928;2024120717;   10;  0.00;eor
       4928;2024120718;   10;  0.00;eor
       4928;2024120719;   10;  0.00;eor
       4928;2024120720;   10;  0.00;eor
       4928;2024120803;   10;  0.00;eor
       4928;2024120804;   10;  0.00;eor
       4928;2024120805;   10;  0.00;eor
       4928;2024120806;   10;  0.00;eor
       4928;2024120807;   10;  0.00;eor
       4928;2024120808;   10;  0.00;eor
       4928;2024120809;   10;  0.00;eor
       4928;2024120810;   10;  2.00;eor
       4928;2024120811;   10;  0.00;eor
       4928;2024120812;   10;  0.00;eor
       4928;2024120813;   10;  0.00;eor
       4928;2024120814;   10;  0.00;eor
       4928;2024120815;   10;  0.00;eor
       4928;2024120816;   10;  0.00;eor
       4928;2024120817;   10;  0.00;eor
       4928;2024120818;   10;  0.00;eor
       4928;2024120819;   10;  0.00;eor
       4928;2024120820;   10;  0.00;eor
       4928;2024120903;   10;  0.00;eor
       4928;2024120904;   10;  0.00;eor
       4928;2024120905;   10;  0.00;eor
       4928;2024120906;   10;  0.00;eor
       4928;2024120907;   10;  0.00;eor
       4928;2024120908;   10;  0.00;eor
       4928;2024120909;   10;  0.00;eor
       4928;2024120910;   10;  0.00;eor
       4928;2024120911;   10;  0.00;eor
       4928;2024120912;   10;  0.00;eor
       4928;2024120913;   10;  0.00;eor
       4928;2024120914;   10;  0.00;eor
       4928;2024120915;   10;  0.00;eor
       4928;2024120916;   10;  0.00;eor
       4928;2024120917;   10;  0.00;eor
       4928;2024120918;   10;  0.00;eor
       4928;2024120919;   10;  0.00;eor
       4928;2024120920;   10;  0.00;eor
       4928;2024121003;   10;  0.00;eor
       4928;2024121004;   10;  0.00;eor
       4928;2024121005;   10;  0.00;eor
       4928;2024121006;   10;  0.00;eor
       4928;2024121007;   10;  0.00;eor
       4928;2024121008;   10;  0.00;eor
       4928;2024121009;   10;  0.00;eor
       4928;2024121010;   10;  0.00;eor
       4928;2024121011;   10;  0.00;eor
       4928;2024121012;   10;  0.00;eor
       4928;2024121013;   10;  0.00;eor
       4928;2024121014;   10;  0.00;eor
       4928;2024121015;   10;  0.00;eor
       4928;2024121016;   10;  0.00;eor
       4928;2024121017;   10;  0.00;eor
       4928;2024121018;   10;  0.00;eor
       4928;2024121019;   10;  0.00;eor
       4928;2024121020;   10;  0.00;eor
       4928;2024121103;   10;  0.00;eor
       4928;2024121104;   10;  0.00;eor
       4928;2024121105;   10;  0.00;eor
       4928;2024121106;   10;  0.00;eor
       4928;2024121107;   10;  0.00;eor
       4928;2024121108;   10;  0.00;eor
       4928;2024121109;   10;  0.00;eor
       4928;2024121110;   10;  0.00;eor
       4928;2024121111;   10;  0.00;eor
       4928;2024121112;   10;  0.00;eor
       4928;2024121113;   10;  0.00;eor
       4928;2024121114;   10;  0.00;eor
       4928;2024121115;   10;  0.00;eor
       4928;2024121116;   10;  0.00;eor
       4928;2024121117;   10;  0.00;eor
       4928;2024121118;   10;  0.00;eor
       4928;2024121119;   10;  0.00;eor
       4928;2024121120;   10;  0.00;eor
       4928;2024121203;   10;  0.00;eor
       4928;2024121204;   10;  0.00;eor
       4928;2024121205;   10;  0.00;eor
       4928;2024121206;   10;  0.00;eor
       4928;2024121207;   10;  0.00;eor
       4928;2024121208;   10;  0.00;eor
       4928;2024121209;   10;  0.00;eor
       4928;2024121210;   10;  0.00;eor
       4928;2024121211;   10;  0.00;eor
       4928;2024121212;   10;  0.00;eor
       4928;2024121213;   10;  0.00;eor
       4928;2024121214;   10;  0.00;eor
       4928;2024121215;   10;  0.00;eor
       4928;2024121216;   10;  0.00;eor
       4928;2024121217;   10;  0.00;eor
       4928;2024121218;   10;  0.00;eor
       4928;2024121219;   10;  0.00;eor
       4928;2024121220;   10;  0.00;eor
       4928;2024121303;   10;  0.00;eor
       4928;2024121304;   10;  0.00;eor
       4928;2024121305;   10;  0.00;eor
       4928;2024121306;   10;  0.00;eor
       4928;2024121307;   10;  0.00;eor
       4928;2024121308;   10;  0.00;eor
       4928;2024121309;   10;  0.00;eor
       4928;2024121310;   10;  0.00;eor
       4928;2024121311;   10;  0.00;eor
       4928;2024121312;   10;  0.00;eor
       4928;2024121313;   10;  0.00;eor
       4928;2024121314;   10;  0.00;eor
       4928;2024121315;   10;  0.00;eor
       4928;2024121316;   10;  0.00;eor
       4928;2024121317;   10;  0.00;eor
       4928;2024121318;   10;  0.00;eor
       4928;2024121319;   10;  0.00;eor
       4928;2024121320;   10;  0.00;eor
       4928;2024121403;   10;  0.00;eor
       4928;2024121404;   10;  0.00;eor
       4928;2024121405;   10;  0.00;eor
       4928;2024121406;   10;  0.00;eor
       4928;2024121407;   10;  0.00;eor
       4928;2024121408;   10;  0.00;eor
       4928;2024121409;   10;  4.00;eor
       4928;2024121410;   10; 50.00;eor
       4928;2024121411;   10; 17.00;eor
       4928;2024121412;   10;  0.00;eor
       4928;2024121413;   10;  0.00;eor
       4928;2024121414;   10;  0.00;eor
       4928;2024121415;   10;  0.00;eor
       4928;2024121416;   10;  0.00;eor
       4928;2024121417;   10;  0.00;eor
       4928;2024121418;   10;  0.00;eor
       4928;2024121419;   10;  0.00;eor
       4928;2024121420;   10;  0.00;eor
       4928;2024121503;   10;  0.00;eor
       4928;2024121504;   10;  0.00;eor
       4928;2024121505;   10;  0.00;eor
       4928;2024121506;   10;  0.00;eor
       4928;2024121507;   10;  0.00;eor
       4928;2024121508;   10;  0.00;eor
       4928;2024121509;   10;  0.00;eor
       4928;2024121510;   10;  5.00;eor
       4928;2024121511;   10; 60.00;eor
       4928;2024121512;   10;  4.00;eor
       4928;2024121513;   10;  0.00;eor
       4928;2024121514;   10;  0.00;eor
       4928;2024121515;   10;  0.00;eor
       4928;2024121516;   10;  0.00;eor
       4928;2024121517;   10;  0.00;eor
       4928;2024121518;   10;  0.00;eor
       4928;2024121519;   10;  0.00;eor
       4928;2024121520;   10;  0.00;eor
       4928;2024121603;   10;  0.00;eor
       4928;2024121604;   10;  0.00;eor
       4928;2024121605;   10;  0.00;eor
       4928;2024121606;   10;  0.00;eor
       4928;2024121607;   10;  0.00;eor
       4928;2024121608;   10;  0.00;eor
       4928;2024121609;   10;  0.00;eor
       4928;2024121610;   10;  3.00;eor
       4928;2024121611;   10;  1.00;eor
       4928;2024121612;   10;  3.00;eor
       4928;2024121613;   10;  5.00;eor
       4928;2024121614;   10; 40.00;eor
       4928;2024121615;   10; 60.00;eor
       4928;2024121616;   10;  6.00;eor
       4928;2024121617;   10;  0.00;eor
       4928;2024121618;   10;  0.00;eor
       4928;2024121619;   10;  0.00;eor
       4928;2024121620;   10;  0.00;eor
       4928;2024121703;   10;  0.00;eor
       4928;2024121704;   10;  0.00;eor
       4928;2024121705;   10;  0.00;eor
       4928;2024121706;   10;  0.00;eor
       4928;2024121707;   10;  0.00;eor
       4928;2024121708;   10;  0.00;eor
       4928;2024121709;   10;  0.00;eor
       4928;2024121710;   10;  0.00;eor
       4928;2024121711;   10;  0.00;eor
       4928;2024121712;   10;  0.00;eor
       4928;2024121713;   10;  0.00;eor
       4928;2024121714;   10;  0.00;eor
       4928;2024121715;   10;  0.00;eor
       4928;2024121716;   10;  0.00;eor
       4928;2024121717;   10;  0.00;eor
       4928;2024121718;   10;  0.00;eor
       4928;2024121719;   10;  0.00;eor
       4928;2024121720;   10;  0.00;eor
       4928;2024121803;   10;  0.00;eor
       4928;2024121804;   10;  0.00;eor
       4928;2024121805;   10;  0.00;eor
       4928;2024121806;   10;  0.00;eor
       4928;2024121807;   10;  0.00;eor
       4928;2024121808;   10;  0.00;eor
       4928;2024121809;   10;  0.00;eor
       4928;2024121810;   10;  0.00;eor
       4928;2024121811;   10; 13.00;eor
       4928;2024121812;   10;  0.00;eor
       4928;2024121813;   10; 14.00;eor
       4928;2024121814;   10; 48.00;eor
       4928;2024121815;   10; 60.00;eor
       4928;2024121816;   10;  8.00;eor
       4928;2024121817;   10;  0.00;eor
       4928;2024121818;   10;  0.00;eor
       4928;2024121819;   10;  0.00;eor
       4928;2024121820;   10;  0.00;eor
       4928;2024121903;   10;  0.00;eor
       4928;2024121904;   10;  0.00;eor
       4928;2024121905;   10;  0.00;eor
       4928;2024121906;   10;  0.00;eor
       4928;2024121907;   10;  0.00;eor
       4928;2024121908;   10;  0.00;eor
       4928;2024121909;   10;  0.00;eor
       4928;2024121910;   10;  0.00;eor
       4928;2024121911;   10;  4.00;eor
       4928;2024121912;   10;  0.00;eor
       4928;2024121913;   10;  0.00;eor
       4928;2024121914;   10; 43.00;eor
       4928;2024121915;   10; 11.00;eor
       4928;2024121916;   10;  0.00;eor
       4928;2024121917;   10;  0.00;eor
       4928;2024121918;   10;  0.00;eor
       4928;2024121919;   10;  0.00;eor
       4928;2024121920;   10;  0.00;eor
       4928;2024122003;   10;  0.00;eor
       4928;2024122004;   10;  0.00;eor
       4928;2024122005;   10;  0.00;eor
       4928;2024122006;   10;  0.00;eor
       4928;2024122007;   10;  0.00;eor
       4928;2024122008;   10;  0.00;eor
       4928;2024122009;   10;  1.00;eor
       4928;2024122010;   10;  0.00;eor
       4928;2024122011;   10;  6.00;eor
       4928;2024122012;   10;  0.00;eor
       4928;2024122013;   10;  0.00;eor
       4928;2024122014;   10;  2.00;eor
       4928;2024122015;   10; 34.00;eor
       4928;2024122016;   10;  7.00;eor
       4928;2024122017;   10;  0.00;eor
       4928;2024122018;   10;  0.00;eor
       4928;2024122019;   10;  0.00;eor
       4928;2024122020;   10;  0.00;eor
       4928;2024122103;   10;  0.00;eor
       4928;2024122104;   10;  0.00;eor
       4928;2024122105;   10;  0.00;eor
       4928;2024122106;   10;  0.00;eor
       4928;2024122107;   10;  0.00;eor
       4928;2024122108;   10;  9.00;eor
       4928;2024122109;   10; 11.00;eor
       4928;2024122110;   10;  0.00;eor
       4928;2024122111;   10;  4.00;eor
       4928;2024122112;   10; 41.00;eor
       4928;2024122113;   10; 20.00;eor
       4928;2024122114;   10; 15.00;eor
       4928;2024122115;   10;  0.00;eor
       4928;2024122116;   10;  0.00;eor
       4928;2024122117;   10;  0.00;eor
       4928;2024122118;   10;  0.00;eor
       4928;2024122119;   10;  0.00;eor
       4928;2024122120;   10;  0.00;eor
       4928;2024122203;   10;  0.00;eor
       4928;2024122204;   10;  0.00;eor
       4928;2024122205;   10;  0.00;eor
       4928;2024122206;   10;  0.00;eor
       4928;2024122207;   10;  0.00;eor
       4928;2024122208;   10;  0.00;eor
       4928;2024122209;   10;  0.00;eor
       4928;2024122210;   10;  3.00;eor
       4928;2024122211;   10;  3.00;eor
       4928;2024122212;   10;  0.00;eor
       4928;2024122213;   10;  0.00;eor
       4928;2024122214;   10;  3.00;eor
       4928;2024122215;   10;  0.00;eor
       4928;2024122216;   10;  0.00;eor
       4928;2024122217;   10;  0.00;eor
       4928;2024122218;   10;  0.00;eor
       4928;2024122219;   10;  0.00;eor
       4928;2024122220;   10;  0.00;eor
       4928;2024122303;   10;  0.00;eor
       4928;2024122304;   10;  0.00;eor
       4928;2024122305;   10;  0.00;eor
       4928;2024122306;   10;  0.00;eor
       4928;2024122307;   10;  0.00;eor
       4928;2024122308;   10;  0.00;eor
       4928;2024122309;   10;  5.00;eor
       4928;2024122310;   10;  0.00;eor
       4928;2024122311;   10;  0.00;eor
       4928;2024122312;   10;  0.00;eor
       4928;2024122313;   10;  0.00;eor
       4928;2024122314;   10;  0.00;eor
       4928;2024122315;   10;  0.00;eor
       4928;2024122316;   10;  0.00;eor
       4928;2024122317;   10;  0.00;eor
       4928;2024122318;   10;  0.00;eor
       4928;2024122319;   10;  0.00;eor
       4928;2024122320;   10;  0.00;eor
       4928;2024122403;   10;  0.00;eor
       4928;2024122404;   10;  0.00;eor
       4928;2024122405;   10;  0.00;eor
       4928;2024122406;   10;  0.00;eor
       4928;2024122407;   10;  0.00;eor
       4928;2024122408;   10;  0.00;eor
       4928;2024122409;   10;  0.00;eor
       4928;2024122410;   10;  0.00;eor
       4928;2024122411;   10;  1.00;eor
       4928;2024122412;   10;  0.00;eor
       4928;2024122413;   10;  4.00;eor
       4928;2024122414;   10;  8.00;eor
       4928;2024122415;   10;  6.00;eor
       4928;2024122416;   10;  0.00;eor
       4928;2024122417;   10;  0.00;eor
       4928;2024122418;   10;  0.00;eor
       4928;2024122419;   10;  0.00;eor
       4928;2024122420;   10;  0.00;eor
       4928;2024122503;   10;  0.00;eor
       4928;2024122504;   10;  0.00;eor
       4928;2024122505;   10;  0.00;eor
       4928;2024122506;   10;  0.00;eor
       4928;2024122507;   10;  0.00;eor
       4928;2024122508;   10; 10.00;eor
       4928;2024122509;   10;  0.00;eor
       4928;2024122510;   10;  0.00;eor
       4928;2024122511;   10; 15.00;eor
       4928;2024122512;   10; 33.00;eor
       4928;2024122513;   10; 36.00;eor
       4928;2024122514;   10; 59.00;eor
       4928;2024122515;   10; 60.00;eor
       4928;2024122516;   10; 11.00;eor
       4928;2024122517;   10;  0.00;eor
       4928;2024122518;   10;  0.00;eor
       4928;2024122519;   10;  0.00;eor
       4928;2024122520;   10;  0.00;eor
       4928;2024122603;   10;  0.00;eor
       4928;2024122604;   10;  0.00;eor
       4928;2024122605;   10;  0.00;eor
       4928;2024122606;   10;  0.00;eor
       4928;2024122607;   10;  0.00;eor
       4928;2024122608;   10; 14.00;eor
       4928;2024122609;   10; 60.00;eor
       4928;2024122610;   10; 60.00;eor
       4928;2024122611;   10; 60.00;eor
       4928;2024122612;   10; 60.00;eor
       4928;2024122613;   10; 60.00;eor
       4928;2024122614;   10; 60.00;eor
       4928;2024122615;   10; 60.00;eor
       4928;2024122616;   10; 19.00;eor
       4928;2024122617;   10;  0.00;eor
       4928;2024122618;   10;  0.00;eor
       4928;2024122619;   10;  0.00;eor
       4928;2024122620;   10;  0.00;eor
       4928;2024122703;   10;  0.00;eor
       4928;2024122704;   10;  0.00;eor
       4928;2024122705;   10;  0.00;eor
       4928;2024122706;   10;  0.00;eor
       4928;2024122707;   10;  0.00;eor
       4928;2024122708;   10; 14.00;eor
       4928;2024122709;   10; 53.00;eor
       4928;2024122710;   10; 60.00;eor
       4928;2024122711;   10; 60.00;eor
       4928;2024122712;   10; 60.00;eor
       4928;2024122713;   10; 60.00;eor
       4928;2024122714;   10; 60.00;eor
       4928;2024122715;   10; 60.00;eor
       4928;2024122716;   10; 17.00;eor
       4928;2024122717;   10;  0.00;eor
       4928;2024122718;   10;  0.00;eor
       4928;2024122719;   10;  0.00;eor
       4928;2024122720;   10;  0.00;eor
       4928;2024122803;   10;  0.00;eor
       4928;2024122804;   10;  0.00;eor
       4928;2024122805;   10;  0.00;eor
       4928;2024122806;   10;  0.00;eor
       4928;2024122807;   10;  0.00;eor
       4928;2024122808;   10; 14.00;eor
       4928;2024122809;   10; 52.00;eor
       4928;2024122810;   10; 60.00;eor
       4928;2024122811;   10; 60.00;eor
       4928;2024122812;   10; 60.00;eor
       4928;2024122813;   10; 60.00;eor
       4928;2024122814;   10; 60.00;eor
       4928;2024122815;   10; 60.00;eor
       4928;2024122816;   10; 20.00;eor
       4928;2024122817;   10;  0.00;eor
       4928;2024122818;   10;  0.00;eor
       4928;2024122819;   10;  0.00;eor
       4928;2024122820;   10;  0.00;eor
       4928;2024122903;   10;  0.00;eor
       4928;2024122904;   10;  0.00;eor
       4928;2024122905;   10;  0.00;eor
       4928;2024122906;   10;  0.00;eor
       4928;2024122907;   10;  0.00;eor
       4928;2024122908;   10; 15.00;eor
       4928;2024122909;   10; 52.00;eor
       4928;2024122910;   10; 60.00;eor
       4928;2024122911;   10; 57.00;eor
       4928;2024122912;   10;  2.00;eor
       4928;2024122913;   10;  0.00;eor
       4928;2024122914;   10;  0.00;eor
       4928;2024122915;   10;  0.00;eor
       4928;2024122916;   10;  0.00;eor
       4928;2024122917;   10;  0.00;eor
       4928;2024122918;   10;  0.00;eor
       4928;2024122919;   10;  0.00;eor
       4928;2024122920;   10;  0.00;eor
       4928;2024123003;   10;  0.00;eor
       4928;2024123004;   10;  0.00;eor
       4928;2024123005;   10;  0.00;eor
       4928;2024123006;   10;  0.00;eor
       4928;2024123007;   10;  0.00;eor
       4928;2024123008;   10;  0.00;eor
       4928;2024123009;   10;  0.00;eor
       4928;2024123010;   10;  0.00;eor
       4928;2024123011;   10;  0.00;eor
       4928;2024123012;   10;  0.00;eor
       4928;2024123013;   10;  0.00;eor
       4928;2024123014;   10;  0.00;eor
       4928;2024123015;   10;  0.00;eor
       4928;2024123016;   10;  0.00;eor
       4928;2024123017;   10;  0.00;eor
       4928;2024123018;   10;  0.00;eor
       4928;2024123019;   10;  0.00;eor
       4928;2024123020;   10;  0.00;eor
       4928;2024123103;   10;  0.00;eor
       4928;2024123104;   10;  0.00;eor
       4928;2024123105;   10;  0.00;eor
       4928;2024123106;   10;  0.00;eor
       4928;2024123107;   10;  0.00;eor
       4928;2024123108;   10;  0.00;eor
       4928;2024123109;   10; 31.00;eor
       4928;2024123110;   10; 54.00;eor
       4928;2024123111;   10; 60.00;eor
       4928;2024123112;   10; 60.00;eor
       4928;2024123113;   10; 60.00;eor
       4928;2024123114;   10; 60.00;eor
       4928;2024123115;   10; 60.00;eor
       4928;2024123116;   10; 10.00;eor
       4928;2024123117;   10;  0.00;eor
       4928;2024123118;   10;  0.00;eor
       4928;2024123119;   10;  0.00;eor
       4928;2024123120;   10;  0.00;eor
       4928;2025010103;   10;  0.00;eor
       4928;2025010104;   10;  0.00;eor
       4928;2025010105;   10;  0.00;eor
       4928;2025010106;   10;  0.00;eor
       4928;2025010107;   10;  0.00;eor
       4928;2025010108;   10; 15.00;eor
       4928;2025010109;   10; 55.00;eor
       4928;2025010110;   10; 25.00;eor
       4928;2025010111;   10; 39.00;eor
       4928;2025010112;   10; 60.00;eor
       4928;2025010113;   10; 60.00;eor
       4928;2025010114;   10; 33.00;eor
       4928;2025010115;   10; 54.00;eor
       4928;2025010116;   10; 19.00;eor
       4928;2025010117;   10;  0.00;eor
       4928;2025010118;   10;  0.00;eor
       4928;2025010119;   10;  0.00;eor
       4928;2025010120;   10;  0.00;eor
       4928;2025010203;   10;  0.00;eor
       4928;2025010204;   10;  0.00;eor
       4928;2025010205;   10;  0.00;eor
       4928;2025010206;   10;  0.00;eor
       4928;2025010207;   10;  0.00;eor
       4928;2025010208;   10;  0.00;eor
       4928;2025010209;   10;  0.00;eor
       4928;2025010210;   10;  0.00;eor
       4928;2025010211;   10;  0.00;eor
       4928;2025010212;   10;  0.00;eor
       4928;2025010213;   10;  0.00;eor
       4928;2025010214;   10;  0.00;eor
       4928;2025010215;   10;  0.00;eor
       4928;2025010216;   10;  0.00;eor
       4928;2025010217;   10;  0.00;eor
       4928;2025010218;   10;  0.00;eor
       4928;2025010219;   10;  0.00;eor
       4928;2025010220;   10;  0.00;eor
       4928;2025010303;   10;  0.00;eor
       4928;2025010304;   10;  0.00;eor
       4928;2025010305;   10;  0.00;eor
       4928;2025010306;   10;  0.00;eor
       4928;2025010307;   10;  0.00;eor
       4928;2025010308;   10;  0.00;eor
       4928;2025010309;   10;  0.00;eor
       4928;2025010310;   10;  6.00;eor
       4928;2025010311;   10; 20.00;eor
       4928;2025010312;   10; 48.00;eor
       4928;2025010313;   10; 44.00;eor
       4928;2025010314;   10; 60.00;eor
       4928;2025010315;   10; 60.00;eor
       4928;2025010316;   10; 11.00;eor
       4928;2025010317;   10;  0.00;eor
       4928;2025010318;   10;  0.00;eor
       4928;2025010319;   10;  0.00;eor
       4928;2025010320;   10;  0.00;eor
       4928;2025010403;   10;  0.00;eor
       4928;2025010404;   10;  0.00;eor
       4928;2025010405;   10;  0.00;eor
       4928;2025010406;   10;  0.00;eor
       4928;2025010407;   10;  0.00;eor
       4928;2025010408;   10;  0.00;eor
       4928;2025010409;   10;  6.00;eor
       4928;2025010410;   10; 49.00;eor
       4928;2025010411;   10; 53.00;eor
       4928;2025010412;   10; 41.00;eor
       4928;2025010413;   10; 27.00;eor
       4928;2025010414;   10; 22.00;eor
       4928;2025010415;   10;  1.00;eor
       4928;2025010416;   10;  0.00;eor
       4928;2025010417;   10;  0.00;eor
       4928;2025010418;   10;  0.00;eor
       4928;2025010419;   10;  0.00;eor
       4928;2025010420;   10;  0.00;eor
       4928;2025010503;   10;  0.00;eor
       4928;2025010504;   10;  0.00;eor
       4928;2025010505;   10;  0.00;eor
       4928;2025010506;   10;  0.00;eor
       4928;2025010507;   10;  0.00;eor
       4928;2025010508;   10;  0.00;eor
       4928;2025010509;   10;  0.00;eor
       4928;2025010510;   10;  0.00;eor
       4928;2025010511;   10;  0.00;eor
       4928;2025010512;   10;  0.00;eor
       4928;2025010513;   10;  5.00;eor
       4928;2025010514;   10; 30.00;eor
       4928;2025010515;   10;  0.00;eor
       4928;2025010516;   10;  0.00;eor
       4928;2025010517;   10;  0.00;eor
       4928;2025010518;   10;  0.00;eor
       4928;2025010519;   10;  0.00;eor
       4928;2025010520;   10;  0.00;eor
       4928;2025010603;   10;  0.00;eor
       4928;2025010604;   10;  0.00;eor
       4928;2025010605;   10;  0.00;eor
       4928;2025010606;   10;  0.00;eor
       4928;2025010607;   10;  0.00;eor
       4928;2025010608;   10;  0.00;eor
       4928;2025010609;   10;  2.00;eor
       4928;2025010610;   10; 21.00;eor
       4928;2025010611;   10;  8.00;eor
       4928;2025010612;   10; 51.00;eor
       4928;2025010613;   10; 60.00;eor
       4928;2025010614;   10; 56.00;eor
       4928;2025010615;   10; 43.00;eor
       4928;2025010616;   10;  0.00;eor
       4928;2025010617;   10;  0.00;eor
       4928;2025010618;   10;  0.00;eor
       4928;2025010619;   10;  0.00;eor
       4928;2025010620;   10;  0.00;eor
       4928;2025010703;   10;  0.00;eor
       4928;2025010704;   10;  0.00;eor
       4928;2025010705;   10;  0.00;eor
       4928;2025010706;   10;  0.00;eor
       4928;2025010707;   10;  0.00;eor
       4928;2025010708;   10;  0.00;eor
       4928;2025010709;   10;  0.00;eor
       4928;2025010710;   10; 13.00;eor
       4928;2025010711;   10; 24.00;eor
       4928;2025010712;   10; 22.00;eor
       4928;2025010713;   10; 54.00;eor
       4928;2025010714;   10; 38.00;eor
       4928;2025010715;   10; 50.00;eor
       4928;2025010716;   10; 18.00;eor
       4928;2025010717;   10;  0.00;eor
       4928;2025010718;   10;  0.00;eor
       4928;2025010719;   10;  0.00;eor
       4928;2025010720;   10;  0.00;eor
       4928;2025010803;   10;  0.00;eor
       4928;2025010804;   10;  0.00;eor
       4928;2025010805;   10;  0.00;eor
       4928;2025010806;   10;  0.00;eor
       4928;2025010807;   10;  0.00;eor
       4928;2025010808;   10;  0.00;eor
       4928;2025010809;   10;  0.00;eor
       4928;2025010810;   10;  0.00;eor
       4928;2025010811;   10;  0.00;eor
       4928;2025010812;   10;  0.00;eor
       4928;2025010813;   10;  0.00;eor
       4928;2025010814;   10;  0.00;eor
       4928;2025010815;   10;  0.00;eor
       4928;2025010816;   10;  0.00;eor
       4928;2025010817;   10;  0.00;eor
       4928;2025010818;   10;  0.00;eor
       4928;2025010819;   10;  0.00;eor
       4928;2025010820;   10;  0.00;eor
       4928;2025010903;   10;  0.00;eor
       4928;2025010904;   10;  0.00;eor
       4928;2025010905;   10;  0.00;eor
       4928;2025010906;   10;  0.00;eor
       4928;2025010907;   10;  0.00;eor
       4928;2025010908;   10;  0.00;eor
       4928;2025010909;   10;  8.00;eor
       4928;2025010910;   10;  0.00;eor
       4928;2025010911;   10; 47.00;eor
       4928;2025010912;   10; 17.00;eor
       4928;2025010913;   10; 20.00;eor
       4928;2025010914;   10;  6.00;eor
       4928;2025010915;   10;  0.00;eor
       4928;2025010916;   10;  0.00;eor
       4928;2025010917;   10;  0.00;eor
       4928;2025010918;   10;  0.00;eor
       4928;2025010919;   10;  0.00;eor
       4928;2025010920;   10;  0.00;eor
       4928;2025011003;   10;  0.00;eor
       4928;2025011004;   10;  0.00;eor
       4928;2025011005;   10;  0.00;eor
       4928;2025011006;   10;  0.00;eor
       4928;2025011007;   10;  0.00;eor
       4928;2025011008;   10; 15.00;eor
       4928;2025011009;   10; 33.00;eor
       4928;2025011010;   10; 60.00;eor
       4928;2025011011;   10; 60.00;eor
       4928;2025011012;   10; 60.00;eor
       4928;2025011013;   10; 48.00;eor
       4928;2025011014;   10;  8.00;eor
       4928;2025011015;   10; 43.00;eor
       4928;2025011016;   10; 25.00;eor
       4928;2025011017;   10;  0.00;eor
       4928;2025011018;   10;  0.00;eor
       4928;2025011019;   10;  0.00;eor
       4928;2025011020;   10;  0.00;eor
       4928;2025011103;   10;  0.00;eor
       4928;2025011104;   10;  0.00;eor
       4928;2025011105;   10;  0.00;eor
       4928;2025011106;   10;  0.00;eor
       4928;2025011107;   10;  0.00;eor
       4928;2025011108;   10;  0.00;eor
       4928;2025011109;   10;  0.00;eor
       4928;2025011110;   10;  0.00;eor
       4928;2025011111;   10;  0.00;eor
       4928;2025011112;   10;  0.00;eor
       4928;2025011113;   10;  0.00;eor
       4928;2025011114;   10;  0.00;eor
       4928;2025011115;   10;  0.00;eor
       4928;2025011116;   10;  0.00;eor
       4928;2025011117;   10;  0.00;eor
       4928;2025011118;   10;  0.00;eor
       4928;2025011119;   10;  0.00;eor
       4928;2025011120;   10;  0.00;eor
       4928;2025011203;   10;  0.00;eor
       4928;2025011204;   10;  0.00;eor
       4928;2025011205;   10;  0.00;eor
       4928;2025011206;   10;  0.00;eor
       4928;2025011207;   10;  0.00;eor
       4928;2025011208;   10;  0.00;eor
       4928;2025011209;   10;  0.00;eor
       4928;2025011210;   10; 38.00;eor
       4928;2025011211;   10; 60.00;eor
       4928;2025011212;   10; 60.00;eor
       4928;2025011213;   10; 59.00;eor
       4928;2025011214;   10; 47.00;eor
       4928;2025011215;   10; 39.00;eor
       4928;2025011216;   10; 14.00;eor
       4928;2025011217;   10;  0.00;eor
       4928;2025011218;   10;  0.00;eor
       4928;2025011219;   10;  0.00;eor
       4928;2025011220;   10;  0.00;eor
       4928;2025011303;   10;  0.00;eor
       4928;2025011304;   10;  0.00;eor
       4928;2025011305;   10;  0.00;eor
       4928;2025011306;   10;  0.00;eor
       4928;2025011307;   10;  0.00;eor
       4928;2025011313;   10; 20.00;eor
       4928;2025011314;   10; 60.00;eor
       4928;2025011315;   10; 60.00;eor
       4928;2025011316;   10; 30.00;eor
       4928;2025011317;   10;  0.00;eor
       4928;2025011318;   10;  0.00;eor
       4928;2025011319;   10;  0.00;eor
       4928;2025011320;   10;  0.00;eor
       4928;2025011403;   10;  0.00;eor
       4928;2025011404;   10;  0.00;eor
       4928;2025011405;   10;  0.00;eor
       4928;2025011406;   10;  0.00;eor
       4928;2025011407;   10;  0.00;eor
       4928;2025011408;   10; 24.00;eor
       4928;2025011409;   10; 60.00;eor
       4928;2025011410;   10; 60.00;eor
       4928;2025011411;   10; 60.00;eor
       4928;2025011412;   10; 30.00;eor
       4928;2025011413;   10; 60.00;eor
       4928;2025011414;   10; 60.00;eor
       4928;2025011415;   10; 60.00;eor
       4928;2025011416;   10; 31.00;eor
       4928;2025011417;   10;  0.00;eor
       4928;2025011418;   10;  0.00;eor
       4928;2025011419;   10;  0.00;eor
       4928;2025011420;   10;  0.00;eor
       4928;2025011503;   10;  0.00;eor
       4928;2025011504;   10;  0.00;eor
       4928;2025011505;   10;  0.00;eor
       4928;2025011506;   10;  0.00;eor
       4928;2025011507;   10;  0.00;eor
       4928;2025011508;   10;  0.00;eor
       4928;2025011509;   10;  0.00;eor
       4928;2025011510;   10;  0.00;eor
       4928;2025011511;   10;  0.00;eor
       4928;2025011512;   10;  0.00;eor
       4928;2025011513;   10;  0.00;eor
       4928;2025011514;   10;  0.00;eor
       4928;2025011515;   10;  0.00;eor
       4928;2025011516;   10;  0.00;eor
       4928;2025011517;   10;  0.00;eor
       4928;2025011518;   10;  0.00;eor
       4928;2025011519;   10;  0.00;eor
       4928;2025011520;   10;  0.00;eor
       4928;2025011603;   10;  0.00;eor
       4928;2025011604;   10;  0.00;eor
       4928;2025011605;   10;  0.00;eor
       4928;2025011606;   10;  0.00;eor
       4928;2025011607;   10;  0.00;eor
       4928;2025011608;   10; 10.00;eor
       4928;2025011609;   10; 26.00;eor
       4928;2025011610;   10;  0.00;eor
       4928;2025011611;   10;  0.00;eor
       4928;2025011612;   10;  0.00;eor
       4928;2025011613;   10;  1.00;eor
       4928;2025011614;   10;  0.00;eor
       4928;2025011615;   10;  0.00;eor
       4928;2025011616;   10;  0.00;eor
       4928;2025011617;   10;  0.00;eor
       4928;2025011618;   10;  0.00;eor
       4928;2025011619;   10;  0.00;eor
       4928;2025011620;   10;  0.00;eor
       4928;2025011703;   10;  0.00;eor
       4928;2025011704;   10;  0.00;eor
       4928;2025011705;   10;  0.00;eor
       4928;2025011706;   10;  0.00;eor
       4928;2025011707;   10;  0.00;eor
       4928;2025011708;   10;  0.00;eor
       4928;2025011709;   10;  0.00;eor
       4928;2025011710;   10;  0.00;eor
       4928;2025011711;   10;  0.00;eor
       4928;2025011712;   10;  0.00;eor
       4928;2025011713;   10;  0.00;eor
       4928;2025011714;   10;  0.00;eor
       4928;2025011715;   10;  0.00;eor
       4928;2025011716;   10;  0.00;eor
       4928;2025011717;   10;  0.00;eor
       4928;2025011718;   10;  0.00;eor
       4928;2025011719;   10;  0.00;eor
       4928;2025011720;   10;  0.00;eor
       4928;2025011803;   10;  0.00;eor
       4928;2025011804;   10;  0.00;eor
       4928;2025011805;   10;  0.00;eor
       4928;2025011806;   10;  0.00;eor
       4928;2025011807;   10;  0.00;eor
       4928;2025011808;   10;  0.00;eor
       4928;2025011809;   10;  0.00;eor
       4928;2025011810;   10;  0.00;eor
       4928;2025011811;   10;  0.00;eor
       4928;2025011812;   10;  0.00;eor
       4928;2025011813;   10;  4.00;eor
       4928;2025011814;   10; 34.00;eor
       4928;2025011815;   10; 60.00;eor
       4928;2025011816;   10; 35.00;eor
       4928;2025011817;   10;  0.00;eor
       4928;2025011818;   10;  0.00;eor
       4928;2025011819;   10;  0.00;eor
       4928;2025011820;   10;  0.00;eor
       4928;2025011903;   10;  0.00;eor
       4928;2025011904;   10;  0.00;eor
       4928;2025011905;   10;  0.00;eor
       4928;2025011906;   10;  0.00;eor
       4928;2025011907;   10;  0.00;eor
       4928;2025011908;   10; 19.00;eor
       4928;2025011909;   10; 29.00;eor
       4928;2025011910;   10; 60.00;eor
       4928;2025011911;   10; 60.00;eor
       4928;2025011912;   10; 60.00;eor
       4928;2025011913;   10; 60.00;eor
       4928;2025011914;   10; 60.00;eor
       4928;2025011915;   10; 60.00;eor
       4928;2025011916;   10; 36.00;eor
       4928;2025011917;   10;  0.00;eor
       4928;2025011918;   10;  0.00;eor
       4928;2025011919;   10;  0.00;eor
       4928;2025011920;   10;  0.00;eor
       4928;2025012003;   10;  0.00;eor
       4928;2025012004;   10;  0.00;eor
       4928;2025012005;   10;  0.00;eor
       4928;2025012006;   10;  0.00;eor
       4928;2025012007;   10;  0.00;eor
       4928;2025012008;   10;  0.00;eor
       4928;2025012009;   10;  0.00;eor
       4928;2025012010;   10;  0.00;eor
       4928;2025012011;   10;  0.00;eor
       4928;2025012012;   10;  0.00;eor
       4928;2025012013;   10;  0.00;eor
       4928;2025012014;   10;  0.00;eor
       4928;2025012015;   10;  0.00;eor
       4928;2025012016;   10;  0.00;eor
       4928;2025012017;   10;  0.00;eor
       4928;2025012018;   10;  0.00;eor
       4928;2025012019;   10;  0.00;eor
       4928;2025012020;   10;  0.00;eor
       4928;2025012103;   10;  0.00;eor
       4928;2025012104;   10;  0.00;eor
       4928;2025012105;   10;  0.00;eor
       4928;2025012106;   10;  0.00;eor
       4928;2025012107;   10;  0.00;eor
       4928;2025012108;   10;  0.00;eor
       4928;2025012109;   10;  0.00;eor
       4928;2025012110;   10;  0.00;eor
       4928;2025012111;   10; 10.00;eor
       4928;2025012112;   10; 21.00;eor
       4928;2025012113;   10; 36.00;eor
       4928;2025012114;   10;  0.00;eor
       4928;2025012115;   10;  0.00;eor
       4928;2025012116;   10;  0.00;eor
       4928;2025012117;   10;  0.00;eor
       4928;2025012118;   10;  0.00;eor
       4928;2025012119;   10;  0.00;eor
       4928;2025012120;   10;  0.00;eor
       4928;2025012203;   10;  0.00;eor
       4928;2025012204;   10;  0.00;eor
       4928;2025012205;   10;  0.00;eor
       4928;2025012206;   10;  0.00;eor
       4928;2025012207;   10;  0.00;eor
       4928;2025012208;   10;  0.00;eor
       4928;2025012209;   10;  6.00;eor
       4928;2025012210;   10; 22.00;eor
       4928;2025012211;   10;  2.00;eor
       4928;2025012212;   10;  0.00;eor
       4928;2025012213;   10;  0.00;eor
       4928;2025012214;   10;  0.00;eor
       4928;2025012215;   10;  0.00;eor
       4928;2025012216;   10;  0.00;eor
       4928;2025012217;   10;  0.00;eor
       4928;2025012218;   10;  0.00;eor
       4928;2025012219;   10;  0.00;eor
       4928;2025012220;   10;  0.00;eor
       4928;2025012303;   10;  0.00;eor
       4928;2025012304;   10;  0.00;eor
       4928;2025012305;   10;  0.00;eor
       4928;2025012306;   10;  0.00;eor
       4928;2025012307;   10;  0.00;eor
       4928;2025012308;   10;  0.00;eor
       4928;2025012309;   10;  0.00;eor
       4928;2025012310;   10;  0.00;eor
       4928;2025012311;   10;  1.00;eor
       4928;2025012312;   10; 24.00;eor
       4928;2025012313;   10; 30.00;eor
       4928;2025012314;   10;  2.00;eor
       4928;2025012315;   10; 24.00;eor
       4928;2025012316;   10;  1.00;eor
       4928;2025012317;   10;  0.00;eor
       4928;2025012318;   10;  0.00;eor
       4928;2025012319;   10;  0.00;eor
       4928;2025012320;   10;  0.00;eor
       4928;2025012403;   10;  0.00;eor
       4928;2025012404;   10;  0.00;eor
       4928;2025012405;   10;  0.00;eor
       4928;2025012406;   10;  0.00;eor
       4928;2025012407;   10;  0.00;eor
       4928;2025012408;   10;  0.00;eor
       4928;2025012409;   10;  0.00;eor
       4928;2025012410;   10;  0.00;eor
       4928;2025012411;   10;  2.00;eor
       4928;2025012412;   10;  4.00;eor
       4928;2025012413;   10;  0.00;eor
       4928;2025012414;   10;  0.00;eor
       4928;2025012415;   10;  0.00;eor
       4928;2025012416;   10;  6.00;eor
       4928;2025012417;   10;  0.00;eor
       4928;2025012418;   10;  0.00;eor
       4928;2025012419;   10;  0.00;eor
       4928;2025012420;   10;  0.00;eor
       4928;2025012503;   10;  0.00;eor
       4928;2025012504;   10;  0.00;eor
       4928;2025012505;   10;  0.00;eor
       4928;2025012506;   10;  0.00;eor
       4928;2025012507;   10;  0.00;eor
       4928;2025012508;   10;  0.00;eor
       4928;2025012509;   10;  0.00;eor
       4928;2025012510;   10;  0.00;eor
       4928;2025012511;   10;  6.00;eor
       4928;2025012512;   10; 49.00;eor
       4928;2025012513;   10; 11.00;eor
       4928;2025012514;   10; 36.00;eor
       4928;2025012515;   10;  4.00;eor
       4928;2025012516;   10;  0.00;eor
       4928;2025012517;   10;  0.00;eor
       4928;2025012518;   10;  0.00;eor
       4928;2025012519;   10;  0.00;eor
       4928;2025012520;   10;  0.00;eor
       4928;2025012603;   10;  0.00;eor
       4928;2025012604;   10;  0.00;eor
       4928;2025012605;   10;  0.00;eor
       4928;2025012606;   10;  0.00;eor
       4928;2025012607;   10;  0.00;eor
       4928;2025012608;   10;  0.00;eor
       4928;2025012609;   10;  1.00;eor
       4928;2025012610;   10;  7.00;eor
       4928;2025012611;   10;  6.00;eor
       4928;2025012612;   10; 16.00;eor
       4928;2025012613;   10; 31.00;eor
       4928;2025012614;   10; 60.00;eor
       4928;2025012615;   10; 49.00;eor
       4928;2025012616;   10;  9.00;eor
       4928;2025012617;   10;  0.00;eor
       4928;2025012618;   10;  0.00;eor
       4928;2025012619;   10;  0.00;eor
       4928;2025012620;   10;  0.00;eor
       4928;2025012703;   10;  0.00;eor
       4928;2025012704;   10;  0.00;eor
       4928;2025012705;   10;  0.00;eor
       4928;2025012706;   10;  0.00;eor
       4928;2025012707;   10;  0.00;eor
       4928;2025012708;   10;  0.00;eor
       4928;2025012709;   10;  0.00;eor
       4928;2025012710;   10;  0.00;eor
       4928;2025012711;   10;  0.00;eor
       4928;2025012712;   10;  0.00;eor
       4928;2025012713;   10;  4.00;eor
       4928;2025012714;   10;  7.00;eor
       4928;2025012715;   10;  0.00;eor
       4928;2025012716;   10;  0.00;eor
       4928;2025012717;   10;  0.00;eor
       4928;2025012718;   10;  0.00;eor
       4928;2025012719;   10;  0.00;eor
       4928;2025012720;   10;  0.00;eor
       4928;2025012803;   10;  0.00;eor
       4928;2025012804;   10;  0.00;eor
       4928;2025012805;   10;  0.00;eor
       4928;2025012806;   10;  0.00;eor
       4928;2025012807;   10;  0.00;eor
       4928;2025012808;   10;  0.00;eor
       4928;2025012809;   10;  0.00;eor
       4928;2025012810;   10;  0.00;eor
       4928;2025012811;   10;  0.00;eor
       4928;2025012812;   10;  0.00;eor
       4928;2025012813;   10;  0.00;eor
       4928;2025012814;   10;  0.00;eor
       4928;2025012815;   10; 32.00;eor
       4928;2025012816;   10; 29.00;eor
       4928;2025012817;   10;  0.00;eor
       4928;2025012818;   10;  0.00;eor
       4928;2025012819;   10;  0.00;eor
       4928;2025012820;   10;  0.00;eor
       4928;2025012903;   10;  0.00;eor
       4928;2025012904;   10;  0.00;eor
       4928;2025012905;   10;  0.00;eor
       4928;2025012906;   10;  0.00;eor
       4928;2025012907;   10;  0.00;eor
       4928;2025012908;   10;  0.00;eor
       4928;2025012909;   10;  0.00;eor
       4928;2025012910;   10;  0.00;eor
       4928;2025012911;   10; 31.00;eor
       4928;2025012912;   10; 17.00;eor
       4928;2025012913;   10; 23.00;eor
       4928;2025012914;   10; 47.00;eor
       4928;2025012915;   10; 12.00;eor
       4928;2025012916;   10; 12.00;eor
       4928;2025012917;   10;  0.00;eor
       4928;2025012918;   10;  0.00;eor
       4928;2025012919;   10;  0.00;eor
       4928;2025012920;   10;  0.00;eor
       4928;2025013003;   10;  0.00;eor
       4928;2025013004;   10;  0.00;eor
       4928;2025013005;   10;  0.00;eor
       4928;2025013006;   10;  0.00;eor
       4928;2025013007;   10;  0.00;eor
       4928;2025013008;   10;  0.00;eor
       4928;2025013009;   10;  0.00;eor
       4928;2025013010;   10;  0.00;eor
       4928;2025013011;   10; 30.00;eor
       4928;2025013012;   10; 29.00;eor
       4928;2025013013;   10; 43.00;eor
       4928;2025013014;   10; 13.00;eor
       4928;2025013015;   10; 11.00;eor
       4928;2025013016;   10;  0.00;eor
       4928;2025013017;   10;  0.00;eor
       4928;2025013018;   10;  0.00;eor
       4928;2025013019;   10;  0.00;eor
       4928;2025013020;   10;  0.00;eor
       4928;2025013103;   10;  0.00;eor
       4928;2025013104;   10;  0.00;eor
       4928;2025013105;   10;  0.00;eor
       4928;2025013106;   10;  0.00;eor
       4928;2025013107;   10;  0.00;eor
       4928;2025013108;   10;  0.00;eor
       4928;2025013109;   10; 50.00;eor
       4928;2025013110;   10; 28.00;eor
       4928;2025013111;   10; 30.00;eor
       4928;2025013112;   10; 18.00;eor
       4928;2025013113;   10;  0.00;eor
       4928;2025013114;   10;  6.00;eor
       4928;2025013115;   10; 59.00;eor
       4928;2025013116;   10; 47.00;eor
       4928;2025013117;   10;  0.00;eor
       4928;2025013118;   10;  0.00;eor
       4928;2025013119;   10;  0.00;eor
       4928;2025013120;   10;  0.00;eor
       4928;2025020103;   10;  0.00;eor
       4928;2025020104;   10;  0.00;eor
       4928;2025020105;   10;  0.00;eor
       4928;2025020106;   10;  0.00;eor
       4928;2025020107;   10;  0.00;eor
       4928;2025020108;   10; 17.00;eor
       4928;2025020109;   10; 46.00;eor
       4928;2025020110;   10; 27.00;eor
       4928;2025020111;   10; 52.00;eor
       4928;2025020112;   10; 60.00;eor
       4928;2025020113;   10; 60.00;eor
       4928;2025020114;   10; 60.00;eor
       4928;2025020115;   10; 60.00;eor
       4928;2025020116;   10; 53.00;eor
       4928;2025020117;   10;  0.00;eor
       4928;2025020118;   10;  0.00;eor
       4928;2025020119;   10;  0.00;eor
       4928;2025020120;   10;  0.00;eor
       4928;2025020203;   10;  0.00;eor
       4928;2025020204;   10;  0.00;eor
       4928;2025020205;   10;  0.00;eor
       4928;2025020206;   10;  0.00;eor
       4928;2025020207;   10;  0.00;eor
       4928;2025020208;   10; 17.00;eor
       4928;2025020209;   10; 60.00;eor
       4928;2025020210;   10; 60.00;eor
       4928;2025020211;   10; 60.00;eor
       4928;2025020212;   10; 60.00;eor
       4928;2025020213;   10; 60.00;eor
       4928;2025020214;   10; 59.00;eor
       4928;2025020215;   10; 58.00;eor
       4928;2025020216;   10; 54.00;eor
       4928;2025020217;   10;  0.00;eor
       4928;2025020218;   10;  0.00;eor
       4928;2025020219;   10;  0.00;eor
       4928;2025020220;   10;  0.00;eor
       4928;2025020303;   10;  0.00;eor
       4928;2025020304;   10;  0.00;eor
       4928;2025020305;   10;  0.00;eor
       4928;2025020306;   10;  0.00;eor
       4928;2025020307;   10;  0.00;eor
       4928;2025020308;   10;  0.00;eor
       4928;2025020309;   10;  0.00;eor
       4928;2025020310;   10;  0.00;eor
       4928;2025020311;   10;  0.00;eor
       4928;2025020312;   10;  0.00;eor
       4928;2025020313;   10;  0.00;eor
       4928;2025020314;   10;  0.00;eor
       4928;2025020315;   10; 54.00;eor
       4928;2025020316;   10; 53.00;eor
       4928;2025020317;   10;  0.00;eor
       4928;2025020318;   10;  0.00;eor
       4928;2025020319;   10;  0.00;eor
       4928;2025020320;   10;  0.00;eor
       4928;2025020403;   10;  0.00;eor
       4928;2025020404;   10;  0.00;eor
       4928;2025020405;   10;  0.00;eor
       4928;2025020406;   10;  0.00;eor
       4928;2025020407;   10;  0.00;eor
       4928;2025020408;   10;  0.00;eor
       4928;2025020409;   10;  0.00;eor
       4928;2025020410;   10;  0.00;eor
       4928;2025020411;   10;  0.00;eor
       4928;2025020412;   10; 45.00;eor
       4928;2025020413;   10; 60.00;eor
       4928;2025020414;   10; 60.00;eor
       4928;2025020415;   10; 60.00;eor
       4928;2025020416;   10; 55.00;eor
       4928;2025020417;   10;  0.00;eor
       4928;2025020418;   10;  0.00;eor
       4928;2025020419;   10;  0.00;eor
       4928;2025020420;   10;  0.00;eor
       4928;2025020503;   10;  0.00;eor
       4928;2025020504;   10;  0.00;eor
       4928;2025020505;   10;  0.00;eor
       4928;2025020506;   10;  0.00;eor
       4928;2025020507;   10;  0.00;eor
       4928;2025020508;   10; 34.00;eor
       4928;2025020509;   10; 60.00;eor
       4928;2025020510;   10; 60.00;eor
       4928;2025020511;   10; 60.00;eor
       4928;2025020512;   10; 60.00;eor
       4928;2025020513;   10; 60.00;eor
       4928;2025020514;   10; 60.00;eor
       4928;2025020515;   10; 60.00;eor
       4928;2025020516;   10; 59.00;eor
       4928;2025020517;   10;  0.00;eor
       4928;2025020518;   10;  0.00;eor
       4928;2025020519;   10;  0.00;eor
       4928;2025020520;   10;  0.00;eor
       4928;2025020603;   10;  0.00;eor
       4928;2025020604;   10;  0.00;eor
       4928;2025020605;   10;  0.00;eor
       4928;2025020606;   10;  0.00;eor
       4928;2025020607;   10;  0.00;eor
       4928;2025020608;   10;  0.00;eor
       4928;2025020609;   10;  0.00;eor
       4928;2025020610;   10;  0.00;eor
       4928;2025020611;   10;  0.00;eor
       4928;2025020612;   10;  0.00;eor
       4928;2025020613;   10;  0.00;eor
       4928;2025020614;   10;  0.00;eor
       4928;2025020615;   10;  0.00;eor
       4928;2025020616;   10;  0.00;eor
       4928;2025020617;   10;  0.00;eor
       4928;2025020618;   10;  0.00;eor
       4928;2025020619;   10;  0.00;eor
       4928;2025020620;   10;  0.00;eor
       4928;2025020703;   10;  0.00;eor
       4928;2025020704;   10;  0.00;eor
       4928;2025020705;   10;  0.00;eor
       4928;2025020706;   10;  0.00;eor
       4928;2025020707;   10;  0.00;eor
       4928;2025020708;   10;  0.00;eor
       4928;2025020709;   10;  0.00;eor
       4928;2025020710;   10;  4.00;eor
       4928;2025020711;   10;  5.00;eor
       4928;2025020712;   10;  2.00;eor
       4928;2025020713;   10; 58.00;eor
       4928;2025020714;   10; 15.00;eor
       4928;2025020715;   10;  4.00;eor
       4928;2025020716;   10; 50.00;eor
       4928;2025020717;   10;  3.00;eor
       4928;2025020718;   10;  0.00;eor
       4928;2025020719;   10;  0.00;eor
       4928;2025020720;   10;  0.00;eor
       4928;2025020803;   10;  0.00;eor
       4928;2025020804;   10;  0.00;eor
       4928;2025020805;   10;  0.00;eor
       4928;2025020806;   10;  0.00;eor
       4928;2025020807;   10;  0.00;eor
       4928;2025020808;   10; 35.00;eor
       4928;2025020809;   10; 60.00;eor
       4928;2025020810;   10; 60.00;eor
       4928;2025020811;   10; 60.00;eor
       4928;2025020812;   10; 60.00;eor
       4928;2025020813;   10; 60.00;eor
       4928;2025020814;   10; 60.00;eor
       4928;2025020815;   10; 60.00;eor
       4928;2025020816;   10; 60.00;eor
       4928;2025020817;   10;  4.00;eor
       4928;2025020818;   10;  0.00;eor
       4928;2025020819;   10;  0.00;eor
       4928;2025020820;   10;  0.00;eor
       4928;2025020903;   10;  0.00;eor
       4928;2025020904;   10;  0.00;eor
       4928;2025020905;   10;  0.00;eor
       4928;2025020906;   10;  0.00;eor
       4928;2025020907;   10;  0.00;eor
       4928;2025020908;   10;  0.00;eor
       4928;2025020909;   10;  1.00;eor
       4928;2025020910;   10;  0.00;eor
       4928;2025020911;   10; 29.00;eor
       4928;2025020912;   10;  0.00;eor
       4928;2025020913;   10; 14.00;eor
       4928;2025020914;   10; 22.00;eor
       4928;2025020915;   10;  9.00;eor
       4928;2025020916;   10; 16.00;eor
       4928;2025020917;   10;  0.00;eor
       4928;2025020918;   10;  0.00;eor
       4928;2025020919;   10;  0.00;eor
       4928;2025020920;   10;  0.00;eor
       4928;2025021003;   10;  0.00;eor
       4928;2025021004;   10;  0.00;eor
       4928;2025021005;   10;  0.00;eor
       4928;2025021006;   10;  0.00;eor
       4928;2025021007;   10;  0.00;eor
       4928;2025021008;   10;  0.00;eor
       4928;2025021009;   10;  0.00;eor
       4928;2025021010;   10;  4.00;eor
       4928;2025021011;   10;  3.00;eor
       4928;2025021012;   10; 54.00;eor
       4928;2025021013;   10; 34.00;eor
       4928;2025021014;   10; 32.00;eor
       4928;2025021015;   10;  5.00;eor
       4928;2025021016;   10;  0.00;eor
       4928;2025021017;   10;  0.00;eor
       4928;2025021018;   10;  0.00;eor
       4928;2025021019;   10;  0.00;eor
       4928;2025021020;   10;  0.00;eor
       4928;2025021103;   10;  0.00;eor
       4928;2025021104;   10;  0.00;eor
       4928;2025021105;   10;  0.00;eor
       4928;2025021106;   10;  0.00;eor
       4928;2025021107;   10;  0.00;eor
       4928;2025021108;   10;  0.00;eor
       4928;2025021109;   10;  0.00;eor
       4928;2025021110;   10;  0.00;eor
       4928;2025021111;   10;  0.00;eor
       4928;2025021112;   10;  0.00;eor
       4928;2025021113;   10;  0.00;eor
       4928;2025021114;   10;  0.00;eor
       4928;2025021115;   10;  0.00;eor
       4928;2025021116;   10;  0.00;eor
       4928;2025021117;   10;  0.00;eor
       4928;2025021118;   10;  0.00;eor
       4928;2025021119;   10;  0.00;eor
       4928;2025021120;   10;  0.00;eor
       4928;2025021203;   10;  0.00;eor
       4928;2025021204;   10;  0.00;eor
       4928;2025021205;   10;  0.00;eor
       4928;2025021206;   10;  0.00;eor
       4928;2025021207;   10;  0.00;eor
       4928;2025021208;   10;  0.00;eor
       4928;2025021209;   10;  0.00;eor
       4928;2025021210;   10;  0.00;eor
       4928;2025021211;   10;  0.00;eor
       4928;2025021212;   10;  0.00;eor
       4928;2025021213;   10;  0.00;eor
       4928;2025021214;   10;  0.00;eor
       4928;2025021215;   10;  0.00;eor
       4928;2025021216;   10;  0.00;eor
       4928;2025021217;   10;  0.00;eor
       4928;2025021218;   10;  0.00;eor
       4928;2025021219;   10;  0.00;eor
       4928;2025021220;   10;  0.00;eor
       4928;2025021303;   10;  0.00;eor
       4928;2025021304;   10;  0.00;eor
       4928;2025021305;   10;  0.00;eor
       4928;2025021306;   10;  0.00;eor
       4928;2025021307;   10;  0.00;eor
       4928;2025021308;   10;  0.00;eor
       4928;2025021309;   10;  0.00;eor
       4928;2025021310;   10;  0.00;eor
       4928;2025021311;   10;  0.00;eor
       4928;2025021312;   10;  0.00;eor
       4928;2025021313;   10;  4.00;eor
       4928;2025021314;   10;  1.00;eor
       4928;2025021315;   10;  0.00;eor
       4928;2025021316;   10;  0.00;eor
       4928;2025021317;   10;  0.00;eor
       4928;2025021318;   10;  0.00;eor
       4928;2025021319;   10;  0.00;eor
       4928;2025021320;   10;  0.00;eor
       4928;2025021403;   10;  0.00;eor
       4928;2025021404;   10;  0.00;eor
       4928;2025021405;   10;  0.00;eor
       4928;2025021406;   10;  0.00;eor
       4928;2025021407;   10;  0.00;eor
       4928;2025021408;   10;  0.00;eor
       4928;2025021409;   10;  0.00;eor
       4928;2025021410;   10;  0.00;eor
       4928;2025021411;   10;  0.00;eor
       4928;2025021412;   10;  0.00;eor
       4928;2025021413;   10;  0.00;eor
       4928;2025021414;   10;  0.00;eor
       4928;2025021415;   10;  0.00;eor
       4928;2025021416;   10;  0.00;eor
       4928;2025021417;   10;  0.00;eor
       4928;2025021418;   10;  0.00;eor
       4928;2025021419;   10;  0.00;eor
       4928;2025021420;   10;  0.00;eor
       4928;2025021503;   10;  0.00;eor
       4928;2025021504;   10;  0.00;eor
       4928;2025021505;   10;  0.00;eor
       4928;2025021506;   10;  0.00;eor
       4928;2025021507;   10;  0.00;eor
       4928;2025021508;   10;  5.00;eor
       4928;2025021509;   10;  2.00;eor
       4928;2025021510;   10;  0.00;eor
       4928;2025021511;   10;  2.00;eor
       4928;2025021512;   10;  0.00;eor
       4928;2025021513;   10;  0.00;eor
       4928;2025021514;   10;  0.00;eor
       4928;2025021515;   10;  0.00;eor
       4928;2025021516;   10;  0.00;eor
       4928;2025021517;   10;  0.00;eor
       4928;2025021518;   10;  0.00;eor
       4928;2025021519;   10;  0.00;eor
       4928;2025021520;   10;  0.00;eor
       4928;2025021603;   10;  0.00;eor
       4928;2025021604;   10;  0.00;eor
       4928;2025021605;   10;  0.00;eor
       4928;2025021606;   10;  0.00;eor
       4928;2025021607;   10;  0.00;eor
       4928;2025021608;   10;  0.00;eor
       4928;2025021609;   10;  0.00;eor
       4928;2025021610;   10;  0.00;eor
       4928;2025021611;   10;  0.00;eor
       4928;2025021612;   10;  0.00;eor
       4928;2025021613;   10;  0.00;eor
       4928;2025021614;   10;  0.00;eor
       4928;2025021615;   10;  0.00;eor
       4928;2025021616;   10;  0.00;eor
       4928;2025021617;   10;  0.00;eor
       4928;2025021618;   10;  0.00;eor
       4928;2025021619;   10;  0.00;eor
       4928;2025021620;   10;  0.00;eor
       4928;2025021703;   10;  0.00;eor
       4928;2025021704;   10;  0.00;eor
       4928;2025021705;   10;  0.00;eor
       4928;2025021706;   10;  0.00;eor
       4928;2025021707;   10;  0.00;eor
       4928;2025021708;   10; 45.00;eor
       4928;2025021709;   10; 60.00;eor
       4928;2025021710;   10; 60.00;eor
       4928;2025021711;   10; 60.00;eor
       4928;2025021712;   10; 60.00;eor
       4928;2025021713;   10; 60.00;eor
       4928;2025021714;   10; 60.00;eor
       4928;2025021715;   10; 60.00;eor
       4928;2025021716;   10; 60.00;eor
       4928;2025021717;   10; 18.00;eor
       4928;2025021718;   10;  0.00;eor
       4928;2025021719;   10;  0.00;eor
       4928;2025021720;   10;  0.00;eor
       4928;2025021803;   10;  0.00;eor
       4928;2025021804;   10;  0.00;eor
       4928;2025021805;   10;  0.00;eor
       4928;2025021806;   10;  0.00;eor
       4928;2025021807;   10;  0.00;eor
       4928;2025021808;   10; 45.00;eor
       4928;2025021809;   10; 60.00;eor
       4928;2025021810;   10; 60.00;eor
       4928;2025021811;   10; 60.00;eor
       4928;2025021812;   10; 60.00;eor
       4928;2025021813;   10; 60.00;eor
       4928;2025021814;   10; 60.00;eor
       4928;2025021815;   10; 60.00;eor
       4928;2025021816;   10; 60.00;eor
       4928;2025021817;   10; 21.00;eor
       4928;2025021818;   10;  0.00;eor
       4928;2025021819;   10;  0.00;eor
       4928;2025021820;   10;  0.00;eor
       4928;2025021903;   10;  0.00;eor
       4928;2025021904;   10;  0.00;eor
       4928;2025021905;   10;  0.00;eor
       4928;2025021906;   10;  0.00;eor
       4928;2025021907;   10;  0.00;eor
       4928;2025021908;   10; 49.00;eor
       4928;2025021909;   10; 60.00;eor
       4928;2025021910;   10; 60.00;eor
       4928;2025021911;   10; 60.00;eor
       4928;2025021912;   10; 60.00;eor
       4928;2025021913;   10; 60.00;eor
       4928;2025021914;   10; 60.00;eor
       4928;2025021915;   10; 60.00;eor
       4928;2025021916;   10; 30.00;eor
       4928;2025021917;   10;  0.00;eor
       4928;2025021918;   10;  0.00;eor
       4928;2025021919;   10;  0.00;eor
       4928;2025021920;   10;  0.00;eor
       4928;2025022003;   10;  0.00;eor
       4928;2025022004;   10;  0.00;eor
       4928;2025022005;   10;  0.00;eor
       4928;2025022006;   10;  0.00;eor
       4928;2025022007;   10;  0.00;eor
       4928;2025022008;   10; 48.00;eor
       4928;2025022009;   10; 17.00;eor
       4928;2025022010;   10;  0.00;eor
       4928;2025022011;   10;  0.00;eor
       4928;2025022012;   10;  0.00;eor
       4928;2025022013;   10;  0.00;eor
       4928;2025022014;   10; 44.00;eor
       4928;2025022015;   10; 59.00;eor
       4928;2025022016;   10; 45.00;eor
       4928;2025022017;   10; 12.00;eor
       4928;2025022018;   10;  0.00;eor
       4928;2025022019;   10;  0.00;eor
       4928;2025022020;   10;  0.00;eor
       4928;2025022103;   10;  0.00;eor
       4928;2025022104;   10;  0.00;eor
       4928;2025022105;   10;  0.00;eor
       4928;2025022106;   10;  0.00;eor
       4928;2025022107;   10;  0.00;eor
       4928;2025022108;   10; 19.00;eor
       4928;2025022109;   10; 52.00;eor
       4928;2025022110;   10; 60.00;eor
       4928;2025022111;   10; 60.00;eor
       4928;2025022112;   10; 60.00;eor
       4928;2025022113;   10; 60.00;eor
       4928;2025022114;   10; 60.00;eor
       4928;2025022115;   10; 60.00;eor
       4928;2025022116;   10; 27.00;eor
       4928;2025022117;   10;  0.00;eor
       4928;2025022118;   10;  0.00;eor
       4928;2025022119;   10;  0.00;eor
       4928;2025022120;   10;  0.00;eor
       4928;2025022203;   10;  0.00;eor
       4928;2025022204;   10;  0.00;eor
       4928;2025022205;   10;  0.00;eor
       4928;2025022206;   10;  0.00;eor
       4928;2025022207;   10;  0.00;eor
       4928;2025022208;   10;  0.00;eor
       4928;2025022209;   10;  0.00;eor
       4928;2025022210;   10; 25.00;eor
       4928;2025022211;   10; 60.00;eor
       4928;2025022212;   10; 58.00;eor
       4928;2025022213;   10; 10.00;eor
       4928;2025022214;   10;  0.00;eor
       4928;2025022215;   10;  0.00;eor
       4928;2025022216;   10;  0.00;eor
       4928;2025022217;   10;  0.00;eor
       4928;2025022218;   10;  0.00;eor
       4928;2025022219;   10;  0.00;eor
       4928;2025022220;   10;  0.00;eor
       4928;2025022303;   10;  0.00;eor
       4928;2025022304;   10;  0.00;eor
       4928;2025022305;   10;  0.00;eor
       4928;2025022306;   10;  0.00;eor
       4928;2025022307;   10;  0.00;eor
       4928;2025022308;   10;  0.00;eor
       4928;2025022309;   10;  0.00;eor
       4928;2025022310;   10;  0.00;eor
       4928;2025022311;   10;  1.00;eor
       4928;2025022312;   10;  0.00;eor
       4928;2025022313;   10; 13.00;eor
       4928;2025022314;   10; 48.00;eor
       4928;2025022315;   10; 60.00;eor
       4928;2025022316;   10; 60.00;eor
       4928;2025022317;   10; 21.00;eor
       4928;2025022318;   10;  0.00;eor
       4928;2025022319;   10;  0.00;eor
       4928;2025022320;   10;  0.00;eor
       4928;2025022403;   10;  0.00;eor
       4928;2025022404;   10;  0.00;eor
       4928;2025022405;   10;  0.00;eor
       4928;2025022406;   10;  0.00;eor
       4928;2025022407;   10;  0.00;eor
       4928;2025022408;   10;  0.00;eor
       4928;2025022409;   10;  0.00;eor
       4928;2025022410;   10;  0.00;eor
       4928;2025022411;   10;  0.00;eor
       4928;2025022412;   10;  0.00;eor
       4928;2025022413;   10;  0.00;eor
       4928;2025022414;   10;  0.00;eor
       4928;2025022415;   10;  0.00;eor
       4928;2025022416;   10;  0.00;eor
       4928;2025022417;   10;  0.00;eor
       4928;2025022418;   10;  0.00;eor
       4928;2025022419;   10;  0.00;eor
       4928;2025022420;   10;  0.00;eor
       4928;2025022503;   10;  0.00;eor
       4928;2025022504;   10;  0.00;eor
       4928;2025022505;   10;  0.00;eor
       4928;2025022506;   10;  0.00;eor
       4928;2025022507;   10;  0.00;eor
       4928;2025022508;   10;  0.00;eor
       4928;2025022509;   10; 12.00;eor
       4928;2025022510;   10;  9.00;eor
       4928;2025022511;   10; 30.00;eor
       4928;2025022512;   10;  0.00;eor
       4928;2025022513;   10;  0.00;eor
       4928;2025022514;   10;  0.00;eor
       4928;2025022515;   10;  0.00;eor
       4928;2025022516;   10;  0.00;eor
       4928;2025022517;   10;  2.00;eor
       4928;2025022518;   10;  0.00;eor
       4928;2025022519;   10;  0.00;eor
       4928;2025022520;   10;  0.00;eor
       4928;2025022603;   10;  0.00;eor
       4928;2025022604;   10;  0.00;eor
       4928;2025022605;   10;  0.00;eor
       4928;2025022606;   10;  0.00;eor
       4928;2025022607;   10;  0.00;eor
       4928;2025022608;   10;  0.00;eor
       4928;2025022609;   10;  0.00;eor
       4928;2025022610;   10;  0.00;eor
       4928;2025022611;   10;  0.00;eor
       4928;2025022612;   10;  0.00;eor
       4928;2025022613;   10;  0.00;eor
       4928;2025022614;   10;  0.00;eor
       4928;2025022615;   10;  0.00;eor
       4928;2025022616;   10; 12.00;eor
       4928;2025022617;   10; 11.00;eor
       4928;2025022618;   10;  0.00;eor
       4928;2025022619;   10;  0.00;eor
       4928;2025022620;   10;  0.00;eor
       4928;2025022703;   10;  0.00;eor
       4928;2025022704;   10;  0.00;eor
       4928;2025022705;   10;  0.00;eor
       4928;2025022706;   10;  0.00;eor
       4928;2025022707;   10;  0.00;eor
       4928;2025022708;   10;  3.00;eor
       4928;2025022709;   10; 16.00;eor
       4928;2025022710;   10;  4.00;eor
       4928;2025022711;   10; 12.00;eor
       4928;2025022712;   10; 15.00;eor
       4928;2025022713;   10; 22.00;eor
       4928;2025022714;   10; 10.00;eor
       4928;2025022715;   10;  7.00;eor
       4928;2025022716;   10; 36.00;eor
       4928;2025022717;   10; 21.00;eor
       4928;2025022718;   10;  0.00;eor
       4928;2025022719;   10;  0.00;eor
       4928;2025022720;   10;  0.00;eor
       4928;2025022803;   10;  0.00;eor
       4928;2025022804;   10;  0.00;eor
       4928;2025022805;   10;  0.00;eor
       4928;2025022806;   10;  0.00;eor
       4928;2025022807;   10;  0.00;eor
       4928;2025022808;   10;  0.00;eor
       4928;2025022809;   10;  0.00;eor
       4928;2025022810;   10;  1.00;eor
       4928;2025022811;   10;  7.00;eor
       4928;2025022812;   10; 17.00;eor
       4928;2025022813;   10; 10.00;eor
       4928;2025022814;   10;  2.00;eor
       4928;2025022815;   10; 22.00;eor
       4928;2025022816;   10;  0.00;eor
       4928;2025022817;   10;  0.00;eor
       4928;2025022818;   10;  0.00;eor
       4928;2025022819;   10;  0.00;eor
       4928;2025022820;   10;  0.00;eor
       4928;2025030103;   10;  0.00;eor
       4928;2025030104;   10;  0.00;eor
       4928;2025030105;   10;  0.00;eor
       4928;2025030106;   10;  0.00;eor
       4928;2025030107;   10;  0.00;eor
       4928;2025030108;   10;  0.00;eor
       4928;2025030109;   10;  3.00;eor
       4928;2025030110;   10;  4.00;eor
       4928;2025030111;   10; 13.00;eor
       4928;2025030112;   10; 29.00;eor
       4928;2025030113;   10; 37.00;eor
       4928;2025030114;   10; 30.00;eor
       4928;2025030115;   10;  2.00;eor
       4928;2025030116;   10;  5.00;eor
       4928;2025030117;   10;  0.00;eor
       4928;2025030118;   10;  0.00;eor
       4928;2025030119;   10;  0.00;eor
       4928;2025030120;   10;  0.00;eor
       4928;2025030203;   10;  0.00;eor
       4928;2025030204;   10;  0.00;eor
       4928;2025030205;   10;  0.00;eor
       4928;2025030206;   10;  0.00;eor
       4928;2025030207;   10;  3.00;eor
       4928;2025030208;   10; 60.00;eor
       4928;2025030209;   10; 60.00;eor
       4928;2025030210;   10; 60.00;eor
       4928;2025030211;   10; 60.00;eor
       4928;2025030212;   10; 60.00;eor
       4928;2025030213;   10; 60.00;eor
       4928;2025030214;   10; 60.00;eor
       4928;2025030215;   10; 60.00;eor
       4928;2025030216;   10; 60.00;eor
       4928;2025030219;   10;  0.00;eor
       4928;2025030220;   10;  0.00;eor
       4928;2025030303;   10;  0.00;eor
       4928;2025030304;   10;  0.00;eor
       4928;2025030305;   10;  0.00;eor
       4928;2025030306;   10;  0.00;eor
       4928;2025030307;   10;  2.00;eor
       4928;2025030308;   10; 60.00;eor
       4928;2025030309;   10; 60.00;eor
       4928;2025030310;   10; 60.00;eor
       4928;2025030311;   10; 60.00;eor
       4928;2025030312;   10; 60.00;eor
       4928;2025030313;   10; 60.00;eor
       4928;2025030314;   10; 60.00;eor
       4928;2025030315;   10; 60.00;eor
       4928;2025030316;   10; 60.00;eor
       4928;2025030317;   10; 26.00;eor
       4928;2025030318;   10;  0.00;eor
       4928;2025030319;   10;  0.00;eor
       4928;2025030320;   10;  0.00;eor
       4928;2025030403;   10;  0.00;eor
       4928;2025030404;   10;  0.00;eor
       4928;2025030405;   10;  0.00;eor
       4928;2025030406;   10;  0.00;eor
       4928;2025030407;   10;  0.00;eor
       4928;2025030408;   10; 59.00;eor
       4928;2025030409;   10; 60.00;eor
       4928;2025030410;   10; 60.00;eor
       4928;2025030411;   10; 60.00;eor
       4928;2025030412;   10; 60.00;eor
       4928;2025030413;   10; 60.00;eor
       4928;2025030414;   10; 60.00;eor
       4928;2025030415;   10; 60.00;eor
       4928;2025030416;   10; 60.00;eor
       4928;2025030417;   10; 25.00;eor
       4928;2025030418;   10;  0.00;eor
       4928;2025030419;   10;  0.00;eor
       4928;2025030420;   10;  0.00;eor
       4928;2025030503;   10;  0.00;eor
       4928;2025030504;   10;  0.00;eor
       4928;2025030505;   10;  0.00;eor
       4928;2025030506;   10;  0.00;eor
       4928;2025030507;   10;  0.00;eor
       4928;2025030508;   10; 60.00;eor
       4928;2025030509;   10; 60.00;eor
       4928;2025030510;   10; 60.00;eor
       4928;2025030511;   10; 60.00;eor
       4928;2025030512;   10; 60.00;eor
       4928;2025030513;   10; 60.00;eor
       4928;2025030514;   10; 60.00;eor
       4928;2025030515;   10; 60.00;eor
       4928;2025030516;   10; 60.00;eor
       4928;2025030517;   10; 48.00;eor
       4928;2025030518;   10;  0.00;eor
       4928;2025030519;   10;  0.00;eor
       4928;2025030520;   10;  0.00;eor
       4928;2025030603;   10;  0.00;eor
       4928;2025030604;   10;  0.00;eor
       4928;2025030605;   10;  0.00;eor
       4928;2025030606;   10;  0.00;eor
       4928;2025030607;   10;  3.00;eor
       4928;2025030608;   10; 60.00;eor
       4928;2025030609;   10; 60.00;eor
       4928;2025030610;   10; 60.00;eor
       4928;2025030611;   10; 60.00;eor
       4928;2025030612;   10; 60.00;eor
       4928;2025030613;   10; 60.00;eor
       4928;2025030614;   10; 60.00;eor
       4928;2025030615;   10; 60.00;eor
       4928;2025030616;   10; 60.00;eor
       4928;2025030617;   10; 50.00;eor
       4928;2025030618;   10;  0.00;eor
       4928;2025030619;   10;  0.00;eor
       4928;2025030620;   10;  0.00;eor
       4928;2025030703;   10;  0.00;eor
       4928;2025030704;   10;  0.00;eor
       4928;2025030705;   10;  0.00;eor
       4928;2025030706;   10;  0.00;eor
       4928;2025030707;   10;  4.00;eor
       4928;2025030708;   10; 60.00;eor
       4928;2025030709;   10; 60.00;eor
       4928;2025030710;   10; 60.00;eor
       4928;2025030711;   10; 60.00;eor
       4928;2025030712;   10; 60.00;eor
       4928;2025030713;   10; 60.00;eor
       4928;2025030714;   10; 60.00;eor
       4928;2025030715;   10; 60.00;eor
       4928;2025030716;   10; 60.00;eor
       4928;2025030717;   10; 52.00;eor
       4928;2025030718;   10;  0.00;eor
       4928;2025030719;   10;  0.00;eor
       4928;2025030720;   10;  0.00;eor
       4928;2025030803;   10;  0.00;eor
       4928;2025030804;   10;  0.00;eor
       4928;2025030805;   10;  0.00;eor
       4928;2025030806;   10;  0.00;eor
       4928;2025030807;   10;  5.00;eor
       4928;2025030808;   10; 60.00;eor
       4928;2025030809;   10; 60.00;eor
       4928;2025030810;   10; 60.00;eor
       4928;2025030811;   10; 60.00;eor
       4928;2025030812;   10; 60.00;eor
       4928;2025030813;   10; 60.00;eor
       4928;2025030814;   10; 60.00;eor
       4928;2025030815;   10; 60.00;eor
       4928;2025030816;   10; 60.00;eor
       4928;2025030817;   10; 53.00;eor
       4928;2025030818;   10;  0.00;eor
       4928;2025030819;   10;  0.00;eor
       4928;2025030820;   10;  0.00;eor
       4928;2025030903;   10;  0.00;eor
       4928;2025030904;   10;  0.00;eor
       4928;2025030905;   10;  0.00;eor
       4928;2025030906;   10;  0.00;eor
       4928;2025030907;   10; 12.00;eor
       4928;2025030908;   10; 60.00;eor
       4928;2025030909;   10; 60.00;eor
       4928;2025030910;   10; 60.00;eor
       4928;2025030911;   10; 60.00;eor
       4928;2025030912;   10; 60.00;eor
       4928;2025030913;   10; 60.00;eor
       4928;2025030914;   10; 60.00;eor
       4928;2025030915;   10; 60.00;eor
       4928;2025030916;   10; 60.00;eor
       4928;2025030917;   10; 51.00;eor
       4928;2025030918;   10;  0.00;eor
       4928;2025030919;   10;  0.00;eor
       4928;2025030920;   10;  0.00;eor
       4928;2025031003;   10;  0.00;eor
       4928;2025031004;   10;  0.00;eor
       4928;2025031005;   10;  0.00;eor
       4928;2025031006;   10;  0.00;eor
       4928;2025031007;   10; 10.00;eor
       4928;2025031008;   10;  1.00;eor
       4928;2025031009;   10;  1.00;eor
       4928;2025031010;   10;  0.00;eor
       4928;2025031011;   10;  0.00;eor
       4928;2025031012;   10;  0.00;eor
       4928;2025031013;   10;  0.00;eor
       4928;2025031014;   10;  0.00;eor
       4928;2025031015;   10;  0.00;eor
       4928;2025031016;   10;  0.00;eor
       4928;2025031017;   10;  0.00;eor
       4928;2025031018;   10;  0.00;eor
       4928;2025031019;   10;  0.00;eor
       4928;2025031020;   10;  0.00;eor
       4928;2025031103;   10;  0.00;eor
       4928;2025031104;   10;  0.00;eor
       4928;2025031105;   10;  0.00;eor
       4928;2025031106;   10;  0.00;eor
       4928;2025031107;   10; 11.00;eor
       4928;2025031108;   10; 60.00;eor
       4928;2025031109;   10; 60.00;eor
       4928;2025031110;   10; 60.00;eor
       4928;2025031111;   10; 60.00;eor
       4928;2025031112;   10; 57.00;eor
       4928;2025031113;   10; 21.00;eor
       4928;2025031114;   10; 23.00;eor
       4928;2025031115;   10; 22.00;eor
       4928;2025031116;   10;  5.00;eor
       4928;2025031117;   10;  0.00;eor
       4928;2025031118;   10;  0.00;eor
       4928;2025031119;   10;  0.00;eor
       4928;2025031120;   10;  0.00;eor
       4928;2025031203;   10;  0.00;eor
       4928;2025031204;   10;  0.00;eor
       4928;2025031205;   10;  0.00;eor
       4928;2025031206;   10;  0.00;eor
       4928;2025031207;   10;  0.00;eor
       4928;2025031208;   10;  0.00;eor
       4928;2025031209;   10;  0.00;eor
       4928;2025031210;   10;  0.00;eor
       4928;2025031211;   10;  0.00;eor
       4928;2025031212;   10;  0.00;eor
       4928;2025031213;   10;  0.00;eor
       4928;2025031214;   10;  0.00;eor
       4928;2025031215;   10;  0.00;eor
       4928;2025031216;   10;  0.00;eor
       4928;2025031217;   10;  0.00;eor
       4928;2025031218;   10;  0.00;eor
       4928;2025031219;   10;  0.00;eor
       4928;2025031220;   10;  0.00;eor
       4928;2025031303;   10;  0.00;eor
       4928;2025031304;   10;  0.00;eor
       4928;2025031305;   10;  0.00;eor
       4928;2025031306;   10;  0.00;eor
       4928;2025031307;   10;  0.00;eor
       4928;2025031308;   10;  0.00;eor
       4928;2025031309;   10;  0.00;eor
       4928;2025031310;   10;  0.00;eor
       4928;2025031311;   10;  0.00;eor
       4928;2025031312;   10;  0.00;eor
       4928;2025031313;   10;  4.00;eor
       4928;2025031314;   10;  1.00;eor
       4928;2025031315;   10; 10.00;eor
       4928;2025031316;   10;  6.00;eor
       4928;2025031317;   10; 36.00;eor
       4928;2025031318;   10;  0.00;eor
       4928;2025031319;   10;  0.00;eor
       4928;2025031320;   10;  0.00;eor
       4928;2025031403;   10;  0.00;eor
       4928;2025031404;   10;  0.00;eor
       4928;2025031405;   10;  0.00;eor
       4928;2025031406;   10;  0.00;eor
       4928;2025031407;   10;  0.00;eor
       4928;2025031408;   10;  0.00;eor
       4928;2025031409;   10;  0.00;eor
       4928;2025031410;   10;  0.00;eor
       4928;2025031411;   10;  0.00;eor
       4928;2025031412;   10;  0.00;eor
       4928;2025031413;   10;  0.00;eor
       4928;2025031414;   10;  0.00;eor
       4928;2025031415;   10;  0.00;eor
       4928;2025031416;   10;  0.00;eor
       4928;2025031417;   10;  0.00;eor
       4928;2025031418;   10;  0.00;eor
       4928;2025031419;   10;  0.00;eor
       4928;2025031420;   10;  0.00;eor
       4928;2025031503;   10;  0.00;eor
       4928;2025031504;   10;  0.00;eor
       4928;2025031505;   10;  0.00;eor
       4928;2025031506;   10;  0.00;eor
       4928;2025031507;   10;  0.00;eor
       4928;2025031508;   10;  0.00;eor
       4928;2025031509;   10;  0.00;eor
       4928;2025031510;   10;  0.00;eor
       4928;2025031511;   10;  0.00;eor
       4928;2025031512;   10;  0.00;eor
       4928;2025031513;   10;  0.00;eor
       4928;2025031514;   10;  0.00;eor
       4928;2025031515;   10;  0.00;eor
       4928;2025031516;   10;  0.00;eor
       4928;2025031517;   10;  0.00;eor
       4928;2025031518;   10;  0.00;eor
       4928;2025031519;   10;  0.00;eor
       4928;2025031520;   10;  0.00;eor
       4928;2025031603;   10;  0.00;eor
       4928;2025031604;   10;  0.00;eor
       4928;2025031605;   10;  0.00;eor
       4928;2025031606;   10;  0.00;eor
       4928;2025031607;   10;  0.00;eor
       4928;2025031608;   10;  0.00;eor
       4928;2025031609;   10;  0.00;eor
       4928;2025031610;   10;  0.00;eor
       4928;2025031611;   10;  0.00;eor
       4928;2025031612;   10;  0.00;eor
       4928;2025031613;   10;  0.00;eor
       4928;2025031614;   10;  0.00;eor
       4928;2025031615;   10;  0.00;eor
       4928;2025031616;   10;  0.00;eor
       4928;2025031617;   10;  0.00;eor
       4928;2025031618;   10;  0.00;eor
       4928;2025031619;   10;  0.00;eor
       4928;2025031620;   10;  0.00;eor
       4928;2025031703;   10;  0.00;eor
       4928;2025031704;   10;  0.00;eor
       4928;2025031705;   10;  0.00;eor
       4928;2025031706;   10;  0.00;eor
       4928;2025031707;   10; 47.00;eor
       4928;2025031708;   10; 46.00;eor
       4928;2025031709;   10; 60.00;eor
       4928;2025031710;   10; 55.00;eor
       4928;2025031711;   10;  5.00;eor
       4928;2025031712;   10; 14.00;eor
       4928;2025031713;   10; 37.00;eor
       4928;2025031714;   10;  0.00;eor
       4928;2025031715;   10; 15.00;eor
       4928;2025031716;   10; 39.00;eor
       4928;2025031717;   10; 13.00;eor
       4928;2025031718;   10;  9.00;eor
       4928;2025031719;   10;  0.00;eor
       4928;2025031720;   10;  0.00;eor
       4928;2025031803;   10;  0.00;eor
       4928;2025031804;   10;  0.00;eor
       4928;2025031805;   10;  0.00;eor
       4928;2025031806;   10;  6.00;eor
       4928;2025031807;   10; 60.00;eor
       4928;2025031808;   10; 60.00;eor
       4928;2025031809;   10; 60.00;eor
       4928;2025031810;   10; 60.00;eor
       4928;2025031811;   10; 60.00;eor
       4928;2025031812;   10; 60.00;eor
       4928;2025031813;   10; 60.00;eor
       4928;2025031814;   10; 60.00;eor
       4928;2025031815;   10; 60.00;eor
       4928;2025031816;   10; 60.00;eor
       4928;2025031817;   10; 56.00;eor
       4928;2025031818;   10;  0.00;eor
       4928;2025031819;   10;  0.00;eor
       4928;2025031820;   10;  0.00;eor
       4928;2025031903;   10;  0.00;eor
       4928;2025031904;   10;  0.00;eor
       4928;2025031905;   10;  0.00;eor
       4928;2025031906;   10;  8.00;eor
       4928;2025031907;   10; 60.00;eor
       4928;2025031908;   10; 60.00;eor
       4928;2025031909;   10; 60.00;eor
       4928;2025031910;   10; 60.00;eor
       4928;2025031911;   10; 60.00;eor
       4928;2025031912;   10; 60.00;eor
       4928;2025031913;   10; 60.00;eor
       4928;2025031914;   10; 60.00;eor
       4928;2025031915;   10; 60.00;eor
       4928;2025031916;   10; 60.00;eor
       4928;2025031917;   10; 60.00;eor
       4928;2025031918;   10; 14.00;eor
       4928;2025031919;   10;  0.00;eor
       4928;2025031920;   10;  0.00;eor
       4928;2025032003;   10;  0.00;eor
       4928;2025032004;   10;  0.00;eor
       4928;2025032005;   10;  0.00;eor
       4928;2025032006;   10;  1.00;eor
       4928;2025032007;   10;  0.00;eor
       4928;2025032008;   10; 16.00;eor
       4928;2025032009;   10; 44.00;eor
       4928;2025032010;   10;  4.00;eor
       4928;2025032011;   10; 57.00;eor
       4928;2025032012;   10; 60.00;eor
       4928;2025032013;   10; 60.00;eor
       4928;2025032014;   10; 54.00;eor
       4928;2025032015;   10; 60.00;eor
       4928;2025032016;   10; 60.00;eor
       4928;2025032017;   10; 57.00;eor
       4928;2025032018;   10; 16.00;eor
       4928;2025032019;   10;  0.00;eor
       4928;2025032020;   10;  0.00;eor
       4928;2025032103;   10;  0.00;eor
       4928;2025032104;   10;  0.00;eor
       4928;2025032105;   10;  0.00;eor
       4928;2025032106;   10;  9.00;eor
       4928;2025032107;   10; 60.00;eor
       4928;2025032108;   10; 60.00;eor
       4928;2025032109;   10; 60.00;eor
       4928;2025032110;   10; 60.00;eor
       4928;2025032111;   10; 60.00;eor
       4928;2025032112;   10; 60.00;eor
       4928;2025032113;   10; 60.00;eor
       4928;2025032114;   10; 60.00;eor
       4928;2025032115;   10; 54.00;eor
       4928;2025032116;   10; 27.00;eor
       4928;2025032117;   10;  0.00;eor
       4928;2025032118;   10;  0.00;eor
       4928;2025032119;   10;  0.00;eor
       4928;2025032120;   10;  0.00;eor
       4928;2025032203;   10;  0.00;eor
       4928;2025032204;   10;  0.00;eor
       4928;2025032205;   10;  0.00;eor
       4928;2025032206;   10;  0.00;eor
       4928;2025032207;   10;  0.00;eor
       4928;2025032208;   10;  0.00;eor
       4928;2025032209;   10; 37.00;eor
       4928;2025032210;   10; 21.00;eor
       4928;2025032211;   10; 54.00;eor
       4928;2025032212;   10; 32.00;eor
       4928;2025032213;   10; 31.00;eor
       4928;2025032214;   10; 44.00;eor
       4928;2025032215;   10; 14.00;eor
       4928;2025032216;   10; 11.00;eor
       4928;2025032217;   10; 38.00;eor
       4928;2025032218;   10;  1.00;eor
       4928;2025032219;   10;  0.00;eor
       4928;2025032220;   10;  0.00;eor
       4928;2025032303;   10;  0.00;eor
       4928;2025032304;   10;  0.00;eor
       4928;2025032305;   10;  0.00;eor
       4928;2025032306;   10;  0.00;eor
       4928;2025032307;   10;  0.00;eor
       4928;2025032308;   10; 34.00;eor
       4928;2025032309;   10; 51.00;eor
       4928;2025032310;   10; 11.00;eor
       4928;2025032311;   10;  6.00;eor
       4928;2025032312;   10;  0.00;eor
       4928;2025032313;   10;  0.00;eor
       4928;2025032314;   10;  0.00;eor
       4928;2025032315;   10;  0.00;eor
       4928;2025032316;   10;  0.00;eor
       4928;2025032317;   10;  0.00;eor
       4928;2025032318;   10; 19.00;eor
       4928;2025032319;   10;  0.00;eor
       4928;2025032320;   10;  0.00;eor
       4928;2025032403;   10;  0.00;eor
       4928;2025032404;   10;  0.00;eor
       4928;2025032405;   10;  0.00;eor
       4928;2025032406;   10;  0.00;eor
       4928;2025032407;   10;  0.00;eor
       4928;2025032408;   10;  0.00;eor
       4928;2025032409;   10;  0.00;eor
       4928;2025032410;   10;  0.00;eor
       4928;2025032411;   10;  0.00;eor
       4928;2025032412;   10;  0.00;eor
       4928;2025032413;   10; 45.00;eor
       4928;2025032414;   10; 38.00;eor
       4928;2025032415;   10; 28.00;eor
       4928;2025032416;   10;  7.00;eor
       4928;2025032417;   10;  0.00;eor
       4928;2025032418;   10;  0.00;eor
       4928;2025032419;   10;  0.00;eor
       4928;2025032420;   10;  0.00;eor
       4928;2025032503;   10;  0.00;eor
       4928;2025032504;   10;  0.00;eor
       4928;2025032505;   10;  0.00;eor
       4928;2025032506;   10;  0.00;eor
       4928;2025032507;   10;  0.00;eor
       4928;2025032508;   10;  0.00;eor
       4928;2025032509;   10;  8.00;eor
       4928;2025032510;   10; 45.00;eor
       4928;2025032511;   10; 35.00;eor
       4928;2025032512;   10; 47.00;eor
       4928;2025032513;   10; 32.00;eor
       4928;2025032514;   10;  8.00;eor
       4928;2025032515;   10;  1.00;eor
       4928;2025032516;   10; 39.00;eor
       4928;2025032517;   10; 40.00;eor
       4928;2025032518;   10;  5.00;eor
       4928;2025032519;   10;  0.00;eor
       4928;2025032520;   10;  0.00;eor
       4928;2025032603;   10;  0.00;eor
       4928;2025032604;   10;  0.00;eor
       4928;2025032605;   10;  0.00;eor
       4928;2025032606;   10;  0.00;eor
       4928;2025032607;   10;  0.00;eor
       4928;2025032608;   10;  0.00;eor
       4928;2025032609;   10;  0.00;eor
       4928;2025032610;   10;  0.00;eor
       4928;2025032611;   10;  0.00;eor
       4928;2025032612;   10;  0.00;eor
       4928;2025032613;   10;  0.00;eor
       4928;2025032614;   10;  0.00;eor
       4928;2025032615;   10;  0.00;eor
       4928;2025032616;   10;  0.00;eor
       4928;2025032617;   10;  0.00;eor
       4928;2025032618;   10;  0.00;eor
       4928;2025032619;   10;  0.00;eor
       4928;2025032620;   10;  0.00;eor
       4928;2025032703;   10;  0.00;eor
       4928;2025032704;   10;  0.00;eor
       4928;2025032705;   10;  0.00;eor
       4928;2025032706;   10;  0.00;eor
       4928;2025032707;   10;  0.00;eor
       4928;2025032708;   10;  4.00;eor
       4928;2025032709;   10; 14.00;eor
       4928;2025032710;   10;  0.00;eor
       4928;2025032711;   10;  9.00;eor
       4928;2025032712;   10;  3.00;eor
       4928;2025032713;   10; 20.00;eor
       4928;2025032714;   10; 58.00;eor
       4928;2025032715;   10; 60.00;eor
       4928;2025032716;   10; 60.00;eor
       4928;2025032717;   10; 60.00;eor
       4928;2025032718;   10; 28.00;eor
       4928;2025032719;   10;  0.00;eor
       4928;2025032720;   10;  0.00;eor
       4928;2025032803;   10;  0.00;eor
       4928;2025032804;   10;  0.00;eor
       4928;2025032805;   10;  0.00;eor
       4928;2025032806;   10; 23.00;eor
       4928;2025032807;   10; 60.00;eor
       4928;2025032808;   10; 60.00;eor
       4928;2025032809;   10; 60.00;eor
       4928;2025032810;   10; 60.00;eor
       4928;2025032811;   10; 60.00;eor
       4928;2025032812;   10; 60.00;eor
       4928;2025032813;   10; 60.00;eor
       4928;2025032814;   10; 60.00;eor
       4928;2025032815;   10; 50.00;eor
       4928;2025032816;   10; 32.00;eor
       4928;2025032817;   10; 34.00;eor
       4928;2025032818;   10;  0.00;eor
       4928;2025032819;   10;  0.00;eor
       4928;2025032820;   10;  0.00;eor
       4928;2025032903;   10;  0.00;eor
       4928;2025032904;   10;  0.00;eor
       4928;2025032905;   10;  0.00;eor
       4928;2025032906;   10;  0.00;eor
       4928;2025032907;   10;  0.00;eor
       4928;2025032908;   10;  0.00;eor
       4928;2025032909;   10;  0.00;eor
       4928;2025032910;   10;  0.00;eor
       4928;2025032911;   10;  0.00;eor
       4928;2025032912;   10;  2.00;eor
       4928;2025032913;   10;  3.00;eor
       4928;2025032914;   10;  6.00;eor
       4928;2025032915;   10; 15.00;eor
       4928;2025032916;   10; 39.00;eor
       4928;2025032917;   10;  0.00;eor
       4928;2025032918;   10;  0.00;eor
       4928;2025032919;   10;  0.00;eor
       4928;2025032920;   10;  0.00;eor
       4928;2025033003;   10;  0.00;eor
       4928;2025033004;   10;  0.00;eor
       4928;2025033005;   10;  0.00;eor
       4928;2025033006;   10; 21.00;eor
       4928;2025033007;   10; 60.00;eor
       4928;2025033008;   10; 60.00;eor
       4928;2025033009;   10; 60.00;eor
       4928;2025033010;   10; 60.00;eor
       4928;2025033011;   10; 48.00;eor
       4928;2025033012;   10;  0.00;eor
       4928;2025033013;   10;  0.00;eor
       4928;2025033014;   10;  6.00;eor
       4928;2025033015;   10;  0.00;eor
       4928;2025033016;   10;  0.00;eor
       4928;2025033017;   10; 30.00;eor
       4928;2025033018;   10; 29.00;eor
       4928;2025033019;   10;  0.00;eor
       4928;2025033020;   10;  0.00;eor
       4928;2025033103;   10;  0.00;eor
       4928;2025033104;   10;  0.00;eor
       4928;2025033105;   10;  0.00;eor
       4928;2025033106;   10;  0.00;eor
       4928;2025033107;   10;  0.00;eor
       4928;2025033108;   10;  0.00;eor
       4928;2025033109;   10;  0.00;eor
       4928;2025033110;   10;  0.00;eor
       4928;2025033111;   10;  0.00;eor
       4928;2025033112;   10;  0.00;eor
       4928;2025033113;   10;  0.00;eor
       4928;2025033114;   10;  2.00;eor
       4928;2025033115;   10;  9.00;eor
       4928;2025033116;   10;  4.00;eor
       4928;2025033117;   10;  5.00;eor
       4928;2025033118;   10;  3.00;eor
       4928;2025033119;   10;  0.00;eor
       4928;2025033120;   10;  0.00;eor
       4928;2025040103;   10;  0.00;eor
       4928;2025040104;   10;  0.00;eor
       4928;2025040105;   10;  0.00;eor
       4928;2025040106;   10; 22.00;eor
       4928;2025040107;   10; 59.00;eor
       4928;2025040108;   10; 59.00;eor
       4928;2025040109;   10; 27.00;eor
       4928;2025040110;   10; 23.00;eor
       4928;2025040111;   10; 28.00;eor
       4928;2025040112;   10; 24.00;eor
       4928;2025040113;   10; 25.00;eor
       4928;2025040114;   10; 10.00;eor
       4928;2025040115;   10;  6.00;eor
       4928;2025040116;   10; 41.00;eor
       4928;2025040117;   10; 55.00;eor
       4928;2025040118;   10; 38.00;eor
       4928;2025040119;   10;  0.00;eor
       4928;2025040120;   10;  0.00;eor
       4928;2025040203;   10;  0.00;eor
       4928;2025040204;   10;  0.00;eor
       4928;2025040205;   10;  0.00;eor
       4928;2025040206;   10; 22.00;eor
       4928;2025040207;   10; 60.00;eor
       4928;2025040208;   10; 60.00;eor
       4928;2025040209;   10; 60.00;eor
       4928;2025040210;   10; 60.00;eor
       4928;2025040211;   10; 60.00;eor
       4928;2025040212;   10; 60.00;eor
       4928;2025040213;   10; 60.00;eor
       4928;2025040214;   10; 60.00;eor
       4928;2025040215;   10; 60.00;eor
       4928;2025040216;   10; 60.00;eor
       4928;2025040217;   10; 60.00;eor
       4928;2025040218;   10; 39.00;eor
       4928;2025040219;   10;  0.00;eor
       4928;2025040220;   10;  0.00;eor
       4928;2025040303;   10;  0.00;eor
       4928;2025040304;   10;  0.00;eor
       4928;2025040305;   10;  0.00;eor
       4928;2025040306;   10; 11.00;eor
       4928;2025040307;   10; 29.00;eor
       4928;2025040308;   10; 60.00;eor
       4928;2025040309;   10; 60.00;eor
       4928;2025040310;   10; 60.00;eor
       4928;2025040311;   10; 60.00;eor
       4928;2025040312;   10; 60.00;eor
       4928;2025040313;   10; 60.00;eor
       4928;2025040314;   10; 60.00;eor
       4928;2025040315;   10; 60.00;eor
       4928;2025040316;   10; 60.00;eor
       4928;2025040317;   10; 60.00;eor
       4928;2025040318;   10; 41.00;eor
       4928;2025040319;   10;  0.00;eor
       4928;2025040320;   10;  0.00;eor
       4928;2025040403;   10;  0.00;eor
       4928;2025040404;   10;  0.00;eor
       4928;2025040405;   10;  0.00;eor
       4928;2025040406;   10; 24.00;eor
       4928;2025040407;   10; 60.00;eor
       4928;2025040408;   10; 60.00;eor
       4928;2025040409;   10; 60.00;eor
       4928;2025040410;   10; 60.00;eor
       4928;2025040411;   10; 60.00;eor
       4928;2025040412;   10; 60.00;eor
       4928;2025040413;   10; 60.00;eor
       4928;2025040414;   10; 60.00;eor
       4928;2025040415;   10; 60.00;eor
       4928;2025040416;   10; 60.00;eor
       4928;2025040417;   10; 60.00;eor
       4928;2025040418;   10; 43.00;eor
       4928;2025040419;   10;  0.00;eor
       4928;2025040420;   10;  0.00;eor
       4928;2025040503;   10;  0.00;eor
       4928;2025040504;   10;  0.00;eor
       4928;2025040505;   10;  0.00;eor
       4928;2025040506;   10; 24.00;eor
       4928;2025040507;   10; 60.00;eor
       4928;2025040508;   10; 60.00;eor
       4928;2025040509;   10; 60.00;eor
       4928;2025040510;   10; 60.00;eor
       4928;2025040511;   10; 60.00;eor
       4928;2025040512;   10; 60.00;eor
       4928;2025040513;   10; 60.00;eor
       4928;2025040514;   10; 60.00;eor
       4928;2025040515;   10; 52.00;eor
       4928;2025040516;   10; 46.00;eor
       4928;2025040517;   10; 16.00;eor
       4928;2025040518;   10;  0.00;eor
       4928;2025040519;   10;  0.00;eor
       4928;2025040520;   10;  0.00;eor
       4928;2025040603;   10;  0.00;eor
       4928;2025040604;   10;  0.00;eor
       4928;2025040605;   10;  0.00;eor
       4928;2025040606;   10; 27.00;eor
       4928;2025040607;   10; 60.00;eor
       4928;2025040608;   10; 60.00;eor
       4928;2025040609;   10; 60.00;eor
       4928;2025040610;   10; 60.00;eor
       4928;2025040611;   10; 60.00;eor
       4928;2025040612;   10; 60.00;eor
       4928;2025040613;   10; 60.00;eor
       4928;2025040614;   10; 60.00;eor
       4928;2025040615;   10; 60.00;eor
       4928;2025040616;   10; 60.00;eor
       4928;2025040617;   10; 60.00;eor
       4928;2025040618;   10; 47.00;eor
       4928;2025040619;   10;  0.00;eor
       4928;2025040620;   10;  0.00;eor
       4928;2025040703;   10;  0.00;eor
       4928;2025040704;   10;  0.00;eor
       4928;2025040705;   10;  0.00;eor
       4928;2025040706;   10; 23.00;eor
       4928;2025040707;   10; 60.00;eor
       4928;2025040708;   10; 60.00;eor
       4928;2025040709;   10; 60.00;eor
       4928;2025040710;   10; 60.00;eor
       4928;2025040711;   10; 60.00;eor
       4928;2025040712;   10; 60.00;eor
       4928;2025040713;   10; 60.00;eor
       4928;2025040714;   10; 60.00;eor
       4928;2025040715;   10; 60.00;eor
       4928;2025040716;   10; 60.00;eor
       4928;2025040717;   10; 60.00;eor
       4928;2025040718;   10; 49.00;eor
       4928;2025040719;   10;  0.00;eor
       4928;2025040720;   10;  0.00;eor
       4928;2025040803;   10;  0.00;eor
       4928;2025040804;   10;  0.00;eor
       4928;2025040805;   10;  0.00;eor
       4928;2025040806;   10; 24.00;eor
       4928;2025040807;   10; 60.00;eor
       4928;2025040808;   10; 60.00;eor
       4928;2025040809;   10; 60.00;eor
       4928;2025040810;   10; 60.00;eor
       4928;2025040811;   10; 60.00;eor
       4928;2025040812;   10; 60.00;eor
       4928;2025040813;   10; 60.00;eor
       4928;2025040814;   10; 60.00;eor
       4928;2025040815;   10; 60.00;eor
       4928;2025040816;   10; 60.00;eor
       4928;2025040817;   10; 55.00;eor
       4928;2025040818;   10; 36.00;eor
       4928;2025040819;   10;  0.00;eor
       4928;2025040820;   10;  0.00;eor
       4928;2025040903;   10;  0.00;eor
       4928;2025040904;   10;  0.00;eor
       4928;2025040905;   10;  0.00;eor
       4928;2025040906;   10;  7.00;eor
       4928;2025040907;   10; 60.00;eor
       4928;2025040908;   10; 60.00;eor
       4928;2025040909;   10; 60.00;eor
       4928;2025040910;   10; 60.00;eor
       4928;2025040911;   10; 60.00;eor
       4928;2025040912;   10; 60.00;eor
       4928;2025040913;   10; 60.00;eor
       4928;2025040914;   10; 60.00;eor
       4928;2025040915;   10; 54.00;eor
       4928;2025040916;   10; 58.00;eor
       4928;2025040917;   10; 58.00;eor
       4928;2025040918;   10; 52.00;eor
       4928;2025040919;   10;  0.00;eor
       4928;2025040920;   10;  0.00;eor
       4928;2025041003;   10;  0.00;eor
       4928;2025041004;   10;  0.00;eor
       4928;2025041005;   10;  0.00;eor
       4928;2025041006;   10;  7.00;eor
       4928;2025041007;   10; 56.00;eor
       4928;2025041008;   10; 60.00;eor
       4928;2025041009;   10; 60.00;eor
       4928;2025041010;   10; 60.00;eor
       4928;2025041011;   10; 60.00;eor
       4928;2025041012;   10; 60.00;eor
       4928;2025041013;   10; 60.00;eor
       4928;2025041014;   10; 60.00;eor
       4928;2025041015;   10; 60.00;eor
       4928;2025041016;   10; 60.00;eor
       4928;2025041017;   10; 60.00;eor
       4928;2025041018;   10; 54.00;eor
       4928;2025041019;   10;  0.00;eor
       4928;2025041020;   10;  0.00;eor
       4928;2025041103;   10;  0.00;eor
       4928;2025041104;   10;  0.00;eor
       4928;2025041105;   10;  0.00;eor
       4928;2025041106;   10; 25.00;eor
       4928;2025041107;   10; 60.00;eor
       4928;2025041108;   10; 60.00;eor
       4928;2025041109;   10; 60.00;eor
       4928;2025041110;   10; 60.00;eor
       4928;2025041111;   10; 60.00;eor
       4928;2025041112;   10; 60.00;eor
       4928;2025041113;   10; 60.00;eor
       4928;2025041114;   10; 60.00;eor
       4928;2025041115;   10; 60.00;eor
       4928;2025041116;   10; 60.00;eor
       4928;2025041117;   10; 60.00;eor
       4928;2025041118;   10; 56.00;eor
       4928;2025041119;   10;  0.00;eor
       4928;2025041120;   10;  0.00;eor
       4928;2025041203;   10;  0.00;eor
       4928;2025041204;   10;  0.00;eor
       4928;2025041205;   10;  0.00;eor
       4928;2025041206;   10; 22.00;eor
       4928;2025041207;   10; 60.00;eor
       4928;2025041208;   10; 60.00;eor
       4928;2025041209;   10; 60.00;eor
       4928;2025041210;   10; 60.00;eor
       4928;2025041211;   10; 60.00;eor
       4928;2025041212;   10; 60.00;eor
       4928;2025041213;   10; 60.00;eor
       4928;2025041214;   10; 60.00;eor
       4928;2025041215;   10; 60.00;eor
       4928;2025041216;   10; 60.00;eor
       4928;2025041217;   10; 60.00;eor
       4928;2025041218;   10; 22.00;eor
       4928;2025041219;   10;  0.00;eor
       4928;2025041220;   10;  0.00;eor
       4928;2025041303;   10;  0.00;eor
       4928;2025041304;   10;  0.00;eor
       4928;2025041305;   10;  0.00;eor
       4928;2025041306;   10;  0.00;eor
       4928;2025041307;   10;  0.00;eor
       4928;2025041308;   10;  0.00;eor
       4928;2025041309;   10;  0.00;eor
       4928;2025041310;   10;  0.00;eor
       4928;2025041311;   10;  2.00;eor
       4928;2025041312;   10;  0.00;eor
       4928;2025041313;   10;  0.00;eor
       4928;2025041314;   10;  0.00;eor
       4928;2025041315;   10; 16.00;eor
       4928;2025041316;   10;  5.00;eor
       4928;2025041317;   10; 49.00;eor
       4928;2025041318;   10; 35.00;eor
       4928;2025041319;   10;  0.00;eor
       4928;2025041320;   10;  0.00;eor
       4928;2025041403;   10;  0.00;eor
       4928;2025041404;   10;  0.00;eor
       4928;2025041405;   10;  0.00;eor
       4928;2025041406;   10;  0.00;eor
       4928;2025041407;   10;  0.00;eor
       4928;2025041408;   10; 32.00;eor
       4928;2025041409;   10; 60.00;eor
       4928;2025041410;   10; 60.00;eor
       4928;2025041411;   10; 51.00;eor
       4928;2025041412;   10; 60.00;eor
       4928;2025041413;   10; 44.00;eor
       4928;2025041414;   10; 41.00;eor
       4928;2025041415;   10; 55.00;eor
       4928;2025041416;   10; 25.00;eor
       4928;2025041417;   10; 32.00;eor
       4928;2025041418;   10; 56.00;eor
       4928;2025041419;   10;  0.00;eor
       4928;2025041420;   10;  0.00;eor
       4928;2025041503;   10;  0.00;eor
       4928;2025041504;   10;  0.00;eor
       4928;2025041505;   10;  0.00;eor
       4928;2025041506;   10; 34.00;eor
       4928;2025041507;   10; 60.00;eor
       4928;2025041508;   10; 60.00;eor
       4928;2025041509;   10; 60.00;eor
       4928;2025041510;   10; 47.00;eor
       4928;2025041511;   10;  4.00;eor
       4928;2025041512;   10;  0.00;eor
       4928;2025041513;   10;  0.00;eor
       4928;2025041514;   10;  0.00;eor
       4928;2025041515;   10; 26.00;eor
       4928;2025041516;   10; 43.00;eor
       4928;2025041517;   10; 53.00;eor
       4928;2025041518;   10; 40.00;eor
       4928;2025041519;   10;  3.00;eor
       4928;2025041520;   10;  0.00;eor
       4928;2025041603;   10;  0.00;eor
       4928;2025041604;   10;  0.00;eor
       4928;2025041605;   10;  0.00;eor
       4928;2025041606;   10; 23.00;eor
       4928;2025041607;   10; 24.00;eor
       4928;2025041608;   10; 60.00;eor
       4928;2025041609;   10; 60.00;eor
       4928;2025041610;   10; 60.00;eor
       4928;2025041611;   10; 60.00;eor
       4928;2025041612;   10; 54.00;eor
       4928;2025041613;   10; 40.00;eor
       4928;2025041614;   10;  3.00;eor
       4928;2025041615;   10;  4.00;eor
       4928;2025041616;   10; 11.00;eor
       4928;2025041617;   10;  0.00;eor
       4928;2025041618;   10;  0.00;eor
       4928;2025041619;   10;  0.00;eor
       4928;2025041620;   10;  0.00;eor
       4928;2025041703;   10;  0.00;eor
       4928;2025041704;   10;  0.00;eor
       4928;2025041705;   10;  0.00;eor
       4928;2025041706;   10;  0.00;eor
       4928;2025041707;   10;  0.00;eor
       4928;2025041708;   10;  0.00;eor
       4928;2025041709;   10;  0.00;eor
       4928;2025041710;   10;  0.00;eor
       4928;2025041711;   10;  0.00;eor
       4928;2025041712;   10;  0.00;eor
       4928;2025041713;   10;  0.00;eor
       4928;2025041714;   10;  0.00;eor
       4928;2025041715;   10;  0.00;eor
       4928;2025041716;   10;  0.00;eor
       4928;2025041717;   10;  0.00;eor
       4928;2025041718;   10;  0.00;eor
       4928;2025041719;   10;  0.00;eor
       4928;2025041720;   10;  0.00;eor
       4928;2025041803;   10;  0.00;eor
       4928;2025041804;   10;  0.00;eor
       4928;2025041805;   10;  0.00;eor
       4928;2025041806;   10;  0.00;eor
       4928;2025041807;   10;  0.00;eor
       4928;2025041808;   10;  0.00;eor
       4928;2025041809;   10;  0.00;eor
       4928;2025041810;   10;  7.00;eor
       4928;2025041811;   10;  0.00;eor
       4928;2025041812;   10;  0.00;eor
       4928;2025041813;   10;  0.00;eor
       4928;2025041814;   10; 17.00;eor
       4928;2025041815;   10;  6.00;eor
       4928;2025041816;   10;  0.00;eor
       4928;2025041817;   10;  0.00;eor
       4928;2025041818;   10;  0.00;eor
       4928;2025041819;   10;  0.00;eor
       4928;2025041820;   10;  0.00;eor
       4928;2025041903;   10;  0.00;eor
       4928;2025041904;   10;  0.00;eor
       4928;2025041905;   10;  0.00;eor
       4928;2025041906;   10; 15.00;eor
       4928;2025041907;   10; 60.00;eor
       4928;2025041908;   10; 60.00;eor
       4928;2025041909;   10; 60.00;eor
       4928;2025041910;   10; 60.00;eor
       4928;2025041911;   10; 60.00;eor
       4928;2025041912;   10; 60.00;eor
       4928;2025041913;   10; 60.00;eor
       4928;2025041914;   10; 60.00;eor
       4928;2025041915;   10; 60.00;eor
       4928;2025041916;   10; 60.00;eor
       4928;2025041917;   10; 56.00;eor
       4928;2025041918;   10; 19.00;eor
       4928;2025041919;   10;  6.00;eor
       4928;2025041920;   10;  0.00;eor
       4928;2025042003;   10;  0.00;eor
       4928;2025042004;   10;  0.00;eor
       4928;2025042005;   10;  6.00;eor
       4928;2025042006;   10; 32.00;eor
       4928;2025042007;   10; 40.00;eor
       4928;2025042008;   10; 60.00;eor
       4928;2025042009;   10; 60.00;eor
       4928;2025042010;   10; 60.00;eor
       4928;2025042011;   10; 60.00;eor
       4928;2025042012;   10; 60.00;eor
       4928;2025042013;   10; 27.00;eor
       4928;2025042014;   10;  2.00;eor
       4928;2025042015;   10;  0.00;eor
       4928;2025042016;   10;  0.00;eor
       4928;2025042017;   10;  0.00;eor
       4928;2025042018;   10; 18.00;eor
       4928;2025042019;   10; 11.00;eor
       4928;2025042020;   10;  0.00;eor
       4928;2025042103;   10;  0.00;eor
       4928;2025042104;   10;  0.00;eor
       4928;2025042105;   10;  0.00;eor
       4928;2025042106;   10;  7.00;eor
       4928;2025042107;   10;  0.00;eor
       4928;2025042108;   10; 20.00;eor
       4928;2025042109;   10; 60.00;eor
       4928;2025042110;   10; 15.00;eor
       4928;2025042111;   10;  0.00;eor
       4928;2025042112;   10;  0.00;eor
       4928;2025042113;   10; 18.00;eor
       4928;2025042114;   10; 23.00;eor
       4928;2025042115;   10; 13.00;eor
       4928;2025042116;   10;  0.00;eor
       4928;2025042117;   10; 46.00;eor
       4928;2025042118;   10; 20.00;eor
       4928;2025042119;   10;  0.00;eor
       4928;2025042120;   10;  0.00;eor
       4928;2025042203;   10;  0.00;eor
       4928;2025042204;   10;  0.00;eor
       4928;2025042205;   10;  0.00;eor
       4928;2025042206;   10; 14.00;eor
       4928;2025042207;   10; 58.00;eor
       4928;2025042208;   10; 42.00;eor
       4928;2025042209;   10; 58.00;eor
       4928;2025042210;   10;  6.00;eor
       4928;2025042211;   10;  0.00;eor
       4928;2025042212;   10;  0.00;eor
       4928;2025042213;   10;  0.00;eor
       4928;2025042214;   10;  0.00;eor
       4928;2025042215;   10;  2.00;eor
       4928;2025042216;   10; 57.00;eor
       4928;2025042217;   10; 60.00;eor
       4928;2025042218;   10; 31.00;eor
       4928;2025042219;   10;  0.00;eor
       4928;2025042220;   10;  0.00;eor
       4928;2025042303;   10;  0.00;eor
       4928;2025042304;   10;  0.00;eor
       4928;2025042305;   10; 10.00;eor
       4928;2025042306;   10; 60.00;eor
       4928;2025042307;   10; 59.00;eor
       4928;2025042308;   10; 50.00;eor
       4928;2025042309;   10; 60.00;eor
       4928;2025042310;   10; 60.00;eor
       4928;2025042311;   10; 54.00;eor
       4928;2025042312;   10; 44.00;eor
       4928;2025042313;   10; 29.00;eor
       4928;2025042314;   10;  0.00;eor
       4928;2025042315;   10; 12.00;eor
       4928;2025042316;   10;  2.00;eor
       4928;2025042317;   10;  0.00;eor
       4928;2025042318;   10;  0.00;eor
       4928;2025042319;   10;  0.00;eor
       4928;2025042320;   10;  0.00;eor
       4928;2025042403;   10;  0.00;eor
       4928;2025042404;   10;  0.00;eor
       4928;2025042405;   10;  0.00;eor
       4928;2025042406;   10;  2.00;eor
       4928;2025042407;   10;  0.00;eor
       4928;2025042408;   10;  0.00;eor
       4928;2025042409;   10;  0.00;eor
       4928;2025042410;   10;  0.00;eor
       4928;2025042411;   10;  3.00;eor
       4928;2025042412;   10;  0.00;eor
       4928;2025042413;   10;  1.00;eor
       4928;2025042414;   10;  1.00;eor
       4928;2025042415;   10;  0.00;eor
       4928;2025042416;   10;  4.00;eor
       4928;2025042417;   10;  0.00;eor
       4928;2025042418;   10;  0.00;eor
       4928;2025042419;   10;  0.00;eor
       4928;2025042420;   10;  0.00;eor
       4928;2025042503;   10;  0.00;eor
       4928;2025042504;   10;  0.00;eor
       4928;2025042505;   10;  0.00;eor
       4928;2025042506;   10;  0.00;eor
       4928;2025042507;   10;  0.00;eor
       4928;2025042508;   10;  0.00;eor
       4928;2025042509;   10; 10.00;eor
       4928;2025042510;   10;  2.00;eor
       4928;2025042511;   10;  0.00;eor
       4928;2025042512;   10; 16.00;eor
       4928;2025042513;   10;  0.00;eor
       4928;2025042514;   10; 14.00;eor
       4928;2025042515;   10;  0.00;eor
       4928;2025042516;   10;  0.00;eor
       4928;2025042517;   10;  0.00;eor
       4928;2025042518;   10;  0.00;eor
       4928;2025042519;   10;  0.00;eor
       4928;2025042520;   10;  0.00;eor
       4928;2025042603;   10;  0.00;eor
       4928;2025042604;   10;  0.00;eor
       4928;2025042605;   10;  0.00;eor
       4928;2025042606;   10;  0.00;eor
       4928;2025042607;   10;  0.00;eor
       4928;2025042608;   10; 27.00;eor
       4928;2025042609;   10;  0.00;eor
       4928;2025042610;   10;  0.00;eor
       4928;2025042611;   10;  0.00;eor
       4928;2025042612;   10;  0.00;eor
       4928;2025042613;   10;  0.00;eor
       4928;2025042614;   10;  0.00;eor
       4928;2025042615;   10;  0.00;eor
       4928;2025042616;   10;  0.00;eor
       4928;2025042617;   10;  0.00;eor
       4928;2025042618;   10;  0.00;eor
       4928;2025042619;   10;  0.00;eor
       4928;2025042620;   10;  0.00;eor
       4928;2025042703;   10;  0.00;eor
       4928;2025042704;   10;  0.00;eor
       4928;2025042705;   10; 17.00;eor
       4928;2025042706;   10; 58.00;eor
       4928;2025042707;   10; 60.00;eor
       4928;2025042708;   10; 60.00;eor
       4928;2025042709;   10; 60.00;eor
       4928;2025042710;   10; 60.00;eor
       4928;2025042711;   10; 60.00;eor
       4928;2025042712;   10; 60.00;eor
       4928;2025042713;   10; 60.00;eor
       4928;2025042714;   10; 60.00;eor
       4928;2025042715;   10; 60.00;eor
       4928;2025042716;   10; 60.00;eor
       4928;2025042717;   10; 60.00;eor
       4928;2025042718;   10; 60.00;eor
       4928;2025042719;   10; 13.00;eor
       4928;2025042720;   10;  0.00;eor
       4928;2025042803;   10;  0.00;eor
       4928;2025042804;   10;  0.00;eor
       4928;2025042805;   10; 18.00;eor
       4928;2025042806;   10; 60.00;eor
       4928;2025042807;   10; 60.00;eor
       4928;2025042808;   10; 60.00;eor
       4928;2025042809;   10; 60.00;eor
       4928;2025042810;   10; 60.00;eor
       4928;2025042811;   10; 60.00;eor
       4928;2025042812;   10; 60.00;eor
       4928;2025042813;   10; 60.00;eor
       4928;2025042814;   10; 60.00;eor
       4928;2025042815;   10; 60.00;eor
       4928;2025042816;   10; 60.00;eor
       4928;2025042817;   10; 60.00;eor
       4928;2025042818;   10; 60.00;eor
       4928;2025042819;   10; 25.00;eor
       4928;2025042820;   10;  0.00;eor
       4928;2025042903;   10;  0.00;eor
       4928;2025042904;   10;  0.00;eor
       4928;2025042905;   10; 26.00;eor
       4928;2025042906;   10; 60.00;eor
       4928;2025042907;   10; 60.00;eor
       4928;2025042908;   10; 60.00;eor
       4928;2025042909;   10; 60.00;eor
       4928;2025042910;   10; 60.00;eor
       4928;2025042911;   10; 60.00;eor
       4928;2025042912;   10; 60.00;eor
       4928;2025042913;   10; 60.00;eor
       4928;2025042914;   10; 60.00;eor
       4928;2025042915;   10; 60.00;eor
       4928;2025042916;   10; 60.00;eor
       4928;2025042917;   10; 60.00;eor
       4928;2025042918;   10; 60.00;eor
       4928;2025042919;   10; 25.00;eor
       4928;2025042920;   10;  0.00;eor
       4928;2025043003;   10;  0.00;eor
       4928;2025043004;   10;  0.00;eor
       4928;2025043005;   10; 27.00;eor
       4928;2025043006;   10; 60.00;eor
       4928;2025043007;   10; 60.00;eor
       4928;2025043008;   10; 60.00;eor
       4928;2025043009;   10; 60.00;eor
       4928;2025043010;   10; 60.00;eor
       4928;2025043011;   10; 60.00;eor
       4928;2025043012;   10; 60.00;eor
       4928;2025043013;   10; 60.00;eor
       4928;2025043014;   10; 60.00;eor
       4928;2025043015;   10; 60.00;eor
       4928;2025043016;   10; 60.00;eor
       4928;2025043017;   10; 60.00;eor
       4928;2025043018;   10; 60.00;eor
       4928;2025043019;   10; 28.00;eor
       4928;2025043020;   10;  0.00;eor
       4928;2025050103;   10;  0.00;eor
       4928;2025050104;   10;  0.00;eor
       4928;2025050105;   10; 28.00;eor
       4928;2025050106;   10; 60.00;eor
       4928;2025050107;   10; 60.00;eor
       4928;2025050108;   10; 60.00;eor
       4928;2025050109;   10; 60.00;eor
       4928;2025050110;   10; 60.00;eor
       4928;2025050111;   10; 60.00;eor
       4928;2025050112;   10; 60.00;eor
       4928;2025050113;   10; 60.00;eor
       4928;2025050114;   10; 60.00;eor
       4928;2025050115;   10; 60.00;eor
       4928;2025050116;   10; 60.00;eor
       4928;2025050117;   10; 60.00;eor
       4928;2025050118;   10; 60.00;eor
       4928;2025050119;   10; 30.00;eor
       4928;2025050120;   10;  0.00;eor
       4928;2025050203;   10;  0.00;eor
       4928;2025050204;   10;  0.00;eor
       4928;2025050205;   10; 29.00;eor
       4928;2025050206;   10; 60.00;eor
       4928;2025050207;   10; 60.00;eor
       4928;2025050208;   10; 60.00;eor
       4928;2025050209;   10; 60.00;eor
       4928;2025050210;   10; 60.00;eor
       4928;2025050211;   10; 60.00;eor
       4928;2025050212;   10; 60.00;eor
       4928;2025050213;   10; 60.00;eor
       4928;2025050214;   10; 48.00;eor
       4928;2025050215;   10; 60.00;eor
       4928;2025050216;   10; 60.00;eor
       4928;2025050217;   10; 60.00;eor
       4928;2025050218;   10; 19.00;eor
       4928;2025050219;   10;  0.00;eor
       4928;2025050220;   10;  0.00;eor
       4928;2025050303;   10;  0.00;eor
       4928;2025050304;   10;  0.00;eor
       4928;2025050305;   10;  0.00;eor
       4928;2025050306;   10;  0.00;eor
       4928;2025050307;   10;  0.00;eor
       4928;2025050308;   10;  0.00;eor
       4928;2025050309;   10;  0.00;eor
       4928;2025050310;   10;  0.00;eor
       4928;2025050311;   10;  2.00;eor
       4928;2025050312;   10; 11.00;eor
       4928;2025050313;   10; 10.00;eor
       4928;2025050314;   10; 34.00;eor
       4928;2025050315;   10; 48.00;eor
       4928;2025050316;   10; 45.00;eor
       4928;2025050317;   10; 49.00;eor
       4928;2025050318;   10; 10.00;eor
       4928;2025050319;   10;  0.00;eor
       4928;2025050320;   10;  0.00;eor
       4928;2025050403;   10;  0.00;eor
       4928;2025050404;   10;  0.00;eor
       4928;2025050405;   10;  0.00;eor
       4928;2025050406;   10;  0.00;eor
       4928;2025050407;   10;  0.00;eor
       4928;2025050408;   10;  0.00;eor
       4928;2025050409;   10;  0.00;eor
       4928;2025050410;   10;  0.00;eor
       4928;2025050411;   10;  0.00;eor
       4928;2025050412;   10;  0.00;eor
       4928;2025050413;   10;  0.00;eor
       4928;2025050414;   10;  0.00;eor
       4928;2025050415;   10;  0.00;eor
       4928;2025050416;   10;  0.00;eor
       4928;2025050417;   10;  0.00;eor
       4928;2025050418;   10;  0.00;eor
       4928;2025050419;   10;  7.00;eor
       4928;2025050420;   10;  0.00;eor
       4928;2025050503;   10;  0.00;eor
       4928;2025050504;   10;  0.00;eor
       4928;2025050505;   10;  0.00;eor
       4928;2025050506;   10;  0.00;eor
       4928;2025050507;   10;  0.00;eor
       4928;2025050508;   10;  0.00;eor
       4928;2025050509;   10; 53.00;eor
       4928;2025050510;   10; 39.00;eor
       4928;2025050511;   10;  0.00;eor
       4928;2025050512;   10;  0.00;eor
       4928;2025050513;   10;  0.00;eor
       4928;2025050514;   10;  0.00;eor
       4928;2025050515;   10;  0.00;eor
       4928;2025050516;   10;  0.00;eor
       4928;2025050517;   10;  0.00;eor
       4928;2025050518;   10;  0.00;eor
       4928;2025050519;   10;  0.00;eor
       4928;2025050520;   10;  0.00;eor
       4928;2025050603;   10;  0.00;eor
       4928;2025050604;   10;  0.00;eor
       4928;2025050605;   10;  0.00;eor
       4928;2025050606;   10; 22.00;eor
       4928;2025050607;   10; 60.00;eor
       4928;2025050608;   10; 60.00;eor
       4928;2025050609;   10; 60.00;eor
       4928;2025050610;   10; 16.00;eor
       4928;2025050611;   10;  0.00;eor
       4928;2025050612;   10;  4.00;eor
       4928;2025050613;   10; 47.00;eor
       4928;2025050614;   10; 46.00;eor
       4928;2025050615;   10; 60.00;eor
       4928;2025050616;   10; 60.00;eor
       4928;2025050617;   10; 39.00;eor
       4928;2025050618;   10;  1.00;eor
       4928;2025050619;   10; 25.00;eor
       4928;2025050620;   10;  0.00;eor
       4928;2025050703;   10;  0.00;eor
       4928;2025050704;   10;  0.00;eor
       4928;2025050705;   10; 38.00;eor
       4928;2025050706;   10; 60.00;eor
       4928;2025050707;   10; 60.00;eor
       4928;2025050708;   10; 60.00;eor
       4928;2025050709;   10; 60.00;eor
       4928;2025050710;   10; 60.00;eor
       4928;2025050711;   10; 59.00;eor
       4928;2025050712;   10; 58.00;eor
       4928;2025050713;   10; 50.00;eor
       4928;2025050714;   10; 27.00;eor
       4928;2025050715;   10; 27.00;eor
       4928;2025050716;   10; 38.00;eor
       4928;2025050717;   10; 28.00;eor
       4928;2025050718;   10; 26.00;eor
       4928;2025050719;   10;  9.00;eor
       4928;2025050720;   10;  0.00;eor
       4928;2025050803;   10;  0.00;eor
       4928;2025050804;   10;  0.00;eor
       4928;2025050805;   10;  0.00;eor
       4928;2025050806;   10;  0.00;eor
       4928;2025050807;   10;  0.00;eor
       4928;2025050808;   10;  0.00;eor
       4928;2025050809;   10;  3.00;eor
       4928;2025050810;   10; 14.00;eor
       4928;2025050811;   10;  2.00;eor
       4928;2025050812;   10; 33.00;eor
       4928;2025050813;   10;  0.00;eor
       4928;2025050814;   10;  0.00;eor
       4928;2025050815;   10;  0.00;eor
       4928;2025050816;   10;  0.00;eor
       4928;2025050817;   10;  0.00;eor
       4928;2025050818;   10;  0.00;eor
       4928;2025050819;   10;  0.00;eor
       4928;2025050820;   10;  0.00;eor
       4928;2025050903;   10;  0.00;eor
       4928;2025050904;   10;  0.00;eor
       4928;2025050905;   10; 39.00;eor
       4928;2025050906;   10; 60.00;eor
       4928;2025050907;   10; 60.00;eor
       4928;2025050908;   10; 60.00;eor
       4928;2025050909;   10; 60.00;eor
       4928;2025050910;   10; 60.00;eor
       4928;2025050911;   10; 57.00;eor
       4928;2025050912;   10; 60.00;eor
       4928;2025050913;   10; 57.00;eor
       4928;2025050914;   10; 60.00;eor
       4928;2025050915;   10; 60.00;eor
       4928;2025050916;   10; 60.00;eor
       4928;2025050917;   10; 57.00;eor
       4928;2025050918;   10; 60.00;eor
       4928;2025050919;   10; 41.00;eor
       4928;2025050920;   10;  0.00;eor
       4928;2025051003;   10;  0.00;eor
       4928;2025051004;   10;  0.00;eor
       4928;2025051005;   10; 42.00;eor
       4928;2025051006;   10; 60.00;eor
       4928;2025051007;   10; 60.00;eor
       4928;2025051008;   10; 60.00;eor
       4928;2025051009;   10; 60.00;eor
       4928;2025051010;   10; 60.00;eor
       4928;2025051011;   10; 60.00;eor
       4928;2025051012;   10; 60.00;eor
       4928;2025051013;   10; 60.00;eor
       4928;2025051014;   10; 60.00;eor
       4928;2025051015;   10; 60.00;eor
       4928;2025051016;   10; 60.00;eor
       4928;2025051017;   10; 60.00;eor
       4928;2025051018;   10; 60.00;eor
       4928;2025051019;   10; 42.00;eor
       4928;2025051020;   10;  0.00;eor
       4928;2025051103;   10;  0.00;eor
       4928;2025051104;   10;  0.00;eor
       4928;2025051105;   10; 44.00;eor
       4928;2025051106;   10; 60.00;eor
       4928;2025051107;   10; 60.00;eor
       4928;2025051108;   10; 60.00;eor
       4928;2025051109;   10; 60.00;eor
       4928;2025051110;   10; 60.00;eor
       4928;2025051111;   10; 60.00;eor
       4928;2025051112;   10; 60.00;eor
       4928;2025051113;   10; 60.00;eor
       4928;2025051114;   10; 60.00;eor
       4928;2025051115;   10; 58.00;eor
       4928;2025051116;   10; 60.00;eor
       4928;2025051117;   10; 59.00;eor
       4928;2025051118;   10; 56.00;eor
       4928;2025051119;   10; 43.00;eor
       4928;2025051120;   10;  0.00;eor
       4928;2025051203;   10;  0.00;eor
       4928;2025051204;   10;  0.00;eor
       4928;2025051205;   10; 46.00;eor
       4928;2025051206;   10; 60.00;eor
       4928;2025051207;   10; 60.00;eor
       4928;2025051208;   10; 60.00;eor
       4928;2025051209;   10; 60.00;eor
       4928;2025051210;   10; 60.00;eor
       4928;2025051211;   10; 55.00;eor
       4928;2025051212;   10; 60.00;eor
       4928;2025051213;   10; 53.00;eor
       4928;2025051214;   10; 55.00;eor
       4928;2025051215;   10; 56.00;eor
       4928;2025051216;   10; 60.00;eor
       4928;2025051217;   10; 60.00;eor
       4928;2025051218;   10; 60.00;eor
       4928;2025051219;   10; 45.00;eor
       4928;2025051220;   10;  0.00;eor
       4928;2025051303;   10;  0.00;eor
       4928;2025051304;   10;  0.00;eor
       4928;2025051305;   10; 47.00;eor
       4928;2025051306;   10; 60.00;eor
       4928;2025051307;   10; 60.00;eor
       4928;2025051308;   10; 60.00;eor
       4928;2025051309;   10; 60.00;eor
       4928;2025051310;   10; 60.00;eor
       4928;2025051311;   10; 47.00;eor
       4928;2025051312;   10; 57.00;eor
       4928;2025051313;   10; 57.00;eor
       4928;2025051314;   10; 50.00;eor
       4928;2025051315;   10; 37.00;eor
       4928;2025051316;   10; 53.00;eor
       4928;2025051317;   10; 60.00;eor
       4928;2025051318;   10; 60.00;eor
       4928;2025051319;   10; 45.00;eor
       4928;2025051320;   10;  0.00;eor
       4928;2025051403;   10;  0.00;eor
       4928;2025051404;   10;  0.00;eor
       4928;2025051405;   10; 39.00;eor
       4928;2025051406;   10; 60.00;eor
       4928;2025051407;   10; 60.00;eor
       4928;2025051408;   10; 60.00;eor
       4928;2025051409;   10; 60.00;eor
       4928;2025051410;   10; 60.00;eor
       4928;2025051411;   10; 60.00;eor
       4928;2025051412;   10; 60.00;eor
       4928;2025051413;   10; 60.00;eor
       4928;2025051414;   10; 60.00;eor
       4928;2025051415;   10; 60.00;eor
       4928;2025051416;   10; 60.00;eor
       4928;2025051417;   10; 60.00;eor
       4928;2025051418;   10; 60.00;eor
       4928;2025051419;   10; 47.00;eor
       4928;2025051420;   10;  0.00;eor
       4928;2025051503;   10;  0.00;eor
       4928;2025051504;   10;  0.00;eor
       4928;2025051505;   10;  0.00;eor
       4928;2025051506;   10; 14.00;eor
       4928;2025051507;   10; 60.00;eor
       4928;2025051508;   10; 60.00;eor
       4928;2025051509;   10; 59.00;eor
       4928;2025051510;   10; 60.00;eor
       4928;2025051511;   10; 58.00;eor
       4928;2025051512;   10; 58.00;eor
       4928;2025051513;   10; 57.00;eor
       4928;2025051514;   10; 53.00;eor
       4928;2025051515;   10; 31.00;eor
       4928;2025051516;   10; 31.00;eor
       4928;2025051517;   10; 58.00;eor
       4928;2025051518;   10; 60.00;eor
       4928;2025051519;   10; 47.00;eor
       4928;2025051520;   10;  0.00;eor
       4928;2025051603;   10;  0.00;eor
       4928;2025051604;   10;  0.00;eor
       4928;2025051605;   10; 51.00;eor
       4928;2025051606;   10; 60.00;eor
       4928;2025051607;   10; 60.00;eor
       4928;2025051608;   10; 60.00;eor
       4928;2025051609;   10; 60.00;eor
       4928;2025051610;   10; 60.00;eor
       4928;2025051611;   10; 54.00;eor
       4928;2025051612;   10; 40.00;eor
       4928;2025051613;   10; 39.00;eor
       4928;2025051614;   10;  6.00;eor
       4928;2025051615;   10;  8.00;eor
       4928;2025051616;   10; 12.00;eor
       4928;2025051617;   10;  2.00;eor
       4928;2025051618;   10;  0.00;eor
       4928;2025051619;   10;  0.00;eor
       4928;2025051620;   10;  0.00;eor
       4928;2025051703;   10;  0.00;eor
       4928;2025051704;   10;  0.00;eor
       4928;2025051705;   10; 41.00;eor
       4928;2025051706;   10; 60.00;eor
       4928;2025051707;   10; 60.00;eor
       4928;2025051708;   10; 60.00;eor
       4928;2025051709;   10; 57.00;eor
       4928;2025051710;   10; 47.00;eor
       4928;2025051711;   10; 42.00;eor
       4928;2025051712;   10; 55.00;eor
       4928;2025051713;   10; 35.00;eor
       4928;2025051714;   10; 42.00;eor
       4928;2025051715;   10; 46.00;eor
       4928;2025051716;   10; 49.00;eor
       4928;2025051717;   10; 26.00;eor
       4928;2025051718;   10; 36.00;eor
       4928;2025051719;   10;  3.00;eor
       4928;2025051720;   10;  0.00;eor
       4928;2025051803;   10;  0.00;eor
       4928;2025051804;   10;  0.00;eor
       4928;2025051805;   10; 35.00;eor
       4928;2025051806;   10;  6.00;eor
       4928;2025051807;   10; 24.00;eor
       4928;2025051808;   10; 57.00;eor
       4928;2025051809;   10; 60.00;eor
       4928;2025051810;   10; 55.00;eor
       4928;2025051811;   10; 55.00;eor
       4928;2025051812;   10; 57.00;eor
       4928;2025051813;   10; 57.00;eor
       4928;2025051814;   10; 43.00;eor
       4928;2025051815;   10; 59.00;eor
       4928;2025051816;   10; 48.00;eor
       4928;2025051817;   10; 41.00;eor
       4928;2025051818;   10; 57.00;eor
       4928;2025051819;   10; 51.00;eor
       4928;2025051820;   10;  0.00;eor
       4928;2025051903;   10;  0.00;eor
       4928;2025051904;   10;  0.00;eor
       4928;2025051905;   10; 54.00;eor
       4928;2025051906;   10; 60.00;eor
       4928;2025051907;   10; 60.00;eor
       4928;2025051908;   10; 60.00;eor
       4928;2025051909;   10; 60.00;eor
       4928;2025051910;   10; 60.00;eor
       4928;2025051911;   10; 60.00;eor
       4928;2025051912;   10; 60.00;eor
       4928;2025051913;   10; 60.00;eor
       4928;2025051914;   10; 60.00;eor
       4928;2025051915;   10; 60.00;eor
       4928;2025051916;   10; 60.00;eor
       4928;2025051917;   10; 60.00;eor
       4928;2025051918;   10; 60.00;eor
       4928;2025051919;   10; 50.00;eor
       4928;2025051920;   10;  0.00;eor
       4928;2025052003;   10;  0.00;eor
       4928;2025052004;   10;  0.00;eor
       4928;2025052005;   10; 15.00;eor
       4928;2025052006;   10; 56.00;eor
       4928;2025052007;   10; 54.00;eor
       4928;2025052008;   10; 52.00;eor
       4928;2025052009;   10; 60.00;eor
       4928;2025052010;   10; 48.00;eor
       4928;2025052011;   10; 57.00;eor
       4928;2025052012;   10; 44.00;eor
       4928;2025052013;   10;  4.00;eor
       4928;2025052014;   10;  0.00;eor
       4928;2025052015;   10; 29.00;eor
       4928;2025052016;   10; 43.00;eor
       4928;2025052017;   10; 53.00;eor
       4928;2025052018;   10;  5.00;eor
       4928;2025052019;   10;  0.00;eor
       4928;2025052020;   10;  0.00;eor
       4928;2025052103;   10;  0.00;eor
       4928;2025052104;   10;  0.00;eor
       4928;2025052105;   10; 10.00;eor
       4928;2025052106;   10; 23.00;eor
       4928;2025052107;   10;  2.00;eor
       4928;2025052108;   10; 17.00;eor
       4928;2025052109;   10; 25.00;eor
       4928;2025052110;   10; 12.00;eor
       4928;2025052111;   10;  0.00;eor
       4928;2025052112;   10;  0.00;eor
       4928;2025052113;   10; 22.00;eor
       4928;2025052114;   10;  0.00;eor
       4928;2025052115;   10;  0.00;eor
       4928;2025052116;   10;  0.00;eor
       4928;2025052117;   10;  0.00;eor
       4928;2025052118;   10;  0.00;eor
       4928;2025052119;   10;  0.00;eor
       4928;2025052120;   10;  0.00;eor
       4928;2025052203;   10;  0.00;eor
       4928;2025052204;   10;  0.00;eor
       4928;2025052205;   10;  0.00;eor
       4928;2025052206;   10;  0.00;eor
       4928;2025052207;   10;  0.00;eor
       4928;2025052208;   10;  0.00;eor
       4928;2025052209;   10;  0.00;eor
       4928;2025052210;   10;  0.00;eor
       4928;2025052211;   10;  0.00;eor
       4928;2025052212;   10; 15.00;eor
       4928;2025052213;   10; 40.00;eor
       4928;2025052214;   10; 50.00;eor
       4928;2025052215;   10; 49.00;eor
       4928;2025052216;   10; 29.00;eor
       4928;2025052217;   10; 41.00;eor
       4928;2025052218;   10; 41.00;eor
       4928;2025052219;   10;  0.00;eor
       4928;2025052220;   10;  0.00;eor
       4928;2025052303;   10;  0.00;eor
       4928;2025052304;   10;  0.00;eor
       4928;2025052305;   10;  7.00;eor
       4928;2025052306;   10;  0.00;eor
       4928;2025052307;   10;  0.00;eor
       4928;2025052308;   10;  3.00;eor
       4928;2025052309;   10; 10.00;eor
       4928;2025052310;   10; 60.00;eor
       4928;2025052311;   10; 40.00;eor
       4928;2025052312;   10; 52.00;eor
       4928;2025052313;   10; 51.00;eor
       4928;2025052314;   10; 50.00;eor
       4928;2025052315;   10; 47.00;eor
       4928;2025052316;   10; 24.00;eor
       4928;2025052317;   10; 40.00;eor
       4928;2025052318;   10; 44.00;eor
       4928;2025052319;   10; 23.00;eor
       4928;2025052320;   10;  0.00;eor
       4928;2025052403;   10;  0.00;eor
       4928;2025052404;   10;  0.00;eor
       4928;2025052405;   10; 40.00;eor
       4928;2025052406;   10; 60.00;eor
       4928;2025052407;   10; 60.00;eor
       4928;2025052408;   10; 60.00;eor
       4928;2025052409;   10; 59.00;eor
       4928;2025052410;   10; 52.00;eor
       4928;2025052411;   10; 58.00;eor
       4928;2025052412;   10; 53.00;eor
       4928;2025052413;   10; 43.00;eor
       4928;2025052414;   10; 60.00;eor
       4928;2025052415;   10; 60.00;eor
       4928;2025052416;   10; 34.00;eor
       4928;2025052417;   10; 20.00;eor
       4928;2025052418;   10;  0.00;eor
       4928;2025052419;   10;  0.00;eor
       4928;2025052420;   10;  0.00;eor
       4928;2025052503;   10;  0.00;eor
       4928;2025052504;   10;  0.00;eor
       4928;2025052505;   10;  0.00;eor
       4928;2025052506;   10;  0.00;eor
       4928;2025052507;   10;  0.00;eor
       4928;2025052508;   10;  0.00;eor
       4928;2025052509;   10;  0.00;eor
       4928;2025052510;   10;  0.00;eor
       4928;2025052511;   10; 25.00;eor
       4928;2025052512;   10;  0.00;eor
       4928;2025052513;   10;  0.00;eor
       4928;2025052514;   10;  4.00;eor
       4928;2025052515;   10; 15.00;eor
       4928;2025052516;   10;  0.00;eor
       4928;2025052517;   10; 21.00;eor
       4928;2025052518;   10;  2.00;eor
       4928;2025052519;   10;  0.00;eor
       4928;2025052520;   10;  0.00;eor
       4928;2025052603;   10;  0.00;eor
       4928;2025052604;   10;  0.00;eor
       4928;2025052605;   10;  6.00;eor
       4928;2025052606;   10;  5.00;eor
       4928;2025052607;   10; 46.00;eor
       4928;2025052608;   10; 48.00;eor
       4928;2025052609;   10; 47.00;eor
       4928;2025052610;   10; 28.00;eor
       4928;2025052611;   10; 45.00;eor
       4928;2025052612;   10; 47.00;eor
       4928;2025052613;   10; 40.00;eor
       4928;2025052614;   10; 34.00;eor
       4928;2025052615;   10; 15.00;eor
       4928;2025052616;   10; 29.00;eor
       4928;2025052617;   10; 36.00;eor
       4928;2025052618;   10; 18.00;eor
       4928;2025052619;   10;  7.00;eor
       4928;2025052620;   10;  0.00;eor
       4928;2025052703;   10;  0.00;eor
       4928;2025052704;   10;  0.00;eor
       4928;2025052705;   10;  0.00;eor
       4928;2025052706;   10;  0.00;eor
       4928;2025052707;   10; 15.00;eor
       4928;2025052708;   10; 11.00;eor
       4928;2025052709;   10; 31.00;eor
       4928;2025052710;   10; 18.00;eor
       4928;2025052711;   10; 48.00;eor
       4928;2025052712;   10; 12.00;eor
       4928;2025052713;   10;  3.00;eor
       4928;2025052714;   10;  2.00;eor
       4928;2025052715;   10; 27.00;eor
       4928;2025052716;   10; 18.00;eor
       4928;2025052717;   10;  5.00;eor
       4928;2025052718;   10; 10.00;eor
       4928;2025052719;   10;  0.00;eor
       4928;2025052720;   10;  0.00;eor
       4928;2025052803;   10;  0.00;eor
       4928;2025052804;   10;  0.00;eor
       4928;2025052805;   10;  0.00;eor
       4928;2025052806;   10;  0.00;eor
       4928;2025052807;   10;  0.00;eor
       4928;2025052808;   10;  0.00;eor
       4928;2025052809;   10;  0.00;eor
       4928;2025052810;   10;  0.00;eor
       4928;2025052811;   10;  0.00;eor
       4928;2025052812;   10;  0.00;eor
       4928;2025052813;   10;  0.00;eor
       4928;2025052814;   10;  7.00;eor
       4928;2025052815;   10; 19.00;eor
       4928;2025052816;   10; 28.00;eor
       4928;2025052817;   10;  7.00;eor
       4928;2025052818;   10;  9.00;eor
       4928;2025052819;   10;  5.00;eor
       4928;2025052820;   10;  0.00;eor
       4928;2025052903;   10;  0.00;eor
       4928;2025052904;   10;  0.00;eor
       4928;2025052905;   10;  0.00;eor
       4928;2025052906;   10;  0.00;eor
       4928;2025052907;   10;  0.00;eor
       4928;2025052908;   10;  5.00;eor
       4928;2025052909;   10; 14.00;eor
       4928;2025052910;   10; 28.00;eor
       4928;2025052911;   10; 33.00;eor
       4928;2025052912;   10; 49.00;eor
       4928;2025052913;   10; 23.00;eor
       4928;2025052914;   10;  5.00;eor
       4928;2025052915;   10;  4.00;eor
       4928;2025052916;   10;  0.00;eor
       4928;2025052917;   10; 26.00;eor
       4928;2025052918;   10;  3.00;eor
       4928;2025052919;   10;  0.00;eor
       4928;2025052920;   10;  0.00;eor
       4928;2025053003;   10;  0.00;eor
       4928;2025053004;   10;  0.00;eor
       4928;2025053005;   10;  0.00;eor
       4928;2025053006;   10;  3.00;eor
       4928;2025053007;   10; 52.00;eor
       4928;2025053008;   10; 60.00;eor
       4928;2025053009;   10; 56.00;eor
       4928;2025053010;   10; 49.00;eor
       4928;2025053011;   10; 60.00;eor
       4928;2025053012;   10; 60.00;eor
       4928;2025053013;   10; 60.00;eor
       4928;2025053014;   10; 60.00;eor
       4928;2025053015;   10; 60.00;eor
       4928;2025053016;   10; 60.00;eor
       4928;2025053017;   10; 60.00;eor
       4928;2025053018;   10; 60.00;eor
       4928;2025053019;   10; 60.00;eor
       4928;2025053020;   10;  5.00;eor
       4928;2025053103;   10;  0.00;eor
       4928;2025053104;   10;  0.00;eor
       4928;2025053105;   10; 51.00;eor
       4928;2025053106;   10; 60.00;eor
       4928;2025053107;   10; 60.00;eor
       4928;2025053108;   10; 60.00;eor
       4928;2025053109;   10; 60.00;eor
       4928;2025053110;   10; 60.00;eor
       4928;2025053111;   10; 60.00;eor
       4928;2025053112;   10; 60.00;eor
       4928;2025053113;   10; 60.00;eor
       4928;2025053114;   10; 60.00;eor
       4928;2025053115;   10; 58.00;eor
       4928;2025053116;   10; 56.00;eor
       4928;2025053117;   10;  7.00;eor
       4928;2025053118;   10;  0.00;eor
       4928;2025053119;   10;  0.00;eor
       4928;2025053120;   10;  0.00;eor
       4928;2025060103;   10;  0.00;eor
       4928;2025060104;   10;  0.00;eor
       4928;2025060105;   10;  0.00;eor
       4928;2025060106;   10;  0.00;eor
       4928;2025060107;   10; 41.00;eor
       4928;2025060108;   10; 48.00;eor
       4928;2025060109;   10; 60.00;eor
       4928;2025060110;   10; 60.00;eor
       4928;2025060111;   10; 41.00;eor
       4928;2025060112;   10; 26.00;eor
       4928;2025060113;   10; 26.00;eor
       4928;2025060114;   10; 35.00;eor
       4928;2025060115;   10; 21.00;eor
       4928;2025060116;   10; 39.00;eor
       4928;2025060117;   10;  9.00;eor
       4928;2025060118;   10;  0.00;eor
       4928;2025060119;   10;  0.00;eor
       4928;2025060120;   10;  0.00;eor
       4928;2025060203;   10;  0.00;eor
       4928;2025060204;   10;  0.00;eor
       4928;2025060205;   10;  1.00;eor
       4928;2025060206;   10;  0.00;eor
       4928;2025060207;   10;  0.00;eor
       4928;2025060208;   10;  0.00;eor
       4928;2025060209;   10;  0.00;eor
       4928;2025060210;   10;  9.00;eor
       4928;2025060211;   10; 32.00;eor
       4928;2025060212;   10;  5.00;eor
       4928;2025060213;   10;  1.00;eor
       4928;2025060214;   10;  0.00;eor
       4928;2025060215;   10;  0.00;eor
       4928;2025060216;   10;  8.00;eor
       4928;2025060217;   10;  0.00;eor
       4928;2025060218;   10;  0.00;eor
       4928;2025060219;   10;  0.00;eor
       4928;2025060220;   10;  0.00;eor
       4928;2025060303;   10;  0.00;eor
       4928;2025060304;   10;  0.00;eor
       4928;2025060305;   10;  0.00;eor
       4928;2025060306;   10;  1.00;eor
       4928;2025060307;   10;  4.00;eor
       4928;2025060308;   10; 47.00;eor
       4928;2025060309;   10; 19.00;eor
       4928;2025060310;   10;  6.00;eor
       4928;2025060311;   10; 19.00;eor
       4928;2025060312;   10; 35.00;eor
       4928;2025060313;   10; 56.00;eor
       4928;2025060314;   10; 21.00;eor
       4928;2025060315;   10;  4.00;eor
       4928;2025060316;   10;  0.00;eor
       4928;2025060317;   10; 24.00;eor
       4928;2025060318;   10; 23.00;eor
       4928;2025060319;   10; 11.00;eor
       4928;2025060320;   10;  0.00;eor
       4928;2025060403;   10;  0.00;eor
       4928;2025060404;   10;  0.00;eor
       4928;2025060405;   10;  0.00;eor
       4928;2025060406;   10;  0.00;eor
       4928;2025060407;   10;  0.00;eor
       4928;2025060408;   10;  0.00;eor
       4928;2025060409;   10;  0.00;eor
       4928;2025060410;   10;  4.00;eor
       4928;2025060411;   10;  0.00;eor
       4928;2025060412;   10;  0.00;eor
       4928;2025060413;   10;  0.00;eor
       4928;2025060414;   10; 17.00;eor
       4928;2025060415;   10;  0.00;eor
       4928;2025060416;   10;  0.00;eor
       4928;2025060417;   10;  0.00;eor
       4928;2025060418;   10;  0.00;eor
       4928;2025060419;   10;  0.00;eor
       4928;2025060420;   10;  0.00;eor
       4928;2025060503;   10;  0.00;eor
       4928;2025060504;   10;  0.00;eor
       4928;2025060505;   10;  3.00;eor
       4928;2025060506;   10;  8.00;eor
       4928;2025060507;   10;  0.00;eor
       4928;2025060508;   10; 20.00;eor
       4928;2025060509;   10; 55.00;eor
       4928;2025060510;   10; 47.00;eor
       4928;2025060511;   10; 15.00;eor
       4928;2025060512;   10;  9.00;eor
       4928;2025060513;   10; 12.00;eor
       4928;2025060514;   10;  0.00;eor
       4928;2025060515;   10;  0.00;eor
       4928;2025060516;   10; 15.00;eor
       4928;2025060517;   10; 33.00;eor
       4928;2025060518;   10;  1.00;eor
       4928;2025060519;   10;  0.00;eor
       4928;2025060520;   10;  0.00;eor
       4928;2025060603;   10;  0.00;eor
       4928;2025060604;   10;  0.00;eor
       4928;2025060605;   10;  0.00;eor
       4928;2025060606;   10;  7.00;eor
       4928;2025060607;   10; 33.00;eor
       4928;2025060608;   10;  5.00;eor
       4928;2025060609;   10;  0.00;eor
       4928;2025060610;   10;  0.00;eor
       4928;2025060611;   10;  0.00;eor
       4928;2025060612;   10;  0.00;eor
       4928;2025060613;   10; 18.00;eor
       4928;2025060614;   10;  0.00;eor
       4928;2025060615;   10;  0.00;eor
       4928;2025060616;   10;  0.00;eor
       4928;2025060617;   10;  0.00;eor
       4928;2025060618;   10;  0.00;eor
       4928;2025060619;   10;  0.00;eor
       4928;2025060620;   10;  0.00;eor
       4928;2025060703;   10;  0.00;eor
       4928;2025060704;   10;  0.00;eor
       4928;2025060705;   10;  0.00;eor
       4928;2025060706;   10;  2.00;eor
       4928;2025060707;   10; 18.00;eor
       4928;2025060708;   10; 13.00;eor
       4928;2025060709;   10;  0.00;eor
       4928;2025060710;   10;  0.00;eor
       4928;2025060711;   10;  0.00;eor
       4928;2025060712;   10;  1.00;eor
       4928;2025060713;   10;  0.00;eor
       4928;2025060714;   10;  0.00;eor
       4928;2025060715;   10;  0.00;eor
       4928;2025060716;   10; 16.00;eor
       4928;2025060717;   10; 24.00;eor
       4928;2025060718;   10; 36.00;eor
       4928;2025060719;   10;  0.00;eor
       4928;2025060720;   10;  0.00;eor
       4928;2025060803;   10;  0.00;eor
       4928;2025060804;   10;  0.00;eor
       4928;2025060805;   10;  0.00;eor
       4928;2025060806;   10;  2.00;eor
       4928;2025060807;   10;  0.00;eor
       4928;2025060808;   10;  4.00;eor
       4928;2025060809;   10; 27.00;eor
       4928;2025060810;   10;  3.00;eor
       4928;2025060811;   10; 20.00;eor
       4928;2025060812;   10;  3.00;eor
       4928;2025060813;   10; 38.00;eor
       4928;2025060814;   10; 54.00;eor
       4928;2025060815;   10; 32.00;eor
       4928;2025060816;   10; 20.00;eor
       4928;2025060817;   10;  6.00;eor
       4928;2025060818;   10; 57.00;eor
       4928;2025060819;   10; 37.00;eor
       4928;2025060820;   10;  0.00;eor
       4928;2025060903;   10;  0.00;eor
       4928;2025060904;   10;  0.00;eor
       4928;2025060905;   10; 35.00;eor
       4928;2025060906;   10; 48.00;eor
       4928;2025060907;   10; 60.00;eor
       4928;2025060908;   10; 58.00;eor
       4928;2025060909;   10; 37.00;eor
       4928;2025060910;   10; 47.00;eor
       4928;2025060911;   10; 37.00;eor
       4928;2025060912;   10; 55.00;eor
       4928;2025060913;   10; 60.00;eor
       4928;2025060914;   10; 60.00;eor
       4928;2025060915;   10; 60.00;eor
       4928;2025060916;   10; 60.00;eor
       4928;2025060917;   10; 60.00;eor
       4928;2025060918;   10; 60.00;eor
       4928;2025060919;   10; 30.00;eor
       4928;2025060920;   10;  0.00;eor
       4928;2025061003;   10;  0.00;eor
       4928;2025061004;   10;  0.00;eor
       4928;2025061005;   10; 48.00;eor
       4928;2025061006;   10; 60.00;eor
       4928;2025061007;   10; 60.00;eor
       4928;2025061008;   10; 60.00;eor
       4928;2025061009;   10; 59.00;eor
       4928;2025061010;   10; 56.00;eor
       4928;2025061011;   10; 58.00;eor
       4928;2025061012;   10; 60.00;eor
       4928;2025061013;   10; 60.00;eor
       4928;2025061014;   10; 60.00;eor
       4928;2025061015;   10; 59.00;eor
       4928;2025061016;   10; 51.00;eor
       4928;2025061017;   10; 30.00;eor
       4928;2025061018;   10; 54.00;eor
       4928;2025061019;   10;  2.00;eor
       4928;2025061020;   10;  0.00;eor
       4928;2025061103;   10;  0.00;eor
       4928;2025061104;   10;  0.00;eor
       4928;2025061105;   10;  0.00;eor
       4928;2025061106;   10; 56.00;eor
       4928;2025061107;   10; 60.00;eor
       4928;2025061108;   10; 60.00;eor
       4928;2025061109;   10; 60.00;eor
       4928;2025061110;   10; 60.00;eor
       4928;2025061111;   10; 60.00;eor
       4928;2025061112;   10; 60.00;eor
       4928;2025061113;   10; 60.00;eor
       4928;2025061114;   10; 60.00;eor
       4928;2025061115;   10; 60.00;eor
       4928;2025061116;   10; 60.00;eor
       4928;2025061117;   10; 60.00;eor
       4928;2025061118;   10; 60.00;eor
       4928;2025061119;   10; 60.00;eor
       4928;2025061120;   10;  7.00;eor
       4928;2025061203;   10;  0.00;eor
       4928;2025061204;   10;  0.00;eor
       4928;2025061205;   10; 53.00;eor
       4928;2025061206;   10; 60.00;eor
       4928;2025061207;   10; 60.00;eor
       4928;2025061208;   10; 60.00;eor
       4928;2025061209;   10; 60.00;eor
       4928;2025061210;   10; 60.00;eor
       4928;2025061211;   10; 60.00;eor
       4928;2025061212;   10; 60.00;eor
       4928;2025061213;   10; 60.00;eor
       4928;2025061214;   10; 60.00;eor
       4928;2025061215;   10; 60.00;eor
       4928;2025061216;   10; 60.00;eor
       4928;2025061217;   10; 60.00;eor
       4928;2025061218;   10; 60.00;eor
       4928;2025061219;   10; 30.00;eor
       4928;2025061220;   10;  0.00;eor
       4928;2025061303;   10;  0.00;eor
       4928;2025061304;   10;  0.00;eor
       4928;2025061305;   10; 36.00;eor
       4928;2025061306;   10; 60.00;eor
       4928;2025061307;   10; 60.00;eor
       4928;2025061308;   10; 60.00;eor
       4928;2025061309;   10; 60.00;eor
       4928;2025061310;   10; 60.00;eor
       4928;2025061311;   10; 60.00;eor
       4928;2025061312;   10; 60.00;eor
       4928;2025061313;   10; 60.00;eor
       4928;2025061314;   10; 60.00;eor
       4928;2025061315;   10; 60.00;eor
       4928;2025061316;   10; 60.00;eor
       4928;2025061317;   10; 60.00;eor
       4928;2025061318;   10; 60.00;eor
       4928;2025061319;   10; 53.00;eor
       4928;2025061320;   10;  0.00;eor
       4928;2025061403;   10;  0.00;eor
       4928;2025061404;   10;  0.00;eor
       4928;2025061405;   10; 19.00;eor
       4928;2025061406;   10; 39.00;eor
       4928;2025061407;   10; 48.00;eor
       4928;2025061408;   10; 60.00;eor
       4928;2025061409;   10; 60.00;eor
       4928;2025061410;   10; 60.00;eor
       4928;2025061411;   10; 60.00;eor
       4928;2025061412;   10; 60.00;eor
       4928;2025061413;   10; 55.00;eor
       4928;2025061414;   10; 60.00;eor
       4928;2025061415;   10; 60.00;eor
       4928;2025061416;   10; 60.00;eor
       4928;2025061417;   10; 60.00;eor
       4928;2025061418;   10; 60.00;eor
       4928;2025061419;   10; 53.00;eor
       4928;2025061420;   10;  0.00;eor
       4928;2025061503;   10;  0.00;eor
       4928;2025061504;   10;  0.00;eor
       4928;2025061505;   10;  8.00;eor
       4928;2025061506;   10;  2.00;eor
       4928;2025061507;   10; 21.00;eor
       4928;2025061508;   10; 33.00;eor
       4928;2025061509;   10; 46.00;eor
       4928;2025061510;   10;  0.00;eor
       4928;2025061511;   10; 15.00;eor
       4928;2025061512;   10; 29.00;eor
       4928;2025061513;   10; 36.00;eor
       4928;2025061514;   10; 60.00;eor
       4928;2025061515;   10; 48.00;eor
       4928;2025061516;   10;  0.00;eor
       4928;2025061517;   10;  0.00;eor
       4928;2025061518;   10;  0.00;eor
       4928;2025061519;   10;  0.00;eor
       4928;2025061520;   10;  0.00;eor
       4928;2025061603;   10;  0.00;eor
       4928;2025061604;   10;  0.00;eor
       4928;2025061605;   10;  0.00;eor
       4928;2025061606;   10;  0.00;eor
       4928;2025061607;   10;  0.00;eor
       4928;2025061608;   10; 24.00;eor
       4928;2025061609;   10; 49.00;eor
       4928;2025061610;   10; 39.00;eor
       4928;2025061611;   10; 48.00;eor
       4928;2025061612;   10; 51.00;eor
       4928;2025061613;   10; 47.00;eor
       4928;2025061614;   10; 40.00;eor
       4928;2025061615;   10; 43.00;eor
       4928;2025061616;   10; 35.00;eor
       4928;2025061617;   10; 29.00;eor
       4928;2025061618;   10; 55.00;eor
       4928;2025061619;   10; 52.00;eor
       4928;2025061620;   10;  6.00;eor
       4928;2025061703;   10;  0.00;eor
       4928;2025061704;   10;  0.00;eor
       4928;2025061705;   10; 52.00;eor
       4928;2025061706;   10; 60.00;eor
       4928;2025061707;   10; 60.00;eor
       4928;2025061708;   10; 60.00;eor
       4928;2025061709;   10; 60.00;eor
       4928;2025061710;   10; 58.00;eor
       4928;2025061711;   10; 59.00;eor
       4928;2025061712;   10; 60.00;eor
       4928;2025061713;   10; 60.00;eor
       4928;2025061714;   10; 60.00;eor
       4928;2025061715;   10; 60.00;eor
       4928;2025061716;   10; 60.00;eor
       4928;2025061717;   10; 60.00;eor
       4928;2025061718;   10; 60.00;eor
       4928;2025061719;   10; 60.00;eor
       4928;2025061720;   10;  6.00;eor
       4928;2025061803;   10;  0.00;eor
       4928;2025061804;   10;  0.00;eor
       4928;2025061805;   10; 52.00;eor
       4928;2025061806;   10; 60.00;eor
       4928;2025061807;   10; 60.00;eor
       4928;2025061808;   10; 60.00;eor
       4928;2025061809;   10; 60.00;eor
       4928;2025061810;   10; 60.00;eor
       4928;2025061811;   10; 60.00;eor
       4928;2025061812;   10; 60.00;eor
       4928;2025061813;   10; 60.00;eor
       4928;2025061814;   10; 60.00;eor
       4928;2025061815;   10; 60.00;eor
       4928;2025061816;   10; 60.00;eor
       4928;2025061817;   10; 60.00;eor
       4928;2025061818;   10; 60.00;eor
       4928;2025061819;   10; 60.00;eor
       4928;2025061820;   10;  0.00;eor
       4928;2025061903;   10;  0.00;eor
       4928;2025061904;   10;  0.00;eor
       4928;2025061905;   10; 50.00;eor
       4928;2025061906;   10; 60.00;eor
       4928;2025061907;   10; 60.00;eor
       4928;2025061908;   10; 60.00;eor
       4928;2025061909;   10; 60.00;eor
       4928;2025061910;   10; 60.00;eor
       4928;2025061911;   10; 60.00;eor
       4928;2025061912;   10; 57.00;eor
       4928;2025061913;   10; 60.00;eor
       4928;2025061914;   10; 60.00;eor
       4928;2025061915;   10; 60.00;eor
       4928;2025061916;   10; 60.00;eor
       4928;2025061917;   10; 60.00;eor
       4928;2025061918;   10; 36.00;eor
       4928;2025061919;   10; 60.00;eor
       4928;2025061920;   10; 14.00;eor
       4928;2025062003;   10;  0.00;eor
       4928;2025062004;   10;  0.00;eor
       4928;2025062005;   10; 50.00;eor
       4928;2025062006;   10; 60.00;eor
       4928;2025062007;   10; 60.00;eor
       4928;2025062008;   10; 60.00;eor
       4928;2025062009;   10; 60.00;eor
       4928;2025062010;   10; 60.00;eor
       4928;2025062011;   10; 60.00;eor
       4928;2025062012;   10; 60.00;eor
       4928;2025062013;   10; 60.00;eor
       4928;2025062014;   10; 60.00;eor
       4928;2025062015;   10; 60.00;eor
       4928;2025062016;   10; 60.00;eor
       4928;2025062017;   10; 60.00;eor
       4928;2025062018;   10; 60.00;eor
       4928;2025062019;   10; 50.00;eor
       4928;2025062020;   10;  0.00;eor
       4928;2025062103;   10;  0.00;eor
       4928;2025062104;   10;  0.00;eor
       4928;2025062105;   10; 41.00;eor
       4928;2025062106;   10; 60.00;eor
       4928;2025062107;   10; 55.00;eor
       4928;2025062108;   10; 60.00;eor
       4928;2025062109;   10; 60.00;eor
       4928;2025062110;   10; 60.00;eor
       4928;2025062111;   10; 60.00;eor
       4928;2025062112;   10; 60.00;eor
       4928;2025062113;   10; 60.00;eor
       4928;2025062114;   10; 60.00;eor
       4928;2025062115;   10; 60.00;eor
       4928;2025062116;   10; 60.00;eor
       4928;2025062117;   10; 60.00;eor
       4928;2025062118;   10; 60.00;eor
       4928;2025062119;   10; 60.00;eor
       4928;2025062120;   10; 12.00;eor
       4928;2025062203;   10;  0.00;eor
       4928;2025062204;   10;  0.00;eor
       4928;2025062205;   10; 51.00;eor
       4928;2025062206;   10; 60.00;eor
       4928;2025062207;   10; 60.00;eor
       4928;2025062208;   10; 60.00;eor
       4928;2025062209;   10; 60.00;eor
       4928;2025062210;   10; 60.00;eor
       4928;2025062211;   10; 60.00;eor
       4928;2025062212;   10; 60.00;eor
       4928;2025062213;   10; 60.00;eor
       4928;2025062214;   10; 60.00;eor
       4928;2025062215;   10; 60.00;eor
       4928;2025062216;   10; 60.00;eor
       4928;2025062217;   10; 60.00;eor
       4928;2025062218;   10; 60.00;eor
       4928;2025062219;   10; 55.00;eor
       4928;2025062220;   10;  0.00;eor
       4928;2025062303;   10;  0.00;eor
       4928;2025062304;   10;  0.00;eor
       4928;2025062305;   10;  0.00;eor
       4928;2025062306;   10; 43.00;eor
       4928;2025062307;   10; 60.00;eor
       4928;2025062308;   10; 29.00;eor
       4928;2025062309;   10; 22.00;eor
       4928;2025062310;   10; 14.00;eor
       4928;2025062311;   10;  5.00;eor
       4928;2025062312;   10; 34.00;eor
       4928;2025062313;   10; 59.00;eor
       4928;2025062314;   10; 60.00;eor
       4928;2025062315;   10; 37.00;eor
       4928;2025062316;   10;  0.00;eor
       4928;2025062317;   10;  0.00;eor
       4928;2025062318;   10; 37.00;eor
       4928;2025062319;   10; 37.00;eor
       4928;2025062320;   10; 15.00;eor
       4928;2025062403;   10;  0.00;eor
       4928;2025062404;   10;  0.00;eor
       4928;2025062405;   10; 19.00;eor
       4928;2025062406;   10; 42.00;eor
       4928;2025062407;   10; 60.00;eor
       4928;2025062408;   10; 58.00;eor
       4928;2025062409;   10; 60.00;eor
       4928;2025062410;   10; 60.00;eor
       4928;2025062411;   10; 60.00;eor
       4928;2025062412;   10; 60.00;eor
       4928;2025062413;   10; 60.00;eor
       4928;2025062414;   10; 60.00;eor
       4928;2025062415;   10; 60.00;eor
       4928;2025062416;   10; 60.00;eor
       4928;2025062417;   10; 60.00;eor
       4928;2025062418;   10; 60.00;eor
       4928;2025062419;   10; 60.00;eor
       4928;2025062420;   10; 19.00;eor
       4928;2025062503;   10;  0.00;eor
       4928;2025062504;   10;  0.00;eor
       4928;2025062505;   10; 51.00;eor
       4928;2025062506;   10; 60.00;eor
       4928;2025062507;   10; 60.00;eor
       4928;2025062508;   10; 60.00;eor
       4928;2025062509;   10; 60.00;eor
       4928;2025062510;   10; 60.00;eor
       4928;2025062511;   10; 60.00;eor
       4928;2025062512;   10; 60.00;eor
       4928;2025062513;   10; 60.00;eor
       4928;2025062514;   10; 60.00;eor
       4928;2025062515;   10; 58.00;eor
       4928;2025062516;   10; 60.00;eor
       4928;2025062517;   10; 60.00;eor
       4928;2025062518;   10; 60.00;eor
       4928;2025062519;   10; 57.00;eor
       4928;2025062520;   10;  0.00;eor
       4928;2025062603;   10;  0.00;eor
       4928;2025062604;   10;  0.00;eor
       4928;2025062605;   10;  0.00;eor
       4928;2025062606;   10;  0.00;eor
       4928;2025062607;   10;  8.00;eor
       4928;2025062608;   10; 16.00;eor
       4928;2025062609;   10; 35.00;eor
       4928;2025062610;   10; 60.00;eor
       4928;2025062611;   10; 58.00;eor
       4928;2025062612;   10; 52.00;eor
       4928;2025062613;   10; 36.00;eor
       4928;2025062614;   10; 34.00;eor
       4928;2025062615;   10; 41.00;eor
       4928;2025062616;   10; 44.00;eor
       4928;2025062617;   10; 41.00;eor
       4928;2025062618;   10; 48.00;eor
       4928;2025062619;   10; 14.00;eor
       4928;2025062620;   10;  0.00;eor
       4928;2025062703;   10;  0.00;eor
       4928;2025062704;   10;  0.00;eor
       4928;2025062705;   10; 37.00;eor
       4928;2025062706;   10;  1.00;eor
       4928;2025062707;   10; 31.00;eor
       4928;2025062708;   10; 20.00;eor
       4928;2025062709;   10; 26.00;eor
       4928;2025062710;   10;  8.00;eor
       4928;2025062711;   10;  0.00;eor
       4928;2025062712;   10;  2.00;eor
       4928;2025062713;   10;  0.00;eor
       4928;2025062714;   10;  3.00;eor
       4928;2025062715;   10;  6.00;eor
       4928;2025062716;   10; 20.00;eor
       4928;2025062717;   10; 15.00;eor
       4928;2025062718;   10;  8.00;eor
       4928;2025062719;   10; 41.00;eor
       4928;2025062720;   10;  2.00;eor
       4928;2025062803;   10;  0.00;eor
       4928;2025062804;   10;  0.00;eor
       4928;2025062805;   10; 50.00;eor
       4928;2025062806;   10; 60.00;eor
       4928;2025062807;   10; 60.00;eor
       4928;2025062808;   10; 40.00;eor
       4928;2025062809;   10; 26.00;eor
       4928;2025062810;   10; 51.00;eor
       4928;2025062811;   10; 49.00;eor
       4928;2025062812;   10; 54.00;eor
       4928;2025062813;   10; 51.00;eor
       4928;2025062814;   10; 58.00;eor
       4928;2025062815;   10; 60.00;eor
       4928;2025062816;   10; 58.00;eor
       4928;2025062817;   10; 60.00;eor
       4928;2025062818;   10; 60.00;eor
       4928;2025062819;   10; 60.00;eor
       4928;2025062820;   10; 19.00;eor
       4928;2025062903;   10;  0.00;eor
       4928;2025062904;   10;  0.00;eor
       4928;2025062905;   10; 50.00;eor
       4928;2025062906;   10; 60.00;eor
       4928;2025062907;   10; 60.00;eor
       4928;2025062908;   10; 60.00;eor
       4928;2025062909;   10; 60.00;eor
       4928;2025062910;   10; 60.00;eor
       4928;2025062911;   10; 60.00;eor
       4928;2025062912;   10; 60.00;eor
       4928;2025062913;   10; 60.00;eor
       4928;2025062914;   10; 60.00;eor
       4928;2025062915;   10; 60.00;eor
       4928;2025062916;   10; 60.00;eor
       4928;2025062917;   10; 60.00;eor
       4928;2025062918;   10; 60.00;eor
       4928;2025062919;   10; 60.00;eor
       4928;2025062920;   10; 19.00;eor
       4928;2025063003;   10;  0.00;eor
       4928;2025063004;   10;  0.00;eor
       4928;2025063005;   10; 49.00;eor
       4928;2025063006;   10; 60.00;eor
       4928;2025063007;   10; 60.00;eor
       4928;2025063008;   10; 60.00;eor
       4928;2025063009;   10; 60.00;eor
       4928;2025063010;   10; 60.00;eor
       4928;2025063011;   10; 60.00;eor
       4928;2025063012;   10; 60.00;eor
       4928;2025063013;   10; 60.00;eor
       4928;2025063014;   10; 60.00;eor
       4928;2025063015;   10; 60.00;eor
       4928;2025063016;   10; 60.00;eor
       4928;2025063017;   10; 60.00;eor
       4928;2025063018;   10; 60.00;eor
       4928;2025063019;   10; 60.00;eor
       4928;2025063020;   10; 13.00;eor
       4928;2025070103;   10;  0.00;eor
       4928;2025070104;   10;  0.00;eor
       4928;2025070105;   10; 44.00;eor
       4928;2025070106;   10; 33.00;eor
       4928;2025070107;   10; 52.00;eor
       4928;2025070108;   10; 54.00;eor
       4928;2025070109;   10; 60.00;eor
       4928;2025070110;   10; 56.00;eor
       4928;2025070111;   10; 56.00;eor
       4928;2025070112;   10; 60.00;eor
       4928;2025070113;   10; 33.00;eor
       4928;2025070114;   10;  1.00;eor
       4928;2025070115;   10;  9.00;eor
       4928;2025070116;   10;  0.00;eor
       4928;2025070117;   10; 10.00;eor
       4928;2025070118;   10; 47.00;eor
       4928;2025070119;   10; 60.00;eor
       4928;2025070120;   10; 11.00;eor
       4928;2025070203;   10;  0.00;eor
       4928;2025070204;   10;  0.00;eor
       4928;2025070205;   10; 48.00;eor
       4928;2025070206;   10; 60.00;eor
       4928;2025070207;   10; 60.00;eor
       4928;2025070208;   10; 60.00;eor
       4928;2025070209;   10; 60.00;eor
       4928;2025070210;   10; 60.00;eor
       4928;2025070211;   10; 60.00;eor
       4928;2025070212;   10; 59.00;eor
       4928;2025070213;   10; 59.00;eor
       4928;2025070214;   10; 60.00;eor
       4928;2025070215;   10; 60.00;eor
       4928;2025070216;   10; 60.00;eor
       4928;2025070217;   10; 60.00;eor
       4928;2025070218;   10; 60.00;eor
       4928;2025070219;   10; 59.00;eor
       4928;2025070220;   10;  0.00;eor
       4928;2025070303;   10;  0.00;eor
       4928;2025070304;   10;  0.00;eor
       4928;2025070305;   10;  6.00;eor
       4928;2025070306;   10; 25.00;eor
       4928;2025070307;   10;  9.00;eor
       4928;2025070308;   10;  0.00;eor
       4928;2025070309;   10;  0.00;eor
       4928;2025070310;   10;  0.00;eor
       4928;2025070311;   10;  3.00;eor
       4928;2025070312;   10;  4.00;eor
       4928;2025070313;   10;  0.00;eor
       4928;2025070314;   10; 10.00;eor
       4928;2025070315;   10; 21.00;eor
       4928;2025070316;   10;  0.00;eor
       4928;2025070317;   10; 20.00;eor
       4928;2025070318;   10; 43.00;eor
       4928;2025070319;   10; 43.00;eor
       4928;2025070320;   10;  6.00;eor
       4928;2025070403;   10;  0.00;eor
       4928;2025070404;   10;  0.00;eor
       4928;2025070405;   10; 45.00;eor
       4928;2025070406;   10; 60.00;eor
       4928;2025070407;   10; 60.00;eor
       4928;2025070408;   10; 60.00;eor
       4928;2025070409;   10; 60.00;eor
       4928;2025070410;   10; 60.00;eor
       4928;2025070411;   10; 57.00;eor
       4928;2025070412;   10; 60.00;eor
       4928;2025070413;   10; 60.00;eor
       4928;2025070414;   10; 60.00;eor
       4928;2025070415;   10; 60.00;eor
       4928;2025070416;   10; 60.00;eor
       4928;2025070417;   10; 60.00;eor
       4928;2025070418;   10; 60.00;eor
       4928;2025070419;   10; 60.00;eor
       4928;2025070420;   10;  4.00;eor
       4928;2025070503;   10;  0.00;eor
       4928;2025070504;   10;  0.00;eor
       4928;2025070505;   10; 24.00;eor
       4928;2025070506;   10; 41.00;eor
       4928;2025070507;   10; 58.00;eor
       4928;2025070508;   10; 51.00;eor
       4928;2025070509;   10; 60.00;eor
       4928;2025070510;   10; 60.00;eor
       4928;2025070511;   10; 60.00;eor
       4928;2025070512;   10; 60.00;eor
       4928;2025070513;   10; 60.00;eor
       4928;2025070514;   10; 60.00;eor
       4928;2025070515;   10; 60.00;eor
       4928;2025070516;   10; 60.00;eor
       4928;2025070517;   10; 60.00;eor
       4928;2025070518;   10; 59.00;eor
       4928;2025070519;   10; 39.00;eor
       4928;2025070520;   10;  0.00;eor
       4928;2025070603;   10;  0.00;eor
       4928;2025070604;   10;  0.00;eor
       4928;2025070605;   10;  0.00;eor
       4928;2025070606;   10;  4.00;eor
       4928;2025070607;   10;  0.00;eor
       4928;2025070608;   10; 40.00;eor
       4928;2025070609;   10; 16.00;eor
       4928;2025070610;   10; 24.00;eor
       4928;2025070611;   10; 16.00;eor
       4928;2025070612;   10;  0.00;eor
       4928;2025070613;   10;  0.00;eor
       4928;2025070614;   10;  0.00;eor
       4928;2025070615;   10;  0.00;eor
       4928;2025070616;   10;  0.00;eor
       4928;2025070617;   10;  0.00;eor
       4928;2025070618;   10;  0.00;eor
       4928;2025070619;   10;  0.00;eor
       4928;2025070620;   10;  0.00;eor
       4928;2025070703;   10;  0.00;eor
       4928;2025070704;   10;  0.00;eor
       4928;2025070705;   10;  0.00;eor
       4928;2025070706;   10;  0.00;eor
       4928;2025070707;   10;  0.00;eor
       4928;2025070708;   10; 12.00;eor
       4928;2025070709;   10; 14.00;eor
       4928;2025070710;   10; 21.00;eor
       4928;2025070711;   10; 11.00;eor
       4928;2025070712;   10; 13.00;eor
       4928;2025070713;   10; 21.00;eor
       4928;2025070714;   10; 13.00;eor
       4928;2025070715;   10; 28.00;eor
       4928;2025070716;   10;  4.00;eor
       4928;2025070717;   10; 17.00;eor
       4928;2025070718;   10; 21.00;eor
       4928;2025070719;   10; 15.00;eor
       4928;2025070720;   10;  0.00;eor
       4928;2025070803;   10;  0.00;eor
       4928;2025070804;   10;  0.00;eor
       4928;2025070805;   10;  0.00;eor
       4928;2025070806;   10;  3.00;eor
       4928;2025070807;   10;  2.00;eor
       4928;2025070808;   10;  3.00;eor
       4928;2025070809;   10; 10.00;eor
       4928;2025070810;   10;  7.00;eor
       4928;2025070811;   10; 22.00;eor
       4928;2025070812;   10; 15.00;eor
       4928;2025070813;   10;  0.00;eor
       4928;2025070814;   10; 20.00;eor
       4928;2025070815;   10; 44.00;eor
       4928;2025070816;   10;  2.00;eor
       4928;2025070817;   10;  0.00;eor
       4928;2025070818;   10;  6.00;eor
       4928;2025070819;   10; 37.00;eor
       4928;2025070820;   10;  0.00;eor
       4928;2025070903;   10;  0.00;eor
       4928;2025070904;   10;  0.00;eor
       4928;2025070905;   10;  0.00;eor
       4928;2025070906;   10;  0.00;eor
       4928;2025070907;   10; 25.00;eor
       4928;2025070908;   10; 60.00;eor
       4928;2025070909;   10; 36.00;eor
       4928;2025070910;   10; 51.00;eor
       4928;2025070911;   10; 47.00;eor
       4928;2025070912;   10; 39.00;eor
       4928;2025070913;   10; 32.00;eor
       4928;2025070914;   10; 34.00;eor
       4928;2025070915;   10; 40.00;eor
       4928;2025070916;   10; 59.00;eor
       4928;2025070917;   10; 60.00;eor
       4928;2025070918;   10; 60.00;eor
       4928;2025070919;   10; 60.00;eor
       4928;2025070920;   10; 12.00;eor
       4928;2025071003;   10;  0.00;eor
       4928;2025071004;   10;  0.00;eor
       4928;2025071005;   10; 40.00;eor
       4928;2025071006;   10; 60.00;eor
       4928;2025071007;   10; 60.00;eor
       4928;2025071008;   10; 60.00;eor
       4928;2025071009;   10; 60.00;eor
       4928;2025071010;   10; 58.00;eor
       4928;2025071011;   10; 53.00;eor
       4928;2025071012;   10; 58.00;eor
       4928;2025071013;   10; 52.00;eor
       4928;2025071014;   10; 43.00;eor
       4928;2025071015;   10; 55.00;eor
       4928;2025071016;   10; 43.00;eor
       4928;2025071017;   10; 40.00;eor
       4928;2025071018;   10; 60.00;eor
       4928;2025071019;   10; 55.00;eor
       4928;2025071020;   10;  0.00;eor
       4928;2025071103;   10;  0.00;eor
       4928;2025071104;   10;  0.00;eor
       4928;2025071105;   10;  3.00;eor
       4928;2025071106;   10; 25.00;eor
       4928;2025071107;   10; 28.00;eor
       4928;2025071108;   10; 42.00;eor
       4928;2025071109;   10; 60.00;eor
       4928;2025071110;   10; 46.00;eor
       4928;2025071111;   10; 35.00;eor
       4928;2025071112;   10; 27.00;eor
       4928;2025071113;   10; 39.00;eor
       4928;2025071114;   10; 44.00;eor
       4928;2025071115;   10; 47.00;eor
       4928;2025071116;   10; 43.00;eor
       4928;2025071117;   10; 54.00;eor
       4928;2025071118;   10; 57.00;eor
       4928;2025071119;   10; 60.00;eor
       4928;2025071120;   10; 14.00;eor
       4928;2025071203;   10;  0.00;eor
       4928;2025071204;   10;  0.00;eor
       4928;2025071205;   10; 47.00;eor
       4928;2025071206;   10; 60.00;eor
       4928;2025071207;   10; 57.00;eor
       4928;2025071208;   10; 60.00;eor
       4928;2025071209;   10; 60.00;eor
       4928;2025071210;   10; 48.00;eor
       4928;2025071211;   10; 56.00;eor
       4928;2025071212;   10; 46.00;eor
       4928;2025071213;   10; 31.00;eor
       4928;2025071214;   10; 10.00;eor
       4928;2025071215;   10; 12.00;eor
       4928;2025071216;   10; 19.00;eor
       4928;2025071217;   10; 37.00;eor
       4928;2025071218;   10; 50.00;eor
       4928;2025071219;   10; 36.00;eor
       4928;2025071220;   10; 10.00;eor
       4928;2025071303;   10;  0.00;eor
       4928;2025071304;   10;  0.00;eor
       4928;2025071305;   10;  6.00;eor
       4928;2025071306;   10; 42.00;eor
       4928;2025071307;   10; 60.00;eor
       4928;2025071308;   10; 60.00;eor
       4928;2025071309;   10; 60.00;eor
       4928;2025071310;   10; 60.00;eor
       4928;2025071311;   10; 55.00;eor
       4928;2025071312;   10; 57.00;eor
       4928;2025071313;   10; 58.00;eor
       4928;2025071314;   10; 56.00;eor
       4928;2025071315;   10; 60.00;eor
       4928;2025071316;   10; 56.00;eor
       4928;2025071317;   10; 59.00;eor
       4928;2025071318;   10; 60.00;eor
       4928;2025071319;   10; 60.00;eor
       4928;2025071320;   10;  1.00;eor
       4928;2025071403;   10;  0.00;eor
       4928;2025071404;   10;  0.00;eor
       4928;2025071405;   10; 36.00;eor
       4928;2025071406;   10;  9.00;eor
       4928;2025071407;   10;  0.00;eor
       4928;2025071408;   10;  0.00;eor
       4928;2025071409;   10;  0.00;eor
       4928;2025071410;   10;  0.00;eor
       4928;2025071411;   10; 12.00;eor
       4928;2025071412;   10; 31.00;eor
       4928;2025071413;   10; 16.00;eor
       4928;2025071414;   10;  5.00;eor
       4928;2025071415;   10;  0.00;eor
       4928;2025071416;   10; 15.00;eor
       4928;2025071417;   10; 31.00;eor
       4928;2025071418;   10; 12.00;eor
       4928;2025071419;   10;  0.00;eor
       4928;2025071420;   10;  0.00;eor
       4928;2025071503;   10;  0.00;eor
       4928;2025071504;   10;  0.00;eor
       4928;2025071505;   10; 37.00;eor
       4928;2025071506;   10; 43.00;eor
       4928;2025071507;   10; 47.00;eor
       4928;2025071508;   10; 26.00;eor
       4928;2025071509;   10; 20.00;eor
       4928;2025071510;   10; 12.00;eor
       4928;2025071511;   10; 27.00;eor
       4928;2025071512;   10; 54.00;eor
       4928;2025071513;   10;  8.00;eor
       4928;2025071514;   10; 11.00;eor
       4928;2025071515;   10; 16.00;eor
       4928;2025071516;   10;  1.00;eor
       4928;2025071517;   10;  0.00;eor
       4928;2025071518;   10;  0.00;eor
       4928;2025071519;   10;  0.00;eor
       4928;2025071520;   10;  0.00;eor
       4928;2025071603;   10;  0.00;eor
       4928;2025071604;   10;  0.00;eor
       4928;2025071605;   10;  0.00;eor
       4928;2025071606;   10;  0.00;eor
       4928;2025071607;   10;  0.00;eor
       4928;2025071608;   10;  6.00;eor
       4928;2025071609;   10; 16.00;eor
       4928;2025071610;   10; 19.00;eor
       4928;2025071611;   10;  0.00;eor
       4928;2025071612;   10;  1.00;eor
       4928;2025071613;   10;  0.00;eor
       4928;2025071614;   10; 14.00;eor
       4928;2025071615;   10; 13.00;eor
       4928;2025071616;   10;  0.00;eor
       4928;2025071617;   10;  0.00;eor
       4928;2025071618;   10; 53.00;eor
       4928;2025071619;   10; 37.00;eor
       4928;2025071620;   10;  0.00;eor
       4928;2025071703;   10;  0.00;eor
       4928;2025071704;   10;  0.00;eor
       4928;2025071705;   10;  0.00;eor
       4928;2025071706;   10; 27.00;eor
       4928;2025071707;   10; 42.00;eor
       4928;2025071708;   10;  2.00;eor
       4928;2025071709;   10; 20.00;eor
       4928;2025071710;   10; 30.00;eor
       4928;2025071711;   10; 34.00;eor
       4928;2025071712;   10; 49.00;eor
       4928;2025071713;   10; 47.00;eor
       4928;2025071714;   10; 59.00;eor
       4928;2025071715;   10; 59.00;eor
       4928;2025071716;   10; 43.00;eor
       4928;2025071717;   10; 35.00;eor
       4928;2025071718;   10; 58.00;eor
       4928;2025071719;   10; 60.00;eor
       4928;2025071720;   10;  7.00;eor
       4928;2025071803;   10;  0.00;eor
       4928;2025071804;   10;  0.00;eor
       4928;2025071805;   10; 45.00;eor
       4928;2025071806;   10; 60.00;eor
       4928;2025071807;   10; 60.00;eor
       4928;2025071808;   10; 60.00;eor
       4928;2025071809;   10; 60.00;eor
       4928;2025071810;   10; 49.00;eor
       4928;2025071811;   10; 60.00;eor
       4928;2025071812;   10; 50.00;eor
       4928;2025071813;   10; 55.00;eor
       4928;2025071814;   10; 55.00;eor
       4928;2025071815;   10; 59.00;eor
       4928;2025071816;   10; 53.00;eor
       4928;2025071817;   10; 60.00;eor
       4928;2025071818;   10; 60.00;eor
       4928;2025071819;   10; 60.00;eor
       4928;2025071820;   10;  7.00;eor
       4928;2025071903;   10;  0.00;eor
       4928;2025071904;   10;  0.00;eor
       4928;2025071905;   10; 44.00;eor
       4928;2025071906;   10; 60.00;eor
       4928;2025071907;   10; 60.00;eor
       4928;2025071908;   10; 60.00;eor
       4928;2025071909;   10; 60.00;eor
       4928;2025071910;   10; 48.00;eor
       4928;2025071911;   10; 34.00;eor
       4928;2025071912;   10; 60.00;eor
       4928;2025071913;   10; 60.00;eor
       4928;2025071914;   10; 55.00;eor
       4928;2025071915;   10;  6.00;eor
       4928;2025071916;   10;  0.00;eor
       4928;2025071917;   10;  0.00;eor
       4928;2025071918;   10;  4.00;eor
       4928;2025071919;   10; 43.00;eor
       4928;2025071920;   10;  2.00;eor
       4928;2025072003;   10;  0.00;eor
       4928;2025072004;   10;  0.00;eor
       4928;2025072005;   10; 40.00;eor
       4928;2025072006;   10; 60.00;eor
       4928;2025072007;   10; 46.00;eor
       4928;2025072008;   10; 60.00;eor
       4928;2025072009;   10; 56.00;eor
       4928;2025072010;   10; 60.00;eor
       4928;2025072011;   10; 60.00;eor
       4928;2025072012;   10; 41.00;eor
       4928;2025072013;   10; 14.00;eor
       4928;2025072014;   10;  0.00;eor
       4928;2025072015;   10;  0.00;eor
       4928;2025072016;   10; 29.00;eor
       4928;2025072017;   10;  9.00;eor
       4928;2025072018;   10;  0.00;eor
       4928;2025072019;   10;  0.00;eor
       4928;2025072020;   10;  0.00;eor
       4928;2025072103;   10;  0.00;eor
       4928;2025072104;   10;  0.00;eor
       4928;2025072105;   10;  0.00;eor
       4928;2025072106;   10;  0.00;eor
       4928;2025072107;   10;  0.00;eor
       4928;2025072108;   10;  0.00;eor
       4928;2025072109;   10;  0.00;eor
       4928;2025072110;   10;  0.00;eor
       4928;2025072111;   10;  0.00;eor
       4928;2025072112;   10;  2.00;eor
       4928;2025072113;   10; 38.00;eor
       4928;2025072114;   10; 44.00;eor
       4928;2025072115;   10; 33.00;eor
       4928;2025072116;   10; 10.00;eor
       4928;2025072117;   10; 31.00;eor
       4928;2025072118;   10; 40.00;eor
       4928;2025072119;   10; 28.00;eor
       4928;2025072120;   10;  0.00;eor
       4928;2025072203;   10;  0.00;eor
       4928;2025072204;   10;  0.00;eor
       4928;2025072205;   10;  0.00;eor
       4928;2025072206;   10;  0.00;eor
       4928;2025072207;   10;  0.00;eor
       4928;2025072208;   10;  0.00;eor
       4928;2025072209;   10;  0.00;eor
       4928;2025072210;   10; 13.00;eor
       4928;2025072211;   10; 27.00;eor
       4928;2025072212;   10;  1.00;eor
       4928;2025072213;   10; 25.00;eor
       4928;2025072214;   10; 44.00;eor
       4928;2025072215;   10; 14.00;eor
       4928;2025072216;   10; 43.00;eor
       4928;2025072217;   10; 22.00;eor
       4928;2025072218;   10; 51.00;eor
       4928;2025072219;   10;  8.00;eor
       4928;2025072220;   10;  0.00;eor
       4928;2025072303;   10;  0.00;eor
       4928;2025072304;   10;  0.00;eor
       4928;2025072305;   10; 40.00;eor
       4928;2025072306;   10; 60.00;eor
       4928;2025072307;   10; 60.00;eor
       4928;2025072308;   10; 54.00;eor
       4928;2025072309;   10; 38.00;eor
       4928;2025072310;   10; 12.00;eor
       4928;2025072311;   10; 35.00;eor
       4928;2025072312;   10; 15.00;eor
       4928;2025072313;   10; 40.00;eor
       4928;2025072314;   10; 27.00;eor
       4928;2025072315;   10; 54.00;eor
       4928;2025072316;   10; 49.00;eor
       4928;2025072317;   10;  8.00;eor
       4928;2025072318;   10;  9.00;eor
       4928;2025072319;   10;  0.00;eor
       4928;2025072320;   10;  0.00;eor
       4928;2025072403;   10;  0.00;eor
       4928;2025072404;   10;  0.00;eor
       4928;2025072405;   10;  0.00;eor
       4928;2025072406;   10;  4.00;eor
       4928;2025072407;   10; 15.00;eor
       4928;2025072408;   10;  0.00;eor
       4928;2025072409;   10; 12.00;eor
       4928;2025072410;   10;  1.00;eor
       4928;2025072411;   10;  0.00;eor
       4928;2025072412;   10;  1.00;eor
       4928;2025072413;   10;  0.00;eor
       4928;2025072414;   10;  0.00;eor
       4928;2025072415;   10; 41.00;eor
       4928;2025072416;   10; 60.00;eor
       4928;2025072417;   10; 55.00;eor
       4928;2025072418;   10; 20.00;eor
       4928;2025072419;   10;  0.00;eor
       4928;2025072420;   10;  0.00;eor
       4928;2025072503;   10;  0.00;eor
       4928;2025072504;   10;  0.00;eor
       4928;2025072505;   10;  0.00;eor
       4928;2025072506;   10;  0.00;eor
       4928;2025072507;   10;  0.00;eor
       4928;2025072508;   10;  0.00;eor
       4928;2025072509;   10;  0.00;eor
       4928;2025072510;   10; 11.00;eor
       4928;2025072511;   10;  6.00;eor
       4928;2025072512;   10;  0.00;eor
       4928;2025072513;   10;  0.00;eor
       4928;2025072514;   10; 10.00;eor
       4928;2025072515;   10; 30.00;eor
       4928;2025072516;   10;  0.00;eor
       4928;2025072517;   10;  0.00;eor
       4928;2025072518;   10;  4.00;eor
       4928;2025072519;   10; 30.00;eor
       4928;2025072520;   10;  0.00;eor
       4928;2025072603;   10;  0.00;eor
       4928;2025072604;   10;  0.00;eor
       4928;2025072605;   10; 24.00;eor
       4928;2025072606;   10; 18.00;eor
       4928;2025072607;   10;  0.00;eor
       4928;2025072608;   10;  0.00;eor
       4928;2025072609;   10;  0.00;eor
       4928;2025072610;   10; 15.00;eor
       4928;2025072611;   10; 41.00;eor
       4928;2025072612;   10; 53.00;eor
       4928;2025072613;   10;  2.00;eor
       4928;2025072614;   10;  0.00;eor
       4928;2025072615;   10;  0.00;eor
       4928;2025072616;   10;  8.00;eor
       4928;2025072617;   10; 13.00;eor
       4928;2025072618;   10;  0.00;eor
       4928;2025072619;   10;  0.00;eor
       4928;2025072620;   10;  0.00;eor
       4928;2025072703;   10;  0.00;eor
       4928;2025072704;   10;  0.00;eor
       4928;2025072705;   10;  0.00;eor
       4928;2025072706;   10;  0.00;eor
       4928;2025072707;   10;  0.00;eor
       4928;2025072708;   10; 18.00;eor
       4928;2025072709;   10;  7.00;eor
       4928;2025072710;   10; 11.00;eor
       4928;2025072711;   10;  0.00;eor
       4928;2025072712;   10; 54.00;eor
       4928;2025072713;   10;  1.00;eor
       4928;2025072714;   10;  0.00;eor
       4928;2025072715;   10; 15.00;eor
       4928;2025072716;   10; 25.00;eor
       4928;2025072717;   10; 14.00;eor
       4928;2025072718;   10;  9.00;eor
       4928;2025072719;   10;  0.00;eor
       4928;2025072720;   10;  0.00;eor
       4928;2025072803;   10;  0.00;eor
       4928;2025072804;   10;  0.00;eor
       4928;2025072805;   10;  0.00;eor
       4928;2025072806;   10;  0.00;eor
       4928;2025072807;   10;  0.00;eor
       4928;2025072808;   10;  0.00;eor
       4928;2025072809;   10;  0.00;eor
       4928;2025072810;   10;  0.00;eor
       4928;2025072811;   10;  0.00;eor
       4928;2025072812;   10;  5.00;eor
       4928;2025072813;   10; 27.00;eor
       4928;2025072814;   10;  4.00;eor
       4928;2025072815;   10;  0.00;eor
       4928;2025072816;   10;  0.00;eor
       4928;2025072817;   10;  2.00;eor
       4928;2025072818;   10; 10.00;eor
       4928;2025072819;   10; 13.00;eor
       4928;2025072820;   10;  0.00;eor
       4928;2025072903;   10;  0.00;eor
       4928;2025072904;   10;  0.00;eor
       4928;2025072905;   10;  0.00;eor
       4928;2025072906;   10;  0.00;eor
       4928;2025072907;   10;  0.00;eor
       4928;2025072908;   10;  1.00;eor
       4928;2025072909;   10; 28.00;eor
       4928;2025072910;   10; 33.00;eor
       4928;2025072911;   10; 50.00;eor
       4928;2025072912;   10; 34.00;eor
       4928;2025072913;   10; 33.00;eor
       4928;2025072914;   10; 27.00;eor
       4928;2025072915;   10; 57.00;eor
       4928;2025072916;   10; 60.00;eor
       4928;2025072917;   10; 45.00;eor
       4928;2025072918;   10; 10.00;eor
       4928;2025072919;   10;  2.00;eor
       4928;2025072920;   10;  0.00;eor
       4928;2025073003;   10;  0.00;eor
       4928;2025073004;   10;  0.00;eor
       4928;2025073005;   10;  0.00;eor
       4928;2025073006;   10;  0.00;eor
       4928;2025073007;   10;  0.00;eor
       4928;2025073008;   10;  0.00;eor
       4928;2025073009;   10;  0.00;eor
       4928;2025073010;   10;  0.00;eor
       4928;2025073011;   10;  0.00;eor
       4928;2025073012;   10;  0.00;eor
       4928;2025073013;   10;  3.00;eor
       4928;2025073014;   10; 44.00;eor
       4928;2025073015;   10; 57.00;eor
       4928;2025073016;   10; 60.00;eor
       4928;2025073017;   10; 33.00;eor
       4928;2025073018;   10;  3.00;eor
       4928;2025073019;   10; 48.00;eor
       4928;2025073020;   10;  0.00;eor
       4928;2025073103;   10;  0.00;eor
       4928;2025073104;   10;  0.00;eor
       4928;2025073105;   10;  2.00;eor
       4928;2025073106;   10;  1.00;eor
       4928;2025073107;   10;  0.00;eor
       4928;2025073108;   10;  0.00;eor
       4928;2025073109;   10; 30.00;eor
       4928;2025073110;   10; 27.00;eor
       4928;2025073111;   10; 56.00;eor
       4928;2025073112;   10; 36.00;eor
       4928;2025073113;   10; 20.00;eor
       4928;2025073114;   10;  5.00;eor
       4928;2025073115;   10; 34.00;eor
       4928;2025073116;   10; 31.00;eor
       4928;2025073117;   10;  5.00;eor
       4928;2025073118;   10;  1.00;eor
       4928;2025073119;   10;  0.00;eor
       4928;2025073120;   10;  0.00;eor
       4928;2025080103;   10;  0.00;eor
       4928;2025080104;   10;  0.00;eor
       4928;2025080105;   10;  0.00;eor
       4928;2025080106;   10;  0.00;eor
       4928;2025080107;   10;  0.00;eor
       4928;2025080108;   10;  0.00;eor
       4928;2025080109;   10; 38.00;eor
       4928;2025080110;   10; 41.00;eor
       4928;2025080111;   10; 12.00;eor
       4928;2025080112;   10; 23.00;eor
       4928;2025080113;   10; 29.00;eor
       4928;2025080114;   10;  0.00;eor
       4928;2025080115;   10; 43.00;eor
       4928;2025080116;   10; 29.00;eor
       4928;2025080117;   10;  0.00;eor
       4928;2025080118;   10;  0.00;eor
       4928;2025080119;   10;  0.00;eor
       4928;2025080120;   10;  0.00;eor
       4928;2025080203;   10;  0.00;eor
       4928;2025080204;   10;  0.00;eor
       4928;2025080205;   10;  0.00;eor
       4928;2025080206;   10;  0.00;eor
       4928;2025080207;   10;  0.00;eor
       4928;2025080208;   10;  0.00;eor
       4928;2025080209;   10;  0.00;eor
       4928;2025080210;   10;  0.00;eor
       4928;2025080211;   10;  7.00;eor
       4928;2025080212;   10; 27.00;eor
       4928;2025080213;   10; 20.00;eor
       4928;2025080214;   10; 16.00;eor
       4928;2025080215;   10; 13.00;eor
       4928;2025080216;   10; 14.00;eor
       4928;2025080217;   10; 10.00;eor
       4928;2025080218;   10; 11.00;eor
       4928;2025080219;   10; 24.00;eor
       4928;2025080220;   10;  0.00;eor
       4928;2025080303;   10;  0.00;eor
       4928;2025080304;   10;  0.00;eor
       4928;2025080305;   10;  0.00;eor
       4928;2025080306;   10;  0.00;eor
       4928;2025080307;   10; 15.00;eor
       4928;2025080308;   10; 14.00;eor
       4928;2025080309;   10;  6.00;eor
       4928;2025080310;   10;  0.00;eor
       4928;2025080311;   10;  0.00;eor
       4928;2025080312;   10;  0.00;eor
       4928;2025080313;   10;  0.00;eor
       4928;2025080314;   10;  0.00;eor
       4928;2025080315;   10;  8.00;eor
       4928;2025080316;   10;  0.00;eor
       4928;2025080317;   10;  0.00;eor
       4928;2025080318;   10; 22.00;eor
       4928;2025080319;   10; 12.00;eor
       4928;2025080320;   10;  0.00;eor
       4928;2025080403;   10;  0.00;eor
       4928;2025080404;   10;  0.00;eor
       4928;2025080405;   10;  0.00;eor
       4928;2025080406;   10;  0.00;eor
       4928;2025080407;   10;  0.00;eor
       4928;2025080408;   10;  0.00;eor
       4928;2025080409;   10;  0.00;eor
       4928;2025080410;   10;  0.00;eor
       4928;2025080411;   10;  0.00;eor
       4928;2025080412;   10;  0.00;eor
       4928;2025080413;   10;  0.00;eor
       4928;2025080414;   10;  0.00;eor
       4928;2025080415;   10; 26.00;eor
       4928;2025080416;   10; 29.00;eor
       4928;2025080417;   10; 44.00;eor
       4928;2025080418;   10; 50.00;eor
       4928;2025080419;   10; 16.00;eor
       4928;2025080420;   10;  0.00;eor
       4928;2025080503;   10;  0.00;eor
       4928;2025080504;   10;  0.00;eor
       4928;2025080505;   10; 26.00;eor
       4928;2025080506;   10; 60.00;eor
       4928;2025080507;   10; 39.00;eor
       4928;2025080508;   10;  6.00;eor
       4928;2025080509;   10;  3.00;eor
       4928;2025080510;   10; 46.00;eor
       4928;2025080511;   10; 38.00;eor
       4928;2025080512;   10; 29.00;eor
       4928;2025080513;   10;  3.00;eor
       4928;2025080514;   10;  1.00;eor
       4928;2025080515;   10; 26.00;eor
       4928;2025080516;   10; 43.00;eor
       4928;2025080517;   10; 60.00;eor
       4928;2025080518;   10; 45.00;eor
       4928;2025080519;   10; 39.00;eor
       4928;2025080520;   10;  0.00;eor
       4928;2025080603;   10;  0.00;eor
       4928;2025080604;   10;  0.00;eor
       4928;2025080605;   10; 11.00;eor
       4928;2025080606;   10; 60.00;eor
       4928;2025080607;   10; 60.00;eor
       4928;2025080608;   10; 60.00;eor
       4928;2025080609;   10; 60.00;eor
       4928;2025080610;   10; 60.00;eor
       4928;2025080611;   10; 60.00;eor
       4928;2025080612;   10; 60.00;eor
       4928;2025080613;   10; 60.00;eor
       4928;2025080614;   10; 60.00;eor
       4928;2025080615;   10; 60.00;eor
       4928;2025080616;   10; 60.00;eor
       4928;2025080617;   10; 60.00;eor
       4928;2025080618;   10; 60.00;eor
       4928;2025080619;   10; 33.00;eor
       4928;2025080620;   10;  0.00;eor
       4928;2025080703;   10;  0.00;eor
       4928;2025080704;   10;  0.00;eor
       4928;2025080705;   10;  7.00;eor
       4928;2025080706;   10; 10.00;eor
       4928;2025080707;   10; 53.00;eor
       4928;2025080708;   10; 60.00;eor
       4928;2025080709;   10; 60.00;eor
       4928;2025080710;   10; 60.00;eor
       4928;2025080711;   10; 57.00;eor
       4928;2025080712;   10; 60.00;eor
       4928;2025080713;   10; 60.00;eor
       4928;2025080714;   10; 60.00;eor
       4928;2025080715;   10; 60.00;eor
       4928;2025080716;   10; 60.00;eor
       4928;2025080717;   10; 60.00;eor
       4928;2025080718;   10; 60.00;eor
       4928;2025080719;   10; 43.00;eor
       4928;2025080720;   10;  0.00;eor
       4928;2025080803;   10;  0.00;eor
       4928;2025080804;   10;  0.00;eor
       4928;2025080805;   10; 25.00;eor
       4928;2025080806;   10; 60.00;eor
       4928;2025080807;   10; 60.00;eor
       4928;2025080808;   10; 60.00;eor
       4928;2025080809;   10; 60.00;eor
       4928;2025080810;   10; 60.00;eor
       4928;2025080811;   10; 60.00;eor
       4928;2025080812;   10; 60.00;eor
       4928;2025080813;   10; 60.00;eor
       4928;2025080814;   10; 60.00;eor
       4928;2025080815;   10; 60.00;eor
       4928;2025080816;   10; 60.00;eor
       4928;2025080817;   10; 60.00;eor
       4928;2025080818;   10; 60.00;eor
       4928;2025080819;   10; 37.00;eor
       4928;2025080820;   10;  0.00;eor
       4928;2025080903;   10;  0.00;eor
       4928;2025080904;   10;  0.00;eor
       4928;2025080905;   10;  0.00;eor
       4928;2025080906;   10; 30.00;eor
       4928;2025080907;   10; 60.00;eor
       4928;2025080908;   10; 60.00;eor
       4928;2025080909;   10; 60.00;eor
       4928;2025080910;   10; 60.00;eor
       4928;2025080911;   10; 60.00;eor
       4928;2025080912;   10; 60.00;eor
       4928;2025080913;   10; 59.00;eor
       4928;2025080914;   10; 60.00;eor
       4928;2025080915;   10; 60.00;eor
       4928;2025080916;   10; 60.00;eor
       4928;2025080917;   10; 60.00;eor
       4928;2025080918;   10; 60.00;eor
       4928;2025080919;   10; 39.00;eor
       4928;2025080920;   10;  0.00;eor
       4928;2025081003;   10;  0.00;eor
       4928;2025081004;   10;  0.00;eor
       4928;2025081005;   10; 13.00;eor
       4928;2025081006;   10; 60.00;eor
       4928;2025081007;   10; 60.00;eor
       4928;2025081008;   10; 60.00;eor
       4928;2025081009;   10; 60.00;eor
       4928;2025081010;   10; 60.00;eor
       4928;2025081011;   10; 60.00;eor
       4928;2025081012;   10; 60.00;eor
       4928;2025081013;   10; 60.00;eor
       4928;2025081014;   10; 60.00;eor
       4928;2025081015;   10; 60.00;eor
       4928;2025081016;   10; 60.00;eor
       4928;2025081017;   10; 60.00;eor
       4928;2025081018;   10; 60.00;eor
       4928;2025081019;   10; 38.00;eor
       4928;2025081020;   10;  0.00;eor
       4928;2025081103;   10;  0.00;eor
       4928;2025081104;   10;  0.00;eor
       4928;2025081105;   10; 21.00;eor
       4928;2025081106;   10; 60.00;eor
       4928;2025081107;   10; 60.00;eor
       4928;2025081108;   10; 60.00;eor
       4928;2025081109;   10; 60.00;eor
       4928;2025081110;   10; 60.00;eor
       4928;2025081111;   10; 60.00;eor
       4928;2025081112;   10; 60.00;eor
       4928;2025081113;   10; 60.00;eor
       4928;2025081114;   10; 60.00;eor
       4928;2025081115;   10; 60.00;eor
       4928;2025081116;   10; 60.00;eor
       4928;2025081117;   10; 60.00;eor
       4928;2025081118;   10; 60.00;eor
       4928;2025081119;   10; 32.00;eor
       4928;2025081120;   10;  0.00;eor
       4928;2025081203;   10;  0.00;eor
       4928;2025081204;   10;  0.00;eor
       4928;2025081205;   10; 18.00;eor
       4928;2025081206;   10; 60.00;eor
       4928;2025081207;   10; 60.00;eor
       4928;2025081208;   10; 60.00;eor
       4928;2025081209;   10; 60.00;eor
       4928;2025081210;   10; 60.00;eor
       4928;2025081211;   10; 60.00;eor
       4928;2025081212;   10; 60.00;eor
       4928;2025081213;   10; 60.00;eor
       4928;2025081214;   10; 60.00;eor
       4928;2025081215;   10; 60.00;eor
       4928;2025081216;   10; 60.00;eor
       4928;2025081217;   10; 60.00;eor
       4928;2025081218;   10; 60.00;eor
       4928;2025081219;   10;  1.00;eor
       4928;2025081220;   10;  0.00;eor
       4928;2025081303;   10;  0.00;eor
       4928;2025081304;   10;  0.00;eor
       4928;2025081305;   10; 15.00;eor
       4928;2025081306;   10; 60.00;eor
       4928;2025081307;   10; 60.00;eor
       4928;2025081308;   10; 60.00;eor
       4928;2025081309;   10; 60.00;eor
       4928;2025081310;   10; 60.00;eor
       4928;2025081311;   10; 60.00;eor
       4928;2025081312;   10; 60.00;eor
       4928;2025081313;   10; 60.00;eor
       4928;2025081314;   10; 60.00;eor
       4928;2025081315;   10; 60.00;eor
       4928;2025081316;   10; 60.00;eor
       4928;2025081317;   10; 60.00;eor
       4928;2025081318;   10; 58.00;eor
       4928;2025081319;   10;  0.00;eor
       4928;2025081320;   10;  0.00;eor
       4928;2025081403;   10;  0.00;eor
       4928;2025081404;   10;  0.00;eor
       4928;2025081405;   10;  0.00;eor
       4928;2025081406;   10; 47.00;eor
       4928;2025081407;   10; 60.00;eor
       4928;2025081408;   10; 60.00;eor
       4928;2025081409;   10; 60.00;eor
       4928;2025081410;   10; 60.00;eor
       4928;2025081411;   10; 60.00;eor
       4928;2025081412;   10; 60.00;eor
       4928;2025081413;   10; 60.00;eor
       4928;2025081414;   10; 60.00;eor
       4928;2025081415;   10; 60.00;eor
       4928;2025081416;   10; 60.00;eor
       4928;2025081417;   10; 60.00;eor
       4928;2025081418;   10; 48.00;eor
       4928;2025081419;   10;  0.00;eor
       4928;2025081420;   10;  0.00;eor
       4928;2025081503;   10;  0.00;eor
       4928;2025081504;   10;  0.00;eor
       4928;2025081505;   10;  0.00;eor
       4928;2025081506;   10; 46.00;eor
       4928;2025081507;   10; 60.00;eor
       4928;2025081508;   10; 60.00;eor
       4928;2025081509;   10; 60.00;eor
       4928;2025081510;   10; 60.00;eor
       4928;2025081511;   10; 60.00;eor
       4928;2025081512;   10; 60.00;eor
       4928;2025081513;   10; 60.00;eor
       4928;2025081514;   10; 33.00;eor
       4928;2025081515;   10; 60.00;eor
       4928;2025081516;   10; 60.00;eor
       4928;2025081517;   10; 48.00;eor
       4928;2025081518;   10;  5.00;eor
       4928;2025081519;   10;  0.00;eor
       4928;2025081520;   10;  0.00;eor
       4928;2025081603;   10;  0.00;eor
       4928;2025081604;   10;  0.00;eor
       4928;2025081605;   10;  0.00;eor
       4928;2025081606;   10; 33.00;eor
       4928;2025081607;   10; 37.00;eor
       4928;2025081608;   10; 60.00;eor
       4928;2025081609;   10; 44.00;eor
       4928;2025081610;   10; 60.00;eor
       4928;2025081611;   10; 60.00;eor
       4928;2025081612;   10; 60.00;eor
       4928;2025081613;   10; 50.00;eor
       4928;2025081614;   10; 52.00;eor
       4928;2025081615;   10; 44.00;eor
       4928;2025081616;   10; 16.00;eor
       4928;2025081617;   10; 14.00;eor
       4928;2025081618;   10; 30.00;eor
       4928;2025081619;   10;  0.00;eor
       4928;2025081620;   10;  0.00;eor
       4928;2025081703;   10;  0.00;eor
       4928;2025081704;   10;  0.00;eor
       4928;2025081705;   10;  0.00;eor
       4928;2025081706;   10;  0.00;eor
       4928;2025081707;   10; 11.00;eor
       4928;2025081708;   10; 35.00;eor
       4928;2025081709;   10; 57.00;eor
       4928;2025081710;   10; 58.00;eor
       4928;2025081711;   10; 31.00;eor
       4928;2025081712;   10;  0.00;eor
       4928;2025081713;   10; 18.00;eor
       4928;2025081714;   10; 42.00;eor
       4928;2025081715;   10; 44.00;eor
       4928;2025081716;   10; 58.00;eor
       4928;2025081717;   10; 60.00;eor
       4928;2025081718;   10; 60.00;eor
       4928;2025081719;   10; 26.00;eor
       4928;2025081720;   10;  0.00;eor
       4928;2025081803;   10;  0.00;eor
       4928;2025081804;   10;  0.00;eor
       4928;2025081805;   10; 12.00;eor
       4928;2025081806;   10; 60.00;eor
       4928;2025081807;   10; 60.00;eor
       4928;2025081808;   10; 60.00;eor
       4928;2025081809;   10; 60.00;eor
       4928;2025081810;   10; 60.00;eor
       4928;2025081811;   10; 60.00;eor
       4928;2025081812;   10; 60.00;eor
       4928;2025081813;   10; 60.00;eor
       4928;2025081814;   10; 60.00;eor
       4928;2025081815;   10; 60.00;eor
       4928;2025081816;   10; 60.00;eor
       4928;2025081817;   10; 60.00;eor
       4928;2025081818;   10; 60.00;eor
       4928;2025081819;   10; 24.00;eor
       4928;2025081820;   10;  0.00;eor
       4928;2025081903;   10;  0.00;eor
       4928;2025081904;   10;  0.00;eor
       4928;2025081905;   10; 11.00;eor
       4928;2025081906;   10; 60.00;eor
       4928;2025081907;   10; 60.00;eor
       4928;2025081908;   10; 60.00;eor
       4928;2025081909;   10; 60.00;eor
       4928;2025081910;   10; 60.00;eor
       4928;2025081911;   10; 60.00;eor
       4928;2025081912;   10; 60.00;eor
       4928;2025081913;   10; 60.00;eor
       4928;2025081914;   10; 60.00;eor
       4928;2025081915;   10; 60.00;eor
       4928;2025081916;   10; 60.00;eor
       4928;2025081917;   10; 60.00;eor
       4928;2025081918;   10; 60.00;eor
       4928;2025081919;   10; 14.00;eor
       4928;2025081920;   10;  0.00;eor
       4928;2025082003;   10;  0.00;eor
       4928;2025082004;   10;  0.00;eor
       4928;2025082005;   10;  3.00;eor
       4928;2025082006;   10; 41.00;eor
       4928;2025082007;   10;  3.00;eor
       4928;2025082008;   10; 54.00;eor
       4928;2025082009;   10; 28.00;eor
       4928;2025082010;   10;  4.00;eor
       4928;2025082011;   10; 60.00;eor
       4928;2025082012;   10; 60.00;eor
       4928;2025082013;   10; 47.00;eor
       4928;2025082014;   10; 20.00;eor
       4928;2025082015;   10;  0.00;eor
       4928;2025082016;   10;  0.00;eor
       4928;2025082017;   10;  0.00;eor
       4928;2025082018;   10;  0.00;eor
       4928;2025082019;   10;  0.00;eor
       4928;2025082020;   10;  0.00;eor
       4928;2025082103;   10;  0.00;eor
       4928;2025082104;   10;  0.00;eor
       4928;2025082105;   10;  0.00;eor
       4928;2025082106;   10;  0.00;eor
       4928;2025082107;   10;  0.00;eor
       4928;2025082108;   10;  0.00;eor
       4928;2025082109;   10;  2.00;eor
       4928;2025082110;   10;  1.00;eor
       4928;2025082111;   10; 12.00;eor
       4928;2025082112;   10;  0.00;eor
       4928;2025082113;   10;  0.00;eor
       4928;2025082114;   10;  0.00;eor
       4928;2025082115;   10;  0.00;eor
       4928;2025082116;   10;  0.00;eor
       4928;2025082117;   10;  0.00;eor
       4928;2025082118;   10;  8.00;eor
       4928;2025082119;   10;  2.00;eor
       4928;2025082120;   10;  0.00;eor
       4928;2025082203;   10;  0.00;eor
       4928;2025082204;   10;  0.00;eor
       4928;2025082205;   10;  0.00;eor
       4928;2025082206;   10;  0.00;eor
       4928;2025082207;   10;  0.00;eor
       4928;2025082208;   10;  4.00;eor
       4928;2025082209;   10; 57.00;eor
       4928;2025082210;   10; 52.00;eor
       4928;2025082211;   10; 40.00;eor
       4928;2025082212;   10; 48.00;eor
       4928;2025082213;   10; 33.00;eor
       4928;2025082214;   10; 37.00;eor
       4928;2025082215;   10; 26.00;eor
       4928;2025082216;   10; 37.00;eor
       4928;2025082217;   10; 31.00;eor
       4928;2025082218;   10; 52.00;eor
       4928;2025082219;   10;  0.00;eor
       4928;2025082220;   10;  0.00;eor
       4928;2025082303;   10;  0.00;eor
       4928;2025082304;   10;  0.00;eor
       4928;2025082305;   10;  0.00;eor
       4928;2025082306;   10;  0.00;eor
       4928;2025082307;   10;  0.00;eor
       4928;2025082308;   10;  8.00;eor
       4928;2025082309;   10; 33.00;eor
       4928;2025082310;   10; 56.00;eor
       4928;2025082311;   10; 54.00;eor
       4928;2025082312;   10; 49.00;eor
       4928;2025082313;   10; 24.00;eor
       4928;2025082314;   10; 24.00;eor
       4928;2025082315;   10;  5.00;eor
       4928;2025082316;   10; 12.00;eor
       4928;2025082317;   10;  2.00;eor
       4928;2025082318;   10;  0.00;eor
       4928;2025082319;   10;  0.00;eor
       4928;2025082320;   10;  0.00;eor
       4928;2025082403;   10;  0.00;eor
       4928;2025082404;   10;  0.00;eor
       4928;2025082405;   10;  0.00;eor
       4928;2025082406;   10;  4.00;eor
       4928;2025082407;   10; 30.00;eor
       4928;2025082408;   10; 19.00;eor
       4928;2025082409;   10; 28.00;eor
       4928;2025082410;   10; 35.00;eor
       4928;2025082411;   10; 37.00;eor
       4928;2025082412;   10; 23.00;eor
       4928;2025082413;   10; 45.00;eor
       4928;2025082414;   10; 52.00;eor
       4928;2025082415;   10; 60.00;eor
       4928;2025082416;   10; 60.00;eor
       4928;2025082417;   10; 60.00;eor
       4928;2025082418;   10; 60.00;eor
       4928;2025082419;   10; 13.00;eor
       4928;2025082420;   10;  0.00;eor
       4928;2025082503;   10;  0.00;eor
       4928;2025082504;   10;  0.00;eor
       4928;2025082505;   10;  0.00;eor
       4928;2025082506;   10; 31.00;eor
       4928;2025082507;   10; 60.00;eor
       4928;2025082508;   10; 60.00;eor
       4928;2025082509;   10; 60.00;eor
       4928;2025082510;   10; 60.00;eor
       4928;2025082511;   10; 60.00;eor
       4928;2025082512;   10; 60.00;eor
       4928;2025082513;   10; 60.00;eor
       4928;2025082514;   10; 60.00;eor
       4928;2025082515;   10; 60.00;eor
       4928;2025082516;   10; 60.00;eor
       4928;2025082517;   10; 60.00;eor
       4928;2025082518;   10; 60.00;eor
       4928;2025082519;   10; 11.00;eor
       4928;2025082520;   10;  0.00;eor
       4928;2025082603;   10;  0.00;eor
       4928;2025082604;   10;  0.00;eor
       4928;2025082605;   10;  0.00;eor
       4928;2025082606;   10; 27.00;eor
       4928;2025082607;   10; 60.00;eor
       4928;2025082608;   10; 60.00;eor
       4928;2025082609;   10; 60.00;eor
       4928;2025082610;   10; 60.00;eor
       4928;2025082611;   10; 60.00;eor
       4928;2025082612;   10; 60.00;eor
       4928;2025082613;   10; 60.00;eor
       4928;2025082614;   10; 60.00;eor
       4928;2025082615;   10; 60.00;eor
       4928;2025082616;   10; 58.00;eor
       4928;2025082617;   10; 41.00;eor
       4928;2025082618;   10;  7.00;eor
       4928;2025082619;   10;  0.00;eor
       4928;2025082620;   10;  0.00;eor
       4928;2025082703;   10;  0.00;eor
       4928;2025082704;   10;  0.00;eor
       4928;2025082705;   10;  0.00;eor
       4928;2025082706;   10; 18.00;eor
       4928;2025082707;   10;  5.00;eor
       4928;2025082708;   10; 23.00;eor
       4928;2025082709;   10; 46.00;eor
       4928;2025082710;   10; 46.00;eor
       4928;2025082711;   10;  0.00;eor
       4928;2025082712;   10;  0.00;eor
       4928;2025082713;   10;  0.00;eor
       4928;2025082714;   10;  0.00;eor
       4928;2025082715;   10;  9.00;eor
       4928;2025082716;   10;  9.00;eor
       4928;2025082717;   10; 10.00;eor
       4928;2025082718;   10;  3.00;eor
       4928;2025082719;   10;  0.00;eor
       4928;2025082720;   10;  0.00;eor
       4928;2025082803;   10;  0.00;eor
       4928;2025082804;   10;  0.00;eor
       4928;2025082805;   10;  0.00;eor
       4928;2025082806;   10;  0.00;eor
       4928;2025082807;   10;  0.00;eor
       4928;2025082808;   10;  0.00;eor
       4928;2025082809;   10;  0.00;eor
       4928;2025082810;   10;  0.00;eor
       4928;2025082811;   10;  0.00;eor
       4928;2025082812;   10;  0.00;eor
       4928;2025082813;   10;  4.00;eor
       4928;2025082814;   10; 10.00;eor
       4928;2025082815;   10;  0.00;eor
       4928;2025082816;   10;  0.00;eor
       4928;2025082817;   10;  0.00;eor
       4928;2025082818;   10;  1.00;eor
       4928;2025082819;   10;  0.00;eor
       4928;2025082820;   10;  0.00;eor
       4928;2025082903;   10;  0.00;eor
       4928;2025082904;   10;  0.00;eor
       4928;2025082905;   10;  0.00;eor
       4928;2025082906;   10;  0.00;eor
       4928;2025082907;   10; 19.00;eor
       4928;2025082908;   10; 60.00;eor
       4928;2025082909;   10; 60.00;eor
       4928;2025082910;   10; 60.00;eor
       4928;2025082911;   10; 50.00;eor
       4928;2025082912;   10; 43.00;eor
       4928;2025082913;   10; 44.00;eor
       4928;2025082914;   10; 33.00;eor
       4928;2025082915;   10; 37.00;eor
       4928;2025082916;   10; 42.00;eor
       4928;2025082917;   10; 35.00;eor
       4928;2025082918;   10;  5.00;eor
       4928;2025082919;   10;  0.00;eor
       4928;2025082920;   10;  0.00;eor
       4928;2025083003;   10;  0.00;eor
       4928;2025083004;   10;  0.00;eor
       4928;2025083005;   10;  0.00;eor
       4928;2025083006;   10;  0.00;eor
       4928;2025083007;   10;  0.00;eor
       4928;2025083008;   10;  9.00;eor
       4928;2025083009;   10; 16.00;eor
       4928;2025083010;   10; 11.00;eor
       4928;2025083011;   10; 25.00;eor
       4928;2025083012;   10; 37.00;eor
       4928;2025083013;   10; 38.00;eor
       4928;2025083014;   10; 49.00;eor
       4928;2025083015;   10; 53.00;eor
       4928;2025083016;   10;  2.00;eor
       4928;2025083017;   10; 36.00;eor
       4928;2025083018;   10; 53.00;eor
       4928;2025083019;   10;  0.00;eor
       4928;2025083020;   10;  0.00;eor
       4928;2025083103;   10;  0.00;eor
       4928;2025083104;   10;  0.00;eor
       4928;2025083105;   10;  0.00;eor
       4928;2025083106;   10; 22.00;eor
       4928;2025083107;   10; 60.00;eor
       4928;2025083108;   10; 60.00;eor
       4928;2025083109;   10; 60.00;eor
       4928;2025083110;   10; 47.00;eor
       4928;2025083111;   10; 59.00;eor
       4928;2025083112;   10; 15.00;eor
       4928;2025083113;   10;  0.00;eor
       4928;2025083114;   10; 33.00;eor
       4928;2025083115;   10; 56.00;eor
       4928;2025083116;   10; 36.00;eor
       4928;2025083117;   10; 54.00;eor
       4928;2025083118;   10; 59.00;eor
       4928;2025083119;   10;  0.00;eor
       4928;2025083120;   10;  0.00;eor
       4928;2025090103;   10;  0.00;eor
       4928;2025090104;   10;  0.00;eor
       4928;2025090105;   10;  0.00;eor
       4928;2025090106;   10;  0.00;eor
       4928;2025090107;   10;  4.00;eor
       4928;2025090108;   10;  5.00;eor
       4928;2025090109;   10;  0.00;eor
       4928;2025090110;   10;  0.00;eor
       4928;2025090111;   10;  0.00;eor
       4928;2025090112;   10;  7.00;eor
       4928;2025090113;   10;  0.00;eor
       4928;2025090114;   10;  0.00;eor
       4928;2025090115;   10;  0.00;eor
       4928;2025090116;   10;  0.00;eor
       4928;2025090117;   10;  0.00;eor
       4928;2025090118;   10;  3.00;eor
       4928;2025090119;   10;  0.00;eor
       4928;2025090120;   10;  0.00;eor
       4928;2025090203;   10;  0.00;eor
       4928;2025090204;   10;  0.00;eor
       4928;2025090205;   10;  0.00;eor
       4928;2025090206;   10;  0.00;eor
       4928;2025090207;   10; 33.00;eor
       4928;2025090208;   10; 44.00;eor
       4928;2025090209;   10; 43.00;eor
       4928;2025090210;   10; 13.00;eor
       4928;2025090211;   10;  2.00;eor
       4928;2025090212;   10; 21.00;eor
       4928;2025090213;   10;  9.00;eor
       4928;2025090214;   10; 11.00;eor
       4928;2025090215;   10; 60.00;eor
       4928;2025090216;   10; 46.00;eor
       4928;2025090217;   10; 21.00;eor
       4928;2025090218;   10; 23.00;eor
       4928;2025090219;   10;  0.00;eor
       4928;2025090220;   10;  0.00;eor
       4928;2025090303;   10;  0.00;eor
       4928;2025090304;   10;  0.00;eor
       4928;2025090305;   10;  0.00;eor
       4928;2025090306;   10; 13.00;eor
       4928;2025090307;   10; 60.00;eor
       4928;2025090308;   10; 33.00;eor
       4928;2025090309;   10; 45.00;eor
       4928;2025090310;   10;  1.00;eor
       4928;2025090311;   10; 10.00;eor
       4928;2025090312;   10;  0.00;eor
       4928;2025090313;   10;  2.00;eor
       4928;2025090314;   10; 54.00;eor
       4928;2025090315;   10; 60.00;eor
       4928;2025090316;   10; 60.00;eor
       4928;2025090317;   10; 60.00;eor
       4928;2025090318;   10; 48.00;eor
       4928;2025090319;   10;  0.00;eor
       4928;2025090320;   10;  0.00;eor
       4928;2025090403;   10;  0.00;eor
       4928;2025090404;   10;  0.00;eor
       4928;2025090405;   10;  0.00;eor
       4928;2025090406;   10;  0.00;eor
       4928;2025090407;   10;  0.00;eor
       4928;2025090408;   10; 42.00;eor
       4928;2025090409;   10; 60.00;eor
       4928;2025090410;   10; 60.00;eor
       4928;2025090411;   10; 24.00;eor
       4928;2025090412;   10;  0.00;eor
       4928;2025090413;   10;  2.00;eor
       4928;2025090414;   10; 28.00;eor
       4928;2025090415;   10; 13.00;eor
       4928;2025090416;   10; 18.00;eor
       4928;2025090417;   10;  0.00;eor
       4928;2025090418;   10;  0.00;eor
       4928;2025090419;   10;  0.00;eor
       4928;2025090420;   10;  0.00;eor
       4928;2025090503;   10;  0.00;eor
       4928;2025090504;   10;  0.00;eor
       4928;2025090505;   10;  0.00;eor
       4928;2025090506;   10; 20.00;eor
       4928;2025090507;   10; 36.00;eor
       4928;2025090508;   10;  0.00;eor
       4928;2025090509;   10;  0.00;eor
       4928;2025090510;   10;  0.00;eor
       4928;2025090511;   10;  0.00;eor
       4928;2025090512;   10;  0.00;eor
       4928;2025090513;   10;  4.00;eor
       4928;2025090514;   10; 15.00;eor
       4928;2025090515;   10; 11.00;eor
       4928;2025090516;   10; 60.00;eor
       4928;2025090517;   10; 60.00;eor
       4928;2025090518;   10; 37.00;eor
       4928;2025090519;   10;  0.00;eor
       4928;2025090520;   10;  0.00;eor
       4928;2025090603;   10;  0.00;eor
       4928;2025090604;   10;  0.00;eor
       4928;2025090605;   10;  0.00;eor
       4928;2025090606;   10; 23.00;eor
       4928;2025090607;   10; 60.00;eor
       4928;2025090608;   10; 60.00;eor
       4928;2025090609;   10; 60.00;eor
       4928;2025090610;   10; 60.00;eor
       4928;2025090611;   10; 60.00;eor
       4928;2025090612;   10; 59.00;eor
       4928;2025090613;   10; 60.00;eor
       4928;2025090614;   10; 60.00;eor
       4928;2025090615;   10; 60.00;eor
       4928;2025090616;   10; 57.00;eor
       4928;2025090617;   10; 41.00;eor
       4928;2025090618;   10; 25.00;eor
       4928;2025090619;   10;  0.00;eor
       4928;2025090620;   10;  0.00;eor
       4928;2025090703;   10;  0.00;eor
       4928;2025090704;   10;  0.00;eor
       4928;2025090705;   10;  0.00;eor
       4928;2025090706;   10;  0.00;eor
       4928;2025090707;   10;  0.00;eor
       4928;2025090708;   10; 46.00;eor
       4928;2025090709;   10; 60.00;eor
       4928;2025090710;   10; 60.00;eor
       4928;2025090711;   10; 60.00;eor
       4928;2025090712;   10; 60.00;eor
       4928;2025090713;   10; 60.00;eor
       4928;2025090714;   10; 60.00;eor
       4928;2025090715;   10; 60.00;eor
       4928;2025090716;   10; 60.00;eor
       4928;2025090717;   10; 60.00;eor
       4928;2025090718;   10; 32.00;eor
       4928;2025090719;   10;  0.00;eor
       4928;2025090720;   10;  0.00;eor
       4928;2025090803;   10;  0.00;eor
       4928;2025090804;   10;  0.00;eor
       4928;2025090805;   10;  0.00;eor
       4928;2025090806;   10;  0.00;eor
       4928;2025090807;   10; 16.00;eor
       4928;2025090808;   10; 16.00;eor
       4928;2025090809;   10;  9.00;eor
       4928;2025090810;   10;  1.00;eor
       4928;2025090811;   10; 14.00;eor
       4928;2025090812;   10;  3.00;eor
       4928;2025090813;   10;  0.00;eor
       4928;2025090814;   10;  0.00;eor
       4928;2025090815;   10;  0.00;eor
       4928;2025090816;   10;  0.00;eor
       4928;2025090817;   10;  0.00;eor
       4928;2025090818;   10;  0.00;eor
       4928;2025090819;   10;  0.00;eor
       4928;2025090820;   10;  0.00;eor
       4928;2025090903;   10;  0.00;eor
       4928;2025090904;   10;  0.00;eor
       4928;2025090905;   10;  0.00;eor
       4928;2025090906;   10;  0.00;eor
       4928;2025090907;   10;  0.00;eor
       4928;2025090908;   10;  0.00;eor
       4928;2025090909;   10;  0.00;eor
       4928;2025090910;   10;  0.00;eor
       4928;2025090911;   10;  0.00;eor
       4928;2025090912;   10;  0.00;eor
       4928;2025090913;   10;  5.00;eor
       4928;2025090914;   10; 18.00;eor
       4928;2025090915;   10; 33.00;eor
       4928;2025090916;   10; 39.00;eor
       4928;2025090917;   10; 52.00;eor
       4928;2025090918;   10; 39.00;eor
       4928;2025090919;   10;  0.00;eor
       4928;2025090920;   10;  0.00;eor
       4928;2025091003;   10;  0.00;eor
       4928;2025091004;   10;  0.00;eor
       4928;2025091005;   10;  0.00;eor
       4928;2025091006;   10;  0.00;eor
       4928;2025091007;   10;  0.00;eor
       4928;2025091008;   10;  0.00;eor
       4928;2025091009;   10;  0.00;eor
       4928;2025091010;   10;  0.00;eor
       4928;2025091011;   10;  0.00;eor
       4928;2025091012;   10; 11.00;eor
       4928;2025091013;   10;  0.00;eor
       4928;2025091014;   10; 14.00;eor
       4928;2025091015;   10; 45.00;eor
       4928;2025091016;   10; 21.00;eor
       4928;2025091017;   10;  5.00;eor
       4928;2025091018;   10; 22.00;eor
       4928;2025091019;   10;  0.00;eor
       4928;2025091020;   10;  0.00;eor
       4928;2025091103;   10;  0.00;eor
       4928;2025091104;   10;  0.00;eor
       4928;2025091105;   10;  0.00;eor
       4928;2025091106;   10;  0.00;eor
       4928;2025091107;   10; 15.00;eor
       4928;2025091108;   10; 41.00;eor
       4928;2025091109;   10; 21.00;eor
       4928;2025091110;   10; 25.00;eor
       4928;2025091111;   10; 17.00;eor
       4928;2025091112;   10;  0.00;eor
       4928;2025091113;   10; 33.00;eor
       4928;2025091114;   10; 43.00;eor
       4928;2025091115;   10; 57.00;eor
       4928;2025091116;   10; 55.00;eor
       4928;2025091117;   10; 44.00;eor
       4928;2025091118;   10; 27.00;eor
       4928;2025091119;   10;  0.00;eor
       4928;2025091120;   10;  0.00;eor
       4928;2025091203;   10;  0.00;eor
       4928;2025091204;   10;  0.00;eor
       4928;2025091205;   10;  0.00;eor
       4928;2025091206;   10;  0.00;eor
       4928;2025091207;   10;  3.00;eor
       4928;2025091208;   10; 24.00;eor
       4928;2025091209;   10; 60.00;eor
       4928;2025091210;   10; 58.00;eor
       4928;2025091211;   10; 46.00;eor
       4928;2025091212;   10; 39.00;eor
       4928;2025091213;   10; 60.00;eor
       4928;2025091214;   10; 54.00;eor
       4928;2025091215;   10; 54.00;eor
       4928;2025091216;   10; 57.00;eor
       4928;2025091217;   10; 30.00;eor
       4928;2025091218;   10;  0.00;eor
       4928;2025091219;   10;  0.00;eor
       4928;2025091220;   10;  0.00;eor
       4928;2025091303;   10;  0.00;eor
       4928;2025091304;   10;  0.00;eor
       4928;2025091305;   10;  0.00;eor
       4928;2025091306;   10; 12.00;eor
       4928;2025091307;   10; 48.00;eor
       4928;2025091308;   10; 55.00;eor
       4928;2025091309;   10; 48.00;eor
       4928;2025091310;   10; 32.00;eor
       4928;2025091311;   10; 60.00;eor
       4928;2025091312;   10; 35.00;eor
       4928;2025091313;   10; 20.00;eor
       4928;2025091314;   10;  6.00;eor
       4928;2025091315;   10; 51.00;eor
       4928;2025091316;   10;  3.00;eor
       4928;2025091317;   10;  5.00;eor
       4928;2025091318;   10;  0.00;eor
       4928;2025091319;   10;  0.00;eor
       4928;2025091320;   10;  0.00;eor
       4928;2025091403;   10;  0.00;eor
       4928;2025091404;   10;  0.00;eor
       4928;2025091405;   10;  0.00;eor
       4928;2025091406;   10;  0.00;eor
       4928;2025091407;   10;  0.00;eor
       4928;2025091408;   10;  4.00;eor
       4928;2025091409;   10; 50.00;eor
       4928;2025091410;   10; 46.00;eor
       4928;2025091411;   10; 24.00;eor
       4928;2025091412;   10; 32.00;eor
       4928;2025091413;   10; 10.00;eor
       4928;2025091414;   10;  9.00;eor
       4928;2025091415;   10; 53.00;eor
       4928;2025091416;   10; 34.00;eor
       4928;2025091417;   10; 28.00;eor
       4928;2025091418;   10;  0.00;eor
       4928;2025091419;   10;  0.00;eor
       4928;2025091420;   10;  0.00;eor
       4928;2025091503;   10;  0.00;eor
       4928;2025091504;   10;  0.00;eor
       4928;2025091505;   10;  0.00;eor
       4928;2025091506;   10;  0.00;eor
       4928;2025091507;   10;  2.00;eor
       4928;2025091508;   10; 13.00;eor
       4928;2025091509;   10; 24.00;eor
       4928;2025091510;   10; 23.00;eor
       4928;2025091511;   10;  1.00;eor
       4928;2025091512;   10; 35.00;eor
       4928;2025091513;   10; 42.00;eor
       4928;2025091514;   10; 33.00;eor
       4928;2025091515;   10;  7.00;eor
       4928;2025091516;   10; 27.00;eor
       4928;2025091517;   10; 11.00;eor
       4928;2025091518;   10;  0.00;eor
       4928;2025091519;   10;  0.00;eor
       4928;2025091520;   10;  0.00;eor
       4928;2025091603;   10;  0.00;eor
       4928;2025091604;   10;  0.00;eor
       4928;2025091605;   10;  0.00;eor
       4928;2025091606;   10;  0.00;eor
       4928;2025091607;   10; 32.00;eor
       4928;2025091608;   10; 43.00;eor
       4928;2025091609;   10; 17.00;eor
       4928;2025091610;   10; 47.00;eor
       4928;2025091611;   10;  6.00;eor
       4928;2025091612;   10;  0.00;eor
       4928;2025091613;   10; 28.00;eor
       4928;2025091614;   10; 40.00;eor
       4928;2025091615;   10; 45.00;eor
       4928;2025091616;   10; 49.00;eor
       4928;2025091617;   10; 11.00;eor
       4928;2025091618;   10;  0.00;eor
       4928;2025091619;   10;  0.00;eor
       4928;2025091620;   10;  0.00;eor
       4928;2025091703;   10;  0.00;eor
       4928;2025091704;   10;  0.00;eor
       4928;2025091705;   10;  0.00;eor
       4928;2025091706;   10;  0.00;eor
       4928;2025091707;   10; 11.00;eor
       4928;2025091708;   10;  3.00;eor
       4928;2025091709;   10; 44.00;eor
       4928;2025091710;   10; 12.00;eor
       4928;2025091711;   10;  6.00;eor
       4928;2025091712;   10;  3.00;eor
       4928;2025091713;   10; 16.00;eor
       4928;2025091714;   10;  8.00;eor
       4928;2025091715;   10;  9.00;eor
       4928;2025091716;   10; 41.00;eor
       4928;2025091717;   10; 40.00;eor
       4928;2025091718;   10; 21.00;eor
       4928;2025091719;   10;  0.00;eor
       4928;2025091720;   10;  0.00;eor
       4928;2025091803;   10;  0.00;eor
       4928;2025091804;   10;  0.00;eor
       4928;2025091805;   10;  0.00;eor
       4928;2025091806;   10; 29.00;eor
       4928;2025091807;   10; 60.00;eor
       4928;2025091808;   10; 60.00;eor
       4928;2025091809;   10; 60.00;eor
       4928;2025091810;   10; 60.00;eor
       4928;2025091811;   10; 60.00;eor
       4928;2025091812;   10; 60.00;eor
       4928;2025091813;   10; 60.00;eor
       4928;2025091814;   10; 60.00;eor
       4928;2025091815;   10; 60.00;eor
       4928;2025091816;   10; 60.00;eor
       4928;2025091817;   10; 60.00;eor
       4928;2025091818;   10; 22.00;eor
       4928;2025091819;   10;  0.00;eor
       4928;2025091820;   10;  0.00;eor
       4928;2025091903;   10;  0.00;eor
       4928;2025091904;   10;  0.00;eor
       4928;2025091905;   10;  0.00;eor
       4928;2025091906;   10; 28.00;eor
       4928;2025091907;   10; 60.00;eor
       4928;2025091908;   10; 60.00;eor
       4928;2025091909;   10; 60.00;eor
       4928;2025091910;   10; 60.00;eor
       4928;2025091911;   10; 60.00;eor
       4928;2025091912;   10; 60.00;eor
       4928;2025091913;   10; 60.00;eor
       4928;2025091914;   10; 60.00;eor
       4928;2025091915;   10; 60.00;eor
       4928;2025091916;   10; 60.00;eor
       4928;2025091917;   10; 60.00;eor
       4928;2025091918;   10; 20.00;eor
       4928;2025091919;   10;  0.00;eor
       4928;2025091920;   10;  0.00;eor
       4928;2025092003;   10;  0.00;eor
       4928;2025092004;   10;  0.00;eor
       4928;2025092005;   10;  0.00;eor
       4928;2025092006;   10;  1.00;eor
       4928;2025092007;   10; 57.00;eor
       4928;2025092008;   10; 60.00;eor
       4928;2025092009;   10; 60.00;eor
       4928;2025092010;   10; 60.00;eor
       4928;2025092011;   10; 60.00;eor
       4928;2025092012;   10; 60.00;eor
       4928;2025092013;   10; 60.00;eor
       4928;2025092014;   10; 59.00;eor
       4928;2025092015;   10; 60.00;eor
       4928;2025092016;   10; 60.00;eor
       4928;2025092017;   10; 60.00;eor
       4928;2025092018;   10; 17.00;eor
       4928;2025092019;   10;  0.00;eor
       4928;2025092020;   10;  0.00;eor
       4928;2025092103;   10;  0.00;eor
       4928;2025092104;   10;  0.00;eor
       4928;2025092105;   10;  0.00;eor
       4928;2025092106;   10;  4.00;eor
       4928;2025092107;   10;  7.00;eor
       4928;2025092108;   10; 12.00;eor
       4928;2025092109;   10;  4.00;eor
       4928;2025092110;   10; 31.00;eor
       4928;2025092111;   10;  4.00;eor
       4928;2025092112;   10;  1.00;eor
       4928;2025092113;   10;  0.00;eor
       4928;2025092114;   10;  0.00;eor
       4928;2025092115;   10;  0.00;eor
       4928;2025092116;   10;  0.00;eor
       4928;2025092117;   10;  0.00;eor
       4928;2025092118;   10;  0.00;eor
       4928;2025092119;   10;  0.00;eor
       4928;2025092120;   10;  0.00;eor
       4928;2025092203;   10;  0.00;eor
       4928;2025092204;   10;  0.00;eor
       4928;2025092205;   10;  0.00;eor
       4928;2025092206;   10;  0.00;eor
       4928;2025092207;   10;  0.00;eor
       4928;2025092208;   10;  0.00;eor
       4928;2025092209;   10;  0.00;eor
       4928;2025092210;   10;  0.00;eor
       4928;2025092211;   10;  0.00;eor
       4928;2025092212;   10;  0.00;eor
       4928;2025092213;   10;  0.00;eor
       4928;2025092214;   10;  0.00;eor
       4928;2025092215;   10;  0.00;eor
       4928;2025092216;   10;  0.00;eor
       4928;2025092217;   10;  0.00;eor
       4928;2025092218;   10;  0.00;eor
       4928;2025092219;   10;  0.00;eor
       4928;2025092220;   10;  0.00;eor
       4928;2025092303;   10;  0.00;eor
       4928;2025092304;   10;  0.00;eor
       4928;2025092305;   10;  0.00;eor
       4928;2025092306;   10;  0.00;eor
       4928;2025092307;   10;  0.00;eor
       4928;2025092308;   10;  0.00;eor
       4928;2025092309;   10;  0.00;eor
       4928;2025092310;   10;  0.00;eor
       4928;2025092311;   10;  0.00;eor
       4928;2025092312;   10;  0.00;eor
       4928;2025092313;   10;  0.00;eor
       4928;2025092314;   10;  0.00;eor
       4928;2025092315;   10;  0.00;eor
       4928;2025092316;   10;  0.00;eor
       4928;2025092317;   10;  0.00;eor
       4928;2025092318;   10;  0.00;eor
       4928;2025092319;   10;  0.00;eor
       4928;2025092320;   10;  0.00;eor
       4928;2025092403;   10;  0.00;eor
       4928;2025092404;   10;  0.00;eor
       4928;2025092405;   10;  0.00;eor
       4928;2025092406;   10;  0.00;eor
       4928;2025092407;   10;  0.00;eor
       4928;2025092408;   10;  0.00;eor
       4928;2025092409;   10;  0.00;eor
       4928;2025092410;   10;  0.00;eor
       4928;2025092411;   10;  0.00;eor
       4928;2025092412;   10;  0.00;eor
       4928;2025092413;   10;  0.00;eor
       4928;2025092414;   10;  0.00;eor
       4928;2025092415;   10;  0.00;eor
       4928;2025092416;   10;  0.00;eor
       4928;2025092417;   10;  0.00;eor
       4928;2025092418;   10;  0.00;eor
       4928;2025092419;   10;  0.00;eor
       4928;2025092420;   10;  0.00;eor
       4928;2025092503;   10;  0.00;eor
       4928;2025092504;   10;  0.00;eor
       4928;2025092505;   10;  0.00;eor
       4928;2025092506;   10;  0.00;eor
       4928;2025092507;   10;  0.00;eor
       4928;2025092508;   10;  0.00;eor
       4928;2025092509;   10;  0.00;eor
       4928;2025092510;   10;  0.00;eor
       4928;2025092511;   10;  0.00;eor
       4928;2025092512;   10;  0.00;eor
       4928;2025092513;   10;  0.00;eor
       4928;2025092514;   10;  0.00;eor
       4928;2025092515;   10;  0.00;eor
       4928;2025092516;   10;  0.00;eor
       4928;2025092517;   10;  0.00;eor
       4928;2025092518;   10;  0.00;eor
       4928;2025092519;   10;  0.00;eor
       4928;2025092520;   10;  0.00;eor
       4928;2025092603;   10;  0.00;eor
       4928;2025092604;   10;  0.00;eor
       4928;2025092605;   10;  0.00;eor
       4928;2025092606;   10;  0.00;eor
       4928;2025092607;   10;  0.00;eor
       4928;2025092608;   10;  0.00;eor
       4928;2025092609;   10;  0.00;eor
       4928;2025092610;   10;  0.00;eor
       4928;2025092611;   10;  0.00;eor
       4928;2025092612;   10;  0.00;eor
       4928;2025092613;   10;  0.00;eor
       4928;2025092614;   10;  0.00;eor
       4928;2025092615;   10;  0.00;eor
       4928;2025092616;   10;  0.00;eor
       4928;2025092617;   10;  0.00;eor
       4928;2025092618;   10;  0.00;eor
       4928;2025092619;   10;  0.00;eor
       4928;2025092620;   10;  0.00;eor
       4928;2025092703;   10;  0.00;eor
       4928;2025092704;   10;  0.00;eor
       4928;2025092705;   10;  0.00;eor
       4928;2025092706;   10;  0.00;eor
       4928;2025092707;   10;  0.00;eor
       4928;2025092708;   10;  0.00;eor
       4928;2025092709;   10;  0.00;eor
       4928;2025092710;   10;  0.00;eor
       4928;2025092711;   10;  0.00;eor
       4928;2025092712;   10;  0.00;eor
       4928;2025092713;   10;  0.00;eor
       4928;2025092714;   10; 39.00;eor
       4928;2025092715;   10;  2.00;eor
       4928;2025092716;   10;  2.00;eor
       4928;2025092717;   10;  8.00;eor
       4928;2025092718;   10;  0.00;eor
       4928;2025092719;   10;  0.00;eor
       4928;2025092720;   10;  0.00;eor
       4928;2025092803;   10;  0.00;eor
       4928;2025092804;   10;  0.00;eor
       4928;2025092805;   10;  0.00;eor
       4928;2025092806;   10;  0.00;eor
       4928;2025092807;   10;  0.00;eor
       4928;2025092808;   10;  0.00;eor
       4928;2025092809;   10;  0.00;eor
       4928;2025092810;   10;  0.00;eor
       4928;2025092811;   10;  0.00;eor
       4928;2025092812;   10;  0.00;eor
       4928;2025092813;   10;  0.00;eor
       4928;2025092814;   10;  0.00;eor
       4928;2025092815;   10;  2.00;eor
       4928;2025092816;   10;  5.00;eor
       4928;2025092817;   10;  0.00;eor
       4928;2025092818;   10;  0.00;eor
       4928;2025092819;   10;  0.00;eor
       4928;2025092820;   10;  0.00;eor
       4928;2025092903;   10;  0.00;eor
       4928;2025092904;   10;  0.00;eor
       4928;2025092905;   10;  0.00;eor
       4928;2025092906;   10;  0.00;eor
       4928;2025092907;   10;  0.00;eor
       4928;2025092908;   10;  4.00;eor
       4928;2025092909;   10; 10.00;eor
       4928;2025092910;   10; 45.00;eor
       4928;2025092911;   10; 58.00;eor
       4928;2025092912;   10; 47.00;eor
       4928;2025092913;   10; 31.00;eor
       4928;2025092914;   10; 46.00;eor
       4928;2025092915;   10; 38.00;eor
       4928;2025092916;   10; 13.00;eor
       4928;2025092917;   10; 12.00;eor
       4928;2025092918;   10;  0.00;eor
       4928;2025092919;   10;  0.00;eor
       4928;2025092920;   10;  0.00;eor
       4928;2025093003;   10;  0.00;eor
       4928;2025093004;   10;  0.00;eor
       4928;2025093005;   10;  0.00;eor
       4928;2025093006;   10;  0.00;eor
       4928;2025093007;   10;  0.00;eor
       4928;2025093008;   10;  0.00;eor
       4928;2025093009;   10;  1.00;eor
       4928;2025093010;   10;  0.00;eor
       4928;2025093011;   10;  0.00;eor
       4928;2025093012;   10; 14.00;eor
       4928;2025093013;   10; 36.00;eor
       4928;2025093014;   10; 54.00;eor
       4928;2025093015;   10; 36.00;eor
       4928;2025093016;   10;  0.00;eor
       4928;2025093017;   10;  0.00;eor
       4928;2025093018;   10;  0.00;eor
       4928;2025093019;   10;  0.00;eor
       4928;2025093020;   10;  0.00;eor
       4928;2025100103;   10;  0.00;eor
       4928;2025100104;   10;  0.00;eor
       4928;2025100105;   10;  0.00;eor
       4928;2025100106;   10;  0.00;eor
       4928;2025100107;   10;  0.00;eor
       4928;2025100108;   10;  0.00;eor
       4928;2025100109;   10; 10.00;eor
       4928;2025100110;   10; 53.00;eor
       4928;2025100111;   10; 32.00;eor
       4928;2025100112;   10; 42.00;eor
       4928;2025100113;   10; 35.00;eor
       4928;2025100114;   10; 36.00;eor
       4928;2025100115;   10; 48.00;eor
       4928;2025100116;   10; 51.00;eor
       4928;2025100117;   10; 30.00;eor
       4928;2025100118;   10;  0.00;eor
       4928;2025100119;   10;  0.00;eor
       4928;2025100120;   10;  0.00;eor
       4928;2025100203;   10;  0.00;eor
       4928;2025100204;   10;  0.00;eor
       4928;2025100205;   10;  0.00;eor
       4928;2025100206;   10;  4.00;eor
       4928;2025100207;   10; 48.00;eor
       4928;2025100208;   10; 60.00;eor
       4928;2025100209;   10; 60.00;eor
       4928;2025100210;   10; 60.00;eor
       4928;2025100211;   10; 60.00;eor
       4928;2025100212;   10; 60.00;eor
       4928;2025100213;   10; 60.00;eor
       4928;2025100214;   10; 58.00;eor
       4928;2025100215;   10; 50.00;eor
       4928;2025100216;   10; 52.00;eor
       4928;2025100217;   10; 52.00;eor
       4928;2025100218;   10;  0.00;eor
       4928;2025100219;   10;  0.00;eor
       4928;2025100220;   10;  0.00;eor
       4928;2025100303;   10;  0.00;eor
       4928;2025100304;   10;  0.00;eor
       4928;2025100305;   10;  0.00;eor
       4928;2025100306;   10;  1.00;eor
       4928;2025100307;   10; 45.00;eor
       4928;2025100308;   10; 60.00;eor
       4928;2025100309;   10; 60.00;eor
       4928;2025100310;   10;  2.00;eor
       4928;2025100311;   10; 27.00;eor
       4928;2025100312;   10; 60.00;eor
       4928;2025100313;   10; 38.00;eor
       4928;2025100314;   10;  0.00;eor
       4928;2025100315;   10;  0.00;eor
       4928;2025100316;   10;  0.00;eor
       4928;2025100317;   10;  0.00;eor
       4928;2025100318;   10;  0.00;eor
       4928;2025100319;   10;  0.00;eor
       4928;2025100320;   10;  0.00;eor
       4928;2025100403;   10;  0.00;eor
       4928;2025100404;   10;  0.00;eor
       4928;2025100405;   10;  0.00;eor
       4928;2025100406;   10;  0.00;eor
       4928;2025100407;   10;  3.00;eor
       4928;2025100408;   10; 24.00;eor
       4928;2025100409;   10; 27.00;eor
       4928;2025100410;   10; 55.00;eor
       4928;2025100411;   10; 35.00;eor
       4928;2025100412;   10;  1.00;eor
       4928;2025100413;   10;  0.00;eor
       4928;2025100414;   10;  0.00;eor
       4928;2025100415;   10;  0.00;eor
       4928;2025100416;   10;  0.00;eor
       4928;2025100417;   10;  0.00;eor
       4928;2025100418;   10;  0.00;eor
       4928;2025100419;   10;  0.00;eor
       4928;2025100420;   10;  0.00;eor
       4928;2025100503;   10;  0.00;eor
       4928;2025100504;   10;  0.00;eor
       4928;2025100505;   10;  0.00;eor
       4928;2025100506;   10;  0.00;eor
       4928;2025100507;   10;  0.00;eor
       4928;2025100508;   10;  0.00;eor
       4928;2025100509;   10;  6.00;eor
       4928;2025100510;   10;  0.00;eor
       4928;2025100511;   10;  0.00;eor
       4928;2025100512;   10; 10.00;eor
       4928;2025100513;   10; 24.00;eor
       4928;2025100514;   10;  0.00;eor
       4928;2025100515;   10; 30.00;eor
       4928;2025100516;   10; 47.00;eor
       4928;2025100517;   10;  9.00;eor
       4928;2025100518;   10;  0.00;eor
       4928;2025100519;   10;  0.00;eor
       4928;2025100520;   10;  0.00;eor
       4928;2025100603;   10;  0.00;eor
       4928;2025100604;   10;  0.00;eor
       4928;2025100605;   10;  0.00;eor
       4928;2025100606;   10;  0.00;eor
       4928;2025100607;   10;  0.00;eor
       4928;2025100608;   10;  0.00;eor
       4928;2025100609;   10;  0.00;eor
       4928;2025100610;   10;  0.00;eor
       4928;2025100611;   10;  0.00;eor
       4928;2025100612;   10;  0.00;eor
       4928;2025100613;   10;  0.00;eor
       4928;2025100614;   10;  0.00;eor
       4928;2025100615;   10;  0.00;eor
       4928;2025100616;   10;  0.00;eor
       4928;2025100617;   10;  0.00;eor
       4928;2025100618;   10;  0.00;eor
       4928;2025100619;   10;  0.00;eor
       4928;2025100620;   10;  0.00;eor
       4928;2025100703;   10;  0.00;eor
       4928;2025100704;   10;  0.00;eor
       4928;2025100705;   10;  0.00;eor
       4928;2025100706;   10;  0.00;eor
       4928;2025100707;   10;  0.00;eor
       4928;2025100708;   10;  0.00;eor
       4928;2025100709;   10;  0.00;eor
       4928;2025100710;   10;  0.00;eor
       4928;2025100711;   10;  0.00;eor
       4928;2025100712;   10;  0.00;eor
       4928;2025100713;   10;  0.00;eor
       4928;2025100714;   10;  0.00;eor
       4928;2025100715;   10;  0.00;eor
       4928;2025100716;   10; 10.00;eor
       4928;2025100717;   10; 35.00;eor
       4928;2025100718;   10;  0.00;eor
       4928;2025100719;   10;  0.00;eor
       4928;2025100720;   10;  0.00;eor
       4928;2025100803;   10;  0.00;eor
       4928;2025100804;   10;  0.00;eor
       4928;2025100805;   10;  0.00;eor
       4928;2025100806;   10;  0.00;eor
       4928;2025100807;   10; 14.00;eor
       4928;2025100808;   10; 40.00;eor
       4928;2025100809;   10; 45.00;eor
       4928;2025100810;   10; 38.00;eor
       4928;2025100811;   10; 36.00;eor
       4928;2025100812;   10; 45.00;eor
       4928;2025100813;   10; 60.00;eor
       4928;2025100814;   10; 60.00;eor
       4928;2025100815;   10; 60.00;eor
       4928;2025100816;   10; 60.00;eor
       4928;2025100817;   10; 26.00;eor
       4928;2025100818;   10;  0.00;eor
       4928;2025100819;   10;  0.00;eor
       4928;2025100820;   10;  0.00;eor
       4928;2025100903;   10;  0.00;eor
       4928;2025100904;   10;  0.00;eor
       4928;2025100905;   10;  0.00;eor
       4928;2025100906;   10;  0.00;eor
       4928;2025100907;   10;  0.00;eor
       4928;2025100908;   10;  0.00;eor
       4928;2025100909;   10;  0.00;eor
       4928;2025100910;   10;  0.00;eor
       4928;2025100911;   10;  0.00;eor
       4928;2025100912;   10; 28.00;eor
       4928;2025100913;   10; 10.00;eor
       4928;2025100914;   10;  0.00;eor
       4928;2025100915;   10;  0.00;eor
       4928;2025100916;   10;  0.00;eor
       4928;2025100917;   10;  0.00;eor
       4928;2025100918;   10;  0.00;eor
       4928;2025100919;   10;  0.00;eor
       4928;2025100920;   10;  0.00;eor
       4928;2025101003;   10;  0.00;eor
       4928;2025101004;   10;  0.00;eor
       4928;2025101005;   10;  0.00;eor
       4928;2025101006;   10;  0.00;eor
       4928;2025101007;   10;  0.00;eor
       4928;2025101008;   10; 39.00;eor
       4928;2025101009;   10;  6.00;eor
       4928;2025101010;   10;  0.00;eor
       4928;2025101011;   10;  0.00;eor
       4928;2025101012;   10;  0.00;eor
       4928;2025101013;   10;  0.00;eor
       4928;2025101014;   10;  0.00;eor
       4928;2025101015;   10;  0.00;eor
       4928;2025101016;   10;  0.00;eor
       4928;2025101017;   10;  0.00;eor
       4928;2025101018;   10;  0.00;eor
       4928;2025101019;   10;  0.00;eor
       4928;2025101020;   10;  0.00;eor
       4928;2025101103;   10;  0.00;eor
       4928;2025101104;   10;  0.00;eor
       4928;2025101105;   10;  0.00;eor
       4928;2025101106;   10;  0.00;eor
       4928;2025101107;   10; 28.00;eor
       4928;2025101108;   10; 34.00;eor
       4928;2025101109;   10; 24.00;eor
       4928;2025101110;   10; 60.00;eor
       4928;2025101111;   10; 60.00;eor
       4928;2025101112;   10; 59.00;eor
       4928;2025101113;   10; 30.00;eor
       4928;2025101114;   10; 14.00;eor
       4928;2025101115;   10;  9.00;eor
       4928;2025101116;   10;  0.00;eor
       4928;2025101117;   10;  0.00;eor
       4928;2025101118;   10;  0.00;eor
       4928;2025101119;   10;  0.00;eor
       4928;2025101120;   10;  0.00;eor
       4928;2025101203;   10;  0.00;eor
       4928;2025101204;   10;  0.00;eor
       4928;2025101205;   10;  0.00;eor
       4928;2025101206;   10;  0.00;eor
       4928;2025101207;   10;  0.00;eor
       4928;2025101208;   10;  0.00;eor
       4928;2025101209;   10;  0.00;eor
       4928;2025101210;   10;  0.00;eor
       4928;2025101211;   10;  0.00;eor
       4928;2025101212;   10;  0.00;eor
       4928;2025101213;   10;  1.00;eor
       4928;2025101214;   10; 18.00;eor
       4928;2025101215;   10; 33.00;eor
       4928;2025101216;   10; 11.00;eor
       4928;2025101217;   10;  0.00;eor
       4928;2025101218;   10;  0.00;eor
       4928;2025101219;   10;  0.00;eor
       4928;2025101220;   10;  0.00;eor
       4928;2025101303;   10;  0.00;eor
       4928;2025101304;   10;  0.00;eor
       4928;2025101305;   10;  0.00;eor
       4928;2025101306;   10;  0.00;eor
       4928;2025101307;   10;  0.00;eor
       4928;2025101308;   10;  0.00;eor
       4928;2025101309;   10;  4.00;eor
       4928;2025101310;   10;  0.00;eor
       4928;2025101311;   10;  0.00;eor
       4928;2025101312;   10;  0.00;eor
       4928;2025101313;   10;  0.00;eor
       4928;2025101314;   10;  0.00;eor
       4928;2025101315;   10;  0.00;eor
       4928;2025101316;   10;  0.00;eor
       4928;2025101317;   10;  0.00;eor
       4928;2025101318;   10;  0.00;eor
       4928;2025101319;   10;  0.00;eor
       4928;2025101320;   10;  0.00;eor
       4928;2025101403;   10;  0.00;eor
       4928;2025101404;   10;  0.00;eor
       4928;2025101405;   10;  0.00;eor
       4928;2025101406;   10;  0.00;eor
       4928;2025101407;   10;  0.00;eor
       4928;2025101408;   10;  0.00;eor
       4928;2025101409;   10;  0.00;eor
       4928;2025101410;   10; 37.00;eor
       4928;2025101411;   10; 60.00;eor
       4928;2025101412;   10; 60.00;eor
       4928;2025101413;   10; 58.00;eor
       4928;2025101414;   10; 56.00;eor
       4928;2025101415;   10; 51.00;eor
       4928;2025101416;   10; 55.00;eor
       4928;2025101417;   10; 26.00;eor
       4928;2025101418;   10;  0.00;eor
       4928;2025101419;   10;  0.00;eor
       4928;2025101420;   10;  0.00;eor
       4928;2025101503;   10;  0.00;eor
       4928;2025101504;   10;  0.00;eor
       4928;2025101505;   10;  0.00;eor
       4928;2025101506;   10;  0.00;eor
       4928;2025101507;   10;  0.00;eor
       4928;2025101508;   10;  0.00;eor
       4928;2025101509;   10;  0.00;eor
       4928;2025101510;   10; 30.00;eor
       4928;2025101511;   10; 56.00;eor
       4928;2025101512;   10;  3.00;eor
       4928;2025101513;   10;  3.00;eor
       4928;2025101514;   10; 14.00;eor
       4928;2025101515;   10; 37.00;eor
       4928;2025101516;   10; 41.00;eor
       4928;2025101517;   10; 11.00;eor
       4928;2025101518;   10;  0.00;eor
       4928;2025101519;   10;  0.00;eor
       4928;2025101520;   10;  0.00;eor
       4928;2025101603;   10;  0.00;eor
       4928;2025101604;   10;  0.00;eor
       4928;2025101605;   10;  0.00;eor
       4928;2025101606;   10;  0.00;eor
       4928;2025101607;   10;  0.00;eor
       4928;2025101608;   10;  3.00;eor
       4928;2025101609;   10; 34.00;eor
       4928;2025101610;   10; 59.00;eor
       4928;2025101611;   10; 57.00;eor
       4928;2025101612;   10; 33.00;eor
       4928;2025101613;   10;  2.00;eor
       4928;2025101614;   10; 38.00;eor
       4928;2025101615;   10; 48.00;eor
       4928;2025101616;   10; 23.00;eor
       4928;2025101617;   10;  4.00;eor
       4928;2025101618;   10;  0.00;eor
       4928;2025101619;   10;  0.00;eor
       4928;2025101620;   10;  0.00;eor
       4928;2025101703;   10;  0.00;eor
       4928;2025101704;   10;  0.00;eor
       4928;2025101705;   10;  0.00;eor
       4928;2025101706;   10;  0.00;eor
       4928;2025101707;   10;  0.00;eor
       4928;2025101708;   10;  0.00;eor
       4928;2025101709;   10;  0.00;eor
       4928;2025101710;   10;  0.00;eor
       4928;2025101711;   10;  0.00;eor
       4928;2025101712;   10;  0.00;eor
       4928;2025101713;   10;  0.00;eor
       4928;2025101714;   10;  0.00;eor
       4928;2025101715;   10;  0.00;eor
       4928;2025101716;   10;  0.00;eor
       4928;2025101717;   10;  0.00;eor
       4928;2025101718;   10;  0.00;eor
       4928;2025101719;   10;  0.00;eor
       4928;2025101720;   10;  0.00;eor
       4928;2025101803;   10;  0.00;eor
       4928;2025101804;   10;  0.00;eor
       4928;2025101805;   10;  0.00;eor
       4928;2025101806;   10;  0.00;eor
       4928;2025101807;   10;  0.00;eor
       4928;2025101808;   10;  0.00;eor
       4928;2025101809;   10;  0.00;eor
       4928;2025101810;   10;  1.00;eor
       4928;2025101811;   10; 44.00;eor
       4928;2025101812;   10;  8.00;eor
       4928;2025101813;   10;  2.00;eor
       4928;2025101814;   10; 30.00;eor
       4928;2025101815;   10; 42.00;eor
       4928;2025101816;   10;  0.00;eor
       4928;2025101817;   10;  0.00;eor
       4928;2025101818;   10;  0.00;eor
       4928;2025101819;   10;  0.00;eor
       4928;2025101820;   10;  0.00;eor
       4928;2025101903;   10;  0.00;eor
       4928;2025101904;   10;  0.00;eor
       4928;2025101905;   10;  0.00;eor
       4928;2025101906;   10;  0.00;eor
       4928;2025101907;   10;  0.00;eor
       4928;2025101908;   10;  0.00;eor
       4928;2025101909;   10;  0.00;eor
       4928;2025101910;   10;  0.00;eor
       4928;2025101911;   10;  8.00;eor
       4928;2025101912;   10; 14.00;eor
       4928;2025101913;   10;  4.00;eor
       4928;2025101914;   10;  5.00;eor
       4928;2025101915;   10;  0.00;eor
       4928;2025101916;   10;  0.00;eor
       4928;2025101917;   10;  0.00;eor
       4928;2025101918;   10;  0.00;eor
       4928;2025101919;   10;  0.00;eor
       4928;2025101920;   10;  0.00;eor
       4928;2025102003;   10;  0.00;eor
       4928;2025102004;   10;  0.00;eor
       4928;2025102005;   10;  0.00;eor
       4928;2025102006;   10;  0.00;eor
       4928;2025102007;   10;  0.00;eor
       4928;2025102008;   10;  0.00;eor
       4928;2025102009;   10;  0.00;eor
       4928;2025102010;   10;  0.00;eor
       4928;2025102011;   10;  0.00;eor
       4928;2025102012;   10;  0.00;eor
       4928;2025102013;   10;  0.00;eor
       4928;2025102014;   10;  0.00;eor
       4928;2025102015;   10;  0.00;eor
       4928;2025102016;   10;  0.00;eor
       4928;2025102017;   10;  0.00;eor
       4928;2025102018;   10;  0.00;eor
       4928;2025102019;   10;  0.00;eor
       4928;2025102020;   10;  0.00;eor
       4928;2025102103;   10;  0.00;eor
       4928;2025102104;   10;  0.00;eor
       4928;2025102105;   10;  0.00;eor
       4928;2025102106;   10;  0.00;eor
       4928;2025102107;   10;  7.00;eor
       4928;2025102108;   10;  0.00;eor
       4928;2025102109;   10;  0.00;eor
       4928;2025102110;   10; 13.00;eor
       4928;2025102111;   10; 30.00;eor
       4928;2025102112;   10; 14.00;eor
       4928;2025102113;   10;  0.00;eor
       4928;2025102114;   10; 50.00;eor
       4928;2025102115;   10; 37.00;eor
       4928;2025102116;   10; 49.00;eor
       4928;2025102117;   10;  0.00;eor
       4928;2025102118;   10;  0.00;eor
       4928;2025102119;   10;  0.00;eor
       4928;2025102120;   10;  0.00;eor
       4928;2025102203;   10;  0.00;eor
       4928;2025102204;   10;  0.00;eor
       4928;2025102205;   10;  0.00;eor
       4928;2025102206;   10;  0.00;eor
       4928;2025102207;   10;  0.00;eor
       4928;2025102208;   10;  0.00;eor
       4928;2025102209;   10;  0.00;eor
       4928;2025102210;   10;  0.00;eor
       4928;2025102211;   10;  0.00;eor
       4928;2025102212;   10;  0.00;eor
       4928;2025102213;   10;  0.00;eor
       4928;2025102214;   10;  0.00;eor
       4928;2025102215;   10;  0.00;eor
       4928;2025102216;   10;  0.00;eor
       4928;2025102217;   10;  0.00;eor
       4928;2025102218;   10;  0.00;eor
       4928;2025102219;   10;  0.00;eor
       4928;2025102220;   10;  0.00;eor
       4928;2025102303;   10;  0.00;eor
       4928;2025102304;   10;  0.00;eor
       4928;2025102305;   10;  0.00;eor
       4928;2025102306;   10;  0.00;eor
       4928;2025102307;   10;  0.00;eor
       4928;2025102308;   10;  0.00;eor
       4928;2025102309;   10;  0.00;eor
       4928;2025102310;   10;  0.00;eor
       4928;2025102311;   10;  0.00;eor
       4928;2025102312;   10;  4.00;eor
       4928;2025102313;   10; 26.00;eor
       4928;2025102314;   10; 47.00;eor
       4928;2025102315;   10; 38.00;eor
       4928;2025102316;   10; 42.00;eor
       4928;2025102317;   10;  0.00;eor
       4928;2025102318;   10;  0.00;eor
       4928;2025102319;   10;  0.00;eor
       4928;2025102320;   10;  0.00;eor
       4928;2025102403;   10;  0.00;eor
       4928;2025102404;   10;  0.00;eor
       4928;2025102405;   10;  0.00;eor
       4928;2025102406;   10;  0.00;eor
       4928;2025102407;   10; 11.00;eor
       4928;2025102408;   10; 26.00;eor
       4928;2025102409;   10; 12.00;eor
       4928;2025102410;   10; 57.00;eor
       4928;2025102411;   10; 16.00;eor
       4928;2025102412;   10;  3.00;eor
       4928;2025102413;   10; 22.00;eor
       4928;2025102414;   10; 27.00;eor
       4928;2025102415;   10; 55.00;eor
       4928;2025102416;   10; 38.00;eor
       4928;2025102417;   10;  0.00;eor
       4928;2025102418;   10;  0.00;eor
       4928;2025102419;   10;  0.00;eor
       4928;2025102420;   10;  0.00;eor
       4928;2025102503;   10;  0.00;eor
       4928;2025102504;   10;  0.00;eor
       4928;2025102505;   10;  0.00;eor
       4928;2025102506;   10;  0.00;eor
       4928;2025102507;   10;  0.00;eor
       4928;2025102508;   10;  0.00;eor
       4928;2025102509;   10;  0.00;eor
       4928;2025102510;   10;  0.00;eor
       4928;2025102511;   10;  9.00;eor
       4928;2025102512;   10; 12.00;eor
       4928;2025102513;   10; 12.00;eor
       4928;2025102514;   10; 35.00;eor
       4928;2025102515;   10; 23.00;eor
       4928;2025102516;   10;  0.00;eor
       4928;2025102517;   10;  0.00;eor
       4928;2025102518;   10;  0.00;eor
       4928;2025102519;   10;  0.00;eor
       4928;2025102520;   10;  0.00;eor
       4928;2025102603;   10;  0.00;eor
       4928;2025102604;   10;  0.00;eor
       4928;2025102605;   10;  0.00;eor
       4928;2025102606;   10;  0.00;eor
       4928;2025102607;   10;  0.00;eor
       4928;2025102608;   10; 27.00;eor
       4928;2025102609;   10; 46.00;eor
       4928;2025102610;   10; 29.00;eor
       4928;2025102611;   10; 43.00;eor
       4928;2025102612;   10; 37.00;eor
       4928;2025102613;   10; 12.00;eor
       4928;2025102614;   10; 28.00;eor
       4928;2025102615;   10; 18.00;eor
       4928;2025102616;   10;  5.00;eor
       4928;2025102617;   10;  0.00;eor
       4928;2025102618;   10;  0.00;eor
       4928;2025102619;   10;  0.00;eor
       4928;2025102620;   10;  0.00;eor
       4928;2025102703;   10;  0.00;eor
       4928;2025102704;   10;  0.00;eor
       4928;2025102705;   10;  0.00;eor
       4928;2025102706;   10;  0.00;eor
       4928;2025102707;   10;  0.00;eor
       4928;2025102708;   10;  0.00;eor
       4928;2025102709;   10;  0.00;eor
       4928;2025102710;   10;  0.00;eor
       4928;2025102711;   10;  0.00;eor
       4928;2025102712;   10;  0.00;eor
       4928;2025102713;   10;  1.00;eor
       4928;2025102714;   10; 41.00;eor
       4928;2025102715;   10; 53.00;eor
       4928;2025102716;   10; 53.00;eor
       4928;2025102717;   10;  0.00;eor
       4928;2025102718;   10;  0.00;eor
       4928;2025102719;   10;  0.00;eor
       4928;2025102720;   10;  0.00;eor
       4928;2025102803;   10;  0.00;eor
       4928;2025102804;   10;  0.00;eor
       4928;2025102805;   10;  0.00;eor
       4928;2025102806;   10;  0.00;eor
       4928;2025102807;   10;  0.00;eor
       4928;2025102808;   10;  0.00;eor
       4928;2025102809;   10;  0.00;eor
       4928;2025102810;   10;  0.00;eor
       4928;2025102811;   10;  0.00;eor
       4928;2025102812;   10; 14.00;eor
       4928;2025102813;   10; 15.00;eor
       4928;2025102814;   10; 15.00;eor
       4928;2025102815;   10; 14.00;eor
       4928;2025102816;   10;  3.00;eor
       4928;2025102817;   10;  0.00;eor
       4928;2025102818;   10;  0.00;eor
       4928;2025102819;   10;  0.00;eor
       4928;2025102820;   10;  0.00;eor
       4928;2025102903;   10;  0.00;eor
       4928;2025102904;   10;  0.00;eor
       4928;2025102905;   10;  0.00;eor
       4928;2025102906;   10;  0.00;eor
       4928;2025102907;   10;  8.00;eor
       4928;2025102908;   10; 44.00;eor
       4928;2025102909;   10; 60.00;eor
       4928;2025102910;   10; 60.00;eor
       4928;2025102911;   10; 60.00;eor
       4928;2025102912;   10; 60.00;eor
       4928;2025102913;   10; 21.00;eor
       4928;2025102914;   10;  7.00;eor
       4928;2025102915;   10; 12.00;eor
       4928;2025102916;   10;  0.00;eor
       4928;2025102917;   10;  0.00;eor
       4928;2025102918;   10;  0.00;eor
       4928;2025102919;   10;  0.00;eor
       4928;2025102920;   10;  0.00;eor
       4928;2025103003;   10;  0.00;eor
       4928;2025103004;   10;  0.00;eor
       4928;2025103005;   10;  0.00;eor
       4928;2025103006;   10;  0.00;eor
       4928;2025103007;   10;  0.00;eor
       4928;2025103008;   10; 15.00;eor
       4928;2025103009;   10; 38.00;eor
       4928;2025103010;   10; 59.00;eor
       4928;2025103011;   10; 60.00;eor
       4928;2025103012;   10; 60.00;eor
       4928;2025103013;   10; 60.00;eor
       4928;2025103014;   10; 60.00;eor
       4928;2025103015;   10; 60.00;eor
       4928;2025103016;   10; 48.00;eor
       4928;2025103017;   10;  0.00;eor
       4928;2025103018;   10;  0.00;eor
       4928;2025103019;   10;  0.00;eor
       4928;2025103020;   10;  0.00;eor
       4928;2025103103;   10;  0.00;eor
       4928;2025103104;   10;  0.00;eor
       4928;2025103105;   10;  0.00;eor
       4928;2025103106;   10;  0.00;eor
       4928;2025103107;   10;  0.00;eor
       4928;2025103108;   10; 43.00;eor
       4928;2025103109;   10; 60.00;eor
       4928;2025103110;   10; 60.00;eor
       4928;2025103111;   10; 55.00;eor
       4928;2025103112;   10; 22.00;eor
       4928;2025103113;   10; 23.00;eor
       4928;2025103114;   10;  0.00;eor
       4928;2025103115;   10; 10.00;eor
       4928;2025103116;   10;  0.00;eor
       4928;2025103117;   10;  0.00;eor
       4928;2025103118;   10;  0.00;eor
       4928;2025103119;   10;  0.00;eor
       4928;2025103120;   10;  0.00;eor
       4928;2025110103;   10;  0.00;eor
       4928;2025110104;   10;  0.00;eor
       4928;2025110105;   10;  0.00;eor
       4928;2025110106;   10;  0.00;eor
       4928;2025110107;   10;  0.00;eor
       4928;2025110108;   10; 15.00;eor
       4928;2025110109;   10; 29.00;eor
       4928;2025110110;   10;  0.00;eor
       4928;2025110111;   10;  0.00;eor
       4928;2025110112;   10;  0.00;eor
       4928;2025110113;   10;  0.00;eor
       4928;2025110114;   10;  0.00;eor
       4928;2025110115;   10;  0.00;eor
       4928;2025110116;   10;  0.00;eor
       4928;2025110117;   10;  0.00;eor
       4928;2025110118;   10;  0.00;eor
       4928;2025110119;   10;  0.00;eor
       4928;2025110120;   10;  0.00;eor
       4928;2025110203;   10;  0.00;eor
       4928;2025110204;   10;  0.00;eor
       4928;2025110205;   10;  0.00;eor
       4928;2025110206;   10;  0.00;eor
       4928;2025110207;   10;  0.00;eor
       4928;2025110208;   10;  0.00;eor
       4928;2025110209;   10;  0.00;eor
       4928;2025110210;   10;  0.00;eor
       4928;2025110211;   10;  0.00;eor
       4928;2025110212;   10;  0.00;eor
       4928;2025110213;   10;  0.00;eor
       4928;2025110214;   10;  0.00;eor
       4928;2025110215;   10;  0.00;eor
       4928;2025110216;   10;  0.00;eor
       4928;2025110217;   10;  0.00;eor
       4928;2025110218;   10;  0.00;eor
       4928;2025110219;   10;  0.00;eor
       4928;2025110220;   10;  0.00;eor
       4928;2025110303;   10;  0.00;eor
       4928;2025110304;   10;  0.00;eor
       4928;2025110305;   10;  0.00;eor
       4928;2025110306;   10;  0.00;eor
       4928;2025110307;   10;  1.00;eor
       4928;2025110308;   10; 43.00;eor
       4928;2025110309;   10; 54.00;eor
       4928;2025110310;   10; 60.00;eor
       4928;2025110311;   10; 53.00;eor
       4928;2025110312;   10; 17.00;eor
       4928;2025110313;   10; 39.00;eor
       4928;2025110314;   10; 33.00;eor
       4928;2025110315;   10; 58.00;eor
       4928;2025110316;   10; 50.00;eor
       4928;2025110317;   10;  0.00;eor
       4928;2025110318;   10;  0.00;eor
       4928;2025110319;   10;  0.00;eor
       4928;2025110320;   10;  0.00;eor
       4928;2025110403;   10;  0.00;eor
       4928;2025110404;   10;  0.00;eor
       4928;2025110405;   10;  0.00;eor
       4928;2025110406;   10;  0.00;eor
       4928;2025110407;   10;  2.00;eor
       4928;2025110408;   10; 43.00;eor
       4928;2025110409;   10; 60.00;eor
       4928;2025110410;   10; 60.00;eor
       4928;2025110411;   10; 60.00;eor
       4928;2025110412;   10; 60.00;eor
       4928;2025110413;   10; 60.00;eor
       4928;2025110414;   10; 60.00;eor
       4928;2025110415;   10; 60.00;eor
       4928;2025110416;   10; 42.00;eor
       4928;2025110417;   10;  0.00;eor
       4928;2025110418;   10;  0.00;eor
       4928;2025110419;   10;  0.00;eor
       4928;2025110420;   10;  0.00;eor
       4928;2025110503;   10;  0.00;eor
       4928;2025110504;   10;  0.00;eor
       4928;2025110505;   10;  0.00;eor
       4928;2025110506;   10;  0.00;eor
       4928;2025110507;   10;  0.00;eor
       4928;2025110508;   10; 41.00;eor
       4928;2025110509;   10; 60.00;eor
       4928;2025110510;   10; 60.00;eor
       4928;2025110511;   10; 60.00;eor
       4928;2025110512;   10; 60.00;eor
       4928;2025110513;   10; 60.00;eor
       4928;2025110514;   10; 57.00;eor
       4928;2025110515;   10; 59.00;eor
       4928;2025110516;   10; 47.00;eor
       4928;2025110517;   10;  0.00;eor
       4928;2025110518;   10;  0.00;eor
       4928;2025110519;   10;  0.00;eor
       4928;2025110520;   10;  0.00;eor
       4928;2025110603;   10;  0.00;eor
       4928;2025110604;   10;  0.00;eor
       4928;2025110605;   10;  0.00;eor
       4928;2025110606;   10;  0.00;eor
       4928;2025110607;   10;  0.00;eor
       4928;2025110608;   10; 43.00;eor
       4928;2025110609;   10; 60.00;eor
       4928;2025110610;   10; 60.00;eor
       4928;2025110611;   10; 60.00;eor
       4928;2025110612;   10; 60.00;eor
       4928;2025110613;   10; 60.00;eor
       4928;2025110614;   10; 60.00;eor
       4928;2025110615;   10; 60.00;eor
       4928;2025110616;   10; 31.00;eor
       4928;2025110617;   10;  0.00;eor
       4928;2025110618;   10;  0.00;eor
       4928;2025110619;   10;  0.00;eor
       4928;2025110620;   10;  0.00;eor
       4928;2025110703;   10;  0.00;eor
       4928;2025110704;   10;  0.00;eor
       4928;2025110705;   10;  0.00;eor
       4928;2025110706;   10;  0.00;eor
       4928;2025110707;   10;  0.00;eor
       4928;2025110708;   10;  0.00;eor
       4928;2025110709;   10;  0.00;eor
       4928;2025110710;   10;  0.00;eor
       4928;2025110711;   10;  0.00;eor
       4928;2025110712;   10;  0.00;eor
       4928;2025110713;   10;  0.00;eor
       4928;2025110714;   10;  0.00;eor
       4928;2025110715;   10;  0.00;eor
       4928;2025110716;   10;  0.00;eor
       4928;2025110717;   10;  0.00;eor
       4928;2025110718;   10;  0.00;eor
       4928;2025110719;   10;  0.00;eor
       4928;2025110720;   10;  0.00;eor
       4928;2025110803;   10;  0.00;eor
       4928;2025110804;   10;  0.00;eor
       4928;2025110805;   10;  0.00;eor
       4928;2025110806;   10;  0.00;eor
       4928;2025110807;   10;  0.00;eor
       4928;2025110808;   10;  0.00;eor
       4928;2025110809;   10;  0.00;eor
       4928;2025110810;   10;  0.00;eor
       4928;2025110811;   10;  0.00;eor
       4928;2025110812;   10;  3.00;eor
       4928;2025110813;   10;  0.00;eor
       4928;2025110814;   10;  0.00;eor
       4928;2025110815;   10; 22.00;eor
       4928;2025110816;   10; 15.00;eor
       4928;2025110817;   10;  0.00;eor
       4928;2025110818;   10;  0.00;eor
       4928;2025110819;   10;  0.00;eor
       4928;2025110820;   10;  0.00;eor
       4928;2025110903;   10;  0.00;eor
       4928;2025110904;   10;  0.00;eor
       4928;2025110905;   10;  0.00;eor
       4928;2025110906;   10;  0.00;eor
       4928;2025110907;   10;  0.00;eor
       4928;2025110908;   10;  0.00;eor
       4928;2025110909;   10;  0.00;eor
       4928;2025110910;   10;  0.00;eor
       4928;2025110911;   10;  0.00;eor
       4928;2025110912;   10;  0.00;eor
       4928;2025110913;   10;  0.00;eor
       4928;2025110914;   10;  0.00;eor
       4928;2025110915;   10;  0.00;eor
       4928;2025110916;   10;  0.00;eor
       4928;2025110917;   10;  0.00;eor
       4928;2025110918;   10;  0.00;eor
       4928;2025110919;   10;  0.00;eor
       4928;2025110920;   10;  0.00;eor
       4928;2025111003;   10;  0.00;eor
       4928;2025111004;   10;  0.00;eor
       4928;2025111005;   10;  0.00;eor
       4928;2025111006;   10;  0.00;eor
       4928;2025111007;   10;  0.00;eor
       4928;2025111008;   10; 40.00;eor
       4928;2025111009;   10; 60.00;eor
       4928;2025111010;   10; 58.00;eor
       4928;2025111011;   10; 60.00;eor
       4928;2025111012;   10; 60.00;eor
       4928;2025111013;   10; 60.00;eor
       4928;2025111014;   10; 60.00;eor
       4928;2025111015;   10; 46.00;eor
       4928;2025111016;   10;  6.00;eor
       4928;2025111017;   10;  0.00;eor
       4928;2025111018;   10;  0.00;eor
       4928;2025111019;   10;  0.00;eor
       4928;2025111020;   10;  0.00;eor
       4928;2025111103;   10;  0.00;eor
       4928;2025111104;   10;  0.00;eor
       4928;2025111105;   10;  0.00;eor
       4928;2025111106;   10;  0.00;eor
       4928;2025111107;   10;  0.00;eor
       4928;2025111108;   10;  9.00;eor
       4928;2025111109;   10; 46.00;eor
       4928;2025111110;   10; 60.00;eor
       4928;2025111111;   10; 60.00;eor
       4928;2025111112;   10; 58.00;eor
       4928;2025111113;   10; 50.00;eor
       4928;2025111114;   10; 47.00;eor
       4928;2025111115;   10;  5.00;eor
       4928;2025111116;   10; 37.00;eor
       4928;2025111117;   10;  0.00;eor
       4928;2025111118;   10;  0.00;eor
       4928;2025111119;   10;  0.00;eor
       4928;2025111120;   10;  0.00;eor
       4928;2025111203;   10;  0.00;eor
       4928;2025111204;   10;  0.00;eor
       4928;2025111205;   10;  0.00;eor
       4928;2025111206;   10;  0.00;eor
       4928;2025111207;   10;  0.00;eor
       4928;2025111208;   10; 56.00;eor
       4928;2025111209;   10; 60.00;eor
       4928;2025111210;   10; 60.00;eor
       4928;2025111211;   10; 60.00;eor
       4928;2025111212;   10; 60.00;eor
       4928;2025111213;   10; 60.00;eor
       4928;2025111214;   10; 60.00;eor
       4928;2025111215;   10; 25.00;eor
       4928;2025111216;   10;  0.00;eor
       4928;2025111217;   10;  0.00;eor
       4928;2025111218;   10;  0.00;eor
       4928;2025111219;   10;  0.00;eor
       4928;2025111220;   10;  0.00;eor
       4928;2025111303;   10;  0.00;eor
       4928;2025111304;   10;  0.00;eor
       4928;2025111305;   10;  0.00;eor
       4928;2025111306;   10;  0.00;eor
       4928;2025111307;   10;  0.00;eor
       4928;2025111308;   10; 21.00;eor
       4928;2025111309;   10; 25.00;eor
       4928;2025111310;   10; 60.00;eor
       4928;2025111311;   10; 60.00;eor
       4928;2025111312;   10; 60.00;eor
       4928;2025111313;   10; 60.00;eor
       4928;2025111314;   10; 51.00;eor
       4928;2025111315;   10;  0.00;eor
       4928;2025111316;   10;  0.00;eor
       4928;2025111317;   10;  0.00;eor
       4928;2025111318;   10;  0.00;eor
       4928;2025111319;   10;  0.00;eor
       4928;2025111320;   10;  0.00;eor
       4928;2025111403;   10;  0.00;eor
       4928;2025111404;   10;  0.00;eor
       4928;2025111405;   10;  0.00;eor
       4928;2025111406;   10;  0.00;eor
       4928;2025111407;   10;  0.00;eor
       4928;2025111408;   10;  0.00;eor
       4928;2025111409;   10;  0.00;eor
       4928;2025111410;   10;  0.00;eor
       4928;2025111411;   10;  0.00;eor
       4928;2025111412;   10;  0.00;eor
       4928;2025111413;   10;  0.00;eor
       4928;2025111414;   10;  0.00;eor
       4928;2025111415;   10;  0.00;eor
       4928;2025111416;   10;  0.00;eor
       4928;2025111417;   10;  0.00;eor
       4928;2025111418;   10;  0.00;eor
       4928;2025111419;   10;  0.00;eor
       4928;2025111420;   10;  0.00;eor
       4928;2025111503;   10;  0.00;eor
       4928;2025111504;   10;  0.00;eor
       4928;2025111505;   10;  0.00;eor
       4928;2025111506;   10;  0.00;eor
       4928;2025111507;   10;  0.00;eor
       4928;2025111508;   10;  0.00;eor
       4928;2025111509;   10;  0.00;eor
       4928;2025111510;   10; 15.00;eor
       4928;2025111511;   10;  1.00;eor
       4928;2025111512;   10; 38.00;eor
       4928;2025111513;   10; 10.00;eor
       4928;2025111514;   10;  0.00;eor
       4928;2025111515;   10;  0.00;eor
       4928;2025111516;   10;  0.00;eor
       4928;2025111517;   10;  0.00;eor
       4928;2025111518;   10;  0.00;eor
       4928;2025111519;   10;  0.00;eor
       4928;2025111520;   10;  0.00;eor
       4928;2025111603;   10;  0.00;eor
       4928;2025111604;   10;  0.00;eor
       4928;2025111605;   10;  0.00;eor
       4928;2025111606;   10;  0.00;eor
       4928;2025111607;   10;  0.00;eor
       4928;2025111608;   10;  1.00;eor
       4928;2025111609;   10; 15.00;eor
       4928;2025111610;   10; 10.00;eor
       4928;2025111611;   10;  0.00;eor
       4928;2025111612;   10;  0.00;eor
       4928;2025111613;   10;  0.00;eor
       4928;2025111614;   10;  0.00;eor
       4928;2025111615;   10;  0.00;eor
       4928;2025111616;   10;  0.00;eor
       4928;2025111617;   10;  0.00;eor
       4928;2025111618;   10;  0.00;eor
       4928;2025111619;   10;  0.00;eor
       4928;2025111620;   10;  0.00;eor
       4928;2025111703;   10;  0.00;eor
       4928;2025111704;   10;  0.00;eor
       4928;2025111705;   10;  0.00;eor
       4928;2025111706;   10;  0.00;eor
       4928;2025111707;   10;  0.00;eor
       4928;2025111708;   10;  0.00;eor
       4928;2025111709;   10;  0.00;eor
       4928;2025111710;   10;  0.00;eor
       4928;2025111711;   10; 26.00;eor
       4928;2025111712;   10;  4.00;eor
       4928;2025111713;   10;  0.00;eor
       4928;2025111714;   10; 10.00;eor
       4928;2025111715;   10;  0.00;eor
       4928;2025111716;   10;  0.00;eor
       4928;2025111717;   10;  0.00;eor
       4928;2025111718;   10;  0.00;eor
       4928;2025111719;   10;  0.00;eor
       4928;2025111720;   10;  0.00;eor
       4928;2025111803;   10;  0.00;eor
       4928;2025111804;   10;  0.00;eor
       4928;2025111805;   10;  0.00;eor
       4928;2025111806;   10;  0.00;eor
       4928;2025111807;   10;  0.00;eor
       4928;2025111808;   10; 31.00;eor
       4928;2025111809;   10; 60.00;eor
       4928;2025111810;   10; 58.00;eor
       4928;2025111811;   10; 59.00;eor
       4928;2025111812;   10; 60.00;eor
       4928;2025111813;   10; 60.00;eor
       4928;2025111814;   10; 60.00;eor
       4928;2025111815;   10; 60.00;eor
       4928;2025111816;   10; 26.00;eor
       4928;2025111817;   10;  0.00;eor
       4928;2025111818;   10;  0.00;eor
       4928;2025111819;   10;  0.00;eor
       4928;2025111820;   10;  0.00;eor
       4928;2025111903;   10;  0.00;eor
       4928;2025111904;   10;  0.00;eor
       4928;2025111905;   10;  0.00;eor
       4928;2025111906;   10;  0.00;eor
       4928;2025111907;   10;  0.00;eor
       4928;2025111908;   10; 51.00;eor
       4928;2025111909;   10; 60.00;eor
       4928;2025111910;   10; 60.00;eor
       4928;2025111911;   10;  9.00;eor
       4928;2025111912;   10; 33.00;eor
       4928;2025111913;   10; 47.00;eor
       4928;2025111914;   10; 60.00;eor
       4928;2025111915;   10; 39.00;eor
       4928;2025111916;   10;  5.00;eor
       4928;2025111917;   10;  0.00;eor
       4928;2025111918;   10;  0.00;eor
       4928;2025111919;   10;  0.00;eor
       4928;2025111920;   10;  0.00;eor
       4928;2025112003;   10;  0.00;eor
       4928;2025112004;   10;  0.00;eor
       4928;2025112005;   10;  0.00;eor
       4928;2025112006;   10;  0.00;eor
       4928;2025112007;   10;  0.00;eor
       4928;2025112008;   10;  0.00;eor
       4928;2025112009;   10;  9.00;eor
       4928;2025112010;   10;  1.00;eor
       4928;2025112011;   10; 16.00;eor
       4928;2025112012;   10;  0.00;eor
       4928;2025112013;   10;  0.00;eor
       4928;2025112014;   10; 14.00;eor
       4928;2025112015;   10; 19.00;eor
       4928;2025112016;   10;  0.00;eor
       4928;2025112017;   10;  0.00;eor
       4928;2025112018;   10;  0.00;eor
       4928;2025112019;   10;  0.00;eor
       4928;2025112020;   10;  0.00;eor
       4928;2025112103;   10;  0.00;eor
       4928;2025112104;   10;  0.00;eor
       4928;2025112105;   10;  0.00;eor
       4928;2025112106;   10;  0.00;eor
       4928;2025112107;   10;  0.00;eor
       4928;2025112108;   10;  0.00;eor
       4928;2025112109;   10;  7.00;eor
       4928;2025112110;   10; 38.00;eor
       4928;2025112111;   10; 34.00;eor
       4928;2025112112;   10; 52.00;eor
       4928;2025112113;   10;  5.00;eor
       4928;2025112114;   10;  0.00;eor
       4928;2025112115;   10;  0.00;eor
       4928;2025112116;   10;  0.00;eor
       4928;2025112117;   10;  0.00;eor
       4928;2025112118;   10;  0.00;eor
       4928;2025112119;   10;  0.00;eor
       4928;2025112120;   10;  0.00;eor
       4928;2025112203;   10;  0.00;eor
       4928;2025112204;   10;  0.00;eor
       4928;2025112205;   10;  0.00;eor
       4928;2025112206;   10;  0.00;eor
       4928;2025112207;   10;  0.00;eor
       4928;2025112208;   10;  0.00;eor
       4928;2025112209;   10;  0.00;eor
       4928;2025112210;   10;  0.00;eor
       4928;2025112211;   10;  1.00;eor
       4928;2025112212;   10; 39.00;eor
       4928;2025112213;   10; 60.00;eor
       4928;2025112214;   10; 60.00;eor
       4928;2025112215;   10; 60.00;eor
       4928;2025112216;   10; 23.00;eor
       4928;2025112217;   10;  0.00;eor
       4928;2025112218;   10;  0.00;eor
       4928;2025112219;   10;  0.00;eor
       4928;2025112220;   10;  0.00;eor
       4928;2025112303;   10;  0.00;eor
       4928;2025112304;   10;  0.00;eor
       4928;2025112305;   10;  0.00;eor
       4928;2025112306;   10;  0.00;eor
       4928;2025112307;   10;  0.00;eor
       4928;2025112308;   10; 11.00;eor
       4928;2025112309;   10; 15.00;eor
       4928;2025112310;   10; 25.00;eor
       4928;2025112311;   10; 50.00;eor
       4928;2025112312;   10; 34.00;eor
       4928;2025112313;   10; 20.00;eor
       4928;2025112314;   10;  0.00;eor
       4928;2025112315;   10;  0.00;eor
       4928;2025112316;   10;  0.00;eor
       4928;2025112317;   10;  0.00;eor
       4928;2025112318;   10;  0.00;eor
       4928;2025112319;   10;  0.00;eor
       4928;2025112320;   10;  0.00;eor
       4928;2025112403;   10;  0.00;eor
       4928;2025112404;   10;  0.00;eor
       4928;2025112405;   10;  0.00;eor
       4928;2025112406;   10;  0.00;eor
       4928;2025112407;   10;  0.00;eor
       4928;2025112408;   10;  0.00;eor
       4928;2025112409;   10;  0.00;eor
       4928;2025112410;   10;  0.00;eor
       4928;2025112411;   10;  0.00;eor
       4928;2025112412;   10;  0.00;eor
       4928;2025112413;   10;  0.00;eor
       4928;2025112414;   10;  0.00;eor
       4928;2025112415;   10;  0.00;eor
       4928;2025112416;   10;  0.00;eor
       4928;2025112417;   10;  0.00;eor
       4928;2025112418;   10;  0.00;eor
       4928;2025112419;   10;  0.00;eor
       4928;2025112420;   10;  0.00;eor
       4928;2025112503;   10;  0.00;eor
       4928;2025112504;   10;  0.00;eor
       4928;2025112505;   10;  0.00;eor
       4928;2025112506;   10;  0.00;eor
       4928;2025112507;   10;  0.00;eor
       4928;2025112508;   10;  0.00;eor
       4928;2025112509;   10;  0.00;eor
       4928;2025112510;   10;  0.00;eor
       4928;2025112511;   10;  0.00;eor
       4928;2025112512;   10;  0.00;eor
       4928;2025112513;   10;  0.00;eor
       4928;2025112514;   10;  0.00;eor
       4928;2025112515;   10;  0.00;eor
       4928;2025112516;   10;  0.00;eor
       4928;2025112517;   10;  0.00;eor
       4928;2025112518;   10;  0.00;eor
       4928;2025112519;   10;  0.00;eor
       4928;2025112520;   10;  0.00;eor
       4928;2025112603;   10;  0.00;eor
       4928;2025112604;   10;  0.00;eor
       4928;2025112605;   10;  0.00;eor
       4928;2025112606;   10;  0.00;eor
       4928;2025112607;   10;  0.00;eor
       4928;2025112608;   10;  0.00;eor
       4928;2025112609;   10;  0.00;eor
       4928;2025112610;   10;  0.00;eor
       4928;2025112611;   10;  0.00;eor
       4928;2025112612;   10;  0.00;eor
       4928;2025112613;   10;  0.00;eor
       4928;2025112614;   10;  0.00;eor
       4928;2025112615;   10;  0.00;eor
       4928;2025112616;   10;  0.00;eor
       4928;2025112617;   10;  0.00;eor
       4928;2025112618;   10;  0.00;eor
       4928;2025112619;   10;  0.00;eor
       4928;2025112620;   10;  0.00;eor
       4928;2025112703;   10;  0.00;eor
       4928;2025112704;   10;  0.00;eor
       4928;2025112705;   10;  0.00;eor
       4928;2025112706;   10;  0.00;eor
       4928;2025112707;   10;  0.00;eor
       4928;2025112708;   10;  0.00;eor
       4928;2025112709;   10;  0.00;eor
       4928;2025112710;   10;  0.00;eor
       4928;2025112711;   10;  9.00;eor
       4928;2025112712;   10; 28.00;eor
       4928;2025112713;   10;  9.00;eor
       4928;2025112714;   10;  5.00;eor
       4928;2025112715;   10; 37.00;eor
       4928;2025112716;   10;  0.00;eor
       4928;2025112717;   10;  0.00;eor
       4928;2025112718;   10;  0.00;eor
       4928;2025112719;   10;  0.00;eor
       4928;2025112720;   10;  0.00;eor
       4928;2025112803;   10;  0.00;eor
       4928;2025112804;   10;  0.00;eor
       4928;2025112805;   10;  0.00;eor
       4928;2025112806;   10;  0.00;eor
       4928;2025112807;   10;  0.00;eor
       4928;2025112808;   10;  0.00;eor
       4928;2025112809;   10;  0.00;eor
       4928;2025112810;   10;  0.00;eor
       4928;2025112811;   10;  0.00;eor
       4928;2025112812;   10;  0.00;eor
       4928;2025112813;   10;  0.00;eor
       4928;2025112814;   10;  0.00;eor
       4928;2025112815;   10;  0.00;eor
       4928;2025112816;   10;  0.00;eor
       4928;2025112817;   10;  0.00;eor
       4928;2025112818;   10;  0.00;eor
       4928;2025112819;   10;  0.00;eor
       4928;2025112820;   10;  0.00;eor
       4928;2025112903;   10;  0.00;eor
       4928;2025112904;   10;  0.00;eor
       4928;2025112905;   10;  0.00;eor
       4928;2025112906;   10;  0.00;eor
       4928;2025112907;   10;  0.00;eor
       4928;2025112908;   10;  0.00;eor
       4928;2025112909;   10;  0.00;eor
       4928;2025112910;   10;  9.00;eor
       4928;2025112911;   10; 41.00;eor
       4928;2025112912;   10; 17.00;eor
       4928;2025112913;   10;  0.00;eor
       4928;2025112914;   10;  1.00;eor
       4928;2025112915;   10;  0.00;eor
       4928;2025112916;   10;  0.00;eor
       4928;2025112917;   10;  0.00;eor
       4928;2025112918;   10;  0.00;eor
       4928;2025112919;   10;  0.00;eor
       4928;2025112920;   10;  0.00;eor
       4928;2025113003;   10;  0.00;eor
       4928;2025113004;   10;  0.00;eor
       4928;2025113005;   10;  0.00;eor
       4928;2025113006;   10;  0.00;eor
       4928;2025113007;   10;  0.00;eor
       4928;2025113008;   10;  0.00;eor
       4928;2025113009;   10;  0.00;eor
       4928;2025113010;   10;  0.00;eor
       4928;2025113011;   10;  0.00;eor
       4928;2025113012;   10;  0.00;eor
       4928;2025113013;   10;  0.00;eor
       4928;2025113014;   10;  0.00;eor
       4928;2025113015;   10;  0.00;eor
       4928;2025113016;   10;  0.00;eor
       4928;2025113017;   10;  0.00;eor
       4928;2025113018;   10;  0.00;eor
       4928;2025113019;   10;  0.00;eor
       4928;2025113020;   10;  0.00;eor
       4928;2025120103;   10;  0.00;eor
       4928;2025120104;   10;  0.00;eor
       4928;2025120105;   10;  0.00;eor
       4928;2025120106;   10;  0.00;eor
       4928;2025120107;   10;  0.00;eor
       4928;2025120108;   10; 31.00;eor
       4928;2025120109;   10; 60.00;eor
       4928;2025120110;   10; 60.00;eor
       4928;2025120111;   10; 60.00;eor
       4928;2025120112;   10; 60.00;eor
       4928;2025120113;   10; 60.00;eor
       4928;2025120114;   10; 60.00;eor
       4928;2025120115;   10; 60.00;eor
       4928;2025120116;   10;  5.00;eor
       4928;2025120117;   10;  0.00;eor
       4928;2025120118;   10;  0.00;eor
       4928;2025120119;   10;  0.00;eor
       4928;2025120120;   10;  0.00;eor
       4928;2025120203;   10;  0.00;eor
       4928;2025120204;   10;  0.00;eor
       4928;2025120205;   10;  0.00;eor
       4928;2025120206;   10;  0.00;eor
       4928;2025120207;   10;  0.00;eor
       4928;2025120208;   10; 30.00;eor
       4928;2025120209;   10; 60.00;eor
       4928;2025120210;   10; 60.00;eor
       4928;2025120211;   10; 60.00;eor
       4928;2025120212;   10; 60.00;eor
       4928;2025120213;   10; 60.00;eor
       4928;2025120214;   10; 60.00;eor
       4928;2025120215;   10; 60.00;eor
       4928;2025120216;   10;  3.00;eor
       4928;2025120217;   10;  0.00;eor
       4928;2025120218;   10;  0.00;eor
       4928;2025120219;   10;  0.00;eor
       4928;2025120220;   10;  0.00;eor
       4928;2025120303;   10;  0.00;eor
       4928;2025120304;   10;  0.00;eor
       4928;2025120305;   10;  0.00;eor
       4928;2025120306;   10;  0.00;eor
       4928;2025120307;   10;  0.00;eor
       4928;2025120308;   10; 18.00;eor
       4928;2025120309;   10; 60.00;eor
       4928;2025120310;   10; 23.00;eor
       4928;2025120311;   10;  3.00;eor
       4928;2025120312;   10; 55.00;eor
       4928;2025120313;   10; 32.00;eor
       4928;2025120314;   10; 58.00;eor
       4928;2025120315;   10; 57.00;eor
       4928;2025120316;   10; 15.00;eor
       4928;2025120317;   10;  0.00;eor
       4928;2025120318;   10;  0.00;eor
       4928;2025120319;   10;  0.00;eor
       4928;2025120320;   10;  0.00;eor
       4928;2025120403;   10;  0.00;eor
       4928;2025120404;   10;  0.00;eor
       4928;2025120405;   10;  0.00;eor
       4928;2025120406;   10;  0.00;eor
       4928;2025120407;   10;  0.00;eor
       4928;2025120408;   10;  0.00;eor
       4928;2025120409;   10; 29.00;eor
       4928;2025120410;   10; 23.00;eor
       4928;2025120411;   10;  0.00;eor
       4928;2025120412;   10;  0.00;eor
       4928;2025120413;   10;  0.00;eor
       4928;2025120414;   10;  0.00;eor
       4928;2025120415;   10;  0.00;eor
       4928;2025120416;   10;  0.00;eor
       4928;2025120417;   10;  0.00;eor
       4928;2025120418;   10;  0.00;eor
       4928;2025120419;   10;  0.00;eor
       4928;2025120420;   10;  0.00;eor
       4928;2025120503;   10;  0.00;eor
       4928;2025120504;   10;  0.00;eor
       4928;2025120505;   10;  0.00;eor
       4928;2025120506;   10;  0.00;eor
       4928;2025120507;   10;  0.00;eor
       4928;2025120508;   10;  0.00;eor
       4928;2025120509;   10;  0.00;eor
       4928;2025120510;   10;  0.00;eor
       4928;2025120511;   10;  0.00;eor
       4928;2025120512;   10;  0.00;eor
       4928;2025120513;   10;  0.00;eor
       4928;2025120514;   10;  0.00;eor
       4928;2025120515;   10;  0.00;eor
       4928;2025120516;   10;  0.00;eor
       4928;2025120517;   10;  0.00;eor
       4928;2025120518;   10;  0.00;eor
       4928;2025120519;   10;  0.00;eor
       4928;2025120520;   10;  0.00;eor
       4928;2025120603;   10;  0.00;eor
       4928;2025120604;   10;  0.00;eor
       4928;2025120605;   10;  0.00;eor
       4928;2025120606;   10;  0.00;eor
       4928;2025120607;   10;  0.00;eor
       4928;2025120608;   10;  0.00;eor
       4928;2025120609;   10;  0.00;eor
       4928;2025120610;   10;  0.00;eor
       4928;2025120611;   10;  0.00;eor
       4928;2025120612;   10; 23.00;eor
       4928;2025120613;   10; 15.00;eor
       4928;2025120614;   10;  0.00;eor
       4928;2025120615;   10;  0.00;eor
       4928;2025120616;   10;  0.00;eor
       4928;2025120617;   10;  0.00;eor
       4928;2025120618;   10;  0.00;eor
       4928;2025120619;   10;  0.00;eor
       4928;2025120620;   10;  0.00;eor
       4928;2025120703;   10;  0.00;eor
       4928;2025120704;   10;  0.00;eor
       4928;2025120705;   10;  0.00;eor
       4928;2025120706;   10;  0.00;eor
       4928;2025120707;   10;  0.00;eor
       4928;2025120708;   10;  0.00;eor
       4928;2025120709;   10;  0.00;eor
       4928;2025120710;   10;  0.00;eor
       4928;2025120711;   10;  0.00;eor
       4928;2025120712;   10;  0.00;eor
       4928;2025120713;   10;  0.00;eor
       4928;2025120714;   10;  0.00;eor
       4928;2025120715;   10;  0.00;eor
       4928;2025120716;   10;  0.00;eor
       4928;2025120717;   10;  0.00;eor
       4928;2025120718;   10;  0.00;eor
       4928;2025120719;   10;  0.00;eor
       4928;2025120720;   10;  0.00;eor
       4928;2025120803;   10;  0.00;eor
       4928;2025120804;   10;  0.00;eor
       4928;2025120805;   10;  0.00;eor
       4928;2025120806;   10;  0.00;eor
       4928;2025120807;   10;  0.00;eor
       4928;2025120808;   10;  0.00;eor
       4928;2025120809;   10;  5.00;eor
       4928;2025120810;   10;  2.00;eor
       4928;2025120811;   10; 14.00;eor
       4928;2025120812;   10;  2.00;eor
       4928;2025120813;   10;  5.00;eor
       4928;2025120814;   10;  0.00;eor
       4928;2025120815;   10;  0.00;eor
       4928;2025120816;   10;  0.00;eor
       4928;2025120817;   10;  0.00;eor
       4928;2025120818;   10;  0.00;eor
       4928;2025120819;   10;  0.00;eor
       4928;2025120820;   10;  0.00;eor
       4928;2025120903;   10;  0.00;eor
       4928;2025120904;   10;  0.00;eor
       4928;2025120905;   10;  0.00;eor
       4928;2025120906;   10;  0.00;eor
       4928;2025120907;   10;  0.00;eor
       4928;2025120908;   10; 21.00;eor
       4928;2025120909;   10; 60.00;eor
       4928;2025120910;   10; 60.00;eor
       4928;2025120911;   10; 60.00;eor
       4928;2025120912;   10; 60.00;eor
       4928;2025120913;   10; 60.00;eor
       4928;2025120914;   10; 60.00;eor
       4928;2025120915;   10; 57.00;eor
       4928;2025120916;   10;  0.00;eor
       4928;2025120917;   10;  0.00;eor
       4928;2025120918;   10;  0.00;eor
       4928;2025120919;   10;  0.00;eor
       4928;2025120920;   10;  0.00;eor
       4928;2025121003;   10;  0.00;eor
       4928;2025121004;   10;  0.00;eor
       4928;2025121005;   10;  0.00;eor
       4928;2025121006;   10;  0.00;eor
       4928;2025121007;   10;  0.00;eor
       4928;2025121008;   10;  5.00;eor
       4928;2025121009;   10; 32.00;eor
       4928;2025121010;   10;  0.00;eor
       4928;2025121011;   10;  0.00;eor
       4928;2025121012;   10;  0.00;eor
       4928;2025121013;   10;  0.00;eor
       4928;2025121014;   10;  3.00;eor
       4928;2025121015;   10;  0.00;eor
       4928;2025121016;   10;  0.00;eor
       4928;2025121017;   10;  0.00;eor
       4928;2025121018;   10;  0.00;eor
       4928;2025121019;   10;  0.00;eor
       4928;2025121020;   10;  0.00;eor
       4928;2025121103;   10;  0.00;eor
       4928;2025121104;   10;  0.00;eor
       4928;2025121105;   10;  0.00;eor
       4928;2025121106;   10;  0.00;eor
       4928;2025121107;   10;  0.00;eor
       4928;2025121108;   10;  0.00;eor
       4928;2025121109;   10;  0.00;eor
       4928;2025121110;   10;  0.00;eor
       4928;2025121111;   10; 15.00;eor
       4928;2025121112;   10;  0.00;eor
       4928;2025121113;   10;  7.00;eor
       4928;2025121114;   10; 11.00;eor
       4928;2025121115;   10;  8.00;eor
       4928;2025121116;   10;  0.00;eor
       4928;2025121117;   10;  0.00;eor
       4928;2025121118;   10;  0.00;eor
       4928;2025121119;   10;  0.00;eor
       4928;2025121120;   10;  0.00;eor
       4928;2025121203;   10;  0.00;eor
       4928;2025121204;   10;  0.00;eor
       4928;2025121205;   10;  0.00;eor
       4928;2025121206;   10;  0.00;eor
       4928;2025121207;   10;  0.00;eor
       4928;2025121208;   10;  0.00;eor
       4928;2025121209;   10; 48.00;eor
       4928;2025121210;   10; 56.00;eor
       4928;2025121211;   10; 49.00;eor
       4928;2025121212;   10; 60.00;eor
       4928;2025121213;   10; 36.00;eor
       4928;2025121214;   10; 16.00;eor
       4928;2025121215;   10;  0.00;eor
       4928;2025121216;   10;  2.00;eor
       4928;2025121217;   10;  0.00;eor
       4928;2025121218;   10;  0.00;eor
       4928;2025121219;   10;  0.00;eor
       4928;2025121220;   10;  0.00;eor
       4928;2025121303;   10;  0.00;eor
       4928;2025121304;   10;  0.00;eor
       4928;2025121305;   10;  0.00;eor
       4928;2025121306;   10;  0.00;eor
       4928;2025121307;   10;  0.00;eor
       4928;2025121308;   10;  0.00;eor
       4928;2025121309;   10;  0.00;eor
       4928;2025121310;   10;  0.00;eor
       4928;2025121311;   10;  0.00;eor
       4928;2025121312;   10;  0.00;eor
       4928;2025121313;   10;  0.00;eor
       4928;2025121314;   10;  0.00;eor
       4928;2025121315;   10;  0.00;eor
       4928;2025121316;   10;  0.00;eor
       4928;2025121317;   10;  0.00;eor
       4928;2025121318;   10;  0.00;eor
       4928;2025121319;   10;  0.00;eor
       4928;2025121320;   10;  0.00;eor
       4928;2025121403;   10;  0.00;eor
       4928;2025121404;   10;  0.00;eor
       4928;2025121405;   10;  0.00;eor
       4928;2025121406;   10;  0.00;eor
       4928;2025121407;   10;  0.00;eor
       4928;2025121408;   10;  0.00;eor
       4928;2025121409;   10;  0.00;eor
       4928;2025121410;   10;  0.00;eor
       4928;2025121411;   10;  0.00;eor
       4928;2025121412;   10;  0.00;eor
       4928;2025121413;   10;  0.00;eor
       4928;2025121414;   10;  0.00;eor
       4928;2025121415;   10; 18.00;eor
       4928;2025121416;   10; 10.00;eor
       4928;2025121417;   10;  0.00;eor
       4928;2025121418;   10;  0.00;eor
       4928;2025121419;   10;  0.00;eor
       4928;2025121420;   10;  0.00;eor
       4928;2025121503;   10;  0.00;eor
       4928;2025121504;   10;  0.00;eor
       4928;2025121505;   10;  0.00;eor
       4928;2025121506;   10;  0.00;eor
       4928;2025121507;   10;  0.00;eor
       4928;2025121508;   10; 14.00;eor
       4928;2025121509;   10; 60.00;eor
       4928;2025121510;   10; 60.00;eor
       4928;2025121511;   10; 60.00;eor
       4928;2025121512;   10; 60.00;eor
       4928;2025121513;   10; 60.00;eor
       4928;2025121514;   10; 59.00;eor
       4928;2025121515;   10; 35.00;eor
       4928;2025121516;   10; 15.00;eor
       4928;2025121517;   10;  0.00;eor
       4928;2025121518;   10;  0.00;eor
       4928;2025121519;   10;  0.00;eor
       4928;2025121520;   10;  0.00;eor
       4928;2025121603;   10;  0.00;eor
       4928;2025121604;   10;  0.00;eor
       4928;2025121605;   10;  0.00;eor
       4928;2025121606;   10;  0.00;eor
       4928;2025121607;   10;  0.00;eor
       4928;2025121608;   10;  0.00;eor
       4928;2025121609;   10;  9.00;eor
       4928;2025121610;   10;  0.00;eor
       4928;2025121611;   10;  0.00;eor
       4928;2025121612;   10;  0.00;eor
       4928;2025121613;   10;  0.00;eor
       4928;2025121614;   10;  0.00;eor
       4928;2025121615;   10;  0.00;eor
       4928;2025121616;   10;  0.00;eor
       4928;2025121617;   10;  0.00;eor
       4928;2025121618;   10;  0.00;eor
       4928;2025121619;   10;  0.00;eor
       4928;2025121620;   10;  0.00;eor
       4928;2025121703;   10;  0.00;eor
       4928;2025121704;   10;  0.00;eor
       4928;2025121705;   10;  0.00;eor
       4928;2025121706;   10;  0.00;eor
       4928;2025121707;   10;  0.00;eor
       4928;2025121708;   10;  0.00;eor
       4928;2025121709;   10;  8.00;eor
       4928;2025121710;   10; 60.00;eor
       4928;2025121711;   10; 60.00;eor
       4928;2025121712;   10; 60.00;eor
       4928;2025121713;   10; 35.00;eor
       4928;2025121714;   10; 58.00;eor
       4928;2025121715;   10; 17.00;eor
       4928;2025121716;   10;  4.00;eor
       4928;2025121717;   10;  0.00;eor
       4928;2025121718;   10;  0.00;eor
       4928;2025121719;   10;  0.00;eor
       4928;2025121720;   10;  0.00;eor
       4928;2025121803;   10;  0.00;eor
       4928;2025121804;   10;  0.00;eor
       4928;2025121805;   10;  0.00;eor
       4928;2025121806;   10;  0.00;eor
       4928;2025121807;   10;  0.00;eor
       4928;2025121808;   10; 11.00;eor
       4928;2025121809;   10; 60.00;eor
       4928;2025121810;   10; 60.00;eor
       4928;2025121811;   10; 60.00;eor
       4928;2025121812;   10; 60.00;eor
       4928;2025121813;   10; 60.00;eor
       4928;2025121814;   10; 60.00;eor
       4928;2025121815;   10; 43.00;eor
       4928;2025121816;   10;  3.00;eor
       4928;2025121817;   10;  0.00;eor
       4928;2025121818;   10;  0.00;eor
       4928;2025121819;   10;  0.00;eor
       4928;2025121820;   10;  0.00;eor
       4928;2025121903;   10;  0.00;eor
       4928;2025121904;   10;  0.00;eor
       4928;2025121905;   10;  0.00;eor
       4928;2025121906;   10;  0.00;eor
       4928;2025121907;   10;  0.00;eor
       4928;2025121908;   10;  0.00;eor
       4928;2025121909;   10;  0.00;eor
       4928;2025121910;   10;  0.00;eor
       4928;2025121911;   10;  0.00;eor
       4928;2025121912;   10;  0.00;eor
       4928;2025121913;   10;  0.00;eor
       4928;2025121914;   10;  0.00;eor
       4928;2025121915;   10;  0.00;eor
       4928;2025121916;   10;  0.00;eor
       4928;2025121917;   10;  0.00;eor
       4928;2025121918;   10;  0.00;eor
       4928;2025121919;   10;  0.00;eor
       4928;2025121920;   10;  0.00;eor
       4928;2025122003;   10;  0.00;eor
       4928;2025122004;   10;  0.00;eor
       4928;2025122005;   10;  0.00;eor
       4928;2025122006;   10;  0.00;eor
       4928;2025122007;   10;  0.00;eor
       4928;2025122008;   10; 12.00;eor
       4928;2025122009;   10; 10.00;eor
       4928;2025122010;   10;  0.00;eor
       4928;2025122011;   10; 27.00;eor
       4928;2025122012;   10; 37.00;eor
       4928;2025122013;   10;  2.00;eor
       4928;2025122014;   10; 32.00;eor
       4928;2025122015;   10; 16.00;eor
       4928;2025122016;   10;  0.00;eor
       4928;2025122017;   10;  0.00;eor
       4928;2025122018;   10;  0.00;eor
       4928;2025122019;   10;  0.00;eor
       4928;2025122020;   10;  0.00;eor
       4928;2025122103;   10;  0.00;eor
       4928;2025122104;   10;  0.00;eor
       4928;2025122105;   10;  0.00;eor
       4928;2025122106;   10;  0.00;eor
       4928;2025122107;   10;  0.00;eor
       4928;2025122108;   10; 15.00;eor
       4928;2025122109;   10; 60.00;eor
       4928;2025122110;   10; 60.00;eor
       4928;2025122111;   10; 60.00;eor
       4928;2025122112;   10; 60.00;eor
       4928;2025122113;   10; 60.00;eor
       4928;2025122114;   10; 60.00;eor
       4928;2025122115;   10; 60.00;eor
       4928;2025122116;   10;  7.00;eor
       4928;2025122117;   10;  0.00;eor
       4928;2025122118;   10;  0.00;eor
       4928;2025122119;   10;  0.00;eor
       4928;2025122120;   10;  0.00;eor
       4928;2025122203;   10;  0.00;eor
       4928;2025122204;   10;  0.00;eor
       4928;2025122205;   10;  0.00;eor
       4928;2025122206;   10;  0.00;eor
       4928;2025122207;   10;  0.00;eor
       4928;2025122208;   10;  0.00;eor
       4928;2025122209;   10;  0.00;eor
       4928;2025122210;   10;  0.00;eor
       4928;2025122211;   10;  0.00;eor
       4928;2025122212;   10;  0.00;eor
       4928;2025122213;   10;  0.00;eor
       4928;2025122214;   10;  0.00;eor
       4928;2025122215;   10;  0.00;eor
       4928;2025122216;   10;  0.00;eor
       4928;2025122217;   10;  0.00;eor
       4928;2025122218;   10;  0.00;eor
       4928;2025122219;   10;  0.00;eor
       4928;2025122220;   10;  0.00;eor
       4928;2025122303;   10;  0.00;eor
       4928;2025122304;   10;  0.00;eor
       4928;2025122305;   10;  0.00;eor
       4928;2025122306;   10;  0.00;eor
       4928;2025122307;   10;  0.00;eor
       4928;2025122308;   10;  0.00;eor
       4928;2025122309;   10;  0.00;eor
       4928;2025122310;   10;  0.00;eor
       4928;2025122311;   10;  0.00;eor
       4928;2025122312;   10;  0.00;eor
       4928;2025122313;   10;  0.00;eor
       4928;2025122314;   10;  0.00;eor
       4928;2025122315;   10;  0.00;eor
       4928;2025122316;   10;  0.00;eor
       4928;2025122317;   10;  0.00;eor
       4928;2025122318;   10;  0.00;eor
       4928;2025122319;   10;  0.00;eor
       4928;2025122320;   10;  0.00;eor
       4928;2025122403;   10;  0.00;eor
       4928;2025122404;   10;  0.00;eor
       4928;2025122405;   10;  0.00;eor
       4928;2025122406;   10;  0.00;eor
       4928;2025122407;   10;  0.00;eor
       4928;2025122408;   10;  0.00;eor
       4928;2025122409;   10;  0.00;eor
       4928;2025122410;   10;  0.00;eor
       4928;2025122411;   10;  0.00;eor
       4928;2025122412;   10;  0.00;eor
       4928;2025122413;   10;  0.00;eor
       4928;2025122414;   10;  0.00;eor
       4928;2025122415;   10;  0.00;eor
       4928;2025122416;   10;  0.00;eor
       4928;2025122417;   10;  0.00;eor
       4928;2025122418;   10;  0.00;eor
       4928;2025122419;   10;  0.00;eor
       4928;2025122420;   10;  0.00;eor
       4928;2025122503;   10;  0.00;eor
       4928;2025122504;   10;  0.00;eor
       4928;2025122505;   10;  0.00;eor
       4928;2025122506;   10;  0.00;eor
       4928;2025122507;   10;  0.00;eor
       4928;2025122508;   10;  0.00;eor
       4928;2025122509;   10;  0.00;eor
       4928;2025122510;   10;  0.00;eor
       4928;2025122511;   10; 47.00;eor
       4928;2025122512;   10; 60.00;eor
       4928;2025122513;   10; 60.00;eor
       4928;2025122514;   10; 60.00;eor
       4928;2025122515;   10; 60.00;eor
       4928;2025122516;   10; 10.00;eor
       4928;2025122517;   10;  0.00;eor
       4928;2025122518;   10;  0.00;eor
       4928;2025122519;   10;  0.00;eor
       4928;2025122520;   10;  0.00;eor
       4928;2025122603;   10;  0.00;eor
       4928;2025122604;   10;  0.00;eor
       4928;2025122605;   10;  0.00;eor
       4928;2025122606;   10;  0.00;eor
       4928;2025122607;   10;  0.00;eor
       4928;2025122608;   10;  5.00;eor
       4928;2025122609;   10; 48.00;eor
       4928;2025122610;   10; 60.00;eor
       4928;2025122611;   10; 60.00;eor
       4928;2025122612;   10; 60.00;eor
       4928;2025122613;   10; 60.00;eor
       4928;2025122614;   10; 60.00;eor
       4928;2025122615;   10; 60.00;eor
       4928;2025122616;   10; 11.00;eor
       4928;2025122617;   10;  0.00;eor
       4928;2025122618;   10;  0.00;eor
       4928;2025122619;   10;  0.00;eor
       4928;2025122620;   10;  0.00;eor
       4928;2025122703;   10;  0.00;eor
       4928;2025122704;   10;  0.00;eor
       4928;2025122705;   10;  0.00;eor
       4928;2025122706;   10;  0.00;eor
       4928;2025122707;   10;  0.00;eor
       4928;2025122708;   10; 13.00;eor
       4928;2025122709;   10; 47.00;eor
       4928;2025122710;   10; 60.00;eor
       4928;2025122711;   10; 60.00;eor
       4928;2025122712;   10; 60.00;eor
       4928;2025122713;   10; 60.00;eor
       4928;2025122714;   10; 60.00;eor
       4928;2025122715;   10; 60.00;eor
       4928;2025122716;   10; 18.00;eor
       4928;2025122717;   10;  0.00;eor
       4928;2025122718;   10;  0.00;eor
       4928;2025122719;   10;  0.00;eor
       4928;2025122720;   10;  0.00;eor
       4928;2025122803;   10;  0.00;eor
       4928;2025122804;   10;  0.00;eor
       4928;2025122805;   10;  0.00;eor
       4928;2025122806;   10;  0.00;eor
       4928;2025122807;   10;  0.00;eor
       4928;2025122808;   10;  0.00;eor
       4928;2025122809;   10; 18.00;eor
       4928;2025122810;   10; 14.00;eor
       4928;2025122811;   10; 44.00;eor
       4928;2025122812;   10; 60.00;eor
       4928;2025122813;   10; 60.00;eor
       4928;2025122814;   10; 60.00;eor
       4928;2025122815;   10; 60.00;eor
       4928;2025122816;   10; 19.00;eor
       4928;2025122817;   10;  0.00;eor
       4928;2025122818;   10;  0.00;eor
       4928;2025122819;   10;  0.00;eor
       4928;2025122820;   10;  0.00;eor
       4928;2025122903;   10;  0.00;eor
       4928;2025122904;   10;  0.00;eor
       4928;2025122905;   10;  0.00;eor
       4928;2025122906;   10;  0.00;eor
       4928;2025122907;   10;  0.00;eor
       4928;2025122908;   10; 12.00;eor
       4928;2025122909;   10; 60.00;eor
       4928;2025122910;   10; 60.00;eor
       4928;2025122911;   10; 60.00;eor
       4928;2025122912;   10; 60.00;eor
       4928;2025122913;   10; 60.00;eor
       4928;2025122914;   10; 60.00;eor
       4928;2025122915;   10; 60.00;eor
       4928;2025122916;   10; 20.00;eor
       4928;2025122917;   10;  0.00;eor
       4928;2025122918;   10;  0.00;eor
       4928;2025122919;   10;  0.00;eor
       4928;2025122920;   10;  0.00;eor
       4928;2025123003;   10;  0.00;eor
       4928;2025123004;   10;  0.00;eor
       4928;2025123005;   10;  0.00;eor
       4928;2025123006;   10;  0.00;eor
       4928;2025123007;   10;  0.00;eor
       4928;2025123008;   10;  0.00;eor
       4928;2025123009;   10;  0.00;eor
       4928;2025123010;   10;  2.00;eor
       4928;2025123011;   10; 15.00;eor
       4928;2025123012;   10;  3.00;eor
       4928;2025123013;   10;  0.00;eor
       4928;2025123014;   10; 17.00;eor
       4928;2025123015;   10; 33.00;eor
       4928;2025123016;   10;  7.00;eor
       4928;2025123017;   10;  0.00;eor
       4928;2025123018;   10;  0.00;eor
       4928;2025123019;   10;  0.00;eor
       4928;2025123020;   10;  0.00;eor
       4928;2025123103;   10;  0.00;eor
       4928;2025123104;   10;  0.00;eor
       4928;2025123105;   10;  0.00;eor
       4928;2025123106;   10;  0.00;eor
       4928;2025123107;   10;  0.00;eor
       4928;2025123108;   10;  4.00;eor
       4928;2025123109;   10;  0.00;eor
       4928;2025123110;   10;  0.00;eor
       4928;2025123111;   10; 34.00;eor
       4928;2025123112;   10; 60.00;eor
       4928;2025123113;   10; 60.00;eor
       4928;2025123114;   10; 60.00;eor
       4928;2025123115;   10; 14.00;eor
       4928;2025123116;   10;  0.00;eor
       4928;2025123117;   10;  0.00;eor
       4928;2025123118;   10;  0.00;eor
       4928;2025123119;   10;  0.00;eor
       4928;2025123120;   10;  0.00;eor
       4928;2026010103;    3;  0.00;eor
       4928;2026010104;    3;  0.00;eor
       4928;2026010105;    3;  0.00;eor
       4928;2026010106;    3;  0.00;eor
       4928;2026010107;    3;  0.00;eor
       4928;2026010108;    3;  8.00;eor
       4928;2026010109;    3; 59.00;eor
       4928;2026010110;    3; 60.00;eor
       4928;2026010111;    3; 60.00;eor
       4928;2026010112;    3; 60.00;eor
       4928;2026010113;    3; 29.00;eor
       4928;2026010114;    3;  0.00;eor
       4928;2026010115;    3;  9.00;eor
       4928;2026010116;    3;  0.00;eor
       4928;2026010117;    3;  0.00;eor
       4928;2026010118;    3;  0.00;eor
       4928;2026010119;    3;  0.00;eor
       4928;2026010120;    3;  0.00;eor
       4928;2026010203;    3;  0.00;eor
       4928;2026010204;    3;  0.00;eor
       4928;2026010205;    3;  0.00;eor
       4928;2026010206;    3;  0.00;eor
       4928;2026010207;    3;  0.00;eor
       4928;2026010208;    3;  0.00;eor
       4928;2026010209;    3;  0.00;eor
       4928;2026010210;    3;  0.00;eor
       4928;2026010211;    3;  0.00;eor
       4928;2026010212;    3;  0.00;eor
       4928;2026010213;    3;  0.00;eor
       4928;2026010214;    3;  6.00;eor
       4928;2026010215;    3;  0.00;eor
       4928;2026010216;    3;  8.00;eor
       4928;2026010217;    3;  0.00;eor
       4928;2026010218;    3;  0.00;eor
       4928;2026010219;    3;  0.00;eor
       4928;2026010220;    3;  0.00;eor
       4928;2026010303;    3;  0.00;eor
       4928;2026010304;    3;  0.00;eor
       4928;2026010305;    3;  0.00;eor
       4928;2026010306;    3;  0.00;eor
       4928;2026010307;    3;  0.00;eor
       4928;2026010308;    3;  0.00;eor
       4928;2026010309;    3;  3.00;eor
       4928;2026010310;    3; 57.00;eor
       4928;2026010311;    3; 47.00;eor
       4928;2026010312;    3; 57.00;eor
       4928;2026010313;    3; 60.00;eor
       4928;2026010314;    3; 36.00;eor
       4928;2026010315;    3;  0.00;eor
       4928;2026010316;    3;  0.00;eor
       4928;2026010317;    3;  0.00;eor
       4928;2026010318;    3;  0.00;eor
       4928;2026010319;    3;  0.00;eor
       4928;2026010320;    3;  0.00;eor
       4928;2026010403;    3;  0.00;eor
       4928;2026010404;    3;  0.00;eor
       4928;2026010405;    3;  0.00;eor
       4928;2026010406;    3;  0.00;eor
       4928;2026010407;    3;  0.00;eor
       4928;2026010408;    3;  0.00;eor
       4928;2026010409;    3;  0.00;eor
       4928;2026010410;    3;  0.00;eor
       4928;2026010411;    3;  0.00;eor
       4928;2026010412;    3;  0.00;eor
       4928;2026010413;    3;  0.00;eor
       4928;2026010414;    3;  0.00;eor
       4928;2026010415;    3;  0.00;eor
       4928;2026010416;    3;  0.00;eor
       4928;2026010417;    3;  0.00;eor
       4928;2026010418;    3;  0.00;eor
       4928;2026010419;    3;  0.00;eor
       4928;2026010420;    3;  0.00;eor
       4928;2026010503;    3;  0.00;eor
       4928;2026010504;    3;  0.00;eor
       4928;2026010505;    3;  0.00;eor
       4928;2026010506;    3;  0.00;eor
       4928;2026010507;    3;  0.00;eor
       4928;2026010508;    3;  7.00;eor
       4928;2026010509;    3; 53.00;eor
       4928;2026010510;    3; 60.00;eor
       4928;2026010511;    3; 60.00;eor
       4928;2026010512;    3; 60.00;eor
       4928;2026010513;    3; 57.00;eor
       4928;2026010514;    3; 60.00;eor
       4928;2026010515;    3; 60.00;eor
       4928;2026010516;    3; 28.00;eor
       4928;2026010517;    3;  0.00;eor
       4928;2026010518;    3;  0.00;eor
       4928;2026010519;    3;  0.00;eor
       4928;2026010520;    3;  0.00;eor
       4928;2026010603;    3;  0.00;eor
       4928;2026010604;    3;  0.00;eor
       4928;2026010605;    3;  0.00;eor
       4928;2026010606;    3;  0.00;eor
       4928;2026010607;    3;  0.00;eor
       4928;2026010608;    3;  0.00;eor
       4928;2026010609;    3;  0.00;eor
       4928;2026010610;    3;  0.00;eor
       4928;2026010611;    3;  0.00;eor
       4928;2026010612;    3;  0.00;eor
       4928;2026010613;    3;  0.00;eor
       4928;2026010614;    3;  0.00;eor
       4928;2026010615;    3;  0.00;eor
       4928;2026010616;    3;  0.00;eor
       4928;2026010617;    3;  0.00;eor
       4928;2026010618;    3;  0.00;eor
       4928;2026010619;    3;  0.00;eor
       4928;2026010620;    3;  0.00;eor
       4928;2026010703;    3;  0.00;eor
       4928;2026010704;    3;  0.00;eor
       4928;2026010705;    3;  0.00;eor
       4928;2026010706;    3;  0.00;eor
       4928;2026010707;    3;  0.00;eor
       4928;2026010708;    3; 12.00;eor
       4928;2026010709;    3; 60.00;eor
       4928;2026010710;    3; 60.00;eor
       4928;2026010711;    3; 60.00;eor
       4928;2026010712;    3; 60.00;eor
       4928;2026010713;    3; 60.00;eor
       4928;2026010714;    3; 60.00;eor
       4928;2026010715;    3; 60.00;eor
       4928;2026010716;    3; 17.00;eor
       4928;2026010717;    3;  0.00;eor
       4928;2026010718;    3;  0.00;eor
       4928;2026010719;    3;  0.00;eor
       4928;2026010720;    3;  0.00;eor
       4928;2026010803;    3;  0.00;eor
       4928;2026010804;    3;  0.00;eor
       4928;2026010805;    3;  0.00;eor
       4928;2026010806;    3;  0.00;eor
       4928;2026010807;    3;  0.00;eor
       4928;2026010808;    3;  0.00;eor
       4928;2026010809;    3;  0.00;eor
       4928;2026010810;    3;  0.00;eor
       4928;2026010811;    3;  0.00;eor
       4928;2026010812;    3;  0.00;eor
       4928;2026010813;    3;  0.00;eor
       4928;2026010814;    3;  0.00;eor
       4928;2026010815;    3;  0.00;eor
       4928;2026010816;    3;  0.00;eor
       4928;2026010817;    3;  0.00;eor
       4928;2026010818;    3;  0.00;eor
       4928;2026010819;    3;  0.00;eor
       4928;2026010820;    3;  0.00;eor
       4928;2026010903;    3;  0.00;eor
       4928;2026010904;    3;  0.00;eor
       4928;2026010905;    3;  0.00;eor
       4928;2026010906;    3;  0.00;eor
       4928;2026010907;    3;  0.00;eor
       4928;2026010908;    3;  7.00;eor
       4928;2026010909;    3; 46.00;eor
       4928;2026010910;    3; 60.00;eor
       4928;2026010911;    3; 49.00;eor
       4928;2026010912;    3; 38.00;eor
       4928;2026010913;    3;  4.00;eor
       4928;2026010914;    3;  4.00;eor
       4928;2026010915;    3;  0.00;eor
       4928;2026010916;    3;  0.00;eor
       4928;2026010917;    3;  0.00;eor
       4928;2026010918;    3;  0.00;eor
       4928;2026010919;    3;  0.00;eor
       4928;2026010920;    3;  0.00;eor
       4928;2026011003;    3;  0.00;eor
       4928;2026011004;    3;  0.00;eor
       4928;2026011005;    3;  0.00;eor
       4928;2026011006;    3;  0.00;eor
       4928;2026011007;    3;  0.00;eor
       4928;2026011008;    3;  0.00;eor
       4928;2026011009;    3;  0.00;eor
       4928;2026011010;    3;  0.00;eor
       4928;2026011011;    3;  0.00;eor
       4928;2026011012;    3;  0.00;eor
       4928;2026011013;    3;  0.00;eor
       4928;2026011014;    3;  0.00;eor
       4928;2026011015;    3;  6.00;eor
       4928;2026011016;    3;  0.00;eor
       4928;2026011017;    3;  0.00;eor
       4928;2026011018;    3;  0.00;eor
       4928;2026011019;    3;  0.00;eor
       4928;2026011020;    3;  0.00;eor
       4928;2026011103;    3;  0.00;eor
       4928;2026011104;    3;  0.00;eor
       4928;2026011105;    3;  0.00;eor
       4928;2026011106;    3;  0.00;eor
       4928;2026011107;    3;  0.00;eor
       4928;2026011108;    3;  0.00;eor
       4928;2026011109;    3;  0.00;eor
       4928;2026011110;    3;  0.00;eor
       4928;2026011111;    3;  0.00;eor
       4928;2026011112;    3;  0.00;eor
       4928;2026011113;    3;  0.00;eor
       4928;2026011114;    3;  0.00;eor
       4928;2026011115;    3;  0.00;eor
       4928;2026011116;    3;  0.00;eor
       4928;2026011117;    3;  0.00;eor
       4928;2026011118;    3;  0.00;eor
       4928;2026011119;    3;  0.00;eor
       4928;2026011120;    3;  0.00;eor
       4928;2026011203;    3;  0.00;eor
       4928;2026011204;    3;  0.00;eor
       4928;2026011205;    3;  0.00;eor
       4928;2026011206;    3;  0.00;eor
       4928;2026011207;    3;  0.00;eor
       4928;2026011208;    3;  0.00;eor
       4928;2026011209;    3;  0.00;eor
       4928;2026011210;    3;  0.00;eor
       4928;2026011211;    3;  0.00;eor
       4928;2026011212;    3;  0.00;eor
       4928;2026011213;    3;  0.00;eor
       4928;2026011214;    3;  0.00;eor
       4928;2026011215;    3;  0.00;eor
       4928;2026011216;    3;  0.00;eor
       4928;2026011217;    3;  0.00;eor
       4928;2026011218;    3;  0.00;eor
       4928;2026011219;    3;  0.00;eor
       4928;2026011220;    3;  0.00;eor
       4928;2026011303;    3;  0.00;eor
       4928;2026011304;    3;  0.00;eor
       4928;2026011305;    3;  0.00;eor
       4928;2026011306;    3;  0.00;eor
       4928;2026011307;    3;  0.00;eor
       4928;2026011308;    3;  0.00;eor
       4928;2026011309;    3;  0.00;eor
       4928;2026011310;    3;  0.00;eor
       4928;2026011311;    3;  0.00;eor
       4928;2026011312;    3; 51.00;eor
       4928;2026011313;    3; 40.00;eor
       4928;2026011314;    3; 23.00;eor
       4928;2026011315;    3; 18.00;eor
       4928;2026011316;    3;  1.00;eor
       4928;2026011317;    3;  0.00;eor
       4928;2026011318;    3;  0.00;eor
       4928;2026011319;    3;  0.00;eor
       4928;2026011320;    3;  0.00;eor
       4928;2026011403;    3;  0.00;eor
       4928;2026011404;    3;  0.00;eor
       4928;2026011405;    3;  0.00;eor
       4928;2026011406;    3;  0.00;eor
       4928;2026011407;    3;  0.00;eor
       4928;2026011408;    3;  0.00;eor
       4928;2026011409;    3;  0.00;eor
       4928;2026011410;    3;  0.00;eor
       4928;2026011411;    3;  5.00;eor
       4928;2026011412;    3;  0.00;eor
       4928;2026011413;    3; 26.00;eor
       4928;2026011414;    3; 16.00;eor
       4928;2026011415;    3;  0.00;eor
       4928;2026011416;    3;  0.00;eor
       4928;2026011417;    3;  0.00;eor
       4928;2026011418;    3;  0.00;eor
       4928;2026011419;    3;  0.00;eor
       4928;2026011420;    3;  0.00;eor
       4928;2026011503;    3;  0.00;eor
       4928;2026011504;    3;  0.00;eor
       4928;2026011505;    3;  0.00;eor
       4928;2026011506;    3;  0.00;eor
       4928;2026011507;    3;  0.00;eor
       4928;2026011508;    3;  0.00;eor
       4928;2026011509;    3;  0.00;eor
       4928;2026011510;    3;  6.00;eor
       4928;2026011511;    3; 20.00;eor
       4928;2026011512;    3; 53.00;eor
       4928;2026011513;    3; 60.00;eor
       4928;2026011514;    3; 60.00;eor
       4928;2026011515;    3; 60.00;eor
       4928;2026011516;    3; 38.00;eor
       4928;2026011517;    3;  0.00;eor
       4928;2026011518;    3;  0.00;eor
       4928;2026011519;    3;  0.00;eor
       4928;2026011520;    3;  0.00;eor
       4928;2026011603;    3;  0.00;eor
       4928;2026011604;    3;  0.00;eor
       4928;2026011605;    3;  0.00;eor
       4928;2026011606;    3;  0.00;eor
       4928;2026011607;    3;  0.00;eor
       4928;2026011608;    3; 19.00;eor
       4928;2026011609;    3; 60.00;eor
       4928;2026011610;    3; 60.00;eor
       4928;2026011611;    3; 60.00;eor
       4928;2026011612;    3; 60.00;eor
       4928;2026011613;    3; 60.00;eor
       4928;2026011614;    3; 60.00;eor
       4928;2026011615;    3; 60.00;eor
       4928;2026011616;    3; 34.00;eor
       4928;2026011617;    3;  0.00;eor
       4928;2026011618;    3;  0.00;eor
       4928;2026011619;    3;  0.00;eor
       4928;2026011620;    3;  0.00;eor
       4928;2026011703;    3;  0.00;eor
       4928;2026011704;    3;  0.00;eor
       4928;2026011705;    3;  0.00;eor
       4928;2026011706;    3;  0.00;eor
       4928;2026011707;    3;  0.00;eor
       4928;2026011708;    3;  0.00;eor
       4928;2026011709;    3; 18.00;eor
       4928;2026011710;    3; 29.00;eor
       4928;2026011711;    3; 12.00;eor
       4928;2026011712;    3; 45.00;eor
       4928;2026011713;    3; 38.00;eor
       4928;2026011714;    3; 54.00;eor
       4928;2026011715;    3; 60.00;eor
       4928;2026011716;    3;  7.00;eor
       4928;2026011717;    3;  0.00;eor
       4928;2026011718;    3;  0.00;eor
       4928;2026011719;    3;  0.00;eor
       4928;2026011720;    3;  0.00;eor
       4928;2026011803;    3;  0.00;eor
       4928;2026011804;    3;  0.00;eor
       4928;2026011805;    3;  0.00;eor
       4928;2026011806;    3;  0.00;eor
       4928;2026011807;    3;  0.00;eor
       4928;2026011808;    3;  0.00;eor
       4928;2026011809;    3;  0.00;eor
       4928;2026011810;    3;  0.00;eor
       4928;2026011811;    3;  0.00;eor
       4928;2026011812;    3;  0.00;eor
       4928;2026011813;    3;  0.00;eor
       4928;2026011814;    3;  0.00;eor
       4928;2026011815;    3;  0.00;eor
       4928;2026011816;    3;  0.00;eor
       4928;2026011817;    3;  0.00;eor
       4928;2026011818;    3;  0.00;eor
       4928;2026011819;    3;  0.00;eor
       4928;2026011820;    3;  0.00;eor
       4928;2026011903;    3;  0.00;eor
       4928;2026011904;    3;  0.00;eor
       4928;2026011905;    3;  0.00;eor
       4928;2026011906;    3;  0.00;eor
       4928;2026011907;    3;  0.00;eor
       4928;2026011908;    3;  0.00;eor
       4928;2026011909;    3;  0.00;eor
       4928;2026011910;    3; 30.00;eor
       4928;2026011911;    3; 60.00;eor
       4928;2026011912;    3; 60.00;eor
       4928;2026011913;    3; 60.00;eor
       4928;2026011914;    3; 60.00;eor
       4928;2026011915;    3; 60.00;eor
       4928;2026011916;    3; 41.00;eor
       4928;2026011917;    3;  0.00;eor
       4928;2026011918;    3;  0.00;eor
       4928;2026011919;    3;  0.00;eor
       4928;2026011920;    3;  0.00;eor
       4928;2026012003;    3;  0.00;eor
       4928;2026012004;    3;  0.00;eor
       4928;2026012005;    3;  0.00;eor
       4928;2026012006;    3;  0.00;eor
       4928;2026012007;    3;  0.00;eor
       4928;2026012008;    3; 22.00;eor
       4928;2026012009;    3; 60.00;eor
       4928;2026012010;    3; 60.00;eor
       4928;2026012011;    3; 60.00;eor
       4928;2026012012;    3; 60.00;eor
       4928;2026012013;    3; 60.00;eor
       4928;2026012014;    3; 60.00;eor
       4928;2026012015;    3; 60.00;eor
       4928;2026012016;    3; 25.00;eor
       4928;2026012017;    3;  0.00;eor
       4928;2026012018;    3;  0.00;eor
       4928;2026012019;    3;  0.00;eor
       4928;2026012020;    3;  0.00;eor
       4928;2026012103;    3;  0.00;eor
       4928;2026012104;    3;  0.00;eor
       4928;2026012105;    3;  0.00;eor
       4928;2026012106;    3;  0.00;eor
       4928;2026012107;    3;  0.00;eor
       4928;2026012108;    3; 24.00;eor
       4928;2026012109;    3; 60.00;eor
       4928;2026012110;    3; 60.00;eor
       4928;2026012111;    3; 60.00;eor
       4928;2026012112;    3; 60.00;eor
       4928;2026012113;    3; 60.00;eor
       4928;2026012114;    3; 60.00;eor
       4928;2026012115;    3; 60.00;eor
       4928;2026012116;    3; 27.00;eor
       4928;2026012117;    3;  0.00;eor
       4928;2026012118;    3;  0.00;eor
       4928;2026012119;    3;  0.00;eor
       4928;2026012120;    3;  0.00;eor
       4928;2026012203;    3;  0.00;eor
       4928;2026012204;    3;  0.00;eor
       4928;2026012205;    3;  0.00;eor
       4928;2026012206;    3;  0.00;eor
       4928;2026012207;    3;  0.00;eor
       4928;2026012208;    3; 25.00;eor
       4928;2026012209;    3; 49.00;eor
       4928;2026012210;    3; 60.00;eor
       4928;2026012211;    3; 60.00;eor
       4928;2026012212;    3; 60.00;eor
       4928;2026012213;    3; 60.00;eor
       4928;2026012214;    3; 60.00;eor
       4928;2026012215;    3; 43.00;eor
       4928;2026012216;    3;  4.00;eor
       4928;2026012217;    3;  0.00;eor
       4928;2026012218;    3;  0.00;eor
       4928;2026012219;    3;  0.00;eor
       4928;2026012220;    3;  0.00;eor
       4928;2026012303;    3;  0.00;eor
       4928;2026012304;    3;  0.00;eor
       4928;2026012305;    3;  0.00;eor
       4928;2026012306;    3;  0.00;eor
       4928;2026012307;    3;  0.00;eor
       4928;2026012308;    3;  0.00;eor
       4928;2026012309;    3; 25.00;eor
       4928;2026012310;    3; 46.00;eor
       4928;2026012311;    3; 60.00;eor
       4928;2026012312;    3; 60.00;eor
       4928;2026012313;    3; 60.00;eor
       4928;2026012314;    3; 31.00;eor
       4928;2026012315;    3;  5.00;eor
       4928;2026012316;    3;  0.00;eor
       4928;2026012317;    3;  0.00;eor
       4928;2026012318;    3;  0.00;eor
       4928;2026012319;    3;  0.00;eor
       4928;2026012320;    3;  0.00;eor
       4928;2026012403;    3;  0.00;eor
       4928;2026012404;    3;  0.00;eor
       4928;2026012405;    3;  0.00;eor
       4928;2026012406;    3;  0.00;eor
       4928;2026012407;    3;  0.00;eor
       4928;2026012408;    3;  0.00;eor
       4928;2026012409;    3; 12.00;eor
       4928;2026012410;    3; 34.00;eor
       4928;2026012411;    3; 49.00;eor
       4928;2026012412;    3; 60.00;eor
       4928;2026012413;    3; 60.00;eor
       4928;2026012414;    3; 60.00;eor
       4928;2026012415;    3; 14.00;eor
       4928;2026012416;    3; 15.00;eor
       4928;2026012417;    3;  0.00;eor
       4928;2026012418;    3;  0.00;eor
       4928;2026012419;    3;  0.00;eor
       4928;2026012420;    3;  0.00;eor
       4928;2026012503;    3;  0.00;eor
       4928;2026012504;    3;  0.00;eor
       4928;2026012505;    3;  0.00;eor
       4928;2026012506;    3;  0.00;eor
       4928;2026012507;    3;  0.00;eor
       4928;2026012508;    3;  0.00;eor
       4928;2026012509;    3;  0.00;eor
       4928;2026012510;    3;  0.00;eor
       4928;2026012511;    3;  0.00;eor
       4928;2026012512;    3;  0.00;eor
       4928;2026012513;    3;  0.00;eor
       4928;2026012514;    3;  0.00;eor
       4928;2026012515;    3;  0.00;eor
       4928;2026012516;    3;  0.00;eor
       4928;2026012517;    3;  0.00;eor
       4928;2026012518;    3;  0.00;eor
       4928;2026012519;    3;  0.00;eor
       4928;2026012520;    3;  0.00;eor
       4928;2026012603;    3;  0.00;eor
       4928;2026012604;    3;  0.00;eor
       4928;2026012605;    3;  0.00;eor
       4928;2026012606;    3;  0.00;eor
       4928;2026012607;    3;  0.00;eor
       4928;2026012608;    3;  0.00;eor
       4928;2026012609;    3;  0.00;eor
       4928;2026012610;    3;  0.00;eor
       4928;2026012611;    3;  0.00;eor
       4928;2026012612;    3;  0.00;eor
       4928;2026012613;    3;  0.00;eor
       4928;2026012614;    3;  0.00;eor
       4928;2026012615;    3;  0.00;eor
       4928;2026012616;    3;  0.00;eor
       4928;2026012617;    3;  0.00;eor
       4928;2026012618;    3;  0.00;eor
       4928;2026012619;    3;  0.00;eor
       4928;2026012620;    3;  0.00;eor
       4928;2026012703;    3;  0.00;eor
       4928;2026012704;    3;  0.00;eor
       4928;2026012705;    3;  0.00;eor
       4928;2026012706;    3;  0.00;eor
       4928;2026012707;    3;  0.00;eor
       4928;2026012708;    3; 31.00;eor
       4928;2026012709;    3; 56.00;eor
       4928;2026012710;    3; 60.00;eor
       4928;2026012711;    3; 55.00;eor
       4928;2026012712;    3; 25.00;eor
       4928;2026012713;    3; 24.00;eor
       4928;2026012714;    3;  0.00;eor
       4928;2026012715;    3;  0.00;eor
       4928;2026012716;    3;  0.00;eor
       4928;2026012717;    3;  0.00;eor
       4928;2026012718;    3;  0.00;eor
       4928;2026012719;    3;  0.00;eor
       4928;2026012720;    3;  0.00;eor
       4928;2026012803;    3;  0.00;eor
       4928;2026012804;    3;  0.00;eor
       4928;2026012805;    3;  0.00;eor
       4928;2026012806;    3;  0.00;eor
       4928;2026012807;    3;  0.00;eor
       4928;2026012808;    3;  0.00;eor
       4928;2026012809;    3;  0.00;eor
       4928;2026012810;    3;  0.00;eor
       4928;2026012811;    3;  0.00;eor
       4928;2026012812;    3;  0.00;eor
       4928;2026012813;    3;  0.00;eor
       4928;2026012814;    3;  0.00;eor
       4928;2026012815;    3;  0.00;eor
       4928;2026012816;    3;  0.00;eor
       4928;2026012817;    3;  0.00;eor
       4928;2026012818;    3;  0.00;eor
       4928;2026012819;    3;  0.00;eor
       4928;2026012820;    3;  0.00;eor
       4928;2026012903;    3;  0.00;eor
       4928;2026012904;    3;  0.00;eor
       4928;2026012905;    3;  0.00;eor
       4928;2026012906;    3;  0.00;eor
       4928;2026012907;    3;  0.00;eor
       4928;2026012908;    3;  0.00;eor
       4928;2026012909;    3;  0.00;eor
       4928;2026012910;    3;  0.00;eor
       4928;2026012911;    3;  0.00;eor
       4928;2026012912;    3;  0.00;eor
       4928;2026012913;    3;  0.00;eor
       4928;2026012914;    3;  0.00;eor
       4928;2026012915;    3;  0.00;eor
       4928;2026012916;    3;  0.00;eor
       4928;2026012917;    3;  0.00;eor
       4928;2026012918;    3;  0.00;eor
       4928;2026012919;    3;  0.00;eor
       4928;2026012920;    3;  0.00;eor
       4928;2026013003;    3;  0.00;eor
       4928;2026013004;    3;  0.00;eor
       4928;2026013005;    3;  0.00;eor
       4928;2026013006;    3;  0.00;eor
       4928;2026013007;    3;  0.00;eor
       4928;2026013008;    3; 27.00;eor
       4928;2026013009;    3; 60.00;eor
       4928;2026013010;    3; 60.00;eor
       4928;2026013011;    3; 60.00;eor
       4928;2026013012;    3; 60.00;eor
       4928;2026013013;    3; 58.00;eor
       4928;2026013014;    3; 42.00;eor
       4928;2026013015;    3;  0.00;eor
       4928;2026013016;    3;  0.00;eor
       4928;2026013017;    3;  0.00;eor
       4928;2026013018;    3;  0.00;eor
       4928;2026013019;    3;  0.00;eor
       4928;2026013020;    3;  0.00;eor
       4928;2026013103;    3;  0.00;eor
       4928;2026013104;    3;  0.00;eor
       4928;2026013105;    3;  0.00;eor
       4928;2026013106;    3;  0.00;eor
       4928;2026013107;    3;  0.00;eor
       4928;2026013108;    3;  0.00;eor
       4928;2026013109;    3;  0.00;eor
       4928;2026013110;    3;  0.00;eor
       4928;2026013111;    3;  1.00;eor
       4928;2026013112;    3; 60.00;eor
       4928;2026013113;    3; 60.00;eor
       4928;2026013114;    3; 60.00;eor
       4928;2026013115;    3; 60.00;eor
       4928;2026013116;    3; 58.00;eor
       4928;2026013117;    3;  0.00;eor
       4928;2026013118;    3;  0.00;eor
       4928;2026013119;    3;  0.00;eor
       4928;2026013120;    3;  0.00;eor
       4928;2026020100;    3;  0.00;eor
       4928;2026020101;    3;  0.00;eor
       4928;2026020102;    3;  0.00;eor
       4928;2026020103;    3;  0.00;eor
       4928;2026020104;    3;  0.00;eor
       4928;2026020105;    3;  0.00;eor
       4928;2026020106;    3;  0.00;eor
       4928;2026020107;    3;  0.00;eor
       4928;2026020108;    3;  0.00;eor
       4928;2026020109;    3;  0.00;eor
       4928;2026020110;    3;  0.00;eor
       4928;2026020111;    3;  0.00;eor
       4928;2026020112;    3;  0.00;eor
       4928;2026020113;    3;  0.00;eor
       4928;2026020114;    3;  0.00;eor
       4928;2026020115;    3;  0.00;eor
       4928;2026020116;    3;  0.00;eor
       4928;2026020117;    3;  0.00;eor
       4928;2026020118;    3;  0.00;eor
       4928;2026020119;    3;  0.00;eor
       4928;2026020120;    3;  0.00;eor
       4928;2026020121;    3;  0.00;eor
       4928;2026020122;    3;  0.00;eor
       4928;2026020123;    3;  0.00;eor
       4928;2026020200;    3;  0.00;eor
       4928;2026020201;    3;  0.00;eor
       4928;2026020202;    3;  0.00;eor
       4928;2026020203;    3;  0.00;eor
       4928;2026020204;    3;  0.00;eor
       4928;2026020205;    3;  0.00;eor
       4928;2026020206;    3;  0.00;eor
       4928;2026020207;    3;  0.00;eor
       4928;2026020208;    3;  0.00;eor
       4928;2026020209;    3;  0.00;eor
       4928;2026020210;    3;  0.00;eor
       4928;2026020211;    3;  0.00;eor
       4928;2026020212;    3;  7.00;eor
       4928;2026020213;    3;  6.00;eor
       4928;2026020214;    3; 11.00;eor
       4928;2026020215;    3; 44.00;eor
       4928;2026020216;    3;  1.00;eor
       4928;2026020217;    3;  0.00;eor
       4928;2026020218;    3;  0.00;eor
       4928;2026020219;    3;  0.00;eor
       4928;2026020220;    3;  0.00;eor
       4928;2026020221;    3;  0.00;eor
       4928;2026020222;    3;  0.00;eor
       4928;2026020223;    3;  0.00;eor
       4928;2026020300;    3;  0.00;eor
       4928;2026020301;    3;  0.00;eor
       4928;2026020302;    3;  0.00;eor
       4928;2026020303;    3;  0.00;eor
       4928;2026020304;    3;  0.00;eor
       4928;2026020305;    3;  0.00;eor
       4928;2026020306;    3;  0.00;eor
       4928;2026020307;    3;  0.00;eor
       4928;2026020308;    3; 16.00;eor
       4928;2026020309;    3;  0.00;eor
       4928;2026020310;    3;  0.00;eor
       4928;2026020311;    3;  0.00;eor
       4928;2026020312;    3;  0.00;eor
       4928;2026020313;    3;  0.00;eor
       4928;2026020314;    3;  0.00;eor
       4928;2026020315;    3;  0.00;eor
       4928;2026020316;    3;  0.00;eor
       4928;2026020317;    3;  0.00;eor
       4928;2026020318;    3;  0.00;eor
       4928;2026020319;    3;  0.00;eor
       4928;2026020320;    3;  0.00;eor
       4928;2026020321;    3;  0.00;eor
       4928;2026020322;    3;  0.00;eor
       4928;2026020323;    3;  0.00;eor
       4928;2026020400;    3;  0.00;eor
       4928;2026020401;    3;  0.00;eor
       4928;2026020402;    3;  0.00;eor
       4928;2026020403;    3;  0.00;eor
       4928;2026020404;    3;  0.00;eor
       4928;2026020405;    3;  0.00;eor
       4928;2026020406;    3;  0.00;eor
       4928;2026020407;    3;  0.00;eor
       4928;2026020408;    3;  0.00;eor
       4928;2026020409;    3;  0.00;eor
       4928;2026020410;    3;  0.00;eor
       4928;2026020411;    3;  0.00;eor
       4928;2026020412;    3;  0.00;eor
       4928;2026020413;    3;  0.00;eor
       4928;2026020414;    3;  0.00;eor
       4928;2026020415;    3;  0.00;eor
       4928;2026020416;    3;  0.00;eor
       4928;2026020417;    3;  0.00;eor
       4928;2026020418;    3;  0.00;eor
       4928;2026020419;    3;  0.00;eor
       4928;2026020420;    3;  0.00;eor
       4928;2026020421;    3;  0.00;eor
       4928;2026020422;    3;  0.00;eor
       4928;2026020423;    3;  0.00;eor
       4928;2026020500;    3;  0.00;eor
       4928;2026020501;    3;  0.00;eor
       4928;2026020502;    3;  0.00;eor
       4928;2026020503;    3;  0.00;eor
       4928;2026020504;    3;  0.00;eor
       4928;2026020505;    3;  0.00;eor
       4928;2026020506;    3;  0.00;eor
       4928;2026020507;    3;  0.00;eor
       4928;2026020508;    3;  0.00;eor
       4928;2026020509;    3;  0.00;eor
       4928;2026020510;    3;  0.00;eor
       4928;2026020511;    3;  0.00;eor
       4928;2026020512;    3; 54.00;eor
       4928;2026020513;    3; 60.00;eor
       4928;2026020514;    3; 60.00;eor
       4928;2026020515;    3; 60.00;eor
       4928;2026020516;    3; 60.00;eor
       4928;2026020517;    3; 12.00;eor
       4928;2026020518;    3;  0.00;eor
       4928;2026020519;    3;  0.00;eor
       4928;2026020520;    3;  0.00;eor
       4928;2026020521;    3;  0.00;eor
       4928;2026020522;    3;  0.00;eor
       4928;2026020523;    3;  0.00;eor
       4928;2026020600;    3;  0.00;eor
       4928;2026020601;    3;  0.00;eor
       4928;2026020602;    3;  0.00;eor
       4928;2026020603;    3;  0.00;eor
       4928;2026020604;    3;  0.00;eor
       4928;2026020605;    3;  0.00;eor
       4928;2026020606;    3;  0.00;eor
       4928;2026020607;    3;  0.00;eor
       4928;2026020608;    3;  0.00;eor
       4928;2026020609;    3; 19.00;eor
       4928;2026020610;    3; 32.00;eor
       4928;2026020611;    3;  0.00;eor
       4928;2026020612;    3;  4.00;eor
       4928;2026020613;    3;  1.00;eor
       4928;2026020614;    3;  0.00;eor
       4928;2026020615;    3;  0.00;eor
       4928;2026020616;    3;  0.00;eor
       4928;2026020617;    3;  0.00;eor
       4928;2026020618;    3;  0.00;eor
       4928;2026020619;    3;  0.00;eor
       4928;2026020620;    3;  0.00;eor
       4928;2026020621;    3;  0.00;eor
       4928;2026020622;    3;  0.00;eor
       4928;2026020623;    3;  0.00;eor
       4928;2026020700;    3;  0.00;eor
       4928;2026020701;    3;  0.00;eor
       4928;2026020702;    3;  0.00;eor
       4928;2026020703;    3;  0.00;eor
       4928;2026020704;    3;  0.00;eor
       4928;2026020705;    3;  0.00;eor
       4928;2026020706;    3;  0.00;eor
       4928;2026020707;    3;  0.00;eor
       4928;2026020708;    3;  0.00;eor
       4928;2026020709;    3;  0.00;eor
       4928;2026020710;    3; 38.00;eor
       4928;2026020711;    3; 60.00;eor
       4928;2026020712;    3; 52.00;eor
       4928;2026020713;    3; 15.00;eor
       4928;2026020714;    3; 54.00;eor
       4928;2026020715;    3; 25.00;eor
       4928;2026020716;    3; 55.00;eor
       4928;2026020717;    3; 11.00;eor
       4928;2026020718;    3;  0.00;eor
       4928;2026020719;    3;  0.00;eor
       4928;2026020720;    3;  0.00;eor
       4928;2026020721;    3;  0.00;eor
       4928;2026020722;    3;  0.00;eor
       4928;2026020723;    3;  0.00;eor
       4928;2026020800;    3;  0.00;eor
       4928;2026020801;    3;  0.00;eor
       4928;2026020802;    3;  0.00;eor
       4928;2026020803;    3;  0.00;eor
       4928;2026020804;    3;  0.00;eor
       4928;2026020805;    3;  0.00;eor
       4928;2026020806;    3;  0.00;eor
       4928;2026020807;    3;  0.00;eor
       4928;2026020808;    3;  0.00;eor
       4928;2026020809;    3;  0.00;eor
       4928;2026020810;    3;  0.00;eor
       4928;2026020811;    3;  0.00;eor
       4928;2026020812;    3; 39.00;eor
       4928;2026020813;    3; 48.00;eor
       4928;2026020814;    3;  0.00;eor
       4928;2026020815;    3;  0.00;eor
       4928;2026020816;    3; 19.00;eor
       4928;2026020817;    3;  0.00;eor
       4928;2026020818;    3;  0.00;eor
       4928;2026020819;    3;  0.00;eor
       4928;2026020820;    3;  0.00;eor
       4928;2026020821;    3;  0.00;eor
       4928;2026020822;    3;  0.00;eor
       4928;2026020823;    3;  0.00;eor
       4928;2026020900;    3;  0.00;eor
       4928;2026020901;    3;  0.00;eor
       4928;2026020902;    3;  0.00;eor
       4928;2026020903;    3;  0.00;eor
       4928;2026020904;    3;  0.00;eor
       4928;2026020905;    3;  0.00;eor
       4928;2026020906;    3;  0.00;eor
       4928;2026020907;    3;  0.00;eor
       4928;2026020908;    3;  0.00;eor
       4928;2026020909;    3;  0.00;eor
       4928;2026020910;    3;  0.00;eor
       4928;2026020911;    3;  0.00;eor
       4928;2026020912;    3;  0.00;eor
       4928;2026020913;    3;  0.00;eor
       4928;2026020914;    3;  0.00;eor
       4928;2026020915;    3; 19.00;eor
       4928;2026020916;    3; 30.00;eor
       4928;2026020917;    3;  9.00;eor
       4928;2026020918;    3;  0.00;eor
       4928;2026020919;    3;  0.00;eor
       4928;2026020920;    3;  0.00;eor
       4928;2026020921;    3;  0.00;eor
       4928;2026020922;    3;  0.00;eor
       4928;2026020923;    3;  0.00;eor
       4928;2026021000;    3;  0.00;eor
       4928;2026021001;    3;  0.00;eor
       4928;2026021002;    3;  0.00;eor
       4928;2026021003;    3;  0.00;eor
       4928;2026021004;    3;  0.00;eor
       4928;2026021005;    3;  0.00;eor
       4928;2026021006;    3;  0.00;eor
       4928;2026021007;    3;  0.00;eor
       4928;2026021008;    3;  0.00;eor
       4928;2026021009;    3;  0.00;eor
       4928;2026021010;    3;  0.00;eor
       4928;2026021011;    3;  0.00;eor
       4928;2026021012;    3;  0.00;eor
       4928;2026021013;    3;  0.00;eor
       4928;2026021014;    3;  0.00;eor
       4928;2026021015;    3; 28.00;eor
       4928;2026021016;    3; 58.00;eor
       4928;2026021017;    3;  8.00;eor
       4928;2026021018;    3;  0.00;eor
       4928;2026021019;    3;  0.00;eor
       4928;2026021020;    3;  0.00;eor
       4928;2026021021;    3;  0.00;eor
       4928;2026021022;    3;  0.00;eor
       4928;2026021023;    3;  0.00;eor
       4928;2026021100;    3;  0.00;eor
       4928;2026021101;    3;  0.00;eor
       4928;2026021102;    3;  0.00;eor
       4928;2026021103;    3;  0.00;eor
       4928;2026021104;    3;  0.00;eor
       4928;2026021105;    3;  0.00;eor
       4928;2026021106;    3;  0.00;eor
       4928;2026021107;    3;  0.00;eor
       4928;2026021108;    3;  2.00;eor
       4928;2026021109;    3;  0.00;eor
       4928;2026021110;    3;  2.00;eor
       4928;2026021111;    3;  0.00;eor
       4928;2026021112;    3; 24.00;eor
       4928;2026021113;    3;  0.00;eor
       4928;2026021114;    3;  0.00;eor
       4928;2026021115;    3;  0.00;eor
       4928;2026021116;    3;  1.00;eor
       4928;2026021117;    3;  0.00;eor
       4928;2026021118;    3;  0.00;eor
       4928;2026021119;    3;  0.00;eor
       4928;2026021120;    3;  0.00;eor
       4928;2026021121;    3;  0.00;eor
       4928;2026021122;    3;  0.00;eor
       4928;2026021123;    3;  0.00;eor
       4928;2026021200;    3;  0.00;eor
       4928;2026021201;    3;  0.00;eor
       4928;2026021202;    3;  0.00;eor
       4928;2026021203;    3;  0.00;eor
       4928;2026021204;    3;  0.00;eor
       4928;2026021205;    3;  0.00;eor
       4928;2026021206;    3;  0.00;eor
       4928;2026021207;    3;  0.00;eor
       4928;2026021208;    3;  0.00;eor
       4928;2026021209;    3;  0.00;eor
       4928;2026021210;    3; 36.00;eor
       4928;2026021211;    3; 14.00;eor
       4928;2026021212;    3;  0.00;eor
       4928;2026021213;    3;  0.00;eor
       4928;2026021214;    3;  0.00;eor
       4928;2026021215;    3; 10.00;eor
       4928;2026021216;    3;  0.00;eor
       4928;2026021217;    3;  0.00;eor
       4928;2026021218;    3;  0.00;eor
       4928;2026021219;    3;  0.00;eor
       4928;2026021220;    3;  0.00;eor
       4928;2026021221;    3;  0.00;eor
       4928;2026021222;    3;  0.00;eor
       4928;2026021223;    3;  0.00;eor
       4928;2026021300;    3;  0.00;eor
       4928;2026021301;    3;  0.00;eor
       4928;2026021302;    3;  0.00;eor
       4928;2026021303;    3;  0.00;eor
       4928;2026021304;    3;  0.00;eor
       4928;2026021305;    3;  0.00;eor
       4928;2026021306;    3;  0.00;eor
       4928;2026021307;    3;  0.00;eor
       4928;2026021308;    3;  0.00;eor
       4928;2026021309;    3;  0.00;eor
       4928;2026021310;    3; 50.00;eor
       4928;2026021311;    3; 19.00;eor
       4928;2026021312;    3;  0.00;eor
       4928;2026021313;    3;  0.00;eor
       4928;2026021314;    3;  0.00;eor
       4928;2026021315;    3;  0.00;eor
       4928;2026021316;    3;  0.00;eor
       4928;2026021317;    3;  0.00;eor
       4928;2026021318;    3;  0.00;eor
       4928;2026021319;    3;  0.00;eor
       4928;2026021320;    3;  0.00;eor
       4928;2026021321;    3;  0.00;eor
       4928;2026021322;    3;  0.00;eor
       4928;2026021323;    3;  0.00;eor
       4928;2026021400;    3;  0.00;eor
       4928;2026021401;    3;  0.00;eor
       4928;2026021402;    3;  0.00;eor
       4928;2026021403;    3;  0.00;eor
       4928;2026021404;    3;  0.00;eor
       4928;2026021405;    3;  0.00;eor
       4928;2026021406;    3;  0.00;eor
       4928;2026021407;    3;  0.00;eor
       4928;2026021408;    3;  0.00;eor
       4928;2026021409;    3;  0.00;eor
       4928;2026021410;    3;  0.00;eor
       4928;2026021411;    3;  0.00;eor
       4928;2026021412;    3;  0.00;eor
       4928;2026021413;    3;  0.00;eor
       4928;2026021414;    3;  0.00;eor
       4928;2026021415;    3;  0.00;eor
       4928;2026021416;    3;  0.00;eor
       4928;2026021417;    3;  0.00;eor
       4928;2026021418;    3;  0.00;eor
       4928;2026021419;    3;  0.00;eor
       4928;2026021420;    3;  0.00;eor
       4928;2026021421;    3;  0.00;eor
       4928;2026021422;    3;  0.00;eor
       4928;2026021423;    3;  0.00;eor
       4928;2026021500;    3;  0.00;eor
       4928;2026021501;    3;  0.00;eor
       4928;2026021502;    3;  0.00;eor
       4928;2026021503;    3;  0.00;eor
       4928;2026021504;    3;  0.00;eor
       4928;2026021505;    3;  0.00;eor
       4928;2026021506;    3;  0.00;eor
       4928;2026021507;    3;  0.00;eor
       4928;2026021508;    3;  0.00;eor
       4928;2026021509;    3;  0.00;eor
       4928;2026021510;    3;  0.00;eor
       4928;2026021511;    3;  0.00;eor
       4928;2026021512;    3;  0.00;eor
       4928;2026021513;    3;  0.00;eor
       4928;2026021514;    3;  0.00;eor
       4928;2026021515;    3;  0.00;eor
       4928;2026021516;    3;  0.00;eor
       4928;2026021517;    3;  0.00;eor
       4928;2026021518;    3;  0.00;eor
       4928;2026021519;    3;  0.00;eor
       4928;2026021520;    3;  0.00;eor
       4928;2026021521;    3;  0.00;eor
       4928;2026021522;    3;  0.00;eor
       4928;2026021523;    3;  0.00;eor
       4928;2026021600;    3;  0.00;eor
       4928;2026021601;    3;  0.00;eor
       4928;2026021602;    3;  0.00;eor
       4928;2026021603;    3;  0.00;eor
       4928;2026021604;    3;  0.00;eor
       4928;2026021605;    3;  0.00;eor
       4928;2026021606;    3;  0.00;eor
       4928;2026021607;    3;  0.00;eor
       4928;2026021608;    3; 11.00;eor
       4928;2026021609;    3; 54.00;eor
       4928;2026021610;    3; 28.00;eor
       4928;2026021611;    3; 19.00;eor
       4928;2026021612;    3; 32.00;eor
       4928;2026021613;    3; 40.00;eor
       4928;2026021614;    3; 20.00;eor
       4928;2026021615;    3;  2.00;eor
       4928;2026021616;    3;  0.00;eor
       4928;2026021617;    3;  0.00;eor
       4928;2026021618;    3;  0.00;eor
       4928;2026021619;    3;  0.00;eor
       4928;2026021620;    3;  0.00;eor
       4928;2026021621;    3;  0.00;eor
       4928;2026021622;    3;  0.00;eor
       4928;2026021623;    3;  0.00;eor
       4928;2026021700;    1;  0.00;eor
       4928;2026021701;    1;  0.00;eor
       4928;2026021702;    1;  0.00;eor
       4928;2026021703;    1;  0.00;eor
       4928;2026021704;    1;  0.00;eor
       4928;2026021705;    1;  0.00;eor
       4928;2026021706;    1;  0.00;eor
       4928;2026021707;    1;  0.00;eor
       4928;2026021708;    1;  0.00;eor
       4928;2026021709;    1;  5.00;eor
       4928;2026021710;    1;  2.00;eor
       4928;2026021711;    1; 10.00;eor
       4928;2026021712;    1; 60.00;eor
       4928;2026021713;    1; 25.00;eor
       4928;2026021714;    1;  0.00;eor
       4928;2026021715;    1; 17.00;eor
       4928;2026021716;    1;  0.00;eor
       4928;2026021717;    1;  0.00;eor
       4928;2026021718;    1;  0.00;eor
       4928;2026021719;    1;  0.00;eor
       4928;2026021720;    1;  0.00;eor
       4928;2026021721;    1;  0.00;eor
       4928;2026021722;    1;  0.00;eor
       4928;2026021723;    1;  0.00;eor
       4928;2026021800;    1;  0.00;eor
       4928;2026021801;    1;  0.00;eor
       4928;2026021802;    1;  0.00;eor
       4928;2026021803;    1;  0.00;eor
       4928;2026021804;    1;  0.00;eor
       4928;2026021805;    1;  0.00;eor
       4928;2026021806;    1;  0.00;eor
       4928;2026021807;    1;  0.00;eor
       4928;2026021808;    1; 22.00;eor
       4928;2026021809;    1;  0.00;eor
       4928;2026021810;    1;  0.00;eor
       4928;2026021811;    1;  8.00;eor
       4928;2026021812;    1; 60.00;eor
       4928;2026021813;    1; 19.00;eor
       4928;2026021814;    1;  3.00;eor
       4928;2026021815;    1;  0.00;eor
       4928;2026021816;    1;  0.00;eor
       4928;2026021817;    1;  0.00;eor
       4928;2026021818;    1;  0.00;eor
       4928;2026021819;    1;  0.00;eor
       4928;2026021820;    1;  0.00;eor
       4928;2026021821;    1;  0.00;eor
       4928;2026021822;    1;  0.00;eor
       4928;2026021823;    1;  0.00;eor
       4928;2026021900;    1;  0.00;eor
       4928;2026021901;    1;  0.00;eor
       4928;2026021902;    1;  0.00;eor
       4928;2026021903;    1;  0.00;eor
       4928;2026021904;    1;  0.00;eor
       4928;2026021905;    1;  0.00;eor
       4928;2026021906;    1;  0.00;eor
       4928;2026021907;    1;  0.00;eor
       4928;2026021908;    1;  0.00;eor
       4928;2026021909;    1;  0.00;eor
       4928;2026021910;    1;  0.00;eor
       4928;2026021911;    1;  0.00;eor
       4928;2026021912;    1;  0.00;eor
       4928;2026021913;    1;  0.00;eor
       4928;2026021914;    1;  0.00;eor
       4928;2026021915;    1;  0.00;eor
       4928;2026021916;    1;  0.00;eor
       4928;2026021917;    1;  0.00;eor
       4928;2026021918;    1;  0.00;eor
       4928;2026021919;    1;  0.00;eor
       4928;2026021920;    1;  0.00;eor
       4928;2026021921;    1;  0.00;eor
       4928;2026021922;    1;  0.00;eor
       4928;2026021923;    1;  0.00;eor
       4928;2026022000;    1;  0.00;eor
       4928;2026022001;    1;  0.00;eor
       4928;2026022002;    1;  0.00;eor
       4928;2026022003;    1;  0.00;eor
       4928;2026022004;    1;  0.00;eor
       4928;2026022005;    1;  0.00;eor
       4928;2026022006;    1;  0.00;eor
       4928;2026022007;    1;  0.00;eor
       4928;2026022008;    1;  0.00;eor
       4928;2026022009;    1;  0.00;eor
       4928;2026022010;    1;  0.00;eor
       4928;2026022011;    1;  1.00;eor
       4928;2026022012;    1;  0.00;eor
       4928;2026022013;    1;  0.00;eor
       4928;2026022014;    1;  0.00;eor
       4928;2026022015;    1;  0.00;eor
       4928;2026022016;    1;  0.00;eor
       4928;2026022017;    1;  0.00;eor
       4928;2026022018;    1;  0.00;eor
       4928;2026022019;    1;  0.00;eor
       4928;2026022020;    1;  0.00;eor
       4928;2026022021;    1;  0.00;eor
       4928;2026022022;    1;  0.00;eor
       4928;2026022023;    1;  0.00;eor
       4928;2026022100;    1;  0.00;eor
       4928;2026022101;    1;  0.00;eor
       4928;2026022102;    1;  0.00;eor
       4928;2026022103;    1;  0.00;eor
       4928;2026022104;    1;  0.00;eor
       4928;2026022105;    1;  0.00;eor
       4928;2026022106;    1;  0.00;eor
       4928;2026022107;    1;  0.00;eor
       4928;2026022108;    1;  0.00;eor
       4928;2026022109;    1;  0.00;eor
       4928;2026022110;    1;  0.00;eor
       4928;2026022111;    1;  0.00;eor
       4928;2026022112;    1;  0.00;eor
       4928;2026022113;    1;  0.00;eor
       4928;2026022114;    1;  0.00;eor
       4928;2026022115;    1;  0.00;eor
       4928;2026022116;    1;  0.00;eor
       4928;2026022117;    1;  0.00;eor
       4928;2026022118;    1;  0.00;eor
       4928;2026022119;    1;  0.00;eor
       4928;2026022120;    1;  0.00;eor
       4928;2026022121;    1;  0.00;eor
       4928;2026022122;    1;  0.00;eor
       4928;2026022123;    1;  0.00;eor
       4928;2026022200;    1;  0.00;eor
       4928;2026022201;    1;  0.00;eor
       4928;2026022202;    1;  0.00;eor
       4928;2026022203;    1;  0.00;eor
       4928;2026022204;    1;  0.00;eor
       4928;2026022205;    1;  0.00;eor
       4928;2026022206;    1;  0.00;eor
       4928;2026022207;    1;  0.00;eor
       4928;2026022208;    1;  0.00;eor
       4928;2026022209;    1;  0.00;eor
       4928;2026022210;    1;  0.00;eor
       4928;2026022211;    1;  0.00;eor
       4928;2026022212;    1;  0.00;eor
       4928;2026022213;    1;  0.00;eor
       4928;2026022214;    1;  0.00;eor
       4928;2026022215;    1; 14.00;eor
       4928;2026022216;    1;  2.00;eor
       4928;2026022217;    1;  0.00;eor
       4928;2026022218;    1;  0.00;eor
       4928;2026022219;    1;  0.00;eor
       4928;2026022220;    1;  0.00;eor
       4928;2026022221;    1;  0.00;eor
       4928;2026022222;    1;  0.00;eor
       4928;2026022223;    1;  0.00;eor
       4928;2026022300;    1;  0.00;eor
       4928;2026022301;    1;  0.00;eor
       4928;2026022302;    1;  0.00;eor
       4928;2026022303;    1;  0.00;eor
       4928;2026022304;    1;  0.00;eor
       4928;2026022305;    1;  0.00;eor
       4928;2026022306;    1;  0.00;eor
       4928;2026022307;    1;  0.00;eor
       4928;2026022308;    1;  0.00;eor
       4928;2026022309;    1; 10.00;eor
       4928;2026022310;    1;  2.00;eor
       4928;2026022311;    1; 12.00;eor
       4928;2026022312;    1; 25.00;eor
       4928;2026022313;    1; 21.00;eor
       4928;2026022314;    1; 29.00;eor
       4928;2026022315;    1; 23.00;eor
       4928;2026022316;    1; 12.00;eor
       4928;2026022317;    1;  0.00;eor
       4928;2026022318;    1;  0.00;eor
       4928;2026022319;    1;  0.00;eor
       4928;2026022320;    1;  0.00;eor
       4928;2026022321;    1;  0.00;eor
       4928;2026022322;    1;  0.00;eor
       4928;2026022323;    1;  0.00;eor
       4928;2026022400;    1;  0.00;eor
       4928;2026022401;    1;  0.00;eor
       4928;2026022402;    1;  0.00;eor
       4928;2026022403;    1;  0.00;eor
       4928;2026022404;    1;  0.00;eor
       4928;2026022405;    1;  0.00;eor
       4928;2026022406;    1;  0.00;eor
       4928;2026022407;    1;  0.00;eor
       4928;2026022408;    1;  0.00;eor
       4928;2026022409;    1;  0.00;eor
       4928;2026022410;    1;  0.00;eor
       4928;2026022411;    1;  0.00;eor
       4928;2026022412;    1;  0.00;eor
       4928;2026022413;    1;  0.00;eor
       4928;2026022414;    1;  0.00;eor
       4928;2026022415;    1;  0.00;eor
       4928;2026022416;    1;  0.00;eor
       4928;2026022417;    1;  0.00;eor
       4928;2026022418;    1;  0.00;eor
       4928;2026022419;    1;  0.00;eor
       4928;2026022420;    1;  0.00;eor
       4928;2026022421;    1;  0.00;eor
       4928;2026022422;    1;  0.00;eor
       4928;2026022423;    1;  0.00;eor
       4928;2026022500;    1;  0.00;eor
       4928;2026022501;    1;  0.00;eor
       4928;2026022502;    1;  0.00;eor
       4928;2026022503;    1;  0.00;eor
       4928;2026022504;    1;  0.00;eor
       4928;2026022505;    1;  0.00;eor
       4928;2026022506;    1;  0.00;eor
       4928;2026022507;    1;  0.00;eor
       4928;2026022508;    1;  0.00;eor
       4928;2026022509;    1;  0.00;eor
       4928;2026022510;    1;  0.00;eor
       4928;2026022511;    1; 47.00;eor
       4928;2026022512;    1; 60.00;eor
       4928;2026022513;    1; 60.00;eor
       4928;2026022514;    1; 60.00;eor
       4928;2026022515;    1; 60.00;eor
       4928;2026022516;    1; 60.00;eor
       4928;2026022517;    1; 41.00;eor
       4928;2026022518;    1;  0.00;eor
       4928;2026022519;    1;  0.00;eor
       4928;2026022520;    1;  0.00;eor
       4928;2026022521;    1;  0.00;eor
       4928;2026022522;    1;  0.00;eor
       4928;2026022523;    1;  0.00;eor
       4928;2026022600;    1;  0.00;eor
       4928;2026022601;    1;  0.00;eor
       4928;2026022602;    1;  0.00;eor
       4928;2026022603;    1;  0.00;eor
       4928;2026022604;    1;  0.00;eor
       4928;2026022605;    1;  0.00;eor
       4928;2026022606;    1;  0.00;eor
       4928;2026022607;    1; 22.00;eor
       4928;2026022608;    1; 59.00;eor
       4928;2026022609;    1; 60.00;eor
       4928;2026022610;    1; 60.00;eor
       4928;2026022611;    1; 60.00;eor
       4928;2026022612;    1; 60.00;eor
       4928;2026022613;    1; 60.00;eor
       4928;2026022614;    1; 60.00;eor
       4928;2026022615;    1; 60.00;eor
       4928;2026022616;    1; 60.00;eor
       4928;2026022617;    1; 52.00;eor
       4928;2026022618;    1;  0.00;eor
       4928;2026022619;    1;  0.00;eor
       4928;2026022620;    1;  0.00;eor
       4928;2026022621;    1;  0.00;eor
       4928;2026022622;    1;  0.00;eor
       4928;2026022623;    1;  0.00;eor
       4928;2026022700;    1;  0.00;eor
       4928;2026022701;    1;  0.00;eor
       4928;2026022702;    1;  0.00;eor
       4928;2026022703;    1;  0.00;eor
       4928;2026022704;    1;  0.00;eor
       4928;2026022705;    1;  0.00;eor
       4928;2026022706;    1;  0.00;eor
       4928;2026022707;    1; 17.00;eor
       4928;2026022708;    1; 60.00;eor
       4928;2026022709;    1; 60.00;eor
       4928;2026022710;    1; 60.00;eor
       4928;2026022711;    1; 60.00;eor
       4928;2026022712;    1; 60.00;eor
       4928;2026022713;    1; 60.00;eor
       4928;2026022714;    1; 60.00;eor
       4928;2026022715;    1; 60.00;eor
       4928;2026022716;    1; 60.00;eor
       4928;2026022717;    1; 48.00;eor
       4928;2026022718;    1;  0.00;eor
       4928;2026022719;    1;  0.00;eor
       4928;2026022720;    1;  0.00;eor
       4928;2026022721;    1;  0.00;eor
       4928;2026022722;    1;  0.00;eor
       4928;2026022723;    1;  0.00;eor
       4928;2026022800;    1;  0.00;eor
       4928;2026022801;    1;  0.00;eor
       4928;2026022802;    1;  0.00;eor
       4928;2026022803;    1;  0.00;eor
       4928;2026022804;    1;  0.00;eor
       4928;2026022805;    1;  0.00;eor
       4928;2026022806;    1;  0.00;eor
       4928;2026022807;    1; 20.00;eor
       4928;2026022808;    1; 60.00;eor
       4928;2026022809;    1; 60.00;eor
       4928;2026022810;    1; 60.00;eor
       4928;2026022811;    1; 28.00;eor
       4928;2026022812;    1; 17.00;eor
       4928;2026022813;    1;  0.00;eor
       4928;2026022814;    1;  0.00;eor
       4928;2026022815;    1;  0.00;eor
       4928;2026022816;    1;  0.00;eor
       4928;2026022817;    1;  0.00;eor
       4928;2026022818;    1;  0.00;eor
       4928;2026022819;    1;  0.00;eor
       4928;2026022820;    1;  0.00;eor
       4928;2026022821;    1;  0.00;eor
       4928;2026022822;    1;  0.00;eor
       4928;2026022823;    1;  0.00;eor
       4928;2026030100;    1;  0.00;eor
       4928;2026030101;    1;  0.00;eor
       4928;2026030102;    1;  0.00;eor
       4928;2026030103;    1;  0.00;eor
       4928;2026030104;    1;  0.00;eor
       4928;2026030105;    1;  0.00;eor
       4928;2026030106;    1;  0.00;eor
       4928;2026030107;    1;  0.00;eor
       4928;2026030108;    1;  0.00;eor
       4928;2026030109;    1;  0.00;eor
       4928;2026030110;    1; 56.00;eor
       4928;2026030111;    1; 56.00;eor
       4928;2026030112;    1; 30.00;eor
       4928;2026030113;    1; 44.00;eor
       4928;2026030114;    1; 17.00;eor
       4928;2026030115;    1;  0.00;eor
       4928;2026030116;    1; 24.00;eor
       4928;2026030117;    1; 27.00;eor
       4928;2026030118;    1;  0.00;eor
       4928;2026030119;    1;  0.00;eor
       4928;2026030120;    1;  0.00;eor
       4928;2026030121;    1;  0.00;eor
       4928;2026030122;    1;  0.00;eor
       4928;2026030123;    1;  0.00;eor
       4928;2026030200;    1;  0.00;eor
       4928;2026030201;    1;  0.00;eor
       4928;2026030202;    1;  0.00;eor
       4928;2026030203;    1;  0.00;eor
       4928;2026030204;    1;  0.00;eor
       4928;2026030205;    1;  0.00;eor
       4928;2026030206;    1;  0.00;eor
       4928;2026030207;    1; 30.00;eor
       4928;2026030208;    1; 60.00;eor
       4928;2026030209;    1; 60.00;eor
       4928;2026030210;    1; 60.00;eor
       4928;2026030211;    1; 60.00;eor
       4928;2026030212;    1; 60.00;eor
       4928;2026030213;    1; 60.00;eor
       4928;2026030214;    1; 60.00;eor
       4928;2026030215;    1; 60.00;eor
       4928;2026030216;    1; 60.00;eor
       4928;2026030217;    1; 60.00;eor
       4928;2026030218;    1;  0.00;eor
       4928;2026030219;    1;  0.00;eor
       4928;2026030220;    1;  0.00;eor
       4928;2026030221;    1;  0.00;eor
       4928;2026030222;    1;  0.00;eor
       4928;2026030223;    1;  0.00;eor
       4928;2026030300;    1;  0.00;eor
       4928;2026030301;    1;  0.00;eor
       4928;2026030302;    1;  0.00;eor
       4928;2026030303;    1;  0.00;eor
       4928;2026030304;    1;  0.00;eor
       4928;2026030305;    1;  0.00;eor
       4928;2026030306;    1;  0.00;eor
       4928;2026030307;    1; 30.00;eor
       4928;2026030308;    1; 60.00;eor
       4928;2026030309;    1; 60.00;eor
       4928;2026030310;    1; 60.00;eor
       4928;2026030311;    1; 60.00;eor
       4928;2026030312;    1; 60.00;eor
       4928;2026030313;    1; 60.00;eor
       4928;2026030314;    1; 60.00;eor
       4928;2026030315;    1; 60.00;eor
       4928;2026030316;    1; 60.00;eor
       4928;2026030317;    1; 56.00;eor
       4928;2026030318;    1;  0.00;eor
       4928;2026030319;    1;  0.00;eor
       4928;2026030320;    1;  0.00;eor
       4928;2026030321;    1;  0.00;eor
       4928;2026030322;    1;  0.00;eor
       4928;2026030323;    1;  0.00;eor
       4928;2026030400;    1;  0.00;eor
       4928;2026030401;    1;  0.00;eor
       4928;2026030402;    1;  0.00;eor
       4928;2026030403;    1;  0.00;eor
       4928;2026030404;    1;  0.00;eor
       4928;2026030405;    1;  0.00;eor
       4928;2026030406;    1;  0.00;eor
       4928;2026030407;    1;  2.00;eor
       4928;2026030408;    1; 60.00;eor
       4928;2026030409;    1; 60.00;eor
       4928;2026030410;    1; 60.00;eor
       4928;2026030411;    1; 60.00;eor
       4928;2026030412;    1; 60.00;eor
       4928;2026030413;    1; 60.00;eor
       4928;2026030414;    1; 60.00;eor
       4928;2026030415;    1; 60.00;eor
       4928;2026030416;    1; 60.00;eor
       4928;2026030417;    1; 60.00;eor
       4928;2026030418;    1;  2.00;eor
       4928;2026030419;    1;  0.00;eor
       4928;2026030420;    1;  0.00;eor
       4928;2026030421;    1;  0.00;eor
       4928;2026030422;    1;  0.00;eor
       4928;2026030423;    1;  0.00;eor
       4928;2026030500;    1;  0.00;eor
       4928;2026030501;    1;  0.00;eor
       4928;2026030502;    1;  0.00;eor
       4928;2026030503;    1;  0.00;eor
       4928;2026030504;    1;  0.00;eor
       4928;2026030505;    1;  0.00;eor
       4928;2026030506;    1;  0.00;eor
       4928;2026030507;    1; 36.00;eor
       4928;2026030508;    1; 60.00;eor
       4928;2026030509;    1; 60.00;eor
       4928;2026030510;    1; 60.00;eor
       4928;2026030511;    1; 60.00;eor
       4928;2026030512;    1; 60.00;eor
       4928;2026030513;    1; 60.00;eor
       4928;2026030514;    1; 60.00;eor
       4928;2026030515;    1; 60.00;eor
       4928;2026030516;    1; 60.00;eor
       4928;2026030517;    1; 47.00;eor
       4928;2026030518;    1;  0.00;eor
       4928;2026030519;    1;  0.00;eor
       4928;2026030520;    1;  0.00;eor
       4928;2026030521;    1;  0.00;eor
       4928;2026030522;    1;  0.00;eor
       4928;2026030523;    1;  0.00;eor
       4928;2026030600;    1;  0.00;eor
       4928;2026030601;    1;  0.00;eor
       4928;2026030602;    1;  0.00;eor
       4928;2026030603;    1;  0.00;eor
       4928;2026030604;    1;  0.00;eor
       4928;2026030605;    1;  0.00;eor
       4928;2026030606;    1;  0.00;eor
       4928;2026030607;    1;  0.00;eor
       4928;2026030608;    1; 37.00;eor
       4928;2026030609;    1; 60.00;eor
       4928;2026030610;    1; 60.00;eor
       4928;2026030611;    1; 60.00;eor
       4928;2026030612;    1; 60.00;eor
       4928;2026030613;    1; 60.00;eor
       4928;2026030614;    1; 60.00;eor
       4928;2026030615;    1; 60.00;eor
       4928;2026030616;    1; 48.00;eor
       4928;2026030617;    1;  0.00;eor
       4928;2026030618;    1;  0.00;eor
       4928;2026030619;    1;  0.00;eor
       4928;2026030620;    1;  0.00;eor
       4928;2026030621;    1;  0.00;eor
       4928;2026030622;    1;  0.00;eor
       4928;2026030623;    1;  0.00;eor
       4928;2026030700;    1;  0.00;eor
       4928;2026030701;    1;  0.00;eor
       4928;2026030702;    1;  0.00;eor
       4928;2026030703;    1;  0.00;eor
       4928;2026030704;    1;  0.00;eor
       4928;2026030705;    1;  0.00;eor
       4928;2026030706;    1;  0.00;eor
       4928;2026030707;    1; 17.00;eor
       4928;2026030708;    1; 59.00;eor
       4928;2026030709;    1; 60.00;eor
       4928;2026030710;    1; 60.00;eor
       4928;2026030711;    1; 60.00;eor
       4928;2026030712;    1; 60.00;eor
       4928;2026030713;    1; 60.00;eor
       4928;2026030714;    1; 60.00;eor
       4928;2026030715;    1; 60.00;eor
       4928;2026030716;    1; 60.00;eor
       4928;2026030717;    1; 55.00;eor
       4928;2026030718;    1;  0.00;eor
       4928;2026030719;    1;  0.00;eor
       4928;2026030720;    1;  0.00;eor
       4928;2026030721;    1;  0.00;eor
       4928;2026030722;    1;  0.00;eor
       4928;2026030723;    1;  0.00;eor
       4928;2026030800;    1;  0.00;eor
       4928;2026030801;    1;  0.00;eor
       4928;2026030802;    1;  0.00;eor
       4928;2026030803;    1;  0.00;eor
       4928;2026030804;    1;  0.00;eor
       4928;2026030805;    1;  0.00;eor
       4928;2026030806;    1;  0.00;eor
       4928;2026030807;    1; 22.00;eor
       4928;2026030808;    1; 60.00;eor
       4928;2026030809;    1; 60.00;eor
       4928;2026030810;    1; 60.00;eor
       4928;2026030811;    1; 60.00;eor
       4928;2026030812;    1; 60.00;eor
       4928;2026030813;    1; 60.00;eor
       4928;2026030814;    1; 60.00;eor
       4928;2026030815;    1; 60.00;eor
       4928;2026030816;    1; 60.00;eor
       4928;2026030817;    1; 21.00;eor
       4928;2026030818;    1;  0.00;eor
       4928;2026030819;    1;  0.00;eor
       4928;2026030820;    1;  0.00;eor
       4928;2026030821;    1;  0.00;eor
       4928;2026030822;    1;  0.00;eor
       4928;2026030823;    1;  0.00;eor
       4928;2026030900;    1;  0.00;eor
       4928;2026030901;    1;  0.00;eor
       4928;2026030902;    1;  0.00;eor
       4928;2026030903;    1;  0.00;eor
       4928;2026030904;    1;  0.00;eor
       4928;2026030905;    1;  0.00;eor
       4928;2026030906;    1;  0.00;eor
       4928;2026030907;    1; 15.00;eor
       4928;2026030908;    1; 60.00;eor
       4928;2026030909;    1; 60.00;eor
       4928;2026030910;    1; 60.00;eor
       4928;2026030911;    1; 60.00;eor
       4928;2026030912;    1; 60.00;eor
       4928;2026030913;    1; 60.00;eor
       4928;2026030914;    1; 53.00;eor
       4928;2026030915;    1; 23.00;eor
       4928;2026030916;    1; 60.00;eor
       4928;2026030917;    1; 28.00;eor
       4928;2026030918;    1;  0.00;eor
       4928;2026030919;    1;  0.00;eor
       4928;2026030920;    1;  0.00;eor
       4928;2026030921;    1;  0.00;eor
       4928;2026030922;    1;  0.00;eor
       4928;2026030923;    1;  0.00;eor
       4928;2026031000;    1;  0.00;eor
       4928;2026031001;    1;  0.00;eor
       4928;2026031002;    1;  0.00;eor
       4928;2026031003;    1;  0.00;eor
       4928;2026031004;    1;  0.00;eor
       4928;2026031005;    1;  0.00;eor
       4928;2026031006;    1;  0.00;eor
       4928;2026031007;    1; 20.00;eor
       4928;2026031008;    1; 60.00;eor
       4928;2026031009;    1; 60.00;eor
       4928;2026031010;    1; 60.00;eor
       4928;2026031011;    1; 60.00;eor
       4928;2026031012;    1; 60.00;eor
       4928;2026031013;    1; 60.00;eor
       4928;2026031014;    1; 57.00;eor
       4928;2026031015;    1; 35.00;eor
       4928;2026031016;    1; 13.00;eor
       4928;2026031017;    1;  0.00;eor
       4928;2026031018;    1;  0.00;eor
       4928;2026031019;    1;  0.00;eor
       4928;2026031020;    1;  0.00;eor
       4928;2026031021;    1;  0.00;eor
       4928;2026031022;    1;  0.00;eor
       4928;2026031023;    1;  0.00;eor
       4928;2026031100;    1;  0.00;eor
       4928;2026031101;    1;  0.00;eor
       4928;2026031102;    1;  0.00;eor
       4928;2026031103;    1;  0.00;eor
       4928;2026031104;    1;  0.00;eor
       4928;2026031105;    1;  0.00;eor
       4928;2026031106;    1;  0.00;eor
       4928;2026031107;    1;  0.00;eor
       4928;2026031108;    1; 22.00;eor
       4928;2026031109;    1; 12.00;eor
       4928;2026031110;    1; 10.00;eor
       4928;2026031111;    1; 23.00;eor
       4928;2026031112;    1; 19.00;eor
       4928;2026031113;    1; 18.00;eor
       4928;2026031114;    1; 43.00;eor
       4928;2026031115;    1;  1.00;eor
       4928;2026031116;    1;  0.00;eor
       4928;2026031117;    1;  0.00;eor
       4928;2026031118;    1;  0.00;eor
       4928;2026031119;    1;  0.00;eor
       4928;2026031120;    1;  0.00;eor
       4928;2026031121;    1;  0.00;eor
       4928;2026031122;    1;  0.00;eor
       4928;2026031123;    1;  0.00;eor
       4928;2026031200;    1;  0.00;eor
       4928;2026031201;    1;  0.00;eor
       4928;2026031202;    1;  0.00;eor
       4928;2026031203;    1;  0.00;eor
       4928;2026031204;    1;  0.00;eor
       4928;2026031205;    1;  0.00;eor
       4928;2026031206;    1;  0.00;eor
       4928;2026031207;    1; 21.00;eor
       4928;2026031208;    1; 48.00;eor
       4928;2026031209;    1; 21.00;eor
       4928;2026031210;    1; 41.00;eor
       4928;2026031211;    1; 43.00;eor
       4928;2026031212;    1; 42.00;eor
       4928;2026031213;    1; 46.00;eor
       4928;2026031214;    1; 57.00;eor
       4928;2026031215;    1; 60.00;eor
       4928;2026031216;    1; 59.00;eor
       4928;2026031217;    1; 60.00;eor
       4928;2026031218;    1; 15.00;eor
       4928;2026031219;    1;  0.00;eor
       4928;2026031220;    1;  0.00;eor
       4928;2026031221;    1;  0.00;eor
       4928;2026031222;    1;  0.00;eor
       4928;2026031223;    1;  0.00;eor
       4928;2026031300;    1;  0.00;eor
       4928;2026031301;    1;  0.00;eor
       4928;2026031302;    1;  0.00;eor
       4928;2026031303;    1;  0.00;eor
       4928;2026031304;    1;  0.00;eor
       4928;2026031305;    1;  0.00;eor
       4928;2026031306;    1;  0.00;eor
       4928;2026031307;    1; 52.00;eor
       4928;2026031308;    1; 60.00;eor
       4928;2026031309;    1; 60.00;eor
       4928;2026031310;    1; 60.00;eor
       4928;2026031311;    1; 60.00;eor
       4928;2026031312;    1; 58.00;eor
       4928;2026031313;    1; 38.00;eor
       4928;2026031314;    1; 20.00;eor
       4928;2026031315;    1;  3.00;eor
       4928;2026031316;    1;  0.00;eor
       4928;2026031317;    1;  0.00;eor
       4928;2026031318;    1;  0.00;eor
       4928;2026031319;    1;  0.00;eor
       4928;2026031320;    1;  0.00;eor
       4928;2026031321;    1;  0.00;eor
       4928;2026031322;    1;  0.00;eor
       4928;2026031323;    1;  0.00;eor
       4928;2026031400;    1;  0.00;eor
       4928;2026031401;    1;  0.00;eor
       4928;2026031402;    1;  0.00;eor
       4928;2026031403;    1;  0.00;eor
       4928;2026031404;    1;  0.00;eor
       4928;2026031405;    1;  0.00;eor
       4928;2026031406;    1;  0.00;eor
       4928;2026031407;    1;  0.00;eor
       4928;2026031408;    1;  0.00;eor
       4928;2026031409;    1;  0.00;eor
       4928;2026031410;    1;  0.00;eor
       4928;2026031411;    1;  0.00;eor
       4928;2026031412;    1;  0.00;eor
       4928;2026031413;    1;  0.00;eor
       4928;2026031414;    1;  0.00;eor
       4928;2026031415;    1;  0.00;eor
       4928;2026031416;    1;  0.00;eor
       4928;2026031417;    1;  0.00;eor
       4928;2026031418;    1;  0.00;eor
       4928;2026031419;    1;  0.00;eor
       4928;2026031420;    1;  0.00;eor
       4928;2026031421;    1;  0.00;eor
       4928;2026031422;    1;  0.00;eor
       4928;2026031423;    1;  0.00;eor
       4928;2026031500;    1;  0.00;eor
       4928;2026031501;    1;  0.00;eor
       4928;2026031502;    1;  0.00;eor
       4928;2026031503;    1;  0.00;eor
       4928;2026031504;    1;  0.00;eor
       4928;2026031505;    1;  0.00;eor
       4928;2026031506;    1;  0.00;eor
       4928;2026031507;    1;  0.00;eor
       4928;2026031508;    1;  2.00;eor
       4928;2026031509;    1;  0.00;eor
       4928;2026031510;    1;  0.00;eor
       4928;2026031511;    1;  0.00;eor
       4928;2026031512;    1;  0.00;eor
       4928;2026031513;    1;  0.00;eor
       4928;2026031514;    1;  0.00;eor
       4928;2026031515;    1;  0.00;eor
       4928;2026031516;    1;  0.00;eor
       4928;2026031517;    1;  0.00;eor
       4928;2026031518;    1;  0.00;eor
       4928;2026031519;    1;  0.00;eor
       4928;2026031520;    1;  0.00;eor
       4928;2026031521;    1;  0.00;eor
       4928;2026031522;    1;  0.00;eor
       4928;2026031523;    1;  0.00;eor
       4928;2026031600;    1;  0.00;eor
       4928;2026031601;    1;  0.00;eor
       4928;2026031602;    1;  0.00;eor
       4928;2026031603;    1;  0.00;eor
       4928;2026031604;    1;  0.00;eor
       4928;2026031605;    1;  0.00;eor
       4928;2026031606;    1;  0.00;eor
       4928;2026031607;    1;  0.00;eor
       4928;2026031608;    1;  0.00;eor
       4928;2026031609;    1;  5.00;eor
       4928;2026031610;    1;  9.00;eor
       4928;2026031611;    1; 23.00;eor
       4928;2026031612;    1; 14.00;eor
       4928;2026031613;    1; 14.00;eor
       4928;2026031614;    1;  0.00;eor
       4928;2026031615;    1;  7.00;eor
       4928;2026031616;    1; 27.00;eor
       4928;2026031617;    1; 15.00;eor
       4928;2026031618;    1;  0.00;eor
       4928;2026031619;    1;  0.00;eor
       4928;2026031620;    1;  0.00;eor
       4928;2026031621;    1;  0.00;eor
       4928;2026031622;    1;  0.00;eor
       4928;2026031623;    1;  0.00;eor
       4928;2026031700;    1;  0.00;eor
       4928;2026031701;    1;  0.00;eor
       4928;2026031702;    1;  0.00;eor
       4928;2026031703;    1;  0.00;eor
       4928;2026031704;    1;  0.00;eor
       4928;2026031705;    1;  0.00;eor
       4928;2026031706;    1;  0.00;eor
       4928;2026031707;    1;  0.00;eor
       4928;2026031708;    1;  0.00;eor
       4928;2026031709;    1;  0.00;eor
       4928;2026031710;    1;  0.00;eor
       4928;2026031711;    1;  0.00;eor
       4928;2026031712;    1;  5.00;eor
       4928;2026031713;    1;  0.00;eor
       4928;2026031714;    1; 27.00;eor
       4928;2026031715;    1; 39.00;eor
       4928;2026031716;    1;  0.00;eor
       4928;2026031717;    1;  0.00;eor
       4928;2026031718;    1;  0.00;eor
       4928;2026031719;    1;  0.00;eor
       4928;2026031720;    1;  0.00;eor
       4928;2026031721;    1;  0.00;eor
       4928;2026031722;    1;  0.00;eor
       4928;2026031723;    1;  0.00;eor
       4928;2026031800;    1;  0.00;eor
       4928;2026031801;    1;  0.00;eor
       4928;2026031802;    1;  0.00;eor
       4928;2026031803;    1;  0.00;eor
       4928;2026031804;    1;  0.00;eor
       4928;2026031805;    1;  0.00;eor
       4928;2026031806;    1;  3.00;eor
       4928;2026031807;    1; 60.00;eor
       4928;2026031808;    1; 60.00;eor
       4928;2026031809;    1; 60.00;eor
       4928;2026031810;    1; 60.00;eor
       4928;2026031811;    1; 60.00;eor
       4928;2026031812;    1; 60.00;eor
       4928;2026031813;    1; 60.00;eor
       4928;2026031814;    1; 60.00;eor
       4928;2026031815;    1; 60.00;eor
       4928;2026031816;    1; 59.00;eor
       4928;2026031817;    1; 60.00;eor
       4928;2026031818;    1; 18.00;eor
       4928;2026031819;    1;  0.00;eor
       4928;2026031820;    1;  0.00;eor
       4928;2026031821;    1;  0.00;eor
       4928;2026031822;    1;  0.00;eor
       4928;2026031823;    1;  0.00;eor
       4928;2026031900;    1;  0.00;eor
       4928;2026031901;    1;  0.00;eor
       4928;2026031902;    1;  0.00;eor
       4928;2026031903;    1;  0.00;eor
       4928;2026031904;    1;  0.00;eor
       4928;2026031905;    1;  0.00;eor
       4928;2026031906;    1;  4.00;eor
       4928;2026031907;    1; 35.00;eor
       4928;2026031908;    1; 59.00;eor
       4928;2026031909;    1; 60.00;eor
       4928;2026031910;    1; 60.00;eor
       4928;2026031911;    1; 60.00;eor
       4928;2026031912;    1; 60.00;eor
       4928;2026031913;    1; 60.00;eor
       4928;2026031914;    1; 60.00;eor
       4928;2026031915;    1; 60.00;eor
       4928;2026031916;    1; 60.00;eor
       4928;2026031917;    1; 60.00;eor
       4928;2026031918;    1; 27.00;eor
       4928;2026031919;    1;  0.00;eor
       4928;2026031920;    1;  0.00;eor
       4928;2026031921;    1;  0.00;eor
       4928;2026031922;    1;  0.00;eor
       4928;2026031923;    1;  0.00;eor
       4928;2026032000;    1;  0.00;eor
       4928;2026032001;    1;  0.00;eor
       4928;2026032002;    1;  0.00;eor
       4928;2026032003;    1;  0.00;eor
       4928;2026032004;    1;  0.00;eor
       4928;2026032005;    1;  0.00;eor
       4928;2026032006;    1;  5.00;eor
       4928;2026032007;    1; 60.00;eor
       4928;2026032008;    1; 60.00;eor
       4928;2026032009;    1; 60.00;eor
       4928;2026032010;    1; 60.00;eor
       4928;2026032011;    1; 60.00;eor
       4928;2026032012;    1; 60.00;eor
       4928;2026032013;    1; 60.00;eor
       4928;2026032014;    1; 60.00;eor
       4928;2026032015;    1; 60.00;eor
       4928;2026032016;    1; 60.00;eor
       4928;2026032017;    1; 60.00;eor
       4928;2026032018;    1; 22.00;eor
       4928;2026032019;    1;  0.00;eor
       4928;2026032020;    1;  0.00;eor
       4928;2026032021;    1;  0.00;eor
       4928;2026032022;    1;  0.00;eor
       4928;2026032023;    1;  0.00;eor
       4928;2026032100;    1;  0.00;eor
       4928;2026032101;    1;  0.00;eor
       4928;2026032102;    1;  0.00;eor
       4928;2026032103;    1;  0.00;eor
       4928;2026032104;    1;  0.00;eor
       4928;2026032105;    1;  0.00;eor
       4928;2026032106;    1;  0.00;eor
       4928;2026032107;    1;  0.00;eor
       4928;2026032108;    1;  0.00;eor
       4928;2026032109;    1;  0.00;eor
       4928;2026032110;    1;  0.00;eor
       4928;2026032111;    1;  4.00;eor
       4928;2026032112;    1; 51.00;eor
       4928;2026032113;    1; 23.00;eor
       4928;2026032114;    1; 30.00;eor
       4928;2026032115;    1;  0.00;eor
       4928;2026032116;    1;  0.00;eor
       4928;2026032117;    1;  0.00;eor
       4928;2026032118;    1;  0.00;eor
       4928;2026032119;    1;  0.00;eor
       4928;2026032120;    1;  0.00;eor
       4928;2026032121;    1;  0.00;eor
       4928;2026032122;    1;  0.00;eor
       4928;2026032123;    1;  0.00;eor
       4928;2026032200;    1;  0.00;eor
       4928;2026032201;    1;  0.00;eor
       4928;2026032202;    1;  0.00;eor
       4928;2026032203;    1;  0.00;eor
       4928;2026032204;    1;  0.00;eor
       4928;2026032205;    1;  0.00;eor
       4928;2026032206;    1;  0.00;eor
       4928;2026032207;    1;  0.00;eor
       4928;2026032208;    1;  0.00;eor
       4928;2026032209;    1; 43.00;eor
       4928;2026032210;    1; 57.00;eor
       4928;2026032211;    1; 60.00;eor
       4928;2026032212;    1; 60.00;eor
       4928;2026032213;    1; 60.00;eor
       4928;2026032214;    1; 60.00;eor
       4928;2026032215;    1; 57.00;eor
       4928;2026032216;    1; 60.00;eor
       4928;2026032217;    1; 59.00;eor
       4928;2026032218;    1; 29.00;eor
       4928;2026032219;    1;  0.00;eor
       4928;2026032220;    1;  0.00;eor
       4928;2026032221;    1;  0.00;eor
       4928;2026032222;    1;  0.00;eor
       4928;2026032223;    1;  0.00;eor
       4928;2026032300;    1;  0.00;eor
       4928;2026032301;    1;  0.00;eor
       4928;2026032302;    1;  0.00;eor
       4928;2026032303;    1;  0.00;eor
       4928;2026032304;    1;  0.00;eor
       4928;2026032305;    1;  0.00;eor
       4928;2026032306;    1;  0.00;eor
       4928;2026032307;    1;  0.00;eor
       4928;2026032308;    1;  0.00;eor
       4928;2026032309;    1;  0.00;eor
       4928;2026032310;    1; 29.00;eor
       4928;2026032311;    1; 41.00;eor
       4928;2026032312;    1; 60.00;eor
       4928;2026032313;    1; 60.00;eor
       4928;2026032314;    1; 50.00;eor
       4928;2026032315;    1;  7.00;eor
       4928;2026032316;    1; 31.00;eor
       4928;2026032317;    1; 36.00;eor
       4928;2026032318;    1; 17.00;eor
       4928;2026032319;    1;  0.00;eor
       4928;2026032320;    1;  0.00;eor
       4928;2026032321;    1;  0.00;eor
       4928;2026032322;    1;  0.00;eor
       4928;2026032323;    1;  0.00;eor
       4928;2026032400;    1;  0.00;eor
       4928;2026032401;    1;  0.00;eor
       4928;2026032402;    1;  0.00;eor
       4928;2026032403;    1;  0.00;eor
       4928;2026032404;    1;  0.00;eor
       4928;2026032405;    1;  0.00;eor
       4928;2026032406;    1;  0.00;eor
       4928;2026032407;    1; 40.00;eor
       4928;2026032408;    1; 48.00;eor
       4928;2026032409;    1; 60.00;eor
       4928;2026032410;    1; 60.00;eor
       4928;2026032411;    1; 60.00;eor
       4928;2026032412;    1; 60.00;eor
       4928;2026032413;    1; 60.00;eor
       4928;2026032414;    1; 60.00;eor
       4928;2026032415;    1; 52.00;eor
       4928;2026032416;    1; 27.00;eor
       4928;2026032417;    1; 18.00;eor
       4928;2026032418;    1;  0.00;eor
       4928;2026032419;    1;  0.00;eor
       4928;2026032420;    1;  0.00;eor
       4928;2026032421;    1;  0.00;eor
       4928;2026032422;    1;  0.00;eor
       4928;2026032423;    1;  0.00;eor
       4928;2026032500;    1;  0.00;eor
       4928;2026032501;    1;  0.00;eor
       4928;2026032502;    1;  0.00;eor
       4928;2026032503;    1;  0.00;eor
       4928;2026032504;    1;  0.00;eor
       4928;2026032505;    1;  0.00;eor
       4928;2026032506;    1;  0.00;eor
       4928;2026032507;    1;  4.00;eor
       4928;2026032508;    1; 27.00;eor
       4928;2026032509;    1;  0.00;eor
       4928;2026032510;    1;  5.00;eor
       4928;2026032511;    1;  0.00;eor
       4928;2026032512;    1;  0.00;eor
       4928;2026032513;    1;  0.00;eor
       4928;2026032514;    1;  0.00;eor
       4928;2026032515;    1; 16.00;eor
       4928;2026032516;    1; 22.00;eor
       4928;2026032517;    1; 10.00;eor
       4928;2026032518;    1;  0.00;eor
       4928;2026032519;    1;  0.00;eor
       4928;2026032520;    1;  0.00;eor
       4928;2026032521;    1;  0.00;eor
       4928;2026032522;    1;  0.00;eor
       4928;2026032523;    1;  0.00;eor
       4928;2026032600;    1;  0.00;eor
       4928;2026032601;    1;  0.00;eor
       4928;2026032602;    1;  0.00;eor
       4928;2026032603;    1;  0.00;eor
       4928;2026032604;    1;  0.00;eor
       4928;2026032605;    1;  0.00;eor
       4928;2026032606;    1;  0.00;eor
       4928;2026032607;    1;  2.00;eor
       4928;2026032608;    1; 32.00;eor
       4928;2026032609;    1; 14.00;eor
       4928;2026032610;    1;  0.00;eor
       4928;2026032611;    1;  8.00;eor
       4928;2026032612;    1; 29.00;eor
       4928;2026032613;    1; 28.00;eor
       4928;2026032614;    1; 30.00;eor
       4928;2026032615;    1; 20.00;eor
       4928;2026032616;    1; 44.00;eor
       4928;2026032617;    1; 50.00;eor
       4928;2026032618;    1; 33.00;eor
       4928;2026032619;    1;  0.00;eor
       4928;2026032620;    1;  0.00;eor
       4928;2026032621;    1;  0.00;eor
       4928;2026032622;    1;  0.00;eor
       4928;2026032623;    1;  0.00;eor
       4928;2026032700;    1;  0.00;eor
       4928;2026032701;    1;  0.00;eor
       4928;2026032702;    1;  0.00;eor
       4928;2026032703;    1;  0.00;eor
       4928;2026032704;    1;  0.00;eor
       4928;2026032705;    1;  0.00;eor
       4928;2026032706;    1; 18.00;eor
       4928;2026032707;    1; 60.00;eor
       4928;2026032708;    1; 60.00;eor
       4928;2026032709;    1; 51.00;eor
       4928;2026032710;    1; 28.00;eor
       4928;2026032711;    1; 45.00;eor
       4928;2026032712;    1; 28.00;eor
       4928;2026032713;    1; 21.00;eor
       4928;2026032714;    1; 43.00;eor
       4928;2026032715;    1; 49.00;eor
       4928;2026032716;    1; 29.00;eor
       4928;2026032717;    1; 48.00;eor
       4928;2026032718;    1; 31.00;eor
       4928;2026032719;    1;  0.00;eor
       4928;2026032720;    1;  0.00;eor
       4928;2026032721;    1;  0.00;eor
       4928;2026032722;    1;  0.00;eor
       4928;2026032723;    1;  0.00;eor
       4928;2026032800;    1;  0.00;eor
       4928;2026032801;    1;  0.00;eor
       4928;2026032802;    1;  0.00;eor
       4928;2026032803;    1;  0.00;eor
       4928;2026032804;    1;  0.00;eor
       4928;2026032805;    1;  0.00;eor
       4928;2026032806;    1; 18.00;eor
       4928;2026032807;    1; 58.00;eor
       4928;2026032808;    1; 60.00;eor
       4928;2026032809;    1; 60.00;eor
       4928;2026032810;    1; 24.00;eor
       4928;2026032811;    1;  0.00;eor
       4928;2026032812;    1;  0.00;eor
       4928;2026032813;    1;  0.00;eor
       4928;2026032814;    1;  0.00;eor
       4928;2026032815;    1;  0.00;eor
       4928;2026032816;    1;  0.00;eor
       4928;2026032817;    1;  0.00;eor
       4928;2026032818;    1;  0.00;eor
       4928;2026032819;    1;  0.00;eor
       4928;2026032820;    1;  0.00;eor
       4928;2026032821;    1;  0.00;eor
       4928;2026032822;    1;  0.00;eor
       4928;2026032823;    1;  0.00;eor
       4928;2026032900;    1;  0.00;eor
       4928;2026032901;    1;  0.00;eor
       4928;2026032902;    1;  0.00;eor
       4928;2026032903;    1;  0.00;eor
       4928;2026032904;    1;  0.00;eor
       4928;2026032905;    1;  0.00;eor
       4928;2026032906;    1;  0.00;eor
       4928;2026032907;    1; 47.00;eor
       4928;2026032908;    1; 49.00;eor
       4928;2026032909;    1;  2.00;eor
       4928;2026032910;    1; 29.00;eor
       4928;2026032911;    1; 22.00;eor
       4928;2026032912;    1; 32.00;eor
       4928;2026032913;    1; 18.00;eor
       4928;2026032914;    1; 15.00;eor
       4928;2026032915;    1; 51.00;eor
       4928;2026032916;    1; 55.00;eor
       4928;2026032917;    1; 60.00;eor
       4928;2026032918;    1;  8.00;eor
       4928;2026032919;    1;  0.00;eor
       4928;2026032920;    1;  0.00;eor
       4928;2026032921;    1;  0.00;eor
       4928;2026032922;    1;  0.00;eor
       4928;2026032923;    1;  0.00;eor
       4928;2026033000;    1;  0.00;eor
       4928;2026033001;    1;  0.00;eor
       4928;2026033002;    1;  0.00;eor
       4928;2026033003;    1;  0.00;eor
       4928;2026033004;    1;  0.00;eor
       4928;2026033005;    1;  0.00;eor
       4928;2026033006;    1;  0.00;eor
       4928;2026033007;    1;  0.00;eor
       4928;2026033008;    1;  0.00;eor
       4928;2026033009;    1; 16.00;eor
       4928;2026033010;    1; 58.00;eor
       4928;2026033011;    1; 17.00;eor
       4928;2026033012;    1; 26.00;eor
       4928;2026033013;    1;  7.00;eor
       4928;2026033014;    1;  6.00;eor
       4928;2026033015;    1; 35.00;eor
       4928;2026033016;    1; 60.00;eor
       4928;2026033017;    1; 16.00;eor
       4928;2026033018;    1;  8.00;eor
       4928;2026033019;    1;  0.00;eor
       4928;2026033020;    1;  0.00;eor
       4928;2026033021;    1;  0.00;eor
       4928;2026033022;    1;  0.00;eor
       4928;2026033023;    1;  0.00;eor
       4928;2026033100;    1;  0.00;eor
       4928;2026033101;    1;  0.00;eor
       4928;2026033102;    1;  0.00;eor
       4928;2026033103;    1;  0.00;eor
       4928;2026033104;    1;  0.00;eor
       4928;2026033105;    1;  0.00;eor
       4928;2026033106;    1;  0.00;eor
       4928;2026033107;    1;  0.00;eor
       4928;2026033108;    1;  0.00;eor
       4928;2026033109;    1;  0.00;eor
       4928;2026033110;    1;  0.00;eor
       4928;2026033111;    1;  9.00;eor
       4928;2026033112;    1;  9.00;eor
       4928;2026033113;    1;  9.00;eor
       4928;2026033114;    1;  1.00;eor
       4928;2026033115;    1; 20.00;eor
       4928;2026033116;    1; 38.00;eor
       4928;2026033117;    1; 50.00;eor
       4928;2026033118;    1; 22.00;eor
       4928;2026033119;    1;  0.00;eor
       4928;2026033120;    1;  0.00;eor
       4928;2026033121;    1;  0.00;eor
       4928;2026033122;    1;  0.00;eor
       4928;2026033123;    1;  0.00;eor
       4928;2026040100;    1;  0.00;eor
       4928;2026040101;    1;  0.00;eor
       4928;2026040102;    1;  0.00;eor
       4928;2026040103;    1;  0.00;eor
       4928;2026040104;    1;  0.00;eor
       4928;2026040105;    1;  0.00;eor
       4928;2026040106;    1;  0.00;eor
       4928;2026040107;    1;  0.00;eor
       4928;2026040108;    1;  0.00;eor
       4928;2026040109;    1; 23.00;eor
       4928;2026040110;    1; 11.00;eor
       4928;2026040111;    1; 19.00;eor
       4928;2026040112;    1; 60.00;eor
       4928;2026040113;    1; 49.00;eor
       4928;2026040114;    1; 22.00;eor
       4928;2026040115;    1; 27.00;eor
       4928;2026040116;    1; 41.00;eor
       4928;2026040117;    1; 59.00;eor
       4928;2026040118;    1; 46.00;eor
       4928;2026040119;    1;  0.00;eor
       4928;2026040120;    1;  0.00;eor
       4928;2026040121;    1;  0.00;eor
       4928;2026040122;    1;  0.00;eor
       4928;2026040123;    1;  0.00;eor
       4928;2026040200;    1;  0.00;eor
       4928;2026040201;    1;  0.00;eor
       4928;2026040202;    1;  0.00;eor
       4928;2026040203;    1;  0.00;eor
       4928;2026040204;    1;  0.00;eor
       4928;2026040205;    1;  0.00;eor
       4928;2026040206;    1; 21.00;eor
       4928;2026040207;    1; 60.00;eor
       4928;2026040208;    1; 60.00;eor
       4928;2026040209;    1; 60.00;eor
       4928;2026040210;    1; 60.00;eor
       4928;2026040211;    1; 60.00;eor
       4928;2026040212;    1; 60.00;eor
       4928;2026040213;    1; 60.00;eor
       4928;2026040214;    1; 60.00;eor
       4928;2026040215;    1; 60.00;eor
       4928;2026040216;    1; 60.00;eor
       4928;2026040217;    1; 60.00;eor
       4928;2026040218;    1; 48.00;eor
       4928;2026040219;    1;  0.00;eor
       4928;2026040220;    1;  0.00;eor
       4928;2026040221;    1;  0.00;eor
       4928;2026040222;    1;  0.00;eor
       4928;2026040223;    1;  0.00;eor
       4928;2026040300;    1;  0.00;eor
       4928;2026040301;    1;  0.00;eor
       4928;2026040302;    1;  0.00;eor
       4928;2026040303;    1;  0.00;eor
       4928;2026040304;    1;  0.00;eor
       4928;2026040305;    1;  0.00;eor
       4928;2026040306;    1;  0.00;eor
       4928;2026040307;    1; 30.00;eor
       4928;2026040308;    1; 58.00;eor
       4928;2026040309;    1; 34.00;eor
       4928;2026040310;    1;  3.00;eor
       4928;2026040311;    1;  6.00;eor
       4928;2026040312;    1; 14.00;eor
       4928;2026040313;    1; 29.00;eor
       4928;2026040314;    1; 45.00;eor
       4928;2026040315;    1; 13.00;eor
       4928;2026040316;    1; 38.00;eor
       4928;2026040317;    1;  0.00;eor
       4928;2026040318;    1;  0.00;eor
       4928;2026040319;    1;  0.00;eor
       4928;2026040320;    1;  0.00;eor
       4928;2026040321;    1;  0.00;eor
       4928;2026040322;    1;  0.00;eor
       4928;2026040323;    1;  0.00;eor
       4928;2026040400;    1;  0.00;eor
       4928;2026040401;    1;  0.00;eor
       4928;2026040402;    1;  0.00;eor
       4928;2026040403;    1;  0.00;eor
       4928;2026040404;    1;  0.00;eor
       4928;2026040405;    1;  0.00;eor
       4928;2026040406;    1;  0.00;eor
       4928;2026040407;    1;  0.00;eor
       4928;2026040408;    1;  0.00;eor
       4928;2026040409;    1;  0.00;eor
       4928;2026040410;    1;  0.00;eor
       4928;2026040411;    1;  0.00;eor
       4928;2026040412;    1;  1.00;eor
       4928;2026040413;    1;  1.00;eor
       4928;2026040414;    1;  0.00;eor
       4928;2026040415;    1;  0.00;eor
       4928;2026040416;    1;  1.00;eor
       4928;2026040417;    1;  0.00;eor
       4928;2026040418;    1;  0.00;eor
       4928;2026040419;    1;  0.00;eor
       4928;2026040420;    1;  0.00;eor
       4928;2026040421;    1;  0.00;eor
       4928;2026040422;    1;  0.00;eor
       4928;2026040423;    1;  0.00;eor
       4928;2026040500;    1;  0.00;eor
       4928;2026040501;    1;  0.00;eor
       4928;2026040502;    1;  0.00;eor
       4928;2026040503;    1;  0.00;eor
       4928;2026040504;    1;  0.00;eor
       4928;2026040505;    1;  0.00;eor
       4928;2026040506;    1; 13.00;eor
       4928;2026040507;    1;  7.00;eor
       4928;2026040508;    1;  0.00;eor
       4928;2026040509;    1; 23.00;eor
       4928;2026040510;    1; 59.00;eor
       4928;2026040511;    1; 48.00;eor
       4928;2026040512;    1; 55.00;eor
       4928;2026040513;    1; 59.00;eor
       4928;2026040514;    1; 20.00;eor
       4928;2026040515;    1; 52.00;eor
       4928;2026040516;    1; 32.00;eor
       4928;2026040517;    1;  4.00;eor
       4928;2026040518;    1;  4.00;eor
       4928;2026040519;    1;  0.00;eor
       4928;2026040520;    1;  0.00;eor
       4928;2026040521;    1;  0.00;eor
       4928;2026040522;    1;  0.00;eor
       4928;2026040523;    1;  0.00;eor
       4928;2026040600;    1;  0.00;eor
       4928;2026040601;    1;  0.00;eor
       4928;2026040602;    1;  0.00;eor
       4928;2026040603;    1;  0.00;eor
       4928;2026040604;    1;  0.00;eor
       4928;2026040605;    1;  0.00;eor
       4928;2026040606;    1; 15.00;eor
       4928;2026040607;    1; 60.00;eor
       4928;2026040608;    1; 60.00;eor
       4928;2026040609;    1; 60.00;eor
       4928;2026040610;    1; 60.00;eor
       4928;2026040611;    1; 60.00;eor
       4928;2026040612;    1; 60.00;eor
       4928;2026040613;    1; 60.00;eor
       4928;2026040614;    1; 60.00;eor
       4928;2026040615;    1; 60.00;eor
       4928;2026040616;    1; 29.00;eor
       4928;2026040617;    1; 55.00;eor
       4928;2026040618;    1; 13.00;eor
       4928;2026040619;    1;  0.00;eor
       4928;2026040620;    1;  0.00;eor
       4928;2026040621;    1;  0.00;eor
       4928;2026040622;    1;  0.00;eor
       4928;2026040623;    1;  0.00;eor
       4928;2026040700;    1;  0.00;eor
       4928;2026040701;    1;  0.00;eor
       4928;2026040702;    1;  0.00;eor
       4928;2026040703;    1;  0.00;eor
       4928;2026040704;    1;  0.00;eor
       4928;2026040705;    1;  0.00;eor
       4928;2026040706;    1; 22.00;eor
       4928;2026040707;    1; 60.00;eor
       4928;2026040708;    1; 60.00;eor
       4928;2026040709;    1; 60.00;eor
       4928;2026040710;    1; 60.00;eor
       4928;2026040711;    1; 60.00;eor
       4928;2026040712;    1; 60.00;eor
       4928;2026040713;    1; 60.00;eor
       4928;2026040714;    1; 60.00;eor
       4928;2026040715;    1; 60.00;eor
       4928;2026040716;    1; 60.00;eor
       4928;2026040717;    1; 60.00;eor
       4928;2026040718;    1; 55.00;eor
       4928;2026040719;    1;  0.00;eor
       4928;2026040720;    1;  0.00;eor
       4928;2026040721;    1;  0.00;eor
       4928;2026040722;    1;  0.00;eor
       4928;2026040723;    1;  0.00;eor
       4928;2026040800;    1;  0.00;eor
       4928;2026040801;    1;  0.00;eor
       4928;2026040802;    1;  0.00;eor
       4928;2026040803;    1;  0.00;eor
       4928;2026040804;    1;  0.00;eor
       4928;2026040805;    1;  0.00;eor
       4928;2026040806;    1; 23.00;eor
       4928;2026040807;    1; 60.00;eor
       4928;2026040808;    1; 60.00;eor
       4928;2026040809;    1; 60.00;eor
       4928;2026040810;    1; 60.00;eor
       4928;2026040811;    1; 60.00;eor
       4928;2026040812;    1; 60.00;eor
       4928;2026040813;    1; 60.00;eor
       4928;2026040814;    1; 60.00;eor
       4928;2026040815;    1; 60.00;eor
       4928;2026040816;    1; 60.00;eor
       4928;2026040817;    1; 60.00;eor
       4928;2026040818;    1; 56.00;eor
       4928;2026040819;    1;  0.00;eor
       4928;2026040820;    1;  0.00;eor
       4928;2026040821;    1;  0.00;eor
       4928;2026040822;    1;  0.00;eor
       4928;2026040823;    1;  0.00;eor
       4928;2026040900;    1;  0.00;eor
       4928;2026040901;    1;  0.00;eor
       4928;2026040902;    1;  0.00;eor
       4928;2026040903;    1;  0.00;eor
       4928;2026040904;    1;  0.00;eor
       4928;2026040905;    1;  0.00;eor
       4928;2026040906;    1; 11.00;eor
       4928;2026040907;    1; 60.00;eor
       4928;2026040908;    1; 60.00;eor
       4928;2026040909;    1; 60.00;eor
       4928;2026040910;    1; 60.00;eor
       4928;2026040911;    1; 56.00;eor
       4928;2026040912;    1; 60.00;eor
       4928;2026040913;    1; 60.00;eor
       4928;2026040914;    1; 60.00;eor
       4928;2026040915;    1; 60.00;eor
       4928;2026040916;    1; 60.00;eor
       4928;2026040917;    1; 60.00;eor
       4928;2026040918;    1;  9.00;eor
       4928;2026040919;    1;  0.00;eor
       4928;2026040920;    1;  0.00;eor
       4928;2026040921;    1;  0.00;eor
       4928;2026040922;    1;  0.00;eor
       4928;2026040923;    1;  0.00;eor
       4928;2026041000;    1;  0.00;eor
       4928;2026041001;    1;  0.00;eor
       4928;2026041002;    1;  0.00;eor
       4928;2026041003;    1;  0.00;eor
       4928;2026041004;    1;  0.00;eor
       4928;2026041005;    1;  0.00;eor
       4928;2026041006;    1;  0.00;eor
       4928;2026041007;    1;  0.00;eor
       4928;2026041008;    1;  0.00;eor
       4928;2026041009;    1;  0.00;eor
       4928;2026041010;    1;  0.00;eor
       4928;2026041011;    1;  0.00;eor
       4928;2026041012;    1;  0.00;eor
       4928;2026041013;    1;  0.00;eor
       4928;2026041014;    1;  0.00;eor
       4928;2026041015;    1;  0.00;eor
       4928;2026041016;    1;  0.00;eor
       4928;2026041017;    1;  0.00;eor
       4928;2026041018;    1;  0.00;eor
       4928;2026041019;    1;  0.00;eor
       4928;2026041020;    1;  0.00;eor
       4928;2026041021;    1;  0.00;eor
       4928;2026041022;    1;  0.00;eor
       4928;2026041023;    1;  0.00;eor
       4928;2026041100;    1;  0.00;eor
       4928;2026041101;    1;  0.00;eor
       4928;2026041102;    1;  0.00;eor
       4928;2026041103;    1;  0.00;eor
       4928;2026041104;    1;  0.00;eor
       4928;2026041105;    1;  0.00;eor
       4928;2026041106;    1;  1.00;eor
       4928;2026041107;    1; 32.00;eor
       4928;2026041108;    1; 40.00;eor
       4928;2026041109;    1; 60.00;eor
       4928;2026041110;    1; 60.00;eor
       4928;2026041111;    1; 60.00;eor
       4928;2026041112;    1; 60.00;eor
       4928;2026041113;    1; 60.00;eor
       4928;2026041114;    1; 60.00;eor
       4928;2026041115;    1; 60.00;eor
       4928;2026041116;    1; 28.00;eor
       4928;2026041117;    1; 10.00;eor
       4928;2026041118;    1;  0.00;eor
       4928;2026041119;    1;  0.00;eor
       4928;2026041120;    1;  0.00;eor
       4928;2026041121;    1;  0.00;eor
       4928;2026041122;    1;  0.00;eor
       4928;2026041123;    1;  0.00;eor
       4928;2026041200;    1;  0.00;eor
       4928;2026041201;    1;  0.00;eor
       4928;2026041202;    1;  0.00;eor
       4928;2026041203;    1;  0.00;eor
       4928;2026041204;    1;  0.00;eor
       4928;2026041205;    1;  0.00;eor
       4928;2026041206;    1;  0.00;eor
       4928;2026041207;    1;  0.00;eor
       4928;2026041208;    1;  0.00;eor
       4928;2026041209;    1;  0.00;eor
       4928;2026041210;    1;  0.00;eor
       4928;2026041211;    1;  0.00;eor
       4928;2026041212;    1;  0.00;eor
       4928;2026041213;    1;  0.00;eor
       4928;2026041214;    1;  0.00;eor
       4928;2026041215;    1;  0.00;eor
       4928;2026041216;    1;  0.00;eor
       4928;2026041217;    1;  0.00;eor
       4928;2026041218;    1;  0.00;eor
       4928;2026041219;    1;  0.00;eor
       4928;2026041220;    1;  0.00;eor
       4928;2026041221;    1;  0.00;eor
       4928;2026041222;    1;  0.00;eor
       4928;2026041223;    1;  0.00;eor
       4928;2026041300;    1;  0.00;eor
       4928;2026041301;    1;  0.00;eor
       4928;2026041302;    1;  0.00;eor
       4928;2026041303;    1;  0.00;eor
       4928;2026041304;    1;  0.00;eor
       4928;2026041305;    1;  0.00;eor
       4928;2026041306;    1;  0.00;eor
       4928;2026041307;    1;  0.00;eor
       4928;2026041308;    1;  0.00;eor
       4928;2026041309;    1;  0.00;eor
       4928;2026041310;    1;  0.00;eor
       4928;2026041311;    1;  0.00;eor
       4928;2026041312;    1;  0.00;eor
       4928;2026041313;    1;  0.00;eor
       4928;2026041314;    1;  0.00;eor
       4928;2026041315;    1;  0.00;eor
       4928;2026041316;    1;  0.00;eor
       4928;2026041317;    1;  0.00;eor
       4928;2026041318;    1;  0.00;eor
       4928;2026041319;    1;  0.00;eor
       4928;2026041320;    1;  0.00;eor
       4928;2026041321;    1;  0.00;eor
       4928;2026041322;    1;  0.00;eor
       4928;2026041323;    1;  0.00;eor
       4928;2026041400;    1;  0.00;eor
       4928;2026041401;    1;  0.00;eor
       4928;2026041402;    1;  0.00;eor
       4928;2026041403;    1;  0.00;eor
       4928;2026041404;    1;  0.00;eor
       4928;2026041405;    1;  0.00;eor
       4928;2026041406;    1;  0.00;eor
       4928;2026041407;    1;  0.00;eor
       4928;2026041408;    1;  0.00;eor
       4928;2026041409;    1;  0.00;eor
       4928;2026041410;    1;  0.00;eor
       4928;2026041411;    1;  0.00;eor
       4928;2026041412;    1;  0.00;eor
       4928;2026041413;    1;  0.00;eor
       4928;2026041414;    1;  0.00;eor
       4928;2026041415;    1;  0.00;eor
       4928;2026041416;    1;  0.00;eor
       4928;2026041417;    1;  0.00;eor
       4928;2026041418;    1;  0.00;eor
       4928;2026041419;    1;  0.00;eor
       4928;2026041420;    1;  0.00;eor
       4928;2026041421;    1;  0.00;eor
       4928;2026041422;    1;  0.00;eor
       4928;2026041423;    1;  0.00;eor
       4928;2026041500;    1;  0.00;eor
       4928;2026041501;    1;  0.00;eor
       4928;2026041502;    1;  0.00;eor
       4928;2026041503;    1;  0.00;eor
       4928;2026041504;    1;  0.00;eor
       4928;2026041505;    1;  0.00;eor
       4928;2026041506;    1; 13.00;eor
       4928;2026041507;    1; 18.00;eor
       4928;2026041508;    1;  0.00;eor
       4928;2026041509;    1; 12.00;eor
       4928;2026041510;    1;  2.00;eor
       4928;2026041511;    1;  0.00;eor
       4928;2026041512;    1; 32.00;eor
       4928;2026041513;    1; 31.00;eor
       4928;2026041514;    1;  0.00;eor
       4928;2026041515;    1;  0.00;eor
       4928;2026041516;    1;  0.00;eor
       4928;2026041517;    1;  0.00;eor
       4928;2026041518;    1;  0.00;eor
       4928;2026041519;    1;  0.00;eor
       4928;2026041520;    1;  0.00;eor
       4928;2026041521;    1;  0.00;eor
       4928;2026041522;    1;  0.00;eor
       4928;2026041523;    1;  0.00;eor
       4928;2026041600;    1;  0.00;eor
       4928;2026041601;    1;  0.00;eor
       4928;2026041602;    1;  0.00;eor
       4928;2026041603;    1;  0.00;eor
       4928;2026041604;    1;  0.00;eor
       4928;2026041605;    1;  0.00;eor
       4928;2026041606;    1; 16.00;eor
       4928;2026041607;    1; 27.00;eor
       4928;2026041608;    1; 55.00;eor
       4928;2026041609;    1; 48.00;eor
       4928;2026041610;    1;  7.00;eor
       4928;2026041611;    1;  1.00;eor
       4928;2026041612;    1; 48.00;eor
       4928;2026041613;    1; 51.00;eor
       4928;2026041614;    1; 34.00;eor
       4928;2026041615;    1; 42.00;eor
       4928;2026041616;    1; 21.00;eor
       4928;2026041617;    1;  0.00;eor
       4928;2026041618;    1; 28.00;eor
       4928;2026041619;    1;  5.00;eor
       4928;2026041620;    1;  0.00;eor
       4928;2026041621;    1;  0.00;eor
       4928;2026041622;    1;  0.00;eor
       4928;2026041623;    1;  0.00;eor
       4928;2026041700;    1;  0.00;eor
       4928;2026041701;    1;  0.00;eor
       4928;2026041702;    1;  0.00;eor
       4928;2026041703;    1;  0.00;eor
       4928;2026041704;    1;  0.00;eor
       4928;2026041705;    1;  0.00;eor
       4928;2026041706;    1; 32.00;eor
       4928;2026041707;    1; 60.00;eor
       4928;2026041708;    1; 60.00;eor
       4928;2026041709;    1; 60.00;eor
       4928;2026041710;    1; 60.00;eor
       4928;2026041711;    1; 60.00;eor
       4928;2026041712;    1; 57.00;eor
       4928;2026041713;    1; 60.00;eor
       4928;2026041714;    1; 60.00;eor
       4928;2026041715;    1; 60.00;eor
       4928;2026041716;    1; 60.00;eor
       4928;2026041717;    1; 37.00;eor
       4928;2026041718;    1;  8.00;eor
       4928;2026041719;    1;  0.00;eor
       4928;2026041720;    1;  0.00;eor
       4928;2026041721;    1;  0.00;eor
       4928;2026041722;    1;  0.00;eor
       4928;2026041723;    1;  0.00;eor
       4928;2026041800;    1;  0.00;eor
       4928;2026041801;    1;  0.00;eor
       4928;2026041802;    1;  0.00;eor
       4928;2026041803;    1;  0.00;eor
       4928;2026041804;    1;  0.00;eor
       4928;2026041805;    1;  0.00;eor
       4928;2026041806;    1; 28.00;eor
       4928;2026041807;    1; 56.00;eor
       4928;2026041808;    1; 60.00;eor
       4928;2026041809;    1; 60.00;eor
       4928;2026041810;    1; 60.00;eor
       4928;2026041811;    1; 60.00;eor
       4928;2026041812;    1; 25.00;eor
       4928;2026041813;    1; 47.00;eor
       4928;2026041814;    1; 21.00;eor
       4928;2026041815;    1; 53.00;eor
       4928;2026041816;    1; 14.00;eor
       4928;2026041817;    1;  0.00;eor
       4928;2026041818;    1;  6.00;eor
       4928;2026041819;    1;  0.00;eor
       4928;2026041820;    1;  0.00;eor
       4928;2026041821;    1;  0.00;eor
       4928;2026041822;    1;  0.00;eor
       4928;2026041823;    1;  0.00;eor
       4928;2026041900;    1;  0.00;eor
       4928;2026041901;    1;  0.00;eor
       4928;2026041902;    1;  0.00;eor
       4928;2026041903;    1;  0.00;eor
       4928;2026041904;    1;  0.00;eor
       4928;2026041905;    1;  0.00;eor
       4928;2026041906;    1;  3.00;eor
       4928;2026041907;    1; 28.00;eor
       4928;2026041908;    1; 39.00;eor
       4928;2026041909;    1; 14.00;eor
       4928;2026041910;    1;  2.00;eor
       4928;2026041911;    1;  0.00;eor
       4928;2026041912;    1;  4.00;eor
       4928;2026041913;    1; 30.00;eor
       4928;2026041914;    1; 54.00;eor
       4928;2026041915;    1; 44.00;eor
       4928;2026041916;    1; 59.00;eor
       4928;2026041917;    1; 60.00;eor
       4928;2026041918;    1; 51.00;eor
       4928;2026041919;    1;  0.00;eor
       4928;2026041920;    1;  0.00;eor
       4928;2026041921;    1;  0.00;eor
       4928;2026041922;    1;  0.00;eor
       4928;2026041923;    1;  0.00;eor
       4928;2026042000;    1;  0.00;eor
       4928;2026042001;    1;  0.00;eor
       4928;2026042002;    1;  0.00;eor
       4928;2026042003;    1;  0.00;eor
       4928;2026042004;    1;  0.00;eor
       4928;2026042005;    1;  0.00;eor
       4928;2026042006;    1;  4.00;eor
       4928;2026042007;    1;  0.00;eor
       4928;2026042008;    1;  9.00;eor
       4928;2026042009;    1; 38.00;eor
       4928;2026042010;    1; 52.00;eor
       4928;2026042011;    1; 39.00;eor
       4928;2026042012;    1; 24.00;eor
       4928;2026042013;    1; 38.00;eor
       4928;2026042014;    1; 43.00;eor
       4928;2026042015;    1; 55.00;eor
       4928;2026042016;    1; 60.00;eor
       4928;2026042017;    1; 55.00;eor
       4928;2026042018;    1; 50.00;eor
       4928;2026042019;    1; 14.00;eor
       4928;2026042020;    1;  0.00;eor
       4928;2026042021;    1;  0.00;eor
       4928;2026042022;    1;  0.00;eor
       4928;2026042023;    1;  0.00;eor
       4928;2026042100;    1;  0.00;eor
       4928;2026042101;    1;  0.00;eor
       4928;2026042102;    1;  0.00;eor
       4928;2026042103;    1;  0.00;eor
       4928;2026042104;    1;  0.00;eor
       4928;2026042105;    1; 10.00;eor
       4928;2026042106;    1; 58.00;eor
       4928;2026042107;    1; 60.00;eor
       4928;2026042108;    1; 32.00;eor
       4928;2026042109;    1;  3.00;eor
       4928;2026042110;    1;  0.00;eor
       4928;2026042111;    1;  0.00;eor
       4928;2026042112;    1;  0.00;eor
       4928;2026042113;    1;  0.00;eor
       4928;2026042114;    1;  0.00;eor
       4928;2026042115;    1;  3.00;eor
       4928;2026042116;    1; 20.00;eor
       4928;2026042117;    1;  3.00;eor
       4928;2026042118;    1;  6.00;eor
       4928;2026042119;    1;  0.00;eor
       4928;2026042120;    1;  0.00;eor
       4928;2026042121;    1;  0.00;eor
       4928;2026042122;    1;  0.00;eor
       4928;2026042123;    1;  0.00;eor
       4928;2026042200;    1;  0.00;eor
       4928;2026042201;    1;  0.00;eor
       4928;2026042202;    1;  0.00;eor
       4928;2026042203;    1;  0.00;eor
       4928;2026042204;    1;  0.00;eor
       4928;2026042205;    1; 13.00;eor
       4928;2026042206;    1; 60.00;eor
       4928;2026042207;    1; 60.00;eor
       4928;2026042208;    1; 60.00;eor
       4928;2026042209;    1; 60.00;eor
       4928;2026042210;    1; 60.00;eor
       4928;2026042211;    1; 60.00;eor
       4928;2026042212;    1; 60.00;eor
       4928;2026042213;    1; 60.00;eor
       4928;2026042214;    1; 60.00;eor
       4928;2026042215;    1; 60.00;eor
       4928;2026042216;    1; 60.00;eor
       4928;2026042217;    1; 60.00;eor
       4928;2026042218;    1; 60.00;eor
       4928;2026042219;    1; 17.00;eor
       4928;2026042220;    1;  0.00;eor
       4928;2026042221;    1;  0.00;eor
       4928;2026042222;    1;  0.00;eor
       4928;2026042223;    1;  0.00;eor
       4928;2026042300;    1;  0.00;eor
       4928;2026042301;    1;  0.00;eor
       4928;2026042302;    1;  0.00;eor
       4928;2026042303;    1;  0.00;eor
       4928;2026042304;    1;  0.00;eor
       4928;2026042305;    1; 15.00;eor
       4928;2026042306;    1; 60.00;eor
       4928;2026042307;    1; 60.00;eor
       4928;2026042308;    1; 60.00;eor
       4928;2026042309;    1; 60.00;eor
       4928;2026042310;    1; 60.00;eor
       4928;2026042311;    1; 60.00;eor
       4928;2026042312;    1; 60.00;eor
       4928;2026042313;    1; 60.00;eor
       4928;2026042314;    1; 60.00;eor
       4928;2026042315;    1; 60.00;eor
       4928;2026042316;    1; 60.00;eor
       4928;2026042317;    1; 60.00;eor
       4928;2026042318;    1; 60.00;eor
       4928;2026042319;    1; 18.00;eor
       4928;2026042320;    1;  0.00;eor
       4928;2026042321;    1;  0.00;eor
       4928;2026042322;    1;  0.00;eor
       4928;2026042323;    1;  0.00;eor
       4928;2026042400;    1;  0.00;eor
       4928;2026042401;    1;  0.00;eor
       4928;2026042402;    1;  0.00;eor
       4928;2026042403;    1;  0.00;eor
       4928;2026042404;    1;  0.00;eor
       4928;2026042405;    1; 17.00;eor
       4928;2026042406;    1; 60.00;eor
       4928;2026042407;    1; 60.00;eor
       4928;2026042408;    1; 60.00;eor
       4928;2026042409;    1; 60.00;eor
       4928;2026042410;    1; 60.00;eor
       4928;2026042411;    1; 60.00;eor
       4928;2026042412;    1; 60.00;eor
       4928;2026042413;    1; 60.00;eor
       4928;2026042414;    1; 60.00;eor
       4928;2026042415;    1; 60.00;eor
       4928;2026042416;    1; 60.00;eor
       4928;2026042417;    1; 60.00;eor
       4928;2026042418;    1; 60.00;eor
       4928;2026042419;    1; 19.00;eor
       4928;2026042420;    1;  0.00;eor
       4928;2026042421;    1;  0.00;eor
       4928;2026042422;    1;  0.00;eor
       4928;2026042423;    1;  0.00;eor
       4928;2026042500;    1;  0.00;eor
       4928;2026042501;    1;  0.00;eor
       4928;2026042502;    1;  0.00;eor
       4928;2026042503;    1;  0.00;eor
       4928;2026042504;    1;  0.00;eor
       4928;2026042505;    1; 19.00;eor
       4928;2026042506;    1; 60.00;eor
       4928;2026042507;    1; 60.00;eor
       4928;2026042508;    1; 60.00;eor
       4928;2026042509;    1; 60.00;eor
       4928;2026042510;    1; 60.00;eor
       4928;2026042511;    1; 60.00;eor
       4928;2026042512;    1; 60.00;eor
       4928;2026042513;    1; 60.00;eor
       4928;2026042514;    1; 60.00;eor
       4928;2026042515;    1; 60.00;eor
       4928;2026042516;    1; 60.00;eor
       4928;2026042517;    1; 60.00;eor
       4928;2026042518;    1; 58.00;eor
       4928;2026042519;    1; 20.00;eor
       4928;2026042520;    1;  0.00;eor
       4928;2026042521;    1;  0.00;eor
       4928;2026042522;    1;  0.00;eor
       4928;2026042523;    1;  0.00;eor
       4928;2026042600;    1;  0.00;eor
       4928;2026042601;    1;  0.00;eor
       4928;2026042602;    1;  0.00;eor
       4928;2026042603;    1;  0.00;eor
       4928;2026042604;    1;  0.00;eor
       4928;2026042605;    1; 20.00;eor
       4928;2026042606;    1; 60.00;eor
       4928;2026042607;    1; 60.00;eor
       4928;2026042608;    1; 60.00;eor
       4928;2026042609;    1; 60.00;eor
       4928;2026042610;    1; 60.00;eor
       4928;2026042611;    1; 57.00;eor
       4928;2026042612;    1; 34.00;eor
       4928;2026042613;    1; 60.00;eor
       4928;2026042614;    1; 60.00;eor
       4928;2026042615;    1; 60.00;eor
       4928;2026042616;    1; 60.00;eor
       4928;2026042617;    1; 60.00;eor
       4928;2026042618;    1; 60.00;eor
       4928;2026042619;    1; 22.00;eor
       4928;2026042620;    1;  0.00;eor
       4928;2026042621;    1;  0.00;eor
       4928;2026042622;    1;  0.00;eor
       4928;2026042623;    1;  0.00;eor
       4928;2026042700;    1;  0.00;eor
       4928;2026042701;    1;  0.00;eor
       4928;2026042702;    1;  0.00;eor
       4928;2026042703;    1;  0.00;eor
       4928;2026042704;    1;  0.00;eor
       4928;2026042705;    1; 22.00;eor
       4928;2026042706;    1; 60.00;eor
       4928;2026042707;    1; 60.00;eor
       4928;2026042708;    1; 60.00;eor
       4928;2026042709;    1; 60.00;eor
       4928;2026042710;    1; 60.00;eor
       4928;2026042711;    1; 60.00;eor
       4928;2026042712;    1; 60.00;eor
       4928;2026042713;    1; 60.00;eor
       4928;2026042714;    1; 60.00;eor
       4928;2026042715;    1; 60.00;eor
       4928;2026042716;    1; 31.00;eor
       4928;2026042717;    1; 60.00;eor
       4928;2026042718;    1; 20.00;eor
       4928;2026042719;    1;  0.00;eor
       4928;2026042720;    1;  0.00;eor
       4928;2026042721;    1;  0.00;eor
       4928;2026042722;    1;  0.00;eor
       4928;2026042723;    1;  0.00;eor
       4928;2026042800;    1;  0.00;eor
       4928;2026042801;    1;  0.00;eor
       4928;2026042802;    1;  0.00;eor
       4928;2026042803;    1;  0.00;eor
       4928;2026042804;    1;  0.00;eor
       4928;2026042805;    1;  3.00;eor
       4928;2026042806;    1; 55.00;eor
       4928;2026042807;    1; 60.00;eor
       4928;2026042808;    1; 60.00;eor
       4928;2026042809;    1; 60.00;eor
       4928;2026042810;    1; 60.00;eor
       4928;2026042811;    1; 60.00;eor
       4928;2026042812;    1; 60.00;eor
       4928;2026042813;    1; 60.00;eor
       4928;2026042814;    1; 60.00;eor
       4928;2026042815;    1; 39.00;eor
       4928;2026042816;    1; 16.00;eor
       4928;2026042817;    1;  0.00;eor
       4928;2026042818;    1;  0.00;eor
       4928;2026042819;    1;  0.00;eor
       4928;2026042820;    1;  0.00;eor
       4928;2026042821;    1;  0.00;eor
       4928;2026042822;    1;  0.00;eor
       4928;2026042823;    1;  0.00;eor
       4928;2026042900;    1;  0.00;eor
       4928;2026042901;    1;  0.00;eor
       4928;2026042902;    1;  0.00;eor
       4928;2026042903;    1;  0.00;eor
       4928;2026042904;    1;  0.00;eor
       4928;2026042905;    1; 25.00;eor
       4928;2026042906;    1; 60.00;eor
       4928;2026042907;    1; 60.00;eor
       4928;2026042908;    1; 60.00;eor
       4928;2026042909;    1; 60.00;eor
       4928;2026042910;    1; 60.00;eor
       4928;2026042911;    1; 60.00;eor
       4928;2026042912;    1; 60.00;eor
       4928;2026042913;    1; 60.00;eor
       4928;2026042914;    1; 60.00;eor
       4928;2026042915;    1; 60.00;eor
       4928;2026042916;    1; 60.00;eor
       4928;2026042917;    1; 60.00;eor
       4928;2026042918;    1; 60.00;eor
       4928;2026042919;    1; 27.00;eor
       4928;2026042920;    1;  0.00;eor
       4928;2026042921;    1;  0.00;eor
       4928;2026042922;    1;  0.00;eor
       4928;2026042923;    1;  0.00;eor
       4928;2026043000;    1;  0.00;eor
       4928;2026043001;    1;  0.00;eor
       4928;2026043002;    1;  0.00;eor
       4928;2026043003;    1;  0.00;eor
       4928;2026043004;    1;  0.00;eor
       4928;2026043005;    1; 27.00;eor
       4928;2026043006;    1; 60.00;eor
       4928;2026043007;    1; 60.00;eor
       4928;2026043008;    1; 60.00;eor
       4928;2026043009;    1; 60.00;eor
       4928;2026043010;    1; 60.00;eor
       4928;2026043011;    1; 60.00;eor
       4928;2026043012;    1; 60.00;eor
       4928;2026043013;    1; 60.00;eor
       4928;2026043014;    1; 60.00;eor
       4928;2026043015;    1; 60.00;eor
       4928;2026043016;    1; 60.00;eor
       4928;2026043017;    1; 60.00;eor
       4928;2026043018;    1; 60.00;eor
       4928;2026043019;    1; 28.00;eor
       4928;2026043020;    1;  0.00;eor
       4928;2026043021;    1;  0.00;eor
       4928;2026043022;    1;  0.00;eor
       4928;2026043023;    1;  0.00;eor
       4931;2023070303;   10;  0.00;eor
       4931;2023070304;   10;  0.00;eor
       4931;2023070305;   10;  0.00;eor
       4931;2023070306;   10;  0.00;eor
