STATIONS_ID;MESS_DATUM;QN_7;SD_SO;EOR
       4928;2024012403;   10;  0.00;eor
       4928;2024012404;   10;  0.00;eor
       4928;2024012405;   10;  0.00;eor
       4928;2024012406;   10;  0.00;eor
       4928;2024012407;   10;  0.00;eor
       4928;2024012408;   10;  0.00;eor
       4928;2024012409;   10;  0.00;eor
       4928;2024012410;   10;  0.00;eor
       4928;2024012411;   10; 10.00;eor
       4928;2024012412;   10;  1.00;eor
       4928;2024012413;   10;  5.00;eor
       4928;2024012414;   10; 17.00;eor
       4928;2024012415;   10; 25.00;eor
       4928;2024012416;   10;  4.00;eor
       4928;2024012417;   10;  0.00;eor
       4928;2024012418;   10;  0.00;eor
       4928;2024012419;   10;  0.00;eor
       4928;2024012420;   10;  0.00;eor
       4928;2024012503;   10;  0.00;eor
       4928;2024012504;   10;  0.00;eor
       4928;2024012505;   10;  0.00;eor
       4928;2024012506;   10;  0.00;eor
       4928;2024012507;   10;  0.00;eor
       4928;2024012508;   10; 18.00;eor
       4928;2024012509;   10; 60.00;eor
       4928;2024012510;   10; 53.00;eor
       4928;2024012511;   10; 29.00;eor
       4928;2024012512;   10; 58.00;eor
       4928;2024012513;   10; 58.00;eor
       4928;2024012514;   10; 60.00;eor
       4928;2024012515;   10; 49.00;eor
       4928;2024012516;   10;  0.00;eor
       4928;2024012517;   10;  0.00;eor
       4928;2024012518;   10;  0.00;eor
       4928;2024012519;   10;  0.00;eor
       4928;2024012520;   10;  0.00;eor
       4928;2024012603;   10;  0.00;eor
       4928;2024012604;   10;  0.00;eor
       4928;2024012605;   10;  0.00;eor
       4928;2024012606;   10;  0.00;eor
       4928;2024012607;   10;  0.00;eor
       4928;2024012608;   10;  0.00;eor
       4928;2024012609;   10;  0.00;eor
       4928;2024012610;   10;  0.00;eor
       4928;2024012611;   10;  0.00;eor
       4928;2024012612;   10;  0.00;eor
       4928;2024012613;   10;  0.00;eor
       4928;2024012614;   10;  0.00;eor
       4928;2024012615;   10;  0.00;eor
       4928;2024012616;   10;  1.00;eor
       4928;2024012617;   10;  0.00;eor
       4928;2024012618;   10;  0.00;eor
       4928;2024012619;   10;  0.00;eor
       4928;2024012620;   10;  0.00;eor
       4928;2024012703;   10;  0.00;eor
       4928;2024012704;   10;  0.00;eor
       4928;2024012705;   10;  0.00;eor
       4928;2024012706;   10;  0.00;eor
       4928;2024012707;   10;  0.00;eor
       4928;2024012708;   10; 31.00;eor
       4928;2024012709;   10; 60.00;eor
       4928;2024012710;   10; 60.00;eor
       4928;2024012711;   10; 60.00;eor
       4928;2024012712;   10; 60.00;eor
       4928;2024012713;   10; 60.00;eor
       4928;2024012714;   10; 60.00;eor
       4928;2024012715;   10; 60.00;eor
       4928;2024012716;   10; 60.00;eor
       4928;2024012717;   10;  0.00;eor
       4928;2024012718;   10;  0.00;eor
       4928;2024012719;   10;  0.00;eor
       4928;2024012720;   10;  0.00;eor
       4928;2024012803;   10;  0.00;eor
       4928;2024012804;   10;  0.00;eor
       4928;2024012805;   10;  0.00;eor
       4928;2024012806;   10;  0.00;eor
       4928;2024012807;   10;  0.00;eor
       4928;2024012808;   10; 35.00;eor
       4928;2024012809;   10; 60.00;eor
       4928;2024012810;   10; 60.00;eor
       4928;2024012811;   10; 60.00;eor
       4928;2024012812;   10; 60.00;eor
       4928;2024012813;   10; 60.00;eor
       4928;2024012814;   10; 60.00;eor
       4928;2024012815;   10; 60.00;eor
       4928;2024012816;   10; 60.00;eor
       4928;2024012817;   10;  3.00;eor
       4928;2024012818;   10;  0.00;eor
       4928;2024012819;   10;  0.00;eor
       4928;2024012820;   10;  0.00;eor
       4928;2024012903;   10;  0.00;eor
       4928;2024012904;   10;  0.00;eor
       4928;2024012905;   10;  0.00;eor
       4928;2024012906;   10;  0.00;eor
       4928;2024012907;   10;  0.00;eor
       4928;2024012908;   10; 36.00;eor
       4928;2024012909;   10; 60.00;eor
       4928;2024012910;   10; 60.00;eor
       4928;2024012911;   10; 60.00;eor
       4928;2024012912;   10; 60.00;eor
       4928;2024012913;   10; 60.00;eor
       4928;2024012914;   10; 60.00;eor
       4928;2024012915;   10; 58.00;eor
       4928;2024012916;   10; 39.00;eor
       4928;2024012917;   10;  0.00;eor
       4928;2024012918;   10;  0.00;eor
       4928;2024012919;   10;  0.00;eor
       4928;2024012920;   10;  0.00;eor
       4928;2024013003;   10;  0.00;eor
       4928;2024013004;   10;  0.00;eor
       4928;2024013005;   10;  0.00;eor
       4928;2024013006;   10;  0.00;eor
       4928;2024013007;   10;  0.00;eor
       4928;2024013008;   10; 18.00;eor
       4928;2024013009;   10; 44.00;eor
       4928;2024013010;   10; 60.00;eor
       4928;2024013011;   10; 29.00;eor
       4928;2024013012;   10;  0.00;eor
       4928;2024013013;   10;  2.00;eor
       4928;2024013014;   10; 39.00;eor
       4928;2024013015;   10;  0.00;eor
       4928;2024013016;   10;  0.00;eor
       4928;2024013017;   10;  0.00;eor
       4928;2024013018;   10;  0.00;eor
       4928;2024013019;   10;  0.00;eor
       4928;2024013020;   10;  0.00;eor
       4928;2024013103;   10;  0.00;eor
       4928;2024013104;   10;  0.00;eor
       4928;2024013105;   10;  0.00;eor
       4928;2024013106;   10;  0.00;eor
       4928;2024013107;   10;  0.00;eor
       4928;2024013108;   10;  0.00;eor
       4928;2024013109;   10;  0.00;eor
       4928;2024013110;   10;  0.00;eor
       4928;2024013111;   10;  0.00;eor
       4928;2024013112;   10;  2.00;eor
       4928;2024013113;   10;  8.00;eor
       4928;2024013114;   10;  1.00;eor
       4928;2024013115;   10; 34.00;eor
       4928;2024013116;   10;  8.00;eor
       4928;2024013117;   10;  3.00;eor
       4928;2024013118;   10;  0.00;eor
       4928;2024013119;   10;  0.00;eor
       4928;2024013120;   10;  0.00;eor
       4928;2024020103;   10;  0.00;eor
       4928;2024020104;   10;  0.00;eor
       4928;2024020105;   10;  0.00;eor
       4928;2024020106;   10;  0.00;eor
       4928;2024020107;   10;  0.00;eor
       4928;2024020108;   10;  0.00;eor
       4928;2024020109;   10;  0.00;eor
       4928;2024020110;   10;  0.00;eor
       4928;2024020111;   10;  0.00;eor
       4928;2024020112;   10;  1.00;eor
       4928;2024020113;   10;  0.00;eor
       4928;2024020114;   10;  0.00;eor
       4928;2024020115;   10;  0.00;eor
       4928;2024020116;   10;  0.00;eor
       4928;2024020117;   10;  0.00;eor
       4928;2024020118;   10;  0.00;eor
       4928;2024020119;   10;  0.00;eor
       4928;2024020120;   10;  0.00;eor
       4928;2024020203;   10;  0.00;eor
       4928;2024020204;   10;  0.00;eor
       4928;2024020205;   10;  0.00;eor
       4928;2024020206;   10;  0.00;eor
       4928;2024020207;   10;  0.00;eor
       4928;2024020208;   10;  0.00;eor
       4928;2024020209;   10;  0.00;eor
       4928;2024020210;   10;  0.00;eor
       4928;2024020211;   10; 18.00;eor
       4928;2024020212;   10; 60.00;eor
       4928;2024020213;   10; 60.00;eor
       4928;2024020214;   10; 60.00;eor
       4928;2024020215;   10; 48.00;eor
       4928;2024020216;   10; 19.00;eor
       4928;2024020217;   10;  0.00;eor
       4928;2024020218;   10;  0.00;eor
       4928;2024020219;   10;  0.00;eor
       4928;2024020220;   10;  0.00;eor
       4928;2024020303;   10;  0.00;eor
       4928;2024020304;   10;  0.00;eor
       4928;2024020305;   10;  0.00;eor
       4928;2024020306;   10;  0.00;eor
       4928;2024020307;   10;  0.00;eor
       4928;2024020308;   10; 23.00;eor
       4928;2024020309;   10;  5.00;eor
       4928;2024020310;   10;  0.00;eor
       4928;2024020311;   10;  0.00;eor
       4928;2024020312;   10; 17.00;eor
       4928;2024020313;   10;  6.00;eor
       4928;2024020314;   10;  0.00;eor
       4928;2024020315;   10; 14.00;eor
       4928;2024020316;   10; 23.00;eor
       4928;2024020317;   10;  0.00;eor
       4928;2024020318;   10;  0.00;eor
       4928;2024020319;   10;  0.00;eor
       4928;2024020320;   10;  0.00;eor
       4928;2024020403;   10;  0.00;eor
       4928;2024020404;   10;  0.00;eor
       4928;2024020405;   10;  0.00;eor
       4928;2024020406;   10;  0.00;eor
       4928;2024020407;   10;  0.00;eor
       4928;2024020408;   10;  0.00;eor
       4928;2024020409;   10; 19.00;eor
       4928;2024020410;   10;  0.00;eor
       4928;2024020411;   10;  6.00;eor
       4928;2024020412;   10; 34.00;eor
       4928;2024020413;   10;  7.00;eor
       4928;2024020414;   10; 15.00;eor
       4928;2024020415;   10;  4.00;eor
       4928;2024020416;   10;  0.00;eor
       4928;2024020417;   10;  0.00;eor
       4928;2024020418;   10;  0.00;eor
       4928;2024020419;   10;  0.00;eor
       4928;2024020420;   10;  0.00;eor
       4928;2024020503;   10;  0.00;eor
       4928;2024020504;   10;  0.00;eor
       4928;2024020505;   10;  0.00;eor
       4928;2024020506;   10;  0.00;eor
       4928;2024020507;   10;  0.00;eor
       4928;2024020508;   10;  0.00;eor
       4928;2024020509;   10; 20.00;eor
       4928;2024020510;   10; 59.00;eor
       4928;2024020511;   10; 53.00;eor
       4928;2024020512;   10; 58.00;eor
       4928;2024020513;   10; 60.00;eor
       4928;2024020514;   10; 60.00;eor
       4928;2024020515;   10; 60.00;eor
       4928;2024020516;   10; 60.00;eor
       4928;2024020517;   10; 22.00;eor
       4928;2024020518;   10;  0.00;eor
       4928;2024020519;   10;  0.00;eor
       4928;2024020520;   10;  0.00;eor
       4928;2024020603;   10;  0.00;eor
       4928;2024020604;   10;  0.00;eor
       4928;2024020605;   10;  0.00;eor
       4928;2024020606;   10;  0.00;eor
       4928;2024020607;   10;  0.00;eor
       4928;2024020608;   10;  0.00;eor
       4928;2024020609;   10;  0.00;eor
       4928;2024020610;   10;  0.00;eor
       4928;2024020611;   10;  0.00;eor
       4928;2024020612;   10;  0.00;eor
       4928;2024020613;   10;  0.00;eor
       4928;2024020614;   10;  0.00;eor
       4928;2024020615;   10;  1.00;eor
       4928;2024020616;   10; 23.00;eor
       4928;2024020617;   10;  9.00;eor
       4928;2024020618;   10;  0.00;eor
       4928;2024020619;   10;  0.00;eor
       4928;2024020620;   10;  0.00;eor
       4928;2024020703;   10;  0.00;eor
       4928;2024020704;   10;  0.00;eor
       4928;2024020705;   10;  0.00;eor
       4928;2024020706;   10;  0.00;eor
       4928;2024020707;   10;  0.00;eor
       4928;2024020708;   10;  0.00;eor
       4928;2024020709;   10;  0.00;eor
       4928;2024020710;   10;  0.00;eor
       4928;2024020711;   10;  0.00;eor
       4928;2024020712;   10;  0.00;eor
       4928;2024020713;   10;  0.00;eor
       4928;2024020714;   10;  0.00;eor
       4928;2024020715;   10;  0.00;eor
       4928;2024020716;   10;  0.00;eor
       4928;2024020717;   10;  0.00;eor
       4928;2024020718;   10;  0.00;eor
       4928;2024020719;   10;  0.00;eor
       4928;2024020720;   10;  0.00;eor
       4928;2024020803;   10;  0.00;eor
       4928;2024020804;   10;  0.00;eor
       4928;2024020805;   10;  0.00;eor
       4928;2024020806;   10;  0.00;eor
       4928;2024020807;   10;  0.00;eor
       4928;2024020808;   10;  0.00;eor
       4928;2024020809;   10;  0.00;eor
       4928;2024020810;   10;  0.00;eor
       4928;2024020811;   10;  0.00;eor
       4928;2024020812;   10;  0.00;eor
       4928;2024020813;   10;  0.00;eor
       4928;2024020814;   10;  0.00;eor
       4928;2024020815;   10;  0.00;eor
       4928;2024020816;   10;  0.00;eor
       4928;2024020817;   10;  0.00;eor
       4928;2024020818;   10;  0.00;eor
       4928;2024020819;   10;  0.00;eor
       4928;2024020820;   10;  0.00;eor
       4928;2024020903;   10;  0.00;eor
       4928;2024020904;   10;  0.00;eor
       4928;2024020905;   10;  0.00;eor
       4928;2024020906;   10;  0.00;eor
       4928;2024020907;   10;  0.00;eor
       4928;2024020908;   10;  0.00;eor
       4928;2024020909;   10;  0.00;eor
       4928;2024020910;   10;  1.00;eor
       4928;2024020911;   10;  0.00;eor
       4928;2024020912;   10;  0.00;eor
       4928;2024020913;   10;  0.00;eor
       4928;2024020914;   10;  0.00;eor
       4928;2024020915;   10;  0.00;eor
       4928;2024020916;   10;  0.00;eor
       4928;2024020917;   10;  0.00;eor
       4928;2024020918;   10;  0.00;eor
       4928;2024020919;   10;  0.00;eor
       4928;2024020920;   10;  0.00;eor
       4928;2024021003;   10;  0.00;eor
       4928;2024021004;   10;  0.00;eor
       4928;2024021005;   10;  0.00;eor
       4928;2024021006;   10;  0.00;eor
       4928;2024021007;   10;  0.00;eor
       4928;2024021008;   10;  0.00;eor
       4928;2024021009;   10;  0.00;eor
       4928;2024021010;   10;  0.00;eor
       4928;2024021011;   10;  0.00;eor
       4928;2024021012;   10;  0.00;eor
       4928;2024021013;   10;  0.00;eor
       4928;2024021014;   10; 12.00;eor
       4928;2024021015;   10; 44.00;eor
       4928;2024021016;   10;  5.00;eor
       4928;2024021017;   10;  0.00;eor
       4928;2024021018;   10;  0.00;eor
       4928;2024021019;   10;  0.00;eor
       4928;2024021020;   10;  0.00;eor
       4928;2024021103;   10;  0.00;eor
       4928;2024021104;   10;  0.00;eor
       4928;2024021105;   10;  0.00;eor
       4928;2024021106;   10;  0.00;eor
       4928;2024021107;   10;  0.00;eor
       4928;2024021108;   10;  0.00;eor
       4928;2024021109;   10;  0.00;eor
       4928;2024021110;   10;  0.00;eor
       4928;2024021111;   10;  0.00;eor
       4928;2024021112;   10;  6.00;eor
       4928;2024021113;   10; 19.00;eor
       4928;2024021114;   10; 36.00;eor
       4928;2024021115;   10; 17.00;eor
       4928;2024021116;   10; 26.00;eor
       4928;2024021117;   10;  2.00;eor
       4928;2024021118;   10;  0.00;eor
       4928;2024021119;   10;  0.00;eor
       4928;2024021120;   10;  0.00;eor
       4928;2024021203;   10;  0.00;eor
       4928;2024021204;   10;  0.00;eor
       4928;2024021205;   10;  0.00;eor
       4928;2024021206;   10;  0.00;eor
       4928;2024021207;   10;  0.00;eor
       4928;2024021208;   10;  0.00;eor
       4928;2024021209;   10;  0.00;eor
       4928;2024021210;   10;  0.00;eor
       4928;2024021211;   10; 11.00;eor
       4928;2024021212;   10;  1.00;eor
       4928;2024021213;   10;  0.00;eor
       4928;2024021214;   10;  4.00;eor
       4928;2024021215;   10;  0.00;eor
       4928;2024021216;   10; 19.00;eor
       4928;2024021217;   10;  0.00;eor
       4928;2024021218;   10;  0.00;eor
       4928;2024021219;   10;  0.00;eor
       4928;2024021220;   10;  0.00;eor
       4928;2024021303;   10;  0.00;eor
       4928;2024021304;   10;  0.00;eor
       4928;2024021305;   10;  0.00;eor
       4928;2024021306;   10;  0.00;eor
       4928;2024021307;   10;  0.00;eor
       4928;2024021308;   10;  1.00;eor
       4928;2024021309;   10; 42.00;eor
       4928;2024021310;   10; 58.00;eor
       4928;2024021311;   10; 50.00;eor
       4928;2024021312;   10; 38.00;eor
       4928;2024021313;   10; 28.00;eor
       4928;2024021314;   10; 33.00;eor
       4928;2024021315;   10; 22.00;eor
       4928;2024021316;   10; 41.00;eor
       4928;2024021317;   10; 15.00;eor
       4928;2024021318;   10;  0.00;eor
       4928;2024021319;   10;  0.00;eor
       4928;2024021320;   10;  0.00;eor
       4928;2024021403;   10;  0.00;eor
       4928;2024021404;   10;  0.00;eor
       4928;2024021405;   10;  0.00;eor
       4928;2024021406;   10;  0.00;eor
       4928;2024021407;   10;  0.00;eor
       4928;2024021408;   10;  0.00;eor
       4928;2024021409;   10;  0.00;eor
       4928;2024021410;   10;  0.00;eor
       4928;2024021411;   10; 33.00;eor
       4928;2024021412;   10; 11.00;eor
       4928;2024021413;   10; 22.00;eor
       4928;2024021414;   10; 14.00;eor
       4928;2024021415;   10;  0.00;eor
       4928;2024021416;   10;  0.00;eor
       4928;2024021417;   10;  0.00;eor
       4928;2024021418;   10;  0.00;eor
       4928;2024021419;   10;  0.00;eor
       4928;2024021420;   10;  0.00;eor
       4928;2024021503;   10;  0.00;eor
       4928;2024021504;   10;  0.00;eor
       4928;2024021505;   10;  0.00;eor
       4928;2024021506;   10;  0.00;eor
       4928;2024021507;   10;  0.00;eor
       4928;2024021508;   10; 25.00;eor
       4928;2024021509;   10; 59.00;eor
       4928;2024021510;   10; 52.00;eor
       4928;2024021511;   10; 60.00;eor
       4928;2024021512;   10; 60.00;eor
       4928;2024021513;   10; 58.00;eor
       4928;2024021514;   10; 14.00;eor
       4928;2024021515;   10; 20.00;eor
       4928;2024021516;   10; 28.00;eor
       4928;2024021517;   10;  0.00;eor
       4928;2024021518;   10;  0.00;eor
       4928;2024021519;   10;  0.00;eor
       4928;2024021520;   10;  0.00;eor
       4928;2024021603;   10;  0.00;eor
       4928;2024021604;   10;  0.00;eor
       4928;2024021605;   10;  0.00;eor
       4928;2024021606;   10;  0.00;eor
       4928;2024021607;   10;  0.00;eor
       4928;2024021608;   10;  4.00;eor
       4928;2024021609;   10; 39.00;eor
       4928;2024021610;   10; 54.00;eor
       4928;2024021611;   10; 26.00;eor
       4928;2024021612;   10;  0.00;eor
       4928;2024021613;   10;  0.00;eor
       4928;2024021614;   10;  0.00;eor
       4928;2024021615;   10;  0.00;eor
       4928;2024021616;   10;  0.00;eor
       4928;2024021617;   10;  0.00;eor
       4928;2024021618;   10;  0.00;eor
       4928;2024021619;   10;  0.00;eor
       4928;2024021620;   10;  0.00;eor
       4928;2024021703;   10;  0.00;eor
       4928;2024021704;   10;  0.00;eor
       4928;2024021705;   10;  0.00;eor
       4928;2024021706;   10;  0.00;eor
       4928;2024021707;   10;  0.00;eor
       4928;2024021708;   10; 43.00;eor
       4928;2024021709;   10; 53.00;eor
       4928;2024021710;   10; 31.00;eor
       4928;2024021711;   10; 14.00;eor
       4928;2024021712;   10; 23.00;eor
       4928;2024021713;   10; 44.00;eor
       4928;2024021714;   10; 16.00;eor
       4928;2024021715;   10;  1.00;eor
       4928;2024021716;   10;  1.00;eor
       4928;2024021717;   10; 13.00;eor
       4928;2024021718;   10;  0.00;eor
       4928;2024021719;   10;  0.00;eor
       4928;2024021720;   10;  0.00;eor
       4928;2024021803;   10;  0.00;eor
       4928;2024021804;   10;  0.00;eor
       4928;2024021805;   10;  0.00;eor
       4928;2024021806;   10;  0.00;eor
       4928;2024021807;   10;  0.00;eor
       4928;2024021808;   10; 18.00;eor
       4928;2024021809;   10; 59.00;eor
       4928;2024021810;   10; 40.00;eor
       4928;2024021811;   10;  9.00;eor
       4928;2024021812;   10;  5.00;eor
       4928;2024021813;   10;  0.00;eor
       4928;2024021814;   10;  0.00;eor
       4928;2024021815;   10;  0.00;eor
       4928;2024021816;   10;  0.00;eor
       4928;2024021817;   10;  0.00;eor
       4928;2024021818;   10;  0.00;eor
       4928;2024021819;   10;  0.00;eor
       4928;2024021820;   10;  0.00;eor
       4928;2024021903;   10;  0.00;eor
       4928;2024021904;   10;  0.00;eor
       4928;2024021905;   10;  0.00;eor
       4928;2024021906;   10;  0.00;eor
       4928;2024021907;   10;  0.00;eor
       4928;2024021908;   10;  0.00;eor
       4928;2024021909;   10;  0.00;eor
       4928;2024021910;   10;  0.00;eor
       4928;2024021911;   10;  0.00;eor
       4928;2024021912;   10;  0.00;eor
       4928;2024021913;   10;  5.00;eor
       4928;2024021914;   10;  0.00;eor
       4928;2024021915;   10;  0.00;eor
       4928;2024021916;   10;  0.00;eor
       4928;2024021917;   10;  0.00;eor
       4928;2024021918;   10;  0.00;eor
       4928;2024021919;   10;  0.00;eor
       4928;2024021920;   10;  0.00;eor
       4928;2024022003;   10;  0.00;eor
       4928;2024022004;   10;  0.00;eor
       4928;2024022005;   10;  0.00;eor
       4928;2024022006;   10;  0.00;eor
       4928;2024022007;   10;  0.00;eor
       4928;2024022008;   10;  5.00;eor
       4928;2024022009;   10; 35.00;eor
       4928;2024022010;   10;  1.00;eor
       4928;2024022011;   10; 28.00;eor
       4928;2024022012;   10; 55.00;eor
       4928;2024022013;   10; 58.00;eor
       4928;2024022014;   10; 53.00;eor
       4928;2024022015;   10; 17.00;eor
       4928;2024022016;   10; 15.00;eor
       4928;2024022017;   10;  0.00;eor
       4928;2024022018;   10;  0.00;eor
       4928;2024022019;   10;  0.00;eor
       4928;2024022020;   10;  0.00;eor
       4928;2024022103;   10;  0.00;eor
       4928;2024022104;   10;  0.00;eor
       4928;2024022105;   10;  0.00;eor
       4928;2024022106;   10;  0.00;eor
       4928;2024022107;   10;  0.00;eor
       4928;2024022108;   10; 51.00;eor
       4928;2024022109;   10; 57.00;eor
       4928;2024022110;   10; 17.00;eor
       4928;2024022111;   10; 56.00;eor
       4928;2024022112;   10; 15.00;eor
       4928;2024022113;   10;  5.00;eor
       4928;2024022114;   10;  0.00;eor
       4928;2024022115;   10;  0.00;eor
       4928;2024022116;   10;  0.00;eor
       4928;2024022117;   10;  0.00;eor
       4928;2024022118;   10;  0.00;eor
       4928;2024022119;   10;  0.00;eor
       4928;2024022120;   10;  0.00;eor
       4928;2024022203;   10;  0.00;eor
       4928;2024022204;   10;  0.00;eor
       4928;2024022205;   10;  0.00;eor
       4928;2024022206;   10;  0.00;eor
       4928;2024022207;   10;  0.00;eor
       4928;2024022208;   10;  0.00;eor
       4928;2024022209;   10;  0.00;eor
       4928;2024022210;   10;  0.00;eor
       4928;2024022211;   10;  0.00;eor
       4928;2024022212;   10;  0.00;eor
       4928;2024022213;   10;  0.00;eor
       4928;2024022214;   10;  0.00;eor
       4928;2024022215;   10;  0.00;eor
       4928;2024022216;   10;  0.00;eor
       4928;2024022217;   10;  0.00;eor
       4928;2024022218;   10;  0.00;eor
       4928;2024022219;   10;  0.00;eor
       4928;2024022220;   10;  0.00;eor
       4928;2024022303;   10;  0.00;eor
       4928;2024022304;   10;  0.00;eor
       4928;2024022305;   10;  0.00;eor
       4928;2024022306;   10;  0.00;eor
       4928;2024022307;   10;  0.00;eor
       4928;2024022308;   10;  0.00;eor
       4928;2024022309;   10;  1.00;eor
       4928;2024022310;   10;  3.00;eor
       4928;2024022311;   10; 24.00;eor
       4928;2024022312;   10; 22.00;eor
       4928;2024022313;   10;  3.00;eor
       4928;2024022314;   10;  5.00;eor
       4928;2024022315;   10;  9.00;eor
       4928;2024022316;   10;  4.00;eor
       4928;2024022317;   10; 13.00;eor
       4928;2024022318;   10;  0.00;eor
       4928;2024022319;   10;  0.00;eor
       4928;2024022320;   10;  0.00;eor
       4928;2024022403;   10;  0.00;eor
       4928;2024022404;   10;  0.00;eor
       4928;2024022405;   10;  0.00;eor
       4928;2024022406;   10;  0.00;eor
       4928;2024022407;   10;  0.00;eor
       4928;2024022408;   10;  0.00;eor
       4928;2024022409;   10; 20.00;eor
       4928;2024022410;   10; 40.00;eor
       4928;2024022411;   10; 22.00;eor
       4928;2024022412;   10; 49.00;eor
       4928;2024022413;   10; 36.00;eor
       4928;2024022414;   10; 16.00;eor
       4928;2024022415;   10;  0.00;eor
       4928;2024022416;   10; 17.00;eor
       4928;2024022417;   10; 29.00;eor
       4928;2024022418;   10;  0.00;eor
       4928;2024022419;   10;  0.00;eor
       4928;2024022420;   10;  0.00;eor
       4928;2024022503;   10;  0.00;eor
       4928;2024022504;   10;  0.00;eor
       4928;2024022505;   10;  0.00;eor
       4928;2024022506;   10;  0.00;eor
       4928;2024022507;   10;  0.00;eor
       4928;2024022508;   10; 31.00;eor
       4928;2024022509;   10; 11.00;eor
       4928;2024022510;   10;  9.00;eor
       4928;2024022511;   10; 40.00;eor
       4928;2024022512;   10; 57.00;eor
       4928;2024022513;   10; 58.00;eor
       4928;2024022514;   10; 60.00;eor
       4928;2024022515;   10; 53.00;eor
       4928;2024022516;   10; 33.00;eor
       4928;2024022517;   10; 23.00;eor
       4928;2024022518;   10;  0.00;eor
       4928;2024022519;   10;  0.00;eor
       4928;2024022520;   10;  0.00;eor
       4928;2024022603;   10;  0.00;eor
       4928;2024022604;   10;  0.00;eor
       4928;2024022605;   10;  0.00;eor
       4928;2024022606;   10;  0.00;eor
       4928;2024022607;   10;  0.00;eor
       4928;2024022608;   10;  0.00;eor
       4928;2024022609;   10;  0.00;eor
       4928;2024022610;   10;  0.00;eor
       4928;2024022611;   10; 39.00;eor
       4928;2024022612;   10; 48.00;eor
       4928;2024022613;   10;  2.00;eor
       4928;2024022614;   10; 18.00;eor
       4928;2024022615;   10; 39.00;eor
       4928;2024022616;   10; 11.00;eor
       4928;2024022617;   10;  0.00;eor
       4928;2024022618;   10;  0.00;eor
       4928;2024022619;   10;  0.00;eor
       4928;2024022620;   10;  0.00;eor
       4928;2024022703;   10;  0.00;eor
       4928;2024022704;   10;  0.00;eor
       4928;2024022705;   10;  0.00;eor
       4928;2024022706;   10;  0.00;eor
       4928;2024022707;   10;  0.00;eor
       4928;2024022708;   10;  0.00;eor
       4928;2024022709;   10;  0.00;eor
       4928;2024022710;   10;  0.00;eor
       4928;2024022711;   10;  0.00;eor
       4928;2024022712;   10;  0.00;eor
       4928;2024022713;   10;  0.00;eor
       4928;2024022714;   10;  0.00;eor
       4928;2024022715;   10;  0.00;eor
       4928;2024022716;   10;  0.00;eor
       4928;2024022717;   10;  0.00;eor
       4928;2024022718;   10;  0.00;eor
       4928;2024022719;   10;  0.00;eor
       4928;2024022720;   10;  0.00;eor
       4928;2024022803;   10;  0.00;eor
       4928;2024022804;   10;  0.00;eor
       4928;2024022805;   10;  0.00;eor
       4928;2024022806;   10;  0.00;eor
       4928;2024022807;   10;  0.00;eor
       4928;2024022808;   10;  0.00;eor
       4928;2024022809;   10;  0.00;eor
       4928;2024022810;   10;  0.00;eor
       4928;2024022811;   10;  0.00;eor
       4928;2024022812;   10;  0.00;eor
       4928;2024022813;   10;  0.00;eor
       4928;2024022814;   10;  0.00;eor
       4928;2024022815;   10;  0.00;eor
       4928;2024022816;   10;  0.00;eor
       4928;2024022817;   10;  0.00;eor
       4928;2024022818;   10;  0.00;eor
       4928;2024022819;   10;  0.00;eor
       4928;2024022820;   10;  0.00;eor
       4928;2024022903;   10;  0.00;eor
       4928;2024022904;   10;  0.00;eor
       4928;2024022905;   10;  0.00;eor
       4928;2024022906;   10;  0.00;eor
       4928;2024022907;   10;  0.00;eor
       4928;2024022908;   10; 55.00;eor
       4928;2024022909;   10; 60.00;eor
       4928;2024022910;   10; 60.00;eor
       4928;2024022911;   10; 60.00;eor
       4928;2024022912;   10; 60.00;eor
       4928;2024022913;   10; 60.00;eor
       4928;2024022914;   10; 60.00;eor
       4928;2024022915;   10; 60.00;eor
       4928;2024022916;   10; 60.00;eor
       4928;2024022917;   10; 30.00;eor
       4928;2024022918;   10;  0.00;eor
       4928;2024022919;   10;  0.00;eor
       4928;2024022920;   10;  0.00;eor
       4928;2024030103;   10;  0.00;eor
       4928;2024030104;   10;  0.00;eor
       4928;2024030105;   10;  0.00;eor
       4928;2024030106;   10;  0.00;eor
       4928;2024030107;   10;  0.00;eor
       4928;2024030108;   10;  0.00;eor
       4928;2024030109;   10;  0.00;eor
       4928;2024030110;   10;  0.00;eor
       4928;2024030111;   10;  0.00;eor
       4928;2024030112;   10; 20.00;eor
       4928;2024030113;   10;  9.00;eor
       4928;2024030114;   10;  0.00;eor
       4928;2024030115;   10;  0.00;eor
       4928;2024030116;   10;  5.00;eor
       4928;2024030117;   10;  0.00;eor
       4928;2024030118;   10;  0.00;eor
       4928;2024030119;   10;  0.00;eor
       4928;2024030120;   10;  0.00;eor
       4928;2024030203;   10;  0.00;eor
       4928;2024030204;   10;  0.00;eor
       4928;2024030205;   10;  0.00;eor
       4928;2024030206;   10;  0.00;eor
       4928;2024030207;   10;  0.00;eor
       4928;2024030208;   10; 29.00;eor
       4928;2024030209;   10; 26.00;eor
       4928;2024030210;   10; 60.00;eor
       4928;2024030211;   10; 60.00;eor
       4928;2024030212;   10; 60.00;eor
       4928;2024030213;   10; 60.00;eor
       4928;2024030214;   10; 60.00;eor
       4928;2024030215;   10; 60.00;eor
       4928;2024030216;   10; 45.00;eor
       4928;2024030217;   10;  0.00;eor
       4928;2024030218;   10;  0.00;eor
       4928;2024030219;   10;  0.00;eor
       4928;2024030220;   10;  0.00;eor
       4928;2024030303;   10;  0.00;eor
       4928;2024030304;   10;  0.00;eor
       4928;2024030305;   10;  0.00;eor
       4928;2024030306;   10;  0.00;eor
       4928;2024030307;   10;  0.00;eor
       4928;2024030308;   10; 57.00;eor
       4928;2024030309;   10; 31.00;eor
       4928;2024030310;   10;  5.00;eor
       4928;2024030311;   10; 60.00;eor
       4928;2024030312;   10; 60.00;eor
       4928;2024030313;   10; 60.00;eor
       4928;2024030314;   10; 60.00;eor
       4928;2024030315;   10; 46.00;eor
       4928;2024030316;   10; 35.00;eor
       4928;2024030317;   10; 39.00;eor
       4928;2024030318;   10;  0.00;eor
       4928;2024030319;   10;  0.00;eor
       4928;2024030320;   10;  0.00;eor
       4928;2024030403;   10;  0.00;eor
       4928;2024030404;   10;  0.00;eor
       4928;2024030405;   10;  0.00;eor
       4928;2024030406;   10;  0.00;eor
       4928;2024030407;   10;  0.00;eor
       4928;2024030408;   10;  0.00;eor
       4928;2024030409;   10;  0.00;eor
       4928;2024030410;   10;  0.00;eor
       4928;2024030411;   10;  0.00;eor
       4928;2024030412;   10;  0.00;eor
       4928;2024030413;   10;  0.00;eor
       4928;2024030414;   10;  0.00;eor
       4928;2024030415;   10;  0.00;eor
       4928;2024030416;   10;  0.00;eor
       4928;2024030417;   10;  0.00;eor
       4928;2024030418;   10;  0.00;eor
       4928;2024030419;   10;  0.00;eor
       4928;2024030420;   10;  0.00;eor
       4928;2024030503;   10;  0.00;eor
       4928;2024030504;   10;  0.00;eor
       4928;2024030505;   10;  0.00;eor
       4928;2024030506;   10;  0.00;eor
       4928;2024030507;   10;  0.00;eor
       4928;2024030508;   10;  0.00;eor
       4928;2024030509;   10;  0.00;eor
       4928;2024030510;   10;  0.00;eor
       4928;2024030511;   10;  0.00;eor
       4928;2024030512;   10;  0.00;eor
       4928;2024030513;   10;  0.00;eor
       4928;2024030514;   10;  0.00;eor
       4928;2024030515;   10;  5.00;eor
       4928;2024030516;   10;  0.00;eor
       4928;2024030517;   10;  0.00;eor
       4928;2024030518;   10;  0.00;eor
       4928;2024030519;   10;  0.00;eor
       4928;2024030520;   10;  0.00;eor
       4928;2024030603;   10;  0.00;eor
       4928;2024030604;   10;  0.00;eor
       4928;2024030605;   10;  0.00;eor
       4928;2024030606;   10;  0.00;eor
       4928;2024030607;   10;  0.00;eor
       4928;2024030608;   10;  0.00;eor
       4928;2024030609;   10;  0.00;eor
       4928;2024030610;   10;  0.00;eor
       4928;2024030611;   10;  0.00;eor
       4928;2024030612;   10;  0.00;eor
       4928;2024030613;   10;  0.00;eor
       4928;2024030614;   10;  0.00;eor
       4928;2024030615;   10;  0.00;eor
       4928;2024030616;   10;  0.00;eor
       4928;2024030617;   10;  0.00;eor
       4928;2024030618;   10;  0.00;eor
       4928;2024030619;   10;  0.00;eor
       4928;2024030620;   10;  0.00;eor
       4928;2024030703;   10;  0.00;eor
       4928;2024030704;   10;  0.00;eor
       4928;2024030705;   10;  0.00;eor
       4928;2024030706;   10;  0.00;eor
       4928;2024030707;   10;  1.00;eor
       4928;2024030708;   10; 60.00;eor
       4928;2024030709;   10; 14.00;eor
       4928;2024030710;   10;  9.00;eor
       4928;2024030711;   10; 52.00;eor
       4928;2024030712;   10;  1.00;eor
       4928;2024030713;   10;  3.00;eor
       4928;2024030714;   10;  0.00;eor
       4928;2024030715;   10;  0.00;eor
       4928;2024030716;   10;  0.00;eor
       4928;2024030717;   10;  0.00;eor
       4928;2024030718;   10;  0.00;eor
       4928;2024030719;   10;  0.00;eor
       4928;2024030720;   10;  0.00;eor
       4928;2024030803;   10;  0.00;eor
       4928;2024030804;   10;  0.00;eor
       4928;2024030805;   10;  0.00;eor
       4928;2024030806;   10;  0.00;eor
       4928;2024030807;   10;  0.00;eor
       4928;2024030808;   10;  0.00;eor
       4928;2024030809;   10;  0.00;eor
       4928;2024030810;   10;  0.00;eor
       4928;2024030811;   10;  0.00;eor
       4928;2024030812;   10;  7.00;eor
       4928;2024030813;   10; 57.00;eor
       4928;2024030814;   10; 60.00;eor
       4928;2024030815;   10; 60.00;eor
       4928;2024030816;   10; 60.00;eor
       4928;2024030817;   10; 54.00;eor
       4928;2024030818;   10;  0.00;eor
       4928;2024030819;   10;  0.00;eor
       4928;2024030820;   10;  0.00;eor
       4928;2024030903;   10;  0.00;eor
       4928;2024030904;   10;  0.00;eor
       4928;2024030905;   10;  0.00;eor
       4928;2024030906;   10;  0.00;eor
       4928;2024030907;   10;  7.00;eor
       4928;2024030908;   10; 60.00;eor
       4928;2024030909;   10; 60.00;eor
       4928;2024030910;   10; 60.00;eor
       4928;2024030911;   10; 60.00;eor
       4928;2024030912;   10; 60.00;eor
       4928;2024030913;   10; 60.00;eor
       4928;2024030914;   10; 57.00;eor
       4928;2024030915;   10; 26.00;eor
       4928;2024030916;   10;  0.00;eor
       4928;2024030917;   10;  0.00;eor
       4928;2024030918;   10;  0.00;eor
       4928;2024030919;   10;  0.00;eor
       4928;2024030920;   10;  0.00;eor
       4928;2024031003;   10;  0.00;eor
       4928;2024031004;   10;  0.00;eor
       4928;2024031005;   10;  0.00;eor
       4928;2024031006;   10;  0.00;eor
       4928;2024031007;   10;  0.00;eor
       4928;2024031008;   10;  0.00;eor
       4928;2024031009;   10; 13.00;eor
       4928;2024031010;   10; 13.00;eor
       4928;2024031011;   10;  0.00;eor
       4928;2024031012;   10;  0.00;eor
       4928;2024031013;   10;  0.00;eor
       4928;2024031014;   10;  0.00;eor
       4928;2024031015;   10;  0.00;eor
       4928;2024031016;   10;  0.00;eor
       4928;2024031017;   10;  0.00;eor
       4928;2024031018;   10;  0.00;eor
       4928;2024031019;   10;  0.00;eor
       4928;2024031020;   10;  0.00;eor
       4928;2024031103;   10;  0.00;eor
       4928;2024031104;   10;  0.00;eor
       4928;2024031105;   10;  0.00;eor
       4928;2024031106;   10;  0.00;eor
       4928;2024031107;   10; 11.00;eor
       4928;2024031108;   10; 60.00;eor
       4928;2024031109;   10; 60.00;eor
       4928;2024031110;   10; 60.00;eor
       4928;2024031111;   10; 47.00;eor
       4928;2024031112;   10; 57.00;eor
       4928;2024031113;   10; 10.00;eor
       4928;2024031114;   10;  0.00;eor
       4928;2024031115;   10; 32.00;eor
       4928;2024031116;   10; 19.00;eor
       4928;2024031117;   10;  3.00;eor
       4928;2024031118;   10;  5.00;eor
       4928;2024031119;   10;  0.00;eor
       4928;2024031120;   10;  0.00;eor
       4928;2024031203;   10;  0.00;eor
       4928;2024031204;   10;  0.00;eor
       4928;2024031205;   10;  0.00;eor
       4928;2024031206;   10;  0.00;eor
       4928;2024031207;   10;  0.00;eor
       4928;2024031208;   10;  0.00;eor
       4928;2024031209;   10;  0.00;eor
       4928;2024031210;   10;  0.00;eor
       4928;2024031211;   10;  0.00;eor
       4928;2024031212;   10;  0.00;eor
       4928;2024031213;   10;  0.00;eor
       4928;2024031214;   10;  0.00;eor
       4928;2024031215;   10;  0.00;eor
       4928;2024031216;   10;  0.00;eor
       4928;2024031217;   10;  0.00;eor
       4928;2024031218;   10;  0.00;eor
       4928;2024031219;   10;  0.00;eor
       4928;2024031220;   10;  0.00;eor
       4928;2024031303;   10;  0.00;eor
       4928;2024031304;   10;  0.00;eor
       4928;2024031305;   10;  0.00;eor
       4928;2024031306;   10;  0.00;eor
       4928;2024031307;   10;  0.00;eor
       4928;2024031308;   10;  0.00;eor
       4928;2024031309;   10;  0.00;eor
       4928;2024031310;   10;  0.00;eor
       4928;2024031311;   10;  0.00;eor
       4928;2024031312;   10;  0.00;eor
       4928;2024031313;   10;  0.00;eor
       4928;2024031314;   10;  0.00;eor
       4928;2024031315;   10;  0.00;eor
       4928;2024031316;   10;  0.00;eor
       4928;2024031317;   10;  0.00;eor
       4928;2024031318;   10;  2.00;eor
       4928;2024031319;   10;  0.00;eor
       4928;2024031320;   10;  0.00;eor
       4928;2024031403;   10;  0.00;eor
       4928;2024031404;   10;  0.00;eor
       4928;2024031405;   10;  0.00;eor
       4928;2024031406;   10;  0.00;eor
       4928;2024031407;   10;  0.00;eor
       4928;2024031408;   10;  0.00;eor
       4928;2024031409;   10; 48.00;eor
       4928;2024031410;   10; 60.00;eor
       4928;2024031411;   10; 54.00;eor
       4928;2024031412;   10; 57.00;eor
       4928;2024031413;   10; 60.00;eor
       4928;2024031414;   10; 60.00;eor
       4928;2024031415;   10; 59.00;eor
       4928;2024031416;   10; 56.00;eor
       4928;2024031417;   10; 42.00;eor
       4928;2024031418;   10;  0.00;eor
       4928;2024031419;   10;  0.00;eor
       4928;2024031420;   10;  0.00;eor
       4928;2024031503;   10;  0.00;eor
       4928;2024031504;   10;  0.00;eor
       4928;2024031505;   10;  0.00;eor
       4928;2024031506;   10;  0.00;eor
       4928;2024031507;   10; 12.00;eor
       4928;2024031508;   10; 60.00;eor
       4928;2024031509;   10; 60.00;eor
       4928;2024031510;   10; 56.00;eor
       4928;2024031511;   10;  7.00;eor
       4928;2024031512;   10;  0.00;eor
       4928;2024031513;   10; 27.00;eor
       4928;2024031514;   10; 15.00;eor
       4928;2024031515;   10;  8.00;eor
       4928;2024031516;   10; 16.00;eor
       4928;2024031517;   10;  6.00;eor
       4928;2024031518;   10;  8.00;eor
       4928;2024031519;   10;  0.00;eor
       4928;2024031520;   10;  0.00;eor
       4928;2024031603;   10;  0.00;eor
       4928;2024031604;   10;  0.00;eor
       4928;2024031605;   10;  0.00;eor
       4928;2024031606;   10;  0.00;eor
       4928;2024031607;   10;  0.00;eor
       4928;2024031608;   10;  0.00;eor
       4928;2024031609;   10;  0.00;eor
       4928;2024031610;   10; 25.00;eor
       4928;2024031611;   10; 29.00;eor
       4928;2024031612;   10; 42.00;eor
       4928;2024031613;   10; 49.00;eor
       4928;2024031614;   10; 56.00;eor
       4928;2024031615;   10; 54.00;eor
       4928;2024031616;   10;  2.00;eor
       4928;2024031617;   10;  0.00;eor
       4928;2024031618;   10;  0.00;eor
       4928;2024031619;   10;  0.00;eor
       4928;2024031620;   10;  0.00;eor
       4928;2024031703;   10;  0.00;eor
       4928;2024031704;   10;  0.00;eor
       4928;2024031705;   10;  0.00;eor
       4928;2024031706;   10;  0.00;eor
       4928;2024031707;   10;  6.00;eor
       4928;2024031708;   10; 30.00;eor
       4928;2024031709;   10; 21.00;eor
       4928;2024031710;   10; 32.00;eor
       4928;2024031711;   10; 40.00;eor
       4928;2024031712;   10; 31.00;eor
       4928;2024031713;   10; 44.00;eor
       4928;2024031714;   10;  1.00;eor
       4928;2024031715;   10; 32.00;eor
       4928;2024031716;   10; 37.00;eor
       4928;2024031717;   10;  0.00;eor
       4928;2024031718;   10;  0.00;eor
       4928;2024031719;   10;  0.00;eor
       4928;2024031720;   10;  0.00;eor
       4928;2024031803;   10;  0.00;eor
       4928;2024031804;   10;  0.00;eor
       4928;2024031805;   10;  0.00;eor
       4928;2024031806;   10;  0.00;eor
       4928;2024031807;   10;  0.00;eor
       4928;2024031808;   10;  0.00;eor
       4928;2024031809;   10;  0.00;eor
       4928;2024031810;   10;  0.00;eor
       4928;2024031811;   10;  0.00;eor
       4928;2024031812;   10;  0.00;eor
       4928;2024031813;   10;  0.00;eor
       4928;2024031814;   10;  0.00;eor
       4928;2024031815;   10;  3.00;eor
       4928;2024031816;   10;  8.00;eor
       4928;2024031817;   10; 31.00;eor
       4928;2024031818;   10;  1.00;eor
       4928;2024031819;   10;  0.00;eor
       4928;2024031820;   10;  0.00;eor
       4928;2024031903;   10;  0.00;eor
       4928;2024031904;   10;  0.00;eor
       4928;2024031905;   10;  0.00;eor
       4928;2024031906;   10;  0.00;eor
       4928;2024031907;   10;  0.00;eor
       4928;2024031908;   10; 31.00;eor
       4928;2024031909;   10; 39.00;eor
       4928;2024031910;   10; 11.00;eor
       4928;2024031911;   10; 48.00;eor
       4928;2024031912;   10; 59.00;eor
       4928;2024031913;   10; 48.00;eor
       4928;2024031914;   10; 49.00;eor
       4928;2024031915;   10; 58.00;eor
       4928;2024031916;   10; 60.00;eor
       4928;2024031917;   10; 60.00;eor
       4928;2024031918;   10; 31.00;eor
       4928;2024031919;   10;  0.00;eor
       4928;2024031920;   10;  0.00;eor
       4928;2024032003;   10;  0.00;eor
       4928;2024032004;   10;  0.00;eor
       4928;2024032005;   10;  0.00;eor
       4928;2024032006;   10;  9.00;eor
       4928;2024032007;   10; 58.00;eor
       4928;2024032008;   10; 60.00;eor
       4928;2024032009;   10; 60.00;eor
       4928;2024032010;   10; 60.00;eor
       4928;2024032011;   10; 60.00;eor
       4928;2024032012;   10; 60.00;eor
       4928;2024032013;   10; 60.00;eor
       4928;2024032014;   10; 60.00;eor
       4928;2024032015;   10; 60.00;eor
       4928;2024032016;   10; 60.00;eor
       4928;2024032017;   10; 45.00;eor
       4928;2024032018;   10;  0.00;eor
       4928;2024032019;   10;  0.00;eor
       4928;2024032020;   10;  0.00;eor
       4928;2024032103;   10;  0.00;eor
       4928;2024032104;   10;  0.00;eor
       4928;2024032105;   10;  0.00;eor
       4928;2024032106;   10;  0.00;eor
       4928;2024032107;   10;  0.00;eor
       4928;2024032108;   10;  0.00;eor
       4928;2024032109;   10;  8.00;eor
       4928;2024032110;   10; 12.00;eor
       4928;2024032111;   10; 40.00;eor
       4928;2024032112;   10; 46.00;eor
       4928;2024032113;   10; 50.00;eor
       4928;2024032114;   10; 34.00;eor
       4928;2024032115;   10; 24.00;eor
       4928;2024032116;   10; 16.00;eor
       4928;2024032117;   10; 29.00;eor
       4928;2024032118;   10;  0.00;eor
       4928;2024032119;   10;  0.00;eor
       4928;2024032120;   10;  0.00;eor
       4928;2024032203;   10;  0.00;eor
       4928;2024032204;   10;  0.00;eor
       4928;2024032205;   10;  0.00;eor
       4928;2024032206;   10;  6.00;eor
       4928;2024032207;   10; 38.00;eor
       4928;2024032208;   10; 60.00;eor
       4928;2024032209;   10; 55.00;eor
       4928;2024032210;   10; 31.00;eor
       4928;2024032211;   10; 57.00;eor
       4928;2024032212;   10; 60.00;eor
       4928;2024032213;   10; 13.00;eor
       4928;2024032214;   10;  3.00;eor
       4928;2024032215;   10;  0.00;eor
       4928;2024032216;   10;  0.00;eor
       4928;2024032217;   10;  4.00;eor
       4928;2024032218;   10; 11.00;eor
       4928;2024032219;   10;  0.00;eor
       4928;2024032220;   10;  0.00;eor
       4928;2024032303;   10;  0.00;eor
       4928;2024032304;   10;  0.00;eor
       4928;2024032305;   10;  0.00;eor
       4928;2024032306;   10;  0.00;eor
       4928;2024032307;   10;  0.00;eor
       4928;2024032308;   10;  0.00;eor
       4928;2024032309;   10;  4.00;eor
       4928;2024032310;   10; 16.00;eor
       4928;2024032311;   10;  9.00;eor
       4928;2024032312;   10; 21.00;eor
       4928;2024032313;   10; 13.00;eor
       4928;2024032314;   10; 48.00;eor
       4928;2024032315;   10; 22.00;eor
       4928;2024032316;   10; 41.00;eor
       4928;2024032317;   10; 28.00;eor
       4928;2024032318;   10;  0.00;eor
       4928;2024032319;   10;  0.00;eor
       4928;2024032320;   10;  0.00;eor
       4928;2024032403;   10;  0.00;eor
       4928;2024032404;   10;  0.00;eor
       4928;2024032405;   10;  0.00;eor
       4928;2024032406;   10;  5.00;eor
       4928;2024032407;   10; 16.00;eor
       4928;2024032408;   10; 28.00;eor
       4928;2024032409;   10; 35.00;eor
       4928;2024032410;   10;  2.00;eor
       4928;2024032411;   10;  0.00;eor
       4928;2024032412;   10;  0.00;eor
       4928;2024032413;   10;  0.00;eor
       4928;2024032414;   10;  9.00;eor
       4928;2024032415;   10; 31.00;eor
       4928;2024032416;   10; 10.00;eor
       4928;2024032417;   10; 22.00;eor
       4928;2024032418;   10;  0.00;eor
       4928;2024032419;   10;  0.00;eor
       4928;2024032420;   10;  0.00;eor
       4928;2024032503;   10;  0.00;eor
       4928;2024032504;   10;  0.00;eor
       4928;2024032505;   10;  0.00;eor
       4928;2024032506;   10;  0.00;eor
       4928;2024032507;   10; 30.00;eor
       4928;2024032508;   10; 57.00;eor
       4928;2024032509;   10; 55.00;eor
       4928;2024032510;   10; 48.00;eor
       4928;2024032511;   10; 56.00;eor
       4928;2024032512;   10; 40.00;eor
       4928;2024032513;   10; 46.00;eor
       4928;2024032514;   10; 60.00;eor
       4928;2024032515;   10; 60.00;eor
       4928;2024032516;   10; 60.00;eor
       4928;2024032517;   10; 60.00;eor
       4928;2024032518;   10; 42.00;eor
       4928;2024032519;   10;  0.00;eor
       4928;2024032520;   10;  0.00;eor
       4928;2024032603;   10;  0.00;eor
       4928;2024032604;   10;  0.00;eor
       4928;2024032605;   10;  0.00;eor
       4928;2024032606;   10;  0.00;eor
       4928;2024032607;   10;  0.00;eor
       4928;2024032608;   10;  0.00;eor
       4928;2024032609;   10;  5.00;eor
       4928;2024032610;   10; 46.00;eor
       4928;2024032611;   10; 60.00;eor
       4928;2024032612;   10; 59.00;eor
       4928;2024032613;   10; 58.00;eor
       4928;2024032614;   10; 60.00;eor
       4928;2024032615;   10; 60.00;eor
       4928;2024032616;   10; 60.00;eor
       4928;2024032617;   10; 60.00;eor
       4928;2024032618;   10; 23.00;eor
       4928;2024032619;   10;  0.00;eor
       4928;2024032620;   10;  0.00;eor
       4928;2024032703;   10;  0.00;eor
       4928;2024032704;   10;  0.00;eor
       4928;2024032705;   10;  0.00;eor
       4928;2024032706;   10;  0.00;eor
       4928;2024032707;   10;  0.00;eor
       4928;2024032710;   10; 59.00;eor
       4928;2024032711;   10; 48.00;eor
       4928;2024032712;   10; 21.00;eor
       4928;2024032813;   10; 49.00;eor
       4928;2024032814;   10; 39.00;eor
       4928;2024032815;   10; 23.00;eor
       4928;2024032816;   10; 58.00;eor
       4928;2024032817;   10; 56.00;eor
       4928;2024032818;   10; 40.00;eor
       4928;2024032819;   10;  0.00;eor
       4928;2024032820;   10;  0.00;eor
       4928;2024032903;   10;  0.00;eor
       4928;2024032904;   10;  0.00;eor
       4928;2024032905;   10;  0.00;eor
       4928;2024032906;   10;  0.00;eor
       4928;2024032907;   10;  0.00;eor
       4928;2024032908;   10;  0.00;eor
       4928;2024032909;   10;  0.00;eor
       4928;2024032910;   10;  0.00;eor
       4928;2024032911;   10;  0.00;eor
       4928;2024032912;   10;  1.00;eor
       4928;2024032913;   10;  3.00;eor
       4928;2024032914;   10; 45.00;eor
       4928;2024032915;   10; 60.00;eor
       4928;2024032916;   10; 57.00;eor
       4928;2024032917;   10; 13.00;eor
       4928;2024032918;   10;  0.00;eor
       4928;2024032919;   10;  0.00;eor
       4928;2024032920;   10;  0.00;eor
       4928;2024033003;   10;  0.00;eor
       4928;2024033004;   10;  0.00;eor
       4928;2024033005;   10;  0.00;eor
       4928;2024033006;   10;  0.00;eor
       4928;2024033007;   10; 15.00;eor
       4928;2024033008;   10;  0.00;eor
       4928;2024033009;   10;  0.00;eor
       4928;2024033010;   10;  0.00;eor
       4928;2024033011;   10;  0.00;eor
       4928;2024033012;   10;  0.00;eor
       4928;2024033013;   10;  0.00;eor
       4928;2024033014;   10;  0.00;eor
       4928;2024033015;   10;  0.00;eor
       4928;2024033016;   10;  0.00;eor
       4928;2024033017;   10;  0.00;eor
       4928;2024033018;   10;  0.00;eor
       4928;2024033019;   10;  0.00;eor
       4928;2024033020;   10;  0.00;eor
       4928;2024033103;   10;  0.00;eor
       4928;2024033104;   10;  0.00;eor
       4928;2024033105;   10;  0.00;eor
       4928;2024033106;   10;  0.00;eor
       4928;2024033107;   10; 27.00;eor
       4928;2024033108;   10; 59.00;eor
       4928;2024033109;   10; 58.00;eor
       4928;2024033110;   10; 56.00;eor
       4928;2024033111;   10; 56.00;eor
       4928;2024033112;   10;  9.00;eor
       4928;2024033113;   10; 39.00;eor
       4928;2024033114;   10; 39.00;eor
       4928;2024033115;   10; 60.00;eor
       4928;2024033116;   10; 35.00;eor
       4928;2024033117;   10;  1.00;eor
       4928;2024033118;   10;  9.00;eor
       4928;2024033119;   10;  0.00;eor
       4928;2024033120;   10;  0.00;eor
       4928;2024040103;   10;  0.00;eor
       4928;2024040104;   10;  0.00;eor
       4928;2024040105;   10;  0.00;eor
       4928;2024040106;   10;  0.00;eor
       4928;2024040107;   10;  0.00;eor
       4928;2024040108;   10;  0.00;eor
       4928;2024040109;   10;  0.00;eor
       4928;2024040110;   10;  0.00;eor
       4928;2024040111;   10;  0.00;eor
       4928;2024040112;   10;  0.00;eor
       4928;2024040113;   10;  4.00;eor
       4928;2024040114;   10; 36.00;eor
       4928;2024040115;   10; 49.00;eor
       4928;2024040116;   10;  0.00;eor
       4928;2024040117;   10;  0.00;eor
       4928;2024040118;   10;  2.00;eor
       4928;2024040119;   10;  0.00;eor
       4928;2024040120;   10;  0.00;eor
       4928;2024040203;   10;  0.00;eor
       4928;2024040204;   10;  0.00;eor
       4928;2024040205;   10;  0.00;eor
       4928;2024040206;   10; 10.00;eor
       4928;2024040207;   10; 40.00;eor
       4928;2024040208;   10; 37.00;eor
       4928;2024040209;   10; 42.00;eor
       4928;2024040210;   10; 45.00;eor
       4928;2024040211;   10; 31.00;eor
       4928;2024040212;   10; 35.00;eor
       4928;2024040213;   10; 38.00;eor
       4928;2024040214;   10; 57.00;eor
       4928;2024040215;   10; 47.00;eor
       4928;2024040216;   10; 56.00;eor
       4928;2024040217;   10; 29.00;eor
       4928;2024040218;   10; 27.00;eor
       4928;2024040219;   10;  0.00;eor
       4928;2024040220;   10;  0.00;eor
       4928;2024040303;   10;  0.00;eor
       4928;2024040304;   10;  0.00;eor
       4928;2024040305;   10;  0.00;eor
       4928;2024040306;   10;  0.00;eor
       4928;2024040307;   10;  0.00;eor
       4928;2024040308;   10;  0.00;eor
       4928;2024040309;   10;  0.00;eor
       4928;2024040310;   10; 10.00;eor
       4928;2024040311;   10;  9.00;eor
       4928;2024040312;   10;  0.00;eor
       4928;2024040313;   10;  0.00;eor
       4928;2024040314;   10;  0.00;eor
       4928;2024040315;   10;  0.00;eor
       4928;2024040316;   10;  0.00;eor
       4928;2024040317;   10; 16.00;eor
       4928;2024040318;   10; 22.00;eor
       4928;2024040319;   10;  0.00;eor
       4928;2024040320;   10;  0.00;eor
       4928;2024040403;   10;  0.00;eor
       4928;2024040404;   10;  0.00;eor
       4928;2024040405;   10;  0.00;eor
       4928;2024040406;   10;  0.00;eor
       4928;2024040407;   10; 30.00;eor
       4928;2024040408;   10; 29.00;eor
       4928;2024040409;   10;  0.00;eor
       4928;2024040410;   10;  0.00;eor
       4928;2024040411;   10;  0.00;eor
       4928;2024040412;   10;  0.00;eor
       4928;2024040413;   10; 36.00;eor
       4928;2024040414;   10; 21.00;eor
       4928;2024040415;   10; 26.00;eor
       4928;2024040416;   10; 28.00;eor
       4928;2024040417;   10; 22.00;eor
       4928;2024040418;   10;  0.00;eor
       4928;2024040419;   10;  0.00;eor
       4928;2024040420;   10;  0.00;eor
       4928;2024040503;   10;  0.00;eor
       4928;2024040504;   10;  0.00;eor
       4928;2024040505;   10;  0.00;eor
       4928;2024040506;   10;  4.00;eor
       4928;2024040507;   10; 60.00;eor
       4928;2024040508;   10; 51.00;eor
       4928;2024040509;   10; 50.00;eor
       4928;2024040510;   10; 60.00;eor
       4928;2024040511;   10; 60.00;eor
       4928;2024040512;   10;  1.00;eor
       4928;2024040513;   10; 20.00;eor
       4928;2024040514;   10;  0.00;eor
       4928;2024040515;   10;  0.00;eor
       4928;2024040516;   10;  0.00;eor
       4928;2024040517;   10;  0.00;eor
       4928;2024040518;   10;  1.00;eor
       4928;2024040519;   10;  0.00;eor
       4928;2024040520;   10;  0.00;eor
       4928;2024040603;   10;  0.00;eor
       4928;2024040604;   10;  0.00;eor
       4928;2024040605;   10;  0.00;eor
       4928;2024040606;   10; 22.00;eor
       4928;2024040607;   10; 60.00;eor
       4928;2024040608;   10; 60.00;eor
       4928;2024040609;   10; 60.00;eor
       4928;2024040610;   10; 60.00;eor
       4928;2024040611;   10; 60.00;eor
       4928;2024040612;   10; 60.00;eor
       4928;2024040613;   10; 60.00;eor
       4928;2024040614;   10; 60.00;eor
       4928;2024040615;   10; 60.00;eor
       4928;2024040616;   10; 60.00;eor
       4928;2024040617;   10; 21.00;eor
       4928;2024040618;   10;  0.00;eor
       4928;2024040619;   10;  0.00;eor
       4928;2024040620;   10;  0.00;eor
       4928;2024040703;   10;  0.00;eor
       4928;2024040704;   10;  0.00;eor
       4928;2024040705;   10;  0.00;eor
       4928;2024040706;   10;  0.00;eor
       4928;2024040707;   10;  3.00;eor
       4928;2024040708;   10; 41.00;eor
       4928;2024040709;   10; 30.00;eor
       4928;2024040710;   10; 53.00;eor
       4928;2024040711;   10; 57.00;eor
       4928;2024040712;   10; 60.00;eor
       4928;2024040713;   10; 60.00;eor
       4928;2024040714;   10; 50.00;eor
       4928;2024040715;   10; 54.00;eor
       4928;2024040716;   10; 55.00;eor
       4928;2024040717;   10; 16.00;eor
       4928;2024040718;   10;  0.00;eor
       4928;2024040719;   10;  0.00;eor
       4928;2024040720;   10;  0.00;eor
       4928;2024040803;   10;  0.00;eor
       4928;2024040804;   10;  0.00;eor
       4928;2024040805;   10;  0.00;eor
       4928;2024040806;   10;  0.00;eor
       4928;2024040807;   10; 34.00;eor
       4928;2024040808;   10; 60.00;eor
       4928;2024040809;   10; 60.00;eor
       4928;2024040810;   10; 60.00;eor
       4928;2024040811;   10; 60.00;eor
       4928;2024040812;   10; 47.00;eor
       4928;2024040813;   10; 56.00;eor
       4928;2024040814;   10; 59.00;eor
       4928;2024040815;   10; 36.00;eor
       4928;2024040816;   10;  0.00;eor
       4928;2024040817;   10; 14.00;eor
       4928;2024040818;   10;  0.00;eor
       4928;2024040819;   10;  0.00;eor
       4928;2024040820;   10;  0.00;eor
       4928;2024040903;   10;  0.00;eor
       4928;2024040904;   10;  0.00;eor
       4928;2024040905;   10;  0.00;eor
       4928;2024040906;   10;  0.00;eor
       4928;2024040907;   10; 21.00;eor
       4928;2024040908;   10; 27.00;eor
       4928;2024040909;   10;  0.00;eor
       4928;2024040910;   10;  0.00;eor
       4928;2024040911;   10;  0.00;eor
       4928;2024040912;   10;  0.00;eor
       4928;2024040913;   10;  0.00;eor
       4928;2024040914;   10;  0.00;eor
       4928;2024040915;   10;  0.00;eor
       4928;2024040916;   10;  0.00;eor
       4928;2024040917;   10;  0.00;eor
       4928;2024040918;   10;  0.00;eor
       4928;2024040919;   10;  0.00;eor
       4928;2024040920;   10;  0.00;eor
       4928;2024041003;   10;  0.00;eor
       4928;2024041004;   10;  0.00;eor
       4928;2024041005;   10;  0.00;eor
       4928;2024041006;   10; 14.00;eor
       4928;2024041007;   10;  2.00;eor
       4928;2024041008;   10;  0.00;eor
       4928;2024041009;   10; 42.00;eor
       4928;2024041010;   10; 44.00;eor
       4928;2024041011;   10; 33.00;eor
       4928;2024041012;   10; 59.00;eor
       4928;2024041013;   10; 55.00;eor
       4928;2024041014;   10; 27.00;eor
       4928;2024041015;   10; 57.00;eor
       4928;2024041016;   10; 30.00;eor
       4928;2024041017;   10; 60.00;eor
       4928;2024041018;   10; 60.00;eor
       4928;2024041019;   10;  6.00;eor
       4928;2024041020;   10;  0.00;eor
       4928;2024041103;   10;  0.00;eor
       4928;2024041104;   10;  0.00;eor
       4928;2024041105;   10;  0.00;eor
       4928;2024041106;   10; 21.00;eor
       4928;2024041107;   10; 60.00;eor
       4928;2024041108;   10; 60.00;eor
       4928;2024041109;   10; 60.00;eor
       4928;2024041110;   10; 60.00;eor
       4928;2024041111;   10; 60.00;eor
       4928;2024041112;   10; 60.00;eor
       4928;2024041113;   10; 60.00;eor
       4928;2024041114;   10; 60.00;eor
       4928;2024041115;   10; 40.00;eor
       4928;2024041116;   10; 21.00;eor
       4928;2024041117;   10; 60.00;eor
       4928;2024041118;   10; 41.00;eor
       4928;2024041119;   10;  0.00;eor
       4928;2024041120;   10;  0.00;eor
       4928;2024041203;   10;  0.00;eor
       4928;2024041204;   10;  0.00;eor
       4928;2024041205;   10;  0.00;eor
       4928;2024041206;   10; 12.00;eor
       4928;2024041207;   10; 60.00;eor
       4928;2024041208;   10; 60.00;eor
       4928;2024041209;   10; 60.00;eor
       4928;2024041210;   10; 60.00;eor
       4928;2024041211;   10; 60.00;eor
       4928;2024041212;   10; 60.00;eor
       4928;2024041213;   10; 60.00;eor
       4928;2024041214;   10; 60.00;eor
       4928;2024041215;   10; 60.00;eor
       4928;2024041216;   10; 60.00;eor
       4928;2024041217;   10; 60.00;eor
       4928;2024041218;   10; 47.00;eor
       4928;2024041219;   10;  0.00;eor
       4928;2024041220;   10;  0.00;eor
       4928;2024041303;   10;  0.00;eor
       4928;2024041304;   10;  0.00;eor
       4928;2024041305;   10;  0.00;eor
       4928;2024041306;   10; 12.00;eor
       4928;2024041307;   10; 60.00;eor
       4928;2024041308;   10; 60.00;eor
       4928;2024041309;   10; 60.00;eor
       4928;2024041310;   10; 60.00;eor
       4928;2024041311;   10; 60.00;eor
       4928;2024041312;   10; 60.00;eor
       4928;2024041313;   10; 60.00;eor
       4928;2024041314;   10; 60.00;eor
       4928;2024041315;   10; 60.00;eor
       4928;2024041316;   10; 60.00;eor
       4928;2024041317;   10; 60.00;eor
       4928;2024041318;   10; 36.00;eor
       4928;2024041319;   10;  0.00;eor
       4928;2024041320;   10;  0.00;eor
       4928;2024041403;   10;  0.00;eor
       4928;2024041404;   10;  0.00;eor
       4928;2024041405;   10;  0.00;eor
       4928;2024041406;   10; 21.00;eor
       4928;2024041407;   10; 60.00;eor
       4928;2024041408;   10; 60.00;eor
       4928;2024041409;   10; 60.00;eor
       4928;2024041410;   10; 60.00;eor
       4928;2024041411;   10; 60.00;eor
       4928;2024041412;   10; 59.00;eor
       4928;2024041413;   10; 53.00;eor
       4928;2024041414;   10; 60.00;eor
       4928;2024041415;   10; 60.00;eor
       4928;2024041416;   10; 60.00;eor
       4928;2024041417;   10; 47.00;eor
       4928;2024041418;   10; 14.00;eor
       4928;2024041419;   10;  0.00;eor
       4928;2024041420;   10;  0.00;eor
       4928;2024041503;   10;  0.00;eor
       4928;2024041504;   10;  0.00;eor
       4928;2024041505;   10;  0.00;eor
       4928;2024041506;   10;  0.00;eor
       4928;2024041507;   10;  0.00;eor
       4928;2024041508;   10;  0.00;eor
       4928;2024041509;   10;  0.00;eor
       4928;2024041510;   10;  6.00;eor
       4928;2024041511;   10;  6.00;eor
       4928;2024041512;   10;  2.00;eor
       4928;2024041513;   10; 13.00;eor
       4928;2024041514;   10; 16.00;eor
       4928;2024041515;   10; 29.00;eor
       4928;2024041516;   10;  9.00;eor
       4928;2024041517;   10;  1.00;eor
       4928;2024041518;   10;  8.00;eor
       4928;2024041519;   10;  0.00;eor
       4928;2024041520;   10;  0.00;eor
       4928;2024041603;   10;  0.00;eor
       4928;2024041604;   10;  0.00;eor
       4928;2024041605;   10;  0.00;eor
       4928;2024041606;   10;  4.00;eor
       4928;2024041607;   10; 18.00;eor
       4928;2024041608;   10; 22.00;eor
       4928;2024041609;   10; 33.00;eor
       4928;2024041610;   10; 22.00;eor
       4928;2024041611;   10;  1.00;eor
       4928;2024041612;   10; 10.00;eor
       4928;2024041613;   10; 18.00;eor
       4928;2024041614;   10; 37.00;eor
       4928;2024041615;   10; 48.00;eor
       4928;2024041616;   10; 35.00;eor
       4928;2024041617;   10; 27.00;eor
       4928;2024041618;   10; 14.00;eor
       4928;2024041619;   10;  0.00;eor
       4928;2024041620;   10;  0.00;eor
       4928;2024041703;   10;  0.00;eor
       4928;2024041704;   10;  0.00;eor
       4928;2024041705;   10;  0.00;eor
       4928;2024041706;   10;  0.00;eor
       4928;2024041707;   10;  0.00;eor
       4928;2024041708;   10;  0.00;eor
       4928;2024041709;   10;  0.00;eor
       4928;2024041710;   10;  0.00;eor
       4928;2024041711;   10;  5.00;eor
       4928;2024041712;   10; 30.00;eor
       4928;2024041713;   10; 34.00;eor
       4928;2024041714;   10; 60.00;eor
       4928;2024041715;   10; 51.00;eor
       4928;2024041716;   10; 29.00;eor
       4928;2024041717;   10; 14.00;eor
       4928;2024041718;   10;  0.00;eor
       4928;2024041719;   10;  0.00;eor
       4928;2024041720;   10;  0.00;eor
       4928;2024041803;   10;  0.00;eor
       4928;2024041804;   10;  0.00;eor
       4928;2024041805;   10;  0.00;eor
       4928;2024041806;   10;  0.00;eor
       4928;2024041807;   10;  0.00;eor
       4928;2024041808;   10;  0.00;eor
       4928;2024041809;   10;  0.00;eor
       4928;2024041810;   10; 44.00;eor
       4928;2024041811;   10;  4.00;eor
       4928;2024041812;   10; 30.00;eor
       4928;2024041813;   10; 25.00;eor
       4928;2024041814;   10; 13.00;eor
       4928;2024041815;   10; 11.00;eor
       4928;2024041816;   10;  1.00;eor
       4928;2024041817;   10; 42.00;eor
       4928;2024041818;   10; 20.00;eor
       4928;2024041819;   10; 15.00;eor
       4928;2024041820;   10;  0.00;eor
       4928;2024041903;   10;  0.00;eor
       4928;2024041904;   10;  0.00;eor
       4928;2024041905;   10;  0.00;eor
       4928;2024041906;   10;  0.00;eor
       4928;2024041907;   10;  0.00;eor
       4928;2024041908;   10;  0.00;eor
       4928;2024041909;   10;  0.00;eor
       4928;2024041910;   10;  0.00;eor
       4928;2024041911;   10;  0.00;eor
       4928;2024041912;   10;  0.00;eor
       4928;2024041913;   10;  0.00;eor
       4928;2024041914;   10;  0.00;eor
       4928;2024041915;   10;  0.00;eor
       4928;2024041916;   10;  0.00;eor
       4928;2024041917;   10;  0.00;eor
       4928;2024041918;   10;  0.00;eor
       4928;2024041919;   10;  0.00;eor
       4928;2024041920;   10;  0.00;eor
       4928;2024042003;   10;  0.00;eor
       4928;2024042004;   10;  0.00;eor
       4928;2024042005;   10;  0.00;eor
       4928;2024042006;   10;  0.00;eor
       4928;2024042007;   10; 48.00;eor
       4928;2024042008;   10; 27.00;eor
       4928;2024042009;   10; 25.00;eor
       4928;2024042010;   10; 19.00;eor
       4928;2024042011;   10; 30.00;eor
       4928;2024042012;   10;  0.00;eor
       4928;2024042013;   10;  9.00;eor
       4928;2024042014;   10; 32.00;eor
       4928;2024042015;   10; 27.00;eor
       4928;2024042016;   10; 12.00;eor
       4928;2024042017;   10; 31.00;eor
       4928;2024042018;   10;  0.00;eor
       4928;2024042019;   10;  0.00;eor
       4928;2024042020;   10;  0.00;eor
       4928;2024042103;   10;  0.00;eor
       4928;2024042104;   10;  0.00;eor
       4928;2024042105;   10;  0.00;eor
       4928;2024042106;   10;  0.00;eor
       4928;2024042107;   10;  0.00;eor
       4928;2024042108;   10;  0.00;eor
       4928;2024042109;   10;  0.00;eor
       4928;2024042110;   10; 13.00;eor
       4928;2024042111;   10; 28.00;eor
       4928;2024042112;   10; 31.00;eor
       4928;2024042113;   10; 24.00;eor
       4928;2024042114;   10; 33.00;eor
       4928;2024042115;   10; 21.00;eor
       4928;2024042116;   10; 26.00;eor
       4928;2024042117;   10;  2.00;eor
       4928;2024042118;   10;  0.00;eor
       4928;2024042119;   10;  0.00;eor
       4928;2024042120;   10;  0.00;eor
       4928;2024042203;   10;  0.00;eor
       4928;2024042204;   10;  0.00;eor
       4928;2024042205;   10; 13.00;eor
       4928;2024042206;   10; 58.00;eor
       4928;2024042207;   10; 19.00;eor
       4928;2024042208;   10; 26.00;eor
       4928;2024042209;   10; 57.00;eor
       4928;2024042210;   10; 43.00;eor
       4928;2024042211;   10; 30.00;eor
       4928;2024042212;   10; 21.00;eor
       4928;2024042213;   10; 20.00;eor
       4928;2024042214;   10; 51.00;eor
       4928;2024042215;   10;  1.00;eor
       4928;2024042216;   10; 25.00;eor
       4928;2024042217;   10;  0.00;eor
       4928;2024042218;   10;  8.00;eor
       4928;2024042219;   10; 12.00;eor
       4928;2024042220;   10;  0.00;eor
       4928;2024042303;   10;  0.00;eor
       4928;2024042304;   10;  0.00;eor
       4928;2024042305;   10; 16.00;eor
       4928;2024042306;   10; 60.00;eor
       4928;2024042307;   10; 60.00;eor
       4928;2024042308;   10; 60.00;eor
       4928;2024042309;   10; 60.00;eor
       4928;2024042310;   10; 55.00;eor
       4928;2024042311;   10; 55.00;eor
       4928;2024042312;   10; 27.00;eor
       4928;2024042313;   10; 23.00;eor
       4928;2024042314;   10; 12.00;eor
       4928;2024042315;   10;  0.00;eor
       4928;2024042316;   10;  0.00;eor
       4928;2024042317;   10;  0.00;eor
       4928;2024042318;   10;  0.00;eor
       4928;2024042319;   10;  4.00;eor
       4928;2024042320;   10;  0.00;eor
       4928;2024042403;   10;  0.00;eor
       4928;2024042404;   10;  0.00;eor
       4928;2024042405;   10;  0.00;eor
       4928;2024042406;   10; 38.00;eor
       4928;2024042407;   10; 47.00;eor
       4928;2024042408;   10;  0.00;eor
       4928;2024042409;   10;  0.00;eor
       4928;2024042410;   10;  0.00;eor
       4928;2024042411;   10;  0.00;eor
       4928;2024042412;   10;  0.00;eor
       4928;2024042413;   10;  6.00;eor
       4928;2024042414;   10;  0.00;eor
       4928;2024042415;   10; 24.00;eor
       4928;2024042416;   10; 32.00;eor
       4928;2024042417;   10;  0.00;eor
       4928;2024042418;   10; 39.00;eor
       4928;2024042419;   10; 21.00;eor
       4928;2024042420;   10;  0.00;eor
       4928;2024042503;   10;  0.00;eor
       4928;2024042504;   10;  0.00;eor
       4928;2024042505;   10;  0.00;eor
       4928;2024042506;   10;  0.00;eor
       4928;2024042507;   10;  0.00;eor
       4928;2024042508;   10;  0.00;eor
       4928;2024042509;   10;  0.00;eor
       4928;2024042510;   10;  2.00;eor
       4928;2024042511;   10; 10.00;eor
       4928;2024042512;   10; 14.00;eor
       4928;2024042513;   10;  1.00;eor
       4928;2024042514;   10;  6.00;eor
       4928;2024042515;   10; 12.00;eor
       4928;2024042516;   10; 31.00;eor
       4928;2024042517;   10; 37.00;eor
       4928;2024042518;   10;  5.00;eor
       4928;2024042519;   10;  4.00;eor
       4928;2024042520;   10;  0.00;eor
       4928;2024042603;   10;  0.00;eor
       4928;2024042604;   10;  0.00;eor
       4928;2024042605;   10; 14.00;eor
       4928;2024042606;   10;  0.00;eor
       4928;2024042607;   10;  0.00;eor
       4928;2024042608;   10;  4.00;eor
       4928;2024042609;   10; 40.00;eor
       4928;2024042610;   10; 12.00;eor
       4928;2024042611;   10;  2.00;eor
       4928;2024042612;   10;  4.00;eor
       4928;2024042613;   10;  9.00;eor
       4928;2024042614;   10; 26.00;eor
       4928;2024042615;   10; 13.00;eor
       4928;2024042616;   10;  7.00;eor
       4928;2024042617;   10; 29.00;eor
       4928;2024042618;   10; 28.00;eor
       4928;2024042619;   10;  0.00;eor
       4928;2024042620;   10;  0.00;eor
       4928;2024042703;   10;  0.00;eor
       4928;2024042704;   10;  0.00;eor
       4928;2024042705;   10; 25.00;eor
       4928;2024042706;   10; 24.00;eor
       4928;2024042707;   10; 40.00;eor
       4928;2024042708;   10; 59.00;eor
       4928;2024042709;   10; 58.00;eor
       4928;2024042710;   10; 60.00;eor
       4928;2024042711;   10; 60.00;eor
       4928;2024042712;   10; 60.00;eor
       4928;2024042713;   10; 60.00;eor
       4928;2024042714;   10; 55.00;eor
       4928;2024042715;   10; 50.00;eor
       4928;2024042716;   10; 60.00;eor
       4928;2024042717;   10; 59.00;eor
       4928;2024042718;   10; 60.00;eor
       4928;2024042719;   10;  2.00;eor
       4928;2024042720;   10;  0.00;eor
       4928;2024042803;   10;  0.00;eor
       4928;2024042804;   10;  0.00;eor
       4928;2024042805;   10;  0.00;eor
       4928;2024042806;   10;  0.00;eor
       4928;2024042807;   10;  0.00;eor
       4928;2024042808;   10;  0.00;eor
       4928;2024042809;   10;  0.00;eor
       4928;2024042810;   10;  0.00;eor
       4928;2024042811;   10; 39.00;eor
       4928;2024042812;   10; 53.00;eor
       4928;2024042813;   10; 42.00;eor
       4928;2024042814;   10; 17.00;eor
       4928;2024042815;   10;  0.00;eor
       4928;2024042816;   10;  0.00;eor
       4928;2024042817;   10;  0.00;eor
       4928;2024042818;   10;  0.00;eor
       4928;2024042819;   10;  0.00;eor
       4928;2024042820;   10;  0.00;eor
       4928;2024042903;   10;  0.00;eor
       4928;2024042904;   10;  0.00;eor
       4928;2024042905;   10;  0.00;eor
       4928;2024042906;   10;  0.00;eor
       4928;2024042907;   10;  0.00;eor
       4928;2024042908;   10;  6.00;eor
       4928;2024042909;   10; 28.00;eor
       4928;2024042910;   10; 60.00;eor
       4928;2024042911;   10; 60.00;eor
       4928;2024042912;   10; 60.00;eor
       4928;2024042913;   10; 60.00;eor
       4928;2024042914;   10; 60.00;eor
       4928;2024042915;   10; 59.00;eor
       4928;2024042916;   10; 60.00;eor
       4928;2024042917;   10; 31.00;eor
       4928;2024042918;   10; 18.00;eor
       4928;2024042919;   10;  0.00;eor
       4928;2024042920;   10;  0.00;eor
       4928;2024043003;   10;  0.00;eor
       4928;2024043004;   10;  0.00;eor
       4928;2024043005;   10;  9.00;eor
       4928;2024043006;   10; 60.00;eor
       4928;2024043007;   10; 60.00;eor
       4928;2024043008;   10; 60.00;eor
       4928;2024043009;   10; 60.00;eor
       4928;2024043010;   10; 60.00;eor
       4928;2024043011;   10; 60.00;eor
       4928;2024043012;   10; 60.00;eor
       4928;2024043013;   10; 60.00;eor
       4928;2024043014;   10; 60.00;eor
       4928;2024043015;   10; 60.00;eor
       4928;2024043016;   10; 60.00;eor
       4928;2024043017;   10; 16.00;eor
       4928;2024043018;   10;  0.00;eor
       4928;2024043019;   10;  0.00;eor
       4928;2024043020;   10;  0.00;eor
       4928;2024050103;   10;  0.00;eor
       4928;2024050104;   10;  0.00;eor
       4928;2024050105;   10;  4.00;eor
       4928;2024050106;   10; 60.00;eor
       4928;2024050107;   10; 60.00;eor
       4928;2024050108;   10; 60.00;eor
       4928;2024050109;   10; 60.00;eor
       4928;2024050110;   10; 60.00;eor
       4928;2024050111;   10; 60.00;eor
       4928;2024050112;   10; 60.00;eor
       4928;2024050113;   10; 60.00;eor
       4928;2024050114;   10; 60.00;eor
       4928;2024050115;   10; 60.00;eor
       4928;2024050116;   10; 53.00;eor
       4928;2024050117;   10; 60.00;eor
       4928;2024050118;   10; 60.00;eor
       4928;2024050119;   10; 20.00;eor
       4928;2024050120;   10;  0.00;eor
       4928;2024050203;   10;  0.00;eor
       4928;2024050204;   10;  0.00;eor
       4928;2024050205;   10;  0.00;eor
       4928;2024050206;   10; 14.00;eor
       4928;2024050207;   10; 38.00;eor
       4928;2024050208;   10; 60.00;eor
       4928;2024050209;   10; 59.00;eor
       4928;2024050210;   10; 52.00;eor
       4928;2024050211;   10;  7.00;eor
       4928;2024050212;   10; 18.00;eor
       4928;2024050213;   10; 53.00;eor
       4928;2024050214;   10;  6.00;eor
       4928;2024050215;   10; 22.00;eor
       4928;2024050216;   10; 11.00;eor
       4928;2024050217;   10;  0.00;eor
       4928;2024050218;   10;  0.00;eor
       4928;2024050219;   10;  0.00;eor
       4928;2024050220;   10;  0.00;eor
       4928;2024050303;   10;  0.00;eor
       4928;2024050304;   10;  0.00;eor
       4928;2024050305;   10;  0.00;eor
       4928;2024050306;   10;  2.00;eor
       4928;2024050307;   10;  0.00;eor
       4928;2024050308;   10;  0.00;eor
       4928;2024050309;   10; 18.00;eor
       4928;2024050310;   10; 10.00;eor
       4928;2024050311;   10;  2.00;eor
       4928;2024050312;   10;  0.00;eor
       4928;2024050313;   10;  2.00;eor
       4928;2024050314;   10;  3.00;eor
       4928;2024050315;   10; 10.00;eor
       4928;2024050316;   10; 14.00;eor
       4928;2024050317;   10; 28.00;eor
       4928;2024050318;   10;  0.00;eor
       4928;2024050319;   10;  5.00;eor
       4928;2024050320;   10;  0.00;eor
       4928;2024050403;   10;  0.00;eor
       4928;2024050404;   10;  0.00;eor
       4928;2024050405;   10;  0.00;eor
       4928;2024050406;   10;  0.00;eor
       4928;2024050407;   10; 14.00;eor
       4928;2024050408;   10;  0.00;eor
       4928;2024050409;   10; 41.00;eor
       4928;2024050410;   10; 14.00;eor
       4928;2024050411;   10; 31.00;eor
       4928;2024050412;   10; 33.00;eor
       4928;2024050413;   10; 49.00;eor
       4928;2024050414;   10; 50.00;eor
       4928;2024050415;   10; 51.00;eor
       4928;2024050416;   10; 30.00;eor
       4928;2024050417;   10; 16.00;eor
       4928;2024050418;   10; 31.00;eor
       4928;2024050419;   10;  0.00;eor
       4928;2024050420;   10;  0.00;eor
       4928;2024050503;   10;  0.00;eor
       4928;2024050504;   10;  0.00;eor
       4928;2024050505;   10;  0.00;eor
       4928;2024050506;   10;  0.00;eor
       4928;2024050507;   10;  1.00;eor
       4928;2024050508;   10; 33.00;eor
       4928;2024050509;   10; 32.00;eor
       4928;2024050510;   10; 24.00;eor
       4928;2024050511;   10;  6.00;eor
       4928;2024050512;   10; 19.00;eor
       4928;2024050513;   10; 32.00;eor
       4928;2024050514;   10; 32.00;eor
       4928;2024050515;   10; 22.00;eor
       4928;2024050516;   10; 35.00;eor
       4928;2024050517;   10; 24.00;eor
       4928;2024050518;   10;  4.00;eor
       4928;2024050519;   10;  0.00;eor
       4928;2024050520;   10;  0.00;eor
       4928;2024050603;   10;  0.00;eor
       4928;2024050604;   10;  0.00;eor
       4928;2024050605;   10;  0.00;eor
       4928;2024050606;   10;  0.00;eor
       4928;2024050607;   10;  0.00;eor
       4928;2024050608;   10;  0.00;eor
       4928;2024050609;   10;  0.00;eor
       4928;2024050610;   10;  0.00;eor
       4928;2024050611;   10;  0.00;eor
       4928;2024050612;   10;  0.00;eor
       4928;2024050613;   10;  0.00;eor
       4928;2024050614;   10;  0.00;eor
       4928;2024050615;   10;  0.00;eor
       4928;2024050616;   10;  0.00;eor
       4928;2024050617;   10;  0.00;eor
       4928;2024050618;   10;  0.00;eor
       4928;2024050619;   10;  0.00;eor
       4928;2024050620;   10;  0.00;eor
       4928;2024050703;   10;  0.00;eor
       4928;2024050704;   10;  0.00;eor
       4928;2024050705;   10;  6.00;eor
       4928;2024050706;   10; 14.00;eor
       4928;2024050707;   10; 59.00;eor
       4928;2024050708;   10; 59.00;eor
       4928;2024050709;   10; 20.00;eor
       4928;2024050710;   10;  0.00;eor
       4928;2024050711;   10; 20.00;eor
       4928;2024050712;   10;  0.00;eor
       4928;2024050713;   10; 15.00;eor
       4928;2024050714;   10; 11.00;eor
       4928;2024050715;   10;  0.00;eor
       4928;2024050716;   10;  0.00;eor
       4928;2024050717;   10;  0.00;eor
       4928;2024050718;   10;  0.00;eor
       4928;2024050719;   10;  0.00;eor
       4928;2024050720;   10;  0.00;eor
       4928;2024050803;   10;  0.00;eor
       4928;2024050804;   10;  0.00;eor
       4928;2024050805;   10;  0.00;eor
       4928;2024050806;   10;  0.00;eor
       4928;2024050807;   10;  4.00;eor
       4928;2024050808;   10;  2.00;eor
       4928;2024050809;   10;  6.00;eor
       4928;2024050810;   10;  0.00;eor
       4928;2024050811;   10;  0.00;eor
       4928;2024050812;   10;  0.00;eor
       4928;2024050813;   10;  7.00;eor
       4928;2024050814;   10;  3.00;eor
       4928;2024050815;   10;  2.00;eor
       4928;2024050816;   10;  0.00;eor
       4928;2024050817;   10;  0.00;eor
       4928;2024050818;   10;  0.00;eor
       4928;2024050819;   10;  0.00;eor
       4928;2024050820;   10;  0.00;eor
       4928;2024050903;   10;  0.00;eor
       4928;2024050904;   10;  0.00;eor
       4928;2024050905;   10; 37.00;eor
       4928;2024050906;   10; 60.00;eor
       4928;2024050907;   10; 60.00;eor
       4928;2024050908;   10; 60.00;eor
       4928;2024050909;   10; 60.00;eor
       4928;2024050910;   10; 60.00;eor
       4928;2024050911;   10; 46.00;eor
       4928;2024050912;   10; 52.00;eor
       4928;2024050913;   10; 38.00;eor
       4928;2024050914;   10; 48.00;eor
       4928;2024050915;   10; 52.00;eor
       4928;2024050916;   10; 48.00;eor
       4928;2024050917;   10; 60.00;eor
       4928;2024050918;   10; 60.00;eor
       4928;2024050919;   10; 40.00;eor
       4928;2024050920;   10;  0.00;eor
       4928;2024051003;   10;  0.00;eor
       4928;2024051004;   10;  0.00;eor
       4928;2024051005;   10; 25.00;eor
       4928;2024051006;   10; 60.00;eor
       4928;2024051007;   10; 60.00;eor
       4928;2024051008;   10; 60.00;eor
       4928;2024051009;   10; 60.00;eor
       4928;2024051010;   10; 59.00;eor
       4928;2024051011;   10; 59.00;eor
       4928;2024051012;   10; 51.00;eor
       4928;2024051013;   10; 60.00;eor
       4928;2024051014;   10; 60.00;eor
       4928;2024051015;   10; 58.00;eor
       4928;2024051016;   10; 60.00;eor
       4928;2024051017;   10; 60.00;eor
       4928;2024051018;   10; 60.00;eor
       4928;2024051019;   10; 34.00;eor
       4928;2024051020;   10;  0.00;eor
       4928;2024051103;   10;  0.00;eor
       4928;2024051104;   10;  0.00;eor
       4928;2024051105;   10; 41.00;eor
       4928;2024051106;   10; 60.00;eor
       4928;2024051107;   10; 60.00;eor
       4928;2024051108;   10; 60.00;eor
       4928;2024051109;   10; 60.00;eor
       4928;2024051110;   10; 60.00;eor
       4928;2024051111;   10; 60.00;eor
       4928;2024051112;   10; 60.00;eor
       4928;2024051113;   10; 60.00;eor
       4928;2024051114;   10; 60.00;eor
       4928;2024051115;   10; 54.00;eor
       4928;2024051116;   10; 55.00;eor
       4928;2024051117;   10; 47.00;eor
       4928;2024051118;   10; 59.00;eor
       4928;2024051119;   10; 39.00;eor
       4928;2024051120;   10;  0.00;eor
       4928;2024051203;   10;  0.00;eor
       4928;2024051204;   10;  0.00;eor
       4928;2024051205;   10; 48.00;eor
       4928;2024051206;   10; 60.00;eor
       4928;2024051207;   10; 60.00;eor
       4928;2024051208;   10; 60.00;eor
       4928;2024051209;   10; 60.00;eor
       4928;2024051210;   10; 60.00;eor
       4928;2024051211;   10; 60.00;eor
       4928;2024051212;   10; 60.00;eor
       4928;2024051213;   10; 60.00;eor
       4928;2024051214;   10; 60.00;eor
       4928;2024051215;   10; 56.00;eor
       4928;2024051216;   10; 60.00;eor
       4928;2024051217;   10; 60.00;eor
       4928;2024051218;   10; 59.00;eor
       4928;2024051219;   10; 36.00;eor
       4928;2024051220;   10;  0.00;eor
       4928;2024051303;   10;  0.00;eor
       4928;2024051304;   10;  0.00;eor
       4928;2024051305;   10; 20.00;eor
       4928;2024051306;   10;  0.00;eor
       4928;2024051307;   10; 26.00;eor
       4928;2024051308;   10; 48.00;eor
       4928;2024051309;   10; 52.00;eor
       4928;2024051310;   10; 60.00;eor
       4928;2024051311;   10; 60.00;eor
       4928;2024051312;   10; 36.00;eor
       4928;2024051313;   10; 30.00;eor
       4928;2024051314;   10;  0.00;eor
       4928;2024051315;   10;  0.00;eor
       4928;2024051316;   10; 38.00;eor
       4928;2024051317;   10;  1.00;eor
       4928;2024051318;   10; 56.00;eor
       4928;2024051319;   10; 53.00;eor
       4928;2024051320;   10;  0.00;eor
       4928;2024051403;   10;  0.00;eor
       4928;2024051404;   10;  0.00;eor
       4928;2024051405;   10; 54.00;eor
       4928;2024051406;   10; 60.00;eor
       4928;2024051407;   10; 60.00;eor
       4928;2024051408;   10; 60.00;eor
       4928;2024051409;   10; 60.00;eor
       4928;2024051410;   10; 53.00;eor
       4928;2024051411;   10; 60.00;eor
       4928;2024051412;   10; 56.00;eor
       4928;2024051413;   10; 58.00;eor
       4928;2024051414;   10; 57.00;eor
       4928;2024051415;   10; 58.00;eor
       4928;2024051416;   10; 53.00;eor
       4928;2024051417;   10; 60.00;eor
       4928;2024051418;   10; 60.00;eor
       4928;2024051419;   10; 28.00;eor
       4928;2024051420;   10;  0.00;eor
       4928;2024051503;   10;  0.00;eor
       4928;2024051504;   10;  0.00;eor
       4928;2024051505;   10;  3.00;eor
       4928;2024051506;   10;  3.00;eor
       4928;2024051507;   10;  0.00;eor
       4928;2024051508;   10;  0.00;eor
       4928;2024051509;   10;  0.00;eor
       4928;2024051510;   10;  0.00;eor
       4928;2024051511;   10;  0.00;eor
       4928;2024051512;   10;  0.00;eor
       4928;2024051513;   10;  0.00;eor
       4928;2024051514;   10;  0.00;eor
       4928;2024051515;   10; 18.00;eor
       4928;2024051516;   10; 14.00;eor
       4928;2024051517;   10;  0.00;eor
       4928;2024051518;   10;  0.00;eor
       4928;2024051519;   10;  0.00;eor
       4928;2024051520;   10;  0.00;eor
       4928;2024051603;   10;  0.00;eor
       4928;2024051604;   10;  0.00;eor
       4928;2024051605;   10;  2.00;eor
       4928;2024051606;   10;  7.00;eor
       4928;2024051607;   10; 39.00;eor
       4928;2024051608;   10; 60.00;eor
       4928;2024051609;   10; 58.00;eor
       4928;2024051610;   10; 60.00;eor
       4928;2024051611;   10; 55.00;eor
       4928;2024051612;   10; 51.00;eor
       4928;2024051613;   10; 26.00;eor
       4928;2024051614;   10; 23.00;eor
       4928;2024051615;   10; 25.00;eor
       4928;2024051616;   10; 26.00;eor
       4928;2024051617;   10; 17.00;eor
       4928;2024051618;   10; 50.00;eor
       4928;2024051619;   10;  0.00;eor
       4928;2024051620;   10;  0.00;eor
       4928;2024051703;   10;  0.00;eor
       4928;2024051704;   10;  0.00;eor
       4928;2024051705;   10;  0.00;eor
       4928;2024051706;   10;  0.00;eor
       4928;2024051707;   10;  0.00;eor
       4928;2024051708;   10;  0.00;eor
       4928;2024051709;   10;  0.00;eor
       4928;2024051710;   10;  0.00;eor
       4928;2024051711;   10;  0.00;eor
       4928;2024051712;   10;  0.00;eor
       4928;2024051713;   10;  0.00;eor
       4928;2024051714;   10;  0.00;eor
       4928;2024051715;   10;  0.00;eor
       4928;2024051716;   10;  0.00;eor
       4928;2024051717;   10;  0.00;eor
       4928;2024051718;   10;  0.00;eor
       4928;2024051719;   10;  0.00;eor
       4928;2024051720;   10;  0.00;eor
       4928;2024051803;   10;  0.00;eor
       4928;2024051804;   10;  0.00;eor
       4928;2024051805;   10;  0.00;eor
       4928;2024051806;   10;  0.00;eor
       4928;2024051807;   10;  0.00;eor
       4928;2024051808;   10;  0.00;eor
       4928;2024051809;   10;  9.00;eor
       4928;2024051810;   10; 17.00;eor
       4928;2024051811;   10; 46.00;eor
       4928;2024051812;   10; 59.00;eor
       4928;2024051813;   10; 57.00;eor
       4928;2024051814;   10; 58.00;eor
       4928;2024051815;   10; 59.00;eor
       4928;2024051816;   10; 59.00;eor
       4928;2024051817;   10; 33.00;eor
       4928;2024051818;   10; 10.00;eor
       4928;2024051819;   10;  0.00;eor
       4928;2024051820;   10;  0.00;eor
       4928;2024051903;   10;  0.00;eor
       4928;2024051904;   10;  0.00;eor
       4928;2024051905;   10;  0.00;eor
       4928;2024051906;   10; 19.00;eor
       4928;2024051907;   10; 53.00;eor
       4928;2024051908;   10; 50.00;eor
       4928;2024051909;   10;  5.00;eor
       4928;2024051910;   10; 15.00;eor
       4928;2024051911;   10;  0.00;eor
       4928;2024051912;   10; 13.00;eor
       4928;2024051913;   10; 32.00;eor
       4928;2024051914;   10; 27.00;eor
       4928;2024051915;   10; 10.00;eor
       4928;2024051916;   10; 20.00;eor
       4928;2024051917;   10; 46.00;eor
       4928;2024051918;   10; 19.00;eor
       4928;2024051919;   10; 11.00;eor
       4928;2024051920;   10;  0.00;eor
       4928;2024052003;   10;  0.00;eor
       4928;2024052004;   10;  0.00;eor
       4928;2024052005;   10; 55.00;eor
       4928;2024052006;   10; 60.00;eor
       4928;2024052007;   10; 60.00;eor
       4928;2024052008;   10; 60.00;eor
       4928;2024052009;   10; 60.00;eor
       4928;2024052010;   10; 60.00;eor
       4928;2024052011;   10; 58.00;eor
       4928;2024052012;   10; 59.00;eor
       4928;2024052013;   10; 58.00;eor
       4928;2024052014;   10; 60.00;eor
       4928;2024052015;   10; 60.00;eor
       4928;2024052016;   10; 34.00;eor
       4928;2024052017;   10;  0.00;eor
       4928;2024052018;   10;  2.00;eor
       4928;2024052019;   10; 34.00;eor
       4928;2024052020;   10;  0.00;eor
       4928;2024052103;   10;  0.00;eor
       4928;2024052104;   10;  0.00;eor
       4928;2024052105;   10;  0.00;eor
       4928;2024052106;   10;  0.00;eor
       4928;2024052107;   10;  0.00;eor
       4928;2024052108;   10;  0.00;eor
       4928;2024052109;   10;  0.00;eor
       4928;2024052110;   10;  0.00;eor
       4928;2024052111;   10;  0.00;eor
       4928;2024052112;   10;  0.00;eor
       4928;2024052113;   10;  0.00;eor
       4928;2024052114;   10;  0.00;eor
       4928;2024052115;   10;  0.00;eor
       4928;2024052116;   10;  0.00;eor
       4928;2024052117;   10;  0.00;eor
       4928;2024052118;   10;  0.00;eor
       4928;2024052119;   10;  0.00;eor
       4928;2024052120;   10;  0.00;eor
       4928;2024052203;   10;  0.00;eor
       4928;2024052204;   10;  0.00;eor
       4928;2024052205;   10;  0.00;eor
       4928;2024052206;   10;  1.00;eor
       4928;2024052207;   10;  7.00;eor
       4928;2024052208;   10; 32.00;eor
       4928;2024052209;   10; 27.00;eor
       4928;2024052210;   10; 29.00;eor
       4928;2024052211;   10; 18.00;eor
       4928;2024052212;   10;  3.00;eor
       4928;2024052213;   10; 34.00;eor
       4928;2024052214;   10;  4.00;eor
       4928;2024052215;   10; 25.00;eor
       4928;2024052216;   10;  1.00;eor
       4928;2024052217;   10; 49.00;eor
       4928;2024052218;   10; 16.00;eor
       4928;2024052219;   10; 27.00;eor
       4928;2024052220;   10;  3.00;eor
       4928;2024052303;   10;  0.00;eor
       4928;2024052304;   10;  0.00;eor
       4928;2024052305;   10; 52.00;eor
       4928;2024052306;   10; 53.00;eor
       4928;2024052307;   10; 33.00;eor
       4928;2024052308;   10; 60.00;eor
       4928;2024052309;   10; 60.00;eor
       4928;2024052310;   10; 43.00;eor
       4928;2024052311;   10; 14.00;eor
       4928;2024052312;   10; 23.00;eor
       4928;2024052313;   10; 33.00;eor
       4928;2024052314;   10; 12.00;eor
       4928;2024052315;   10;  0.00;eor
       4928;2024052316;   10;  0.00;eor
       4928;2024052317;   10;  0.00;eor
       4928;2024052318;   10;  0.00;eor
       4928;2024052319;   10;  0.00;eor
       4928;2024052320;   10;  0.00;eor
       4928;2024052403;   10;  0.00;eor
       4928;2024052404;   10;  0.00;eor
       4928;2024052405;   10;  0.00;eor
       4928;2024052406;   10;  0.00;eor
       4928;2024052407;   10;  0.00;eor
       4928;2024052408;   10;  0.00;eor
       4928;2024052409;   10; 13.00;eor
       4928;2024052410;   10;  0.00;eor
       4928;2024052411;   10;  0.00;eor
       4928;2024052412;   10; 12.00;eor
       4928;2024052413;   10; 24.00;eor
       4928;2024052414;   10; 44.00;eor
       4928;2024052415;   10;  0.00;eor
       4928;2024052416;   10;  0.00;eor
       4928;2024052417;   10;  7.00;eor
       4928;2024052418;   10; 26.00;eor
       4928;2024052419;   10; 46.00;eor
       4928;2024052420;   10;  5.00;eor
       4928;2024052503;   10;  0.00;eor
       4928;2024052504;   10;  0.00;eor
       4928;2024052505;   10; 53.00;eor
       4928;2024052506;   10; 60.00;eor
       4928;2024052507;   10; 60.00;eor
       4928;2024052508;   10; 60.00;eor
       4928;2024052509;   10; 60.00;eor
       4928;2024052510;   10; 60.00;eor
       4928;2024052511;   10; 48.00;eor
       4928;2024052512;   10; 35.00;eor
       4928;2024052513;   10; 36.00;eor
       4928;2024052514;   10; 47.00;eor
       4928;2024052515;   10; 43.00;eor
       4928;2024052516;   10; 14.00;eor
       4928;2024052517;   10;  0.00;eor
       4928;2024052518;   10;  0.00;eor
       4928;2024052519;   10; 29.00;eor
       4928;2024052520;   10;  5.00;eor
       4928;2024052603;   10;  0.00;eor
       4928;2024052604;   10;  0.00;eor
       4928;2024052605;   10; 51.00;eor
       4928;2024052606;   10; 60.00;eor
       4928;2024052607;   10; 60.00;eor
       4928;2024052608;   10; 60.00;eor
       4928;2024052609;   10; 60.00;eor
       4928;2024052610;   10; 60.00;eor
       4928;2024052611;   10; 60.00;eor
       4928;2024052612;   10; 46.00;eor
       4928;2024052613;   10; 41.00;eor
       4928;2024052614;   10; 31.00;eor
       4928;2024052615;   10; 35.00;eor
       4928;2024052616;   10;  3.00;eor
       4928;2024052617;   10;  0.00;eor
       4928;2024052618;   10;  0.00;eor
       4928;2024052619;   10;  0.00;eor
       4928;2024052620;   10;  0.00;eor
       4928;2024052703;   10;  0.00;eor
       4928;2024052704;   10;  0.00;eor
       4928;2024052705;   10;  0.00;eor
       4928;2024052706;   10;  1.00;eor
       4928;2024052707;   10;  1.00;eor
       4928;2024052708;   10;  8.00;eor
       4928;2024052709;   10; 34.00;eor
       4928;2024052710;   10; 48.00;eor
       4928;2024052711;   10; 20.00;eor
       4928;2024052712;   10;  0.00;eor
       4928;2024052713;   10; 44.00;eor
       4928;2024052714;   10;  7.00;eor
       4928;2024052715;   10;  1.00;eor
       4928;2024052716;   10;  0.00;eor
       4928;2024052717;   10;  0.00;eor
       4928;2024052718;   10;  0.00;eor
       4928;2024052719;   10;  0.00;eor
       4928;2024052720;   10;  0.00;eor
       4928;2024052803;   10;  0.00;eor
       4928;2024052804;   10;  0.00;eor
       4928;2024052805;   10; 33.00;eor
       4928;2024052806;   10; 60.00;eor
       4928;2024052807;   10; 60.00;eor
       4928;2024052808;   10; 60.00;eor
       4928;2024052809;   10; 56.00;eor
       4928;2024052810;   10; 48.00;eor
       4928;2024052811;   10; 59.00;eor
       4928;2024052812;   10; 33.00;eor
       4928;2024052813;   10; 48.00;eor
       4928;2024052814;   10; 56.00;eor
       4928;2024052815;   10; 55.00;eor
       4928;2024052816;   10; 41.00;eor
       4928;2024052817;   10; 58.00;eor
       4928;2024052818;   10; 60.00;eor
       4928;2024052819;   10; 42.00;eor
       4928;2024052820;   10;  0.00;eor
       4928;2024052903;   10;  0.00;eor
       4928;2024052904;   10;  0.00;eor
       4928;2024052905;   10;  0.00;eor
       4928;2024052906;   10;  0.00;eor
       4928;2024052907;   10;  0.00;eor
       4928;2024052908;   10; 25.00;eor
       4928;2024052909;   10;  0.00;eor
       4928;2024052910;   10;  4.00;eor
       4928;2024052911;   10; 13.00;eor
       4928;2024052912;   10;  0.00;eor
       4928;2024052913;   10;  0.00;eor
       4928;2024052914;   10;  1.00;eor
       4928;2024052915;   10; 32.00;eor
       4928;2024052916;   10;  2.00;eor
       4928;2024052917;   10;  0.00;eor
       4928;2024052918;   10;  0.00;eor
       4928;2024052919;   10;  0.00;eor
       4928;2024052920;   10;  0.00;eor
       4928;2024053003;   10;  0.00;eor
       4928;2024053004;   10;  0.00;eor
       4928;2024053005;   10; 15.00;eor
       4928;2024053006;   10; 10.00;eor
       4928;2024053007;   10; 41.00;eor
       4928;2024053008;   10; 30.00;eor
       4928;2024053009;   10; 53.00;eor
       4928;2024053010;   10; 50.00;eor
       4928;2024053011;   10; 53.00;eor
       4928;2024053012;   10; 42.00;eor
       4928;2024053013;   10; 42.00;eor
       4928;2024053014;   10; 21.00;eor
       4928;2024053015;   10; 42.00;eor
       4928;2024053016;   10; 49.00;eor
       4928;2024053017;   10; 58.00;eor
       4928;2024053018;   10; 43.00;eor
       4928;2024053019;   10;  9.00;eor
       4928;2024053020;   10;  0.00;eor
       4928;2024053103;   10;  0.00;eor
       4928;2024053104;   10;  0.00;eor
       4928;2024053105;   10;  0.00;eor
       4928;2024053106;   10;  0.00;eor
       4928;2024053107;   10;  0.00;eor
       4928;2024053108;   10;  0.00;eor
       4928;2024053109;   10;  0.00;eor
       4928;2024053110;   10;  0.00;eor
       4928;2024053111;   10;  0.00;eor
       4928;2024053112;   10;  0.00;eor
       4928;2024053113;   10;  0.00;eor
       4928;2024053114;   10;  0.00;eor
       4928;2024053115;   10;  0.00;eor
       4928;2024053116;   10;  0.00;eor
       4928;2024053117;   10;  0.00;eor
       4928;2024053118;   10;  0.00;eor
       4928;2024053119;   10;  0.00;eor
       4928;2024053120;   10;  0.00;eor
       4928;2024060103;   10;  0.00;eor
       4928;2024060104;   10;  0.00;eor
       4928;2024060105;   10;  0.00;eor
       4928;2024060106;   10;  0.00;eor
       4928;2024060107;   10;  0.00;eor
       4928;2024060108;   10;  0.00;eor
       4928;2024060109;   10;  0.00;eor
       4928;2024060110;   10;  0.00;eor
       4928;2024060111;   10;  0.00;eor
       4928;2024060112;   10;  0.00;eor
       4928;2024060113;   10;  0.00;eor
       4928;2024060114;   10;  0.00;eor
       4928;2024060115;   10;  0.00;eor
       4928;2024060116;   10;  0.00;eor
       4928;2024060117;   10;  0.00;eor
       4928;2024060118;   10;  0.00;eor
       4928;2024060119;   10;  0.00;eor
       4928;2024060120;   10;  0.00;eor
       4928;2024060203;   10;  0.00;eor
       4928;2024060204;   10;  0.00;eor
       4928;2024060205;   10;  0.00;eor
       4928;2024060206;   10;  0.00;eor
       4928;2024060207;   10;  0.00;eor
       4928;2024060208;   10;  0.00;eor
       4928;2024060209;   10;  0.00;eor
       4928;2024060210;   10;  0.00;eor
       4928;2024060211;   10; 33.00;eor
       4928;2024060212;   10; 31.00;eor
       4928;2024060213;   10;  4.00;eor
       4928;2024060214;   10;  0.00;eor
       4928;2024060215;   10;  0.00;eor
       4928;2024060216;   10;  0.00;eor
       4928;2024060217;   10;  0.00;eor
       4928;2024060218;   10;  0.00;eor
       4928;2024060219;   10;  0.00;eor
       4928;2024060220;   10;  0.00;eor
       4928;2024060303;   10;  0.00;eor
       4928;2024060304;   10;  0.00;eor
       4928;2024060305;   10;  0.00;eor
       4928;2024060306;   10;  0.00;eor
       4928;2024060307;   10;  0.00;eor
       4928;2024060308;   10;  0.00;eor
       4928;2024060309;   10;  0.00;eor
       4928;2024060310;   10;  0.00;eor
       4928;2024060311;   10;  0.00;eor
       4928;2024060312;   10;  0.00;eor
       4928;2024060313;   10;  0.00;eor
       4928;2024060314;   10;  0.00;eor
       4928;2024060315;   10;  0.00;eor
       4928;2024060316;   10;  0.00;eor
       4928;2024060317;   10;  8.00;eor
       4928;2024060318;   10; 36.00;eor
       4928;2024060319;   10;  0.00;eor
       4928;2024060320;   10;  0.00;eor
       4928;2024060403;   10;  0.00;eor
       4928;2024060404;   10;  0.00;eor
       4928;2024060405;   10;  0.00;eor
       4928;2024060406;   10;  0.00;eor
       4928;2024060407;   10; 29.00;eor
       4928;2024060408;   10; 60.00;eor
       4928;2024060409;   10; 24.00;eor
       4928;2024060410;   10; 12.00;eor
       4928;2024060411;   10;  5.00;eor
       4928;2024060412;   10; 10.00;eor
       4928;2024060413;   10; 37.00;eor
       4928;2024060414;   10; 31.00;eor
       4928;2024060415;   10; 36.00;eor
       4928;2024060416;   10; 27.00;eor
       4928;2024060417;   10; 16.00;eor
       4928;2024060418;   10; 56.00;eor
       4928;2024060419;   10; 60.00;eor
       4928;2024060420;   10;  3.00;eor
       4928;2024060503;   10;  0.00;eor
       4928;2024060504;   10;  0.00;eor
       4928;2024060505;   10; 38.00;eor
       4928;2024060506;   10; 32.00;eor
       4928;2024060507;   10; 16.00;eor
       4928;2024060508;   10; 56.00;eor
       4928;2024060509;   10; 18.00;eor
       4928;2024060510;   10;  0.00;eor
       4928;2024060511;   10;  0.00;eor
       4928;2024060512;   10; 14.00;eor
       4928;2024060513;   10; 22.00;eor
       4928;2024060514;   10; 32.00;eor
       4928;2024060515;   10; 47.00;eor
       4928;2024060516;   10; 19.00;eor
       4928;2024060517;   10;  8.00;eor
       4928;2024060518;   10;  0.00;eor
       4928;2024060519;   10;  0.00;eor
       4928;2024060520;   10;  0.00;eor
       4928;2024060603;   10;  0.00;eor
       4928;2024060604;   10;  0.00;eor
       4928;2024060605;   10; 37.00;eor
       4928;2024060606;   10; 52.00;eor
       4928;2024060607;   10; 34.00;eor
       4928;2024060608;   10; 59.00;eor
       4928;2024060609;   10; 56.00;eor
       4928;2024060610;   10; 21.00;eor
       4928;2024060611;   10; 55.00;eor
       4928;2024060612;   10; 40.00;eor
       4928;2024060613;   10; 56.00;eor
       4928;2024060614;   10; 31.00;eor
       4928;2024060615;   10; 36.00;eor
       4928;2024060616;   10; 47.00;eor
       4928;2024060617;   10; 59.00;eor
       4928;2024060618;   10; 60.00;eor
       4928;2024060619;   10; 42.00;eor
       4928;2024060620;   10;  0.00;eor
       4928;2024060703;   10;  0.00;eor
       4928;2024060704;   10;  0.00;eor
       4928;2024060705;   10;  1.00;eor
       4928;2024060706;   10; 36.00;eor
       4928;2024060707;   10; 56.00;eor
       4928;2024060708;   10; 50.00;eor
       4928;2024060709;   10; 50.00;eor
       4928;2024060710;   10; 59.00;eor
       4928;2024060711;   10; 56.00;eor
       4928;2024060712;   10; 59.00;eor
       4928;2024060713;   10; 60.00;eor
       4928;2024060714;   10; 58.00;eor
       4928;2024060715;   10; 60.00;eor
       4928;2024060716;   10; 60.00;eor
       4928;2024060717;   10; 58.00;eor
       4928;2024060718;   10; 60.00;eor
       4928;2024060719;   10; 60.00;eor
       4928;2024060720;   10; 16.00;eor
       4928;2024060803;   10;  0.00;eor
       4928;2024060804;   10;  0.00;eor
       4928;2024060805;   10; 39.00;eor
       4928;2024060806;   10; 57.00;eor
       4928;2024060807;   10; 60.00;eor
       4928;2024060808;   10; 60.00;eor
       4928;2024060809;   10; 60.00;eor
       4928;2024060810;   10; 60.00;eor
       4928;2024060811;   10; 59.00;eor
       4928;2024060812;   10; 45.00;eor
       4928;2024060813;   10; 57.00;eor
       4928;2024060814;   10;  7.00;eor
       4928;2024060815;   10;  6.00;eor
       4928;2024060816;   10;  0.00;eor
       4928;2024060817;   10;  0.00;eor
       4928;2024060818;   10;  0.00;eor
       4928;2024060819;   10;  0.00;eor
       4928;2024060820;   10;  0.00;eor
       4928;2024060903;   10;  0.00;eor
       4928;2024060904;   10;  0.00;eor
       4928;2024060905;   10; 25.00;eor
       4928;2024060906;   10; 41.00;eor
       4928;2024060907;   10; 31.00;eor
       4928;2024060908;   10; 57.00;eor
       4928;2024060909;   10; 60.00;eor
       4928;2024060910;   10; 59.00;eor
       4928;2024060911;   10; 59.00;eor
       4928;2024060912;   10; 56.00;eor
       4928;2024060913;   10; 52.00;eor
       4928;2024060914;   10; 26.00;eor
       4928;2024060915;   10;  0.00;eor
       4928;2024060916;   10; 19.00;eor
       4928;2024060917;   10;  8.00;eor
       4928;2024060918;   10;  2.00;eor
       4928;2024060919;   10;  5.00;eor
       4928;2024060920;   10; 13.00;eor
       4928;2024061003;   10;  0.00;eor
       4928;2024061004;   10;  0.00;eor
       4928;2024061005;   10; 38.00;eor
       4928;2024061006;   10; 60.00;eor
       4928;2024061007;   10; 60.00;eor
       4928;2024061008;   10; 60.00;eor
       4928;2024061009;   10; 60.00;eor
       4928;2024061010;   10; 58.00;eor
       4928;2024061011;   10; 47.00;eor
       4928;2024061012;   10; 54.00;eor
       4928;2024061013;   10; 38.00;eor
       4928;2024061014;   10; 41.00;eor
       4928;2024061015;   10; 35.00;eor
       4928;2024061016;   10; 34.00;eor
       4928;2024061017;   10; 13.00;eor
       4928;2024061018;   10;  9.00;eor
       4928;2024061019;   10;  0.00;eor
       4928;2024061020;   10;  0.00;eor
       4928;2024061103;   10;  0.00;eor
       4928;2024061104;   10;  0.00;eor
       4928;2024061105;   10; 53.00;eor
       4928;2024061106;   10; 58.00;eor
       4928;2024061107;   10; 57.00;eor
       4928;2024061108;   10; 30.00;eor
       4928;2024061109;   10; 33.00;eor
       4928;2024061110;   10; 40.00;eor
       4928;2024061111;   10; 56.00;eor
       4928;2024061112;   10; 25.00;eor
       4928;2024061113;   10; 32.00;eor
       4928;2024061114;   10; 30.00;eor
       4928;2024061115;   10; 48.00;eor
       4928;2024061116;   10; 28.00;eor
       4928;2024061117;   10; 35.00;eor
       4928;2024061118;   10;  0.00;eor
       4928;2024061119;   10; 16.00;eor
       4928;2024061120;   10; 13.00;eor
       4928;2024061203;   10;  0.00;eor
       4928;2024061204;   10;  0.00;eor
       4928;2024061205;   10; 53.00;eor
       4928;2024061206;   10; 60.00;eor
       4928;2024061207;   10; 60.00;eor
       4928;2024061208;   10; 60.00;eor
       4928;2024061209;   10; 60.00;eor
       4928;2024061210;   10; 60.00;eor
       4928;2024061211;   10; 43.00;eor
       4928;2024061212;   10;  9.00;eor
       4928;2024061213;   10; 18.00;eor
       4928;2024061214;   10; 33.00;eor
       4928;2024061215;   10; 30.00;eor
       4928;2024061216;   10;  9.00;eor
       4928;2024061217;   10; 46.00;eor
       4928;2024061218;   10;  1.00;eor
       4928;2024061219;   10;  1.00;eor
       4928;2024061220;   10;  0.00;eor
       4928;2024061303;   10;  0.00;eor
       4928;2024061304;   10;  0.00;eor
       4928;2024061305;   10; 32.00;eor
       4928;2024061306;   10; 56.00;eor
       4928;2024061307;   10; 60.00;eor
       4928;2024061308;   10; 60.00;eor
       4928;2024061309;   10; 59.00;eor
       4928;2024061310;   10; 53.00;eor
       4928;2024061311;   10; 53.00;eor
       4928;2024061312;   10; 48.00;eor
       4928;2024061313;   10; 37.00;eor
       4928;2024061314;   10; 49.00;eor
       4928;2024061315;   10; 59.00;eor
       4928;2024061316;   10; 59.00;eor
       4928;2024061317;   10; 56.00;eor
       4928;2024061318;   10; 60.00;eor
       4928;2024061319;   10; 17.00;eor
       4928;2024061320;   10;  0.00;eor
       4928;2024061403;   10;  0.00;eor
       4928;2024061404;   10;  0.00;eor
       4928;2024061405;   10;  0.00;eor
       4928;2024061406;   10;  0.00;eor
       4928;2024061407;   10;  0.00;eor
       4928;2024061408;   10;  0.00;eor
       4928;2024061409;   10;  0.00;eor
       4928;2024061410;   10;  0.00;eor
       4928;2024061411;   10;  4.00;eor
       4928;2024061412;   10;  0.00;eor
       4928;2024061413;   10;  0.00;eor
       4928;2024061414;   10;  0.00;eor
       4928;2024061415;   10; 10.00;eor
       4928;2024061416;   10;  0.00;eor
       4928;2024061417;   10;  4.00;eor
       4928;2024061418;   10;  1.00;eor
       4928;2024061419;   10;  0.00;eor
       4928;2024061420;   10;  0.00;eor
       4928;2024061503;   10;  0.00;eor
       4928;2024061504;   10;  0.00;eor
       4928;2024061505;   10;  0.00;eor
       4928;2024061506;   10;  0.00;eor
       4928;2024061507;   10;  0.00;eor
       4928;2024061508;   10; 37.00;eor
       4928;2024061509;   10;  8.00;eor
       4928;2024061510;   10; 37.00;eor
       4928;2024061511;   10; 36.00;eor
       4928;2024061512;   10; 57.00;eor
       4928;2024061513;   10; 45.00;eor
       4928;2024061514;   10; 51.00;eor
       4928;2024061515;   10; 47.00;eor
       4928;2024061516;   10; 47.00;eor
       4928;2024061517;   10; 59.00;eor
       4928;2024061518;   10; 35.00;eor
       4928;2024061519;   10;  9.00;eor
       4928;2024061520;   10; 16.00;eor
       4928;2024061603;   10;  0.00;eor
       4928;2024061604;   10;  0.00;eor
       4928;2024061605;   10;  0.00;eor
       4928;2024061606;   10;  1.00;eor
       4928;2024061607;   10; 51.00;eor
       4928;2024061608;   10; 54.00;eor
       4928;2024061609;   10; 58.00;eor
       4928;2024061610;   10; 53.00;eor
       4928;2024061611;   10; 52.00;eor
       4928;2024061612;   10; 37.00;eor
       4928;2024061613;   10; 31.00;eor
       4928;2024061614;   10; 47.00;eor
       4928;2024061615;   10; 40.00;eor
       4928;2024061616;   10;  0.00;eor
       4928;2024061617;   10;  0.00;eor
       4928;2024061618;   10;  0.00;eor
       4928;2024061619;   10;  5.00;eor
       4928;2024061620;   10;  1.00;eor
       4928;2024061703;   10;  0.00;eor
       4928;2024061704;   10;  0.00;eor
       4928;2024061705;   10;  0.00;eor
       4928;2024061706;   10;  0.00;eor
       4928;2024061707;   10; 29.00;eor
       4928;2024061708;   10; 56.00;eor
       4928;2024061709;   10; 58.00;eor
       4928;2024061710;   10; 15.00;eor
       4928;2024061711;   10;  0.00;eor
       4928;2024061712;   10;  0.00;eor
       4928;2024061713;   10;  0.00;eor
       4928;2024061714;   10; 19.00;eor
       4928;2024061715;   10;  0.00;eor
       4928;2024061716;   10;  0.00;eor
       4928;2024061717;   10;  0.00;eor
       4928;2024061718;   10;  2.00;eor
       4928;2024061719;   10; 24.00;eor
       4928;2024061720;   10; 29.00;eor
       4928;2024061803;   10;  0.00;eor
       4928;2024061804;   10;  0.00;eor
       4928;2024061805;   10; 36.00;eor
       4928;2024061806;   10; 46.00;eor
       4928;2024061807;   10; 52.00;eor
       4928;2024061808;   10; 60.00;eor
       4928;2024061809;   10; 60.00;eor
       4928;2024061810;   10; 60.00;eor
       4928;2024061811;   10; 60.00;eor
       4928;2024061812;   10; 60.00;eor
       4928;2024061813;   10; 47.00;eor
       4928;2024061814;   10; 45.00;eor
       4928;2024061815;   10; 60.00;eor
       4928;2024061816;   10; 60.00;eor
       4928;2024061817;   10; 45.00;eor
       4928;2024061818;   10; 16.00;eor
       4928;2024061819;   10;  0.00;eor
       4928;2024061820;   10;  0.00;eor
       4928;2024061903;   10;  0.00;eor
       4928;2024061904;   10;  0.00;eor
       4928;2024061905;   10;  0.00;eor
       4928;2024061906;   10;  3.00;eor
       4928;2024061907;   10;  7.00;eor
       4928;2024061908;   10;  3.00;eor
       4928;2024061909;   10; 11.00;eor
       4928;2024061910;   10; 46.00;eor
       4928;2024061911;   10; 57.00;eor
       4928;2024061912;   10; 58.00;eor
       4928;2024061913;   10; 51.00;eor
       4928;2024061914;   10; 51.00;eor
       4928;2024061915;   10; 53.00;eor
       4928;2024061916;   10; 38.00;eor
       4928;2024061917;   10;  7.00;eor
       4928;2024061918;   10;  0.00;eor
       4928;2024061919;   10;  0.00;eor
       4928;2024061920;   10;  0.00;eor
       4928;2024062003;   10;  0.00;eor
       4928;2024062004;   10;  0.00;eor
       4928;2024062005;   10;  0.00;eor
       4928;2024062006;   10;  0.00;eor
       4928;2024062007;   10;  3.00;eor
       4928;2024062008;   10;  2.00;eor
       4928;2024062009;   10; 14.00;eor
       4928;2024062010;   10; 48.00;eor
       4928;2024062011;   10;  2.00;eor
       4928;2024062012;   10;  0.00;eor
       4928;2024062013;   10;  0.00;eor
       4928;2024062014;   10; 26.00;eor
       4928;2024062015;   10; 38.00;eor
       4928;2024062016;   10; 11.00;eor
       4928;2024062017;   10; 19.00;eor
       4928;2024062018;   10; 12.00;eor
       4928;2024062019;   10;  5.00;eor
       4928;2024062020;   10;  0.00;eor
       4928;2024062103;   10;  0.00;eor
       4928;2024062104;   10;  0.00;eor
       4928;2024062105;   10;  0.00;eor
       4928;2024062106;   10;  5.00;eor
       4928;2024062107;   10;  0.00;eor
       4928;2024062108;   10;  2.00;eor
       4928;2024062109;   10;  0.00;eor
       4928;2024062110;   10;  0.00;eor
       4928;2024062111;   10;  0.00;eor
       4928;2024062112;   10;  1.00;eor
       4928;2024062113;   10; 59.00;eor
       4928;2024062114;   10; 59.00;eor
       4928;2024062115;   10; 12.00;eor
       4928;2024062116;   10;  0.00;eor
       4928;2024062117;   10;  0.00;eor
       4928;2024062118;   10;  0.00;eor
       4928;2024062119;   10;  0.00;eor
       4928;2024062120;   10;  0.00;eor
       4928;2024062203;   10;  0.00;eor
       4928;2024062204;   10;  0.00;eor
       4928;2024062205;   10; 21.00;eor
       4928;2024062206;   10; 58.00;eor
       4928;2024062207;   10; 59.00;eor
       4928;2024062208;   10; 60.00;eor
       4928;2024062209;   10; 59.00;eor
       4928;2024062210;   10;  9.00;eor
       4928;2024062211;   10;  1.00;eor
       4928;2024062212;   10; 23.00;eor
       4928;2024062213;   10;  0.00;eor
       4928;2024062214;   10;  0.00;eor
       4928;2024062215;   10;  0.00;eor
       4928;2024062216;   10;  0.00;eor
       4928;2024062217;   10;  8.00;eor
       4928;2024062218;   10; 10.00;eor
       4928;2024062219;   10;  6.00;eor
       4928;2024062220;   10;  4.00;eor
       4928;2024062303;   10;  0.00;eor
       4928;2024062304;   10;  0.00;eor
       4928;2024062305;   10;  0.00;eor
       4928;2024062306;   10;  0.00;eor
       4928;2024062307;   10;  7.00;eor
       4928;2024062308;   10; 32.00;eor
       4928;2024062309;   10; 56.00;eor
       4928;2024062310;   10; 22.00;eor
       4928;2024062311;   10; 21.00;eor
       4928;2024062312;   10;  6.00;eor
       4928;2024062313;   10; 50.00;eor
       4928;2024062314;   10; 57.00;eor
       4928;2024062315;   10; 56.00;eor
       4928;2024062316;   10; 30.00;eor
       4928;2024062317;   10;  0.00;eor
       4928;2024062318;   10;  0.00;eor
       4928;2024062319;   10;  4.00;eor
       4928;2024062320;   10;  0.00;eor
       4928;2024062403;   10;  0.00;eor
       4928;2024062404;   10;  0.00;eor
       4928;2024062405;   10; 51.00;eor
       4928;2024062406;   10; 60.00;eor
       4928;2024062407;   10; 60.00;eor
       4928;2024062408;   10; 60.00;eor
       4928;2024062409;   10; 60.00;eor
       4928;2024062410;   10; 54.00;eor
       4928;2024062411;   10; 58.00;eor
       4928;2024062412;   10; 56.00;eor
       4928;2024062413;   10; 39.00;eor
       4928;2024062414;   10; 41.00;eor
       4928;2024062415;   10; 42.00;eor
       4928;2024062416;   10; 22.00;eor
       4928;2024062417;   10; 48.00;eor
       4928;2024062418;   10; 60.00;eor
       4928;2024062419;   10; 49.00;eor
       4928;2024062420;   10; 20.00;eor
       4928;2024062503;   10;  0.00;eor
       4928;2024062504;   10;  0.00;eor
       4928;2024062505;   10; 51.00;eor
       4928;2024062506;   10; 60.00;eor
       4928;2024062507;   10; 60.00;eor
       4928;2024062508;   10; 60.00;eor
       4928;2024062509;   10; 60.00;eor
       4928;2024062510;   10; 60.00;eor
       4928;2024062511;   10; 60.00;eor
       4928;2024062512;   10; 60.00;eor
       4928;2024062513;   10; 60.00;eor
       4928;2024062514;   10; 60.00;eor
       4928;2024062515;   10; 60.00;eor
       4928;2024062516;   10; 60.00;eor
       4928;2024062517;   10; 60.00;eor
       4928;2024062518;   10; 59.00;eor
       4928;2024062519;   10; 60.00;eor
       4928;2024062520;   10; 19.00;eor
       4928;2024062603;   10;  0.00;eor
       4928;2024062604;   10;  0.00;eor
       4928;2024062605;   10; 49.00;eor
       4928;2024062606;   10; 60.00;eor
       4928;2024062607;   10; 60.00;eor
       4928;2024062608;   10; 60.00;eor
       4928;2024062609;   10; 60.00;eor
       4928;2024062610;   10; 60.00;eor
       4928;2024062611;   10; 48.00;eor
       4928;2024062612;   10; 47.00;eor
       4928;2024062613;   10; 23.00;eor
       4928;2024062614;   10;  0.00;eor
       4928;2024062615;   10;  0.00;eor
       4928;2024062616;   10;  0.00;eor
       4928;2024062617;   10;  0.00;eor
       4928;2024062618;   10;  0.00;eor
       4928;2024062619;   10;  0.00;eor
       4928;2024062620;   10;  0.00;eor
       4928;2024062703;   10;  0.00;eor
       4928;2024062704;   10;  0.00;eor
       4928;2024062705;   10;  4.00;eor
       4928;2024062706;   10;  1.00;eor
       4928;2024062707;   10;  5.00;eor
       4928;2024062708;   10; 46.00;eor
       4928;2024062709;   10; 60.00;eor
       4928;2024062710;   10; 55.00;eor
       4928;2024062711;   10; 40.00;eor
       4928;2024062712;   10; 48.00;eor
       4928;2024062713;   10; 39.00;eor
       4928;2024062714;   10; 51.00;eor
       4928;2024062715;   10; 27.00;eor
       4928;2024062716;   10; 52.00;eor
       4928;2024062717;   10; 49.00;eor
       4928;2024062718;   10; 27.00;eor
       4928;2024062719;   10; 24.00;eor
       4928;2024062720;   10;  6.00;eor
       4928;2024062803;   10;  0.00;eor
       4928;2024062804;   10;  0.00;eor
       4928;2024062805;   10; 12.00;eor
       4928;2024062806;   10; 59.00;eor
       4928;2024062807;   10; 46.00;eor
       4928;2024062808;   10; 19.00;eor
       4928;2024062809;   10; 25.00;eor
       4928;2024062810;   10; 51.00;eor
       4928;2024062811;   10; 20.00;eor
       4928;2024062812;   10; 29.00;eor
       4928;2024062813;   10; 27.00;eor
       4928;2024062814;   10; 39.00;eor
       4928;2024062815;   10; 60.00;eor
       4928;2024062816;   10; 58.00;eor
       4928;2024062817;   10; 59.00;eor
       4928;2024062818;   10; 31.00;eor
       4928;2024062819;   10; 30.00;eor
       4928;2024062820;   10; 18.00;eor
       4928;2024062903;   10;  0.00;eor
       4928;2024062904;   10;  0.00;eor
       4928;2024062905;   10;  1.00;eor
       4928;2024062906;   10; 53.00;eor
       4928;2024062907;   10; 60.00;eor
       4928;2024062908;   10; 60.00;eor
       4928;2024062909;   10; 60.00;eor
       4928;2024062910;   10; 60.00;eor
       4928;2024062911;   10; 60.00;eor
       4928;2024062912;   10; 60.00;eor
       4928;2024062913;   10; 60.00;eor
       4928;2024062914;   10; 57.00;eor
       4928;2024062915;   10; 10.00;eor
       4928;2024062916;   10; 16.00;eor
       4928;2024062917;   10;  0.00;eor
       4928;2024062918;   10;  0.00;eor
       4928;2024062919;   10;  0.00;eor
       4928;2024062920;   10;  0.00;eor
       4928;2024063003;   10;  0.00;eor
       4928;2024063004;   10;  0.00;eor
       4928;2024063005;   10;  0.00;eor
       4928;2024063006;   10;  0.00;eor
       4928;2024063007;   10;  0.00;eor
       4928;2024063008;   10;  0.00;eor
       4928;2024063009;   10;  0.00;eor
       4928;2024063010;   10;  0.00;eor
       4928;2024063011;   10;  0.00;eor
       4928;2024063012;   10;  0.00;eor
       4928;2024063013;   10;  0.00;eor
       4928;2024063014;   10;  0.00;eor
       4928;2024063015;   10;  0.00;eor
       4928;2024063016;   10;  0.00;eor
       4928;2024063017;   10;  0.00;eor
       4928;2024063018;   10;  0.00;eor
       4928;2024063019;   10;  0.00;eor
       4928;2024063020;   10;  0.00;eor
       4928;2024070103;   10;  0.00;eor
       4928;2024070104;   10;  0.00;eor
       4928;2024070105;   10;  1.00;eor
       4928;2024070106;   10;  0.00;eor
       4928;2024070107;   10;  0.00;eor
       4928;2024070108;   10; 22.00;eor
       4928;2024070109;   10; 14.00;eor
       4928;2024070110;   10; 10.00;eor
       4928;2024070111;   10; 11.00;eor
       4928;2024070112;   10;  7.00;eor
       4928;2024070113;   10;  0.00;eor
       4928;2024070114;   10;  0.00;eor
       4928;2024070115;   10;  8.00;eor
       4928;2024070116;   10; 26.00;eor
       4928;2024070117;   10; 31.00;eor
       4928;2024070118;   10;  1.00;eor
       4928;2024070119;   10; 16.00;eor
       4928;2024070120;   10;  0.00;eor
       4928;2024070203;   10;  0.00;eor
       4928;2024070204;   10;  0.00;eor
       4928;2024070205;   10;  0.00;eor
       4928;2024070206;   10;  0.00;eor
       4928;2024070207;   10;  2.00;eor
       4928;2024070208;   10; 16.00;eor
       4928;2024070209;   10; 13.00;eor
       4928;2024070210;   10;  1.00;eor
       4928;2024070211;   10;  0.00;eor
       4928;2024070212;   10;  1.00;eor
       4928;2024070213;   10; 19.00;eor
       4928;2024070214;   10;  0.00;eor
       4928;2024070215;   10;  0.00;eor
       4928;2024070216;   10;  0.00;eor
       4928;2024070217;   10;  0.00;eor
       4928;2024070218;   10;  0.00;eor
       4928;2024070219;   10;  0.00;eor
       4928;2024070220;   10;  0.00;eor
       4928;2024070303;   10;  0.00;eor
       4928;2024070304;   10;  0.00;eor
       4928;2024070305;   10;  0.00;eor
       4928;2024070306;   10;  0.00;eor
       4928;2024070307;   10;  0.00;eor
       4928;2024070308;   10; 12.00;eor
       4928;2024070309;   10;  5.00;eor
       4928;2024070310;   10; 19.00;eor
       4928;2024070311;   10;  0.00;eor
       4928;2024070312;   10;  1.00;eor
       4928;2024070313;   10;  0.00;eor
       4928;2024070314;   10;  0.00;eor
       4928;2024070315;   10;  0.00;eor
       4928;2024070316;   10;  0.00;eor
       4928;2024070317;   10;  0.00;eor
       4928;2024070318;   10;  0.00;eor
       4928;2024070319;   10;  0.00;eor
       4928;2024070320;   10;  0.00;eor
       4928;2024070403;   10;  0.00;eor
       4928;2024070404;   10;  0.00;eor
       4928;2024070405;   10;  0.00;eor
       4928;2024070406;   10;  0.00;eor
       4928;2024070407;   10;  8.00;eor
       4928;2024070408;   10; 34.00;eor
       4928;2024070409;   10;  2.00;eor
       4928;2024070410;   10;  0.00;eor
       4928;2024070411;   10;  0.00;eor
       4928;2024070412;   10;  0.00;eor
       4928;2024070413;   10;  0.00;eor
       4928;2024070414;   10;  2.00;eor
       4928;2024070415;   10;  1.00;eor
       4928;2024070416;   10; 43.00;eor
       4928;2024070417;   10;  4.00;eor
       4928;2024070418;   10; 29.00;eor
       4928;2024070419;   10; 60.00;eor
       4928;2024070420;   10; 15.00;eor
       4928;2024070503;   10;  0.00;eor
       4928;2024070504;   10;  0.00;eor
       4928;2024070505;   10; 10.00;eor
       4928;2024070506;   10; 60.00;eor
       4928;2024070507;   10; 60.00;eor
       4928;2024070508;   10; 40.00;eor
       4928;2024070509;   10; 37.00;eor
       4928;2024070510;   10; 60.00;eor
       4928;2024070511;   10; 60.00;eor
       4928;2024070512;   10; 60.00;eor
       4928;2024070513;   10; 59.00;eor
       4928;2024070514;   10; 60.00;eor
       4928;2024070515;   10; 41.00;eor
       4928;2024070516;   10; 12.00;eor
       4928;2024070517;   10; 39.00;eor
       4928;2024070518;   10; 32.00;eor
       4928;2024070519;   10;  0.00;eor
       4928;2024070520;   10;  0.00;eor
       4928;2024070603;   10;  0.00;eor
       4928;2024070604;   10;  0.00;eor
       4928;2024070605;   10; 47.00;eor
       4928;2024070606;   10; 18.00;eor
       4928;2024070607;   10; 59.00;eor
       4928;2024070608;   10; 59.00;eor
       4928;2024070609;   10; 39.00;eor
       4928;2024070610;   10; 10.00;eor
       4928;2024070611;   10;  0.00;eor
       4928;2024070612;   10;  0.00;eor
       4928;2024070613;   10;  0.00;eor
       4928;2024070614;   10;  0.00;eor
       4928;2024070615;   10;  0.00;eor
       4928;2024070616;   10;  0.00;eor
       4928;2024070617;   10;  0.00;eor
       4928;2024070618;   10;  0.00;eor
       4928;2024070619;   10;  0.00;eor
       4928;2024070620;   10;  0.00;eor
       4928;2024070703;   10;  0.00;eor
       4928;2024070704;   10;  0.00;eor
       4928;2024070705;   10;  0.00;eor
       4928;2024070706;   10; 17.00;eor
       4928;2024070707;   10; 24.00;eor
       4928;2024070708;   10; 36.00;eor
       4928;2024070709;   10; 38.00;eor
       4928;2024070710;   10; 45.00;eor
       4928;2024070711;   10;  1.00;eor
       4928;2024070712;   10;  0.00;eor
       4928;2024070713;   10; 29.00;eor
       4928;2024070714;   10; 40.00;eor
       4928;2024070715;   10; 21.00;eor
       4928;2024070716;   10; 31.00;eor
       4928;2024070717;   10; 36.00;eor
       4928;2024070718;   10;  8.00;eor
       4928;2024070719;   10;  1.00;eor
       4928;2024070720;   10;  5.00;eor
       4928;2024070803;   10;  0.00;eor
       4928;2024070804;   10;  0.00;eor
       4928;2024070805;   10; 47.00;eor
       4928;2024070806;   10; 60.00;eor
       4928;2024070807;   10; 60.00;eor
       4928;2024070808;   10; 60.00;eor
       4928;2024070809;   10; 60.00;eor
       4928;2024070810;   10; 60.00;eor
       4928;2024070811;   10; 60.00;eor
       4928;2024070812;   10; 60.00;eor
       4928;2024070813;   10; 60.00;eor
       4928;2024070814;   10; 59.00;eor
       4928;2024070815;   10; 55.00;eor
       4928;2024070816;   10; 54.00;eor
       4928;2024070817;   10; 60.00;eor
       4928;2024070818;   10; 51.00;eor
       4928;2024070819;   10; 47.00;eor
       4928;2024070820;   10; 11.00;eor
       4928;2024070903;   10;  0.00;eor
       4928;2024070904;   10;  0.00;eor
       4928;2024070905;   10; 47.00;eor
       4928;2024070906;   10; 60.00;eor
       4928;2024070907;   10; 60.00;eor
       4928;2024070908;   10; 60.00;eor
       4928;2024070909;   10; 60.00;eor
       4928;2024070910;   10; 60.00;eor
       4928;2024070911;   10; 60.00;eor
       4928;2024070912;   10; 59.00;eor
       4928;2024070913;   10; 59.00;eor
       4928;2024070914;   10; 60.00;eor
       4928;2024070915;   10; 60.00;eor
       4928;2024070916;   10; 60.00;eor
       4928;2024070917;   10; 60.00;eor
       4928;2024070918;   10; 60.00;eor
       4928;2024070919;   10; 42.00;eor
       4928;2024070920;   10;  7.00;eor
       4928;2024071003;   10;  0.00;eor
       4928;2024071004;   10;  0.00;eor
       4928;2024071005;   10;  0.00;eor
       4928;2024071006;   10;  0.00;eor
       4928;2024071007;   10; 25.00;eor
       4928;2024071008;   10;  9.00;eor
       4928;2024071009;   10; 19.00;eor
       4928;2024071010;   10;  0.00;eor
       4928;2024071011;   10;  0.00;eor
       4928;2024071012;   10;  0.00;eor
       4928;2024071013;   10;  1.00;eor
       4928;2024071014;   10; 23.00;eor
       4928;2024071015;   10; 54.00;eor
       4928;2024071016;   10; 16.00;eor
       4928;2024071017;   10; 25.00;eor
       4928;2024071018;   10;  0.00;eor
       4928;2024071019;   10;  0.00;eor
       4928;2024071020;   10;  0.00;eor
       4928;2024071103;   10;  0.00;eor
       4928;2024071104;   10;  0.00;eor
       4928;2024071105;   10;  0.00;eor
       4928;2024071106;   10;  0.00;eor
       4928;2024071107;   10;  0.00;eor
       4928;2024071108;   10;  1.00;eor
       4928;2024071109;   10;  4.00;eor
       4928;2024071110;   10;  2.00;eor
       4928;2024071111;   10; 43.00;eor
       4928;2024071112;   10; 51.00;eor
       4928;2024071113;   10; 41.00;eor
       4928;2024071114;   10; 48.00;eor
       4928;2024071115;   10; 41.00;eor
       4928;2024071116;   10; 50.00;eor
       4928;2024071117;   10; 46.00;eor
       4928;2024071118;   10; 28.00;eor
       4928;2024071119;   10; 12.00;eor
       4928;2024071120;   10;  1.00;eor
       4928;2024071203;   10;  0.00;eor
       4928;2024071204;   10;  0.00;eor
       4928;2024071205;   10;  0.00;eor
       4928;2024071206;   10;  0.00;eor
       4928;2024071207;   10;  0.00;eor
       4928;2024071208;   10;  1.00;eor
       4928;2024071209;   10;  4.00;eor
       4928;2024071210;   10; 34.00;eor
       4928;2024071211;   10; 21.00;eor
       4928;2024071212;   10;  8.00;eor
       4928;2024071213;   10; 14.00;eor
       4928;2024071214;   10; 18.00;eor
       4928;2024071215;   10;  0.00;eor
       4928;2024071216;   10;  6.00;eor
       4928;2024071217;   10; 10.00;eor
       4928;2024071218;   10;  0.00;eor
       4928;2024071219;   10;  1.00;eor
       4928;2024071220;   10;  0.00;eor
       4928;2024071303;   10;  0.00;eor
       4928;2024071304;   10;  0.00;eor
       4928;2024071305;   10;  4.00;eor
       4928;2024071306;   10; 19.00;eor
       4928;2024071307;   10; 49.00;eor
       4928;2024071308;   10;  2.00;eor
       4928;2024071309;   10; 27.00;eor
       4928;2024071310;   10;  7.00;eor
       4928;2024071311;   10; 33.00;eor
       4928;2024071312;   10; 46.00;eor
       4928;2024071313;   10;  8.00;eor
       4928;2024071314;   10; 51.00;eor
       4928;2024071315;   10; 31.00;eor
       4928;2024071316;   10; 56.00;eor
       4928;2024071317;   10; 59.00;eor
       4928;2024071318;   10; 53.00;eor
       4928;2024071319;   10; 44.00;eor
       4928;2024071320;   10;  5.00;eor
       4928;2024071403;   10;  0.00;eor
       4928;2024071404;   10;  0.00;eor
       4928;2024071405;   10; 47.00;eor
       4928;2024071406;   10; 36.00;eor
       4928;2024071407;   10; 58.00;eor
       4928;2024071408;   10; 60.00;eor
       4928;2024071409;   10; 60.00;eor
       4928;2024071410;   10; 59.00;eor
       4928;2024071411;   10; 45.00;eor
       4928;2024071412;   10; 52.00;eor
       4928;2024071413;   10; 36.00;eor
       4928;2024071414;   10; 33.00;eor
       4928;2024071415;   10; 26.00;eor
       4928;2024071416;   10; 27.00;eor
       4928;2024071417;   10; 10.00;eor
       4928;2024071418;   10;  1.00;eor
       4928;2024071419;   10;  0.00;eor
       4928;2024071420;   10;  0.00;eor
       4928;2024071503;   10;  0.00;eor
       4928;2024071504;   10;  0.00;eor
       4928;2024071505;   10; 40.00;eor
       4928;2024071506;   10; 55.00;eor
       4928;2024071507;   10; 60.00;eor
       4928;2024071508;   10; 60.00;eor
       4928;2024071509;   10; 60.00;eor
       4928;2024071510;   10; 60.00;eor
       4928;2024071511;   10; 60.00;eor
       4928;2024071512;   10; 60.00;eor
       4928;2024071513;   10; 60.00;eor
       4928;2024071514;   10; 59.00;eor
       4928;2024071515;   10; 59.00;eor
       4928;2024071516;   10; 60.00;eor
       4928;2024071517;   10; 29.00;eor
       4928;2024071518;   10;  6.00;eor
       4928;2024071519;   10;  0.00;eor
       4928;2024071520;   10;  0.00;eor
       4928;2024071603;   10;  0.00;eor
       4928;2024071604;   10;  0.00;eor
       4928;2024071605;   10;  0.00;eor
       4928;2024071606;   10; 35.00;eor
       4928;2024071607;   10; 35.00;eor
       4928;2024071608;   10; 49.00;eor
       4928;2024071609;   10; 46.00;eor
       4928;2024071610;   10; 32.00;eor
       4928;2024071611;   10; 16.00;eor
       4928;2024071612;   10; 13.00;eor
       4928;2024071613;   10; 29.00;eor
       4928;2024071614;   10; 30.00;eor
       4928;2024071615;   10; 50.00;eor
       4928;2024071616;   10; 41.00;eor
       4928;2024071617;   10; 18.00;eor
       4928;2024071618;   10; 12.00;eor
       4928;2024071619;   10; 51.00;eor
       4928;2024071620;   10; 14.00;eor
       4928;2024071703;   10;  0.00;eor
       4928;2024071704;   10;  0.00;eor
       4928;2024071705;   10;  0.00;eor
       4928;2024071706;   10; 42.00;eor
       4928;2024071707;   10; 60.00;eor
       4928;2024071708;   10; 50.00;eor
       4928;2024071709;   10; 60.00;eor
       4928;2024071710;   10; 59.00;eor
       4928;2024071711;   10; 23.00;eor
       4928;2024071712;   10; 22.00;eor
       4928;2024071713;   10; 33.00;eor
       4928;2024071714;   10; 49.00;eor
       4928;2024071715;   10; 48.00;eor
       4928;2024071716;   10; 60.00;eor
       4928;2024071717;   10; 16.00;eor
       4928;2024071718;   10; 58.00;eor
       4928;2024071719;   10; 59.00;eor
       4928;2024071720;   10;  0.00;eor
       4928;2024071803;   10;  0.00;eor
       4928;2024071804;   10;  0.00;eor
       4928;2024071805;   10; 41.00;eor
       4928;2024071806;   10; 60.00;eor
       4928;2024071807;   10; 60.00;eor
       4928;2024071808;   10; 60.00;eor
       4928;2024071809;   10; 60.00;eor
       4928;2024071810;   10; 60.00;eor
       4928;2024071811;   10; 36.00;eor
       4928;2024071812;   10; 47.00;eor
       4928;2024071813;   10; 29.00;eor
       4928;2024071814;   10; 29.00;eor
       4928;2024071815;   10; 55.00;eor
       4928;2024071816;   10; 60.00;eor
       4928;2024071817;   10; 58.00;eor
       4928;2024071818;   10; 60.00;eor
       4928;2024071819;   10; 60.00;eor
       4928;2024071820;   10;  4.00;eor
       4928;2024071903;   10;  0.00;eor
       4928;2024071904;   10;  0.00;eor
       4928;2024071905;   10;  4.00;eor
       4928;2024071906;   10; 60.00;eor
       4928;2024071907;   10; 60.00;eor
       4928;2024071908;   10; 60.00;eor
       4928;2024071909;   10; 60.00;eor
       4928;2024071910;   10; 60.00;eor
       4928;2024071911;   10; 57.00;eor
       4928;2024071912;   10; 44.00;eor
       4928;2024071913;   10; 50.00;eor
       4928;2024071914;   10; 50.00;eor
       4928;2024071915;   10; 32.00;eor
       4928;2024071916;   10; 36.00;eor
       4928;2024071917;   10;  1.00;eor
       4928;2024071918;   10; 16.00;eor
       4928;2024071919;   10; 29.00;eor
       4928;2024071920;   10;  0.00;eor
       4928;2024072003;   10;  0.00;eor
       4928;2024072004;   10;  0.00;eor
       4928;2024072005;   10;  6.00;eor
       4928;2024072006;   10; 60.00;eor
       4928;2024072007;   10; 60.00;eor
       4928;2024072008;   10; 60.00;eor
       4928;2024072009;   10; 60.00;eor
       4928;2024072010;   10; 59.00;eor
       4928;2024072011;   10; 47.00;eor
       4928;2024072012;   10; 60.00;eor
       4928;2024072013;   10; 60.00;eor
       4928;2024072014;   10; 55.00;eor
       4928;2024072015;   10; 31.00;eor
       4928;2024072016;   10; 32.00;eor
       4928;2024072017;   10;  0.00;eor
       4928;2024072018;   10; 13.00;eor
       4928;2024072019;   10; 37.00;eor
       4928;2024072020;   10;  0.00;eor
       4928;2024072103;   10;  0.00;eor
       4928;2024072104;   10;  0.00;eor
       4928;2024072105;   10; 28.00;eor
       4928;2024072106;   10;  6.00;eor
       4928;2024072107;   10; 15.00;eor
       4928;2024072108;   10; 52.00;eor
       4928;2024072109;   10; 39.00;eor
       4928;2024072110;   10;  3.00;eor
       4928;2024072111;   10; 17.00;eor
       4928;2024072112;   10; 42.00;eor
       4928;2024072113;   10; 35.00;eor
       4928;2024072114;   10;  0.00;eor
       4928;2024072115;   10;  0.00;eor
       4928;2024072116;   10;  1.00;eor
       4928;2024072117;   10; 33.00;eor
       4928;2024072118;   10; 53.00;eor
       4928;2024072119;   10;  5.00;eor
       4928;2024072120;   10; 10.00;eor
       4928;2024072203;   10;  0.00;eor
       4928;2024072204;   10;  0.00;eor
       4928;2024072205;   10;  0.00;eor
       4928;2024072206;   10;  8.00;eor
       4928;2024072207;   10;  2.00;eor
       4928;2024072208;   10;  0.00;eor
       4928;2024072209;   10; 31.00;eor
       4928;2024072210;   10; 23.00;eor
       4928;2024072211;   10; 43.00;eor
       4928;2024072212;   10; 27.00;eor
       4928;2024072213;   10; 38.00;eor
       4928;2024072214;   10; 45.00;eor
       4928;2024072215;   10; 60.00;eor
       4928;2024072216;   10; 60.00;eor
       4928;2024072217;   10; 60.00;eor
       4928;2024072218;   10; 59.00;eor
       4928;2024072219;   10; 51.00;eor
       4928;2024072220;   10;  0.00;eor
       4928;2024072303;   10;  0.00;eor
       4928;2024072304;   10;  0.00;eor
       4928;2024072305;   10;  0.00;eor
       4928;2024072306;   10;  0.00;eor
       4928;2024072307;   10;  2.00;eor
       4928;2024072308;   10;  5.00;eor
       4928;2024072309;   10;  6.00;eor
       4928;2024072310;   10; 25.00;eor
       4928;2024072311;   10; 49.00;eor
       4928;2024072312;   10; 23.00;eor
       4928;2024072313;   10; 22.00;eor
       4928;2024072314;   10;  7.00;eor
       4928;2024072315;   10;  0.00;eor
       4928;2024072316;   10;  0.00;eor
       4928;2024072317;   10;  2.00;eor
       4928;2024072318;   10;  3.00;eor
       4928;2024072319;   10;  0.00;eor
       4928;2024072320;   10;  0.00;eor
       4928;2024072403;   10;  0.00;eor
       4928;2024072404;   10;  0.00;eor
       4928;2024072405;   10;  0.00;eor
       4928;2024072406;   10;  0.00;eor
       4928;2024072407;   10;  0.00;eor
       4928;2024072408;   10;  0.00;eor
       4928;2024072409;   10;  0.00;eor
       4928;2024081314;   10; 60.00;eor
       4928;2024081315;   10; 51.00;eor
       4928;2024081316;   10; 52.00;eor
       4928;2024081317;   10; 60.00;eor
       4928;2024081318;   10; 16.00;eor
       4928;2024081319;   10;  0.00;eor
       4928;2024081320;   10;  0.00;eor
       4928;2024081403;   10;  0.00;eor
       4928;2024081404;   10;  0.00;eor
       4928;2024081405;   10;  1.00;eor
       4928;2024081406;   10; 60.00;eor
       4928;2024081407;   10; 60.00;eor
       4928;2024081408;   10; 33.00;eor
       4928;2024081409;   10; 37.00;eor
       4928;2024081410;   10; 56.00;eor
       4928;2024081411;   10; 53.00;eor
       4928;2024081412;   10; 60.00;eor
       4928;2024081413;   10; 60.00;eor
       4928;2024081414;   10; 60.00;eor
       4928;2024081415;   10; 26.00;eor
       4928;2024081416;   10;  0.00;eor
       4928;2024081417;   10; 11.00;eor
       4928;2024081418;   10;  0.00;eor
       4928;2024081419;   10;  0.00;eor
       4928;2024081420;   10;  0.00;eor
       4928;2024081503;   10;  0.00;eor
       4928;2024081504;   10;  0.00;eor
       4928;2024081505;   10;  0.00;eor
       4928;2024081506;   10; 27.00;eor
       4928;2024081507;   10; 60.00;eor
       4928;2024081508;   10; 52.00;eor
       4928;2024081509;   10; 60.00;eor
       4928;2024081510;   10; 57.00;eor
       4928;2024081511;   10; 45.00;eor
       4928;2024081512;   10; 59.00;eor
       4928;2024081513;   10; 60.00;eor
       4928;2024081514;   10; 60.00;eor
       4928;2024081515;   10; 59.00;eor
       4928;2024081516;   10; 39.00;eor
       4928;2024081517;   10; 44.00;eor
       4928;2024081518;   10; 60.00;eor
       4928;2024081519;   10; 25.00;eor
       4928;2024081520;   10;  0.00;eor
       4928;2024081603;   10;  0.00;eor
       4928;2024081604;   10;  0.00;eor
       4928;2024081605;   10;  0.00;eor
       4928;2024081606;   10; 38.00;eor
       4928;2024081607;   10; 18.00;eor
       4928;2024081608;   10; 51.00;eor
       4928;2024081609;   10; 59.00;eor
       4928;2024081610;   10; 60.00;eor
       4928;2024081611;   10; 29.00;eor
       4928;2024081612;   10; 43.00;eor
       4928;2024081613;   10; 26.00;eor
       4928;2024081614;   10; 41.00;eor
       4928;2024081615;   10; 49.00;eor
       4928;2024081616;   10; 45.00;eor
       4928;2024081617;   10; 56.00;eor
       4928;2024081618;   10; 20.00;eor
       4928;2024081619;   10; 18.00;eor
       4928;2024081620;   10;  0.00;eor
       4928;2024081703;   10;  0.00;eor
       4928;2024081704;   10;  0.00;eor
       4928;2024081705;   10;  0.00;eor
       4928;2024081706;   10; 13.00;eor
       4928;2024081707;   10; 57.00;eor
       4928;2024081708;   10; 60.00;eor
       4928;2024081709;   10; 41.00;eor
       4928;2024081710;   10; 46.00;eor
       4928;2024081711;   10; 60.00;eor
       4928;2024081712;   10; 57.00;eor
       4928;2024081713;   10; 36.00;eor
       4928;2024081714;   10; 25.00;eor
       4928;2024081715;   10; 51.00;eor
       4928;2024081716;   10; 30.00;eor
       4928;2024081717;   10; 53.00;eor
       4928;2024081718;   10; 35.00;eor
       4928;2024081719;   10;  0.00;eor
       4928;2024081720;   10;  0.00;eor
       4928;2024081803;   10;  0.00;eor
       4928;2024081804;   10;  0.00;eor
       4928;2024081805;   10;  0.00;eor
       4928;2024081806;   10;  0.00;eor
       4928;2024081807;   10;  0.00;eor
       4928;2024081808;   10;  0.00;eor
       4928;2024081809;   10;  0.00;eor
       4928;2024081810;   10;  0.00;eor
       4928;2024081811;   10;  0.00;eor
       4928;2024081812;   10;  0.00;eor
       4928;2024081813;   10;  0.00;eor
       4928;2024081814;   10;  0.00;eor
       4928;2024081815;   10;  0.00;eor
       4928;2024081816;   10;  0.00;eor
       4928;2024081817;   10;  0.00;eor
       4928;2024081818;   10;  0.00;eor
       4928;2024081819;   10;  0.00;eor
       4928;2024081820;   10;  0.00;eor
       4928;2024081903;   10;  0.00;eor
       4928;2024081904;   10;  0.00;eor
       4928;2024081905;   10;  0.00;eor
       4928;2024081906;   10;  0.00;eor
       4928;2024081907;   10; 20.00;eor
       4928;2024081908;   10; 40.00;eor
       4928;2024081909;   10; 22.00;eor
       4928;2024081910;   10;  4.00;eor
       4928;2024081911;   10; 48.00;eor
       4928;2024081912;   10; 42.00;eor
       4928;2024081913;   10;  0.00;eor
       4928;2024081914;   10; 22.00;eor
       4928;2024081915;   10; 60.00;eor
       4928;2024081916;   10; 44.00;eor
       4928;2024081917;   10; 54.00;eor
       4928;2024081918;   10; 59.00;eor
       4928;2024081919;   10; 17.00;eor
       4928;2024081920;   10;  0.00;eor
       4928;2024082003;   10;  0.00;eor
       4928;2024082004;   10;  0.00;eor
       4928;2024082005;   10;  0.00;eor
       4928;2024082006;   10;  0.00;eor
       4928;2024082007;   10;  0.00;eor
       4928;2024082008;   10;  0.00;eor
       4928;2024082009;   10;  0.00;eor
       4928;2024082010;   10;  0.00;eor
       4928;2024082011;   10;  0.00;eor
       4928;2024082012;   10; 19.00;eor
       4928;2024082013;   10;  5.00;eor
       4928;2024082014;   10; 16.00;eor
       4928;2024082015;   10; 40.00;eor
       4928;2024082016;   10; 60.00;eor
       4928;2024082017;   10; 59.00;eor
       4928;2024082018;   10; 26.00;eor
       4928;2024082019;   10;  0.00;eor
       4928;2024082020;   10;  0.00;eor
       4928;2024082103;   10;  0.00;eor
       4928;2024082104;   10;  0.00;eor
       4928;2024082105;   10;  0.00;eor
       4928;2024082106;   10;  0.00;eor
       4928;2024082107;   10;  3.00;eor
       4928;2024082108;   10; 14.00;eor
       4928;2024082109;   10; 17.00;eor
       4928;2024082110;   10; 55.00;eor
       4928;2024082111;   10; 46.00;eor
       4928;2024082112;   10; 42.00;eor
       4928;2024082113;   10; 54.00;eor
       4928;2024082114;   10; 53.00;eor
       4928;2024082115;   10; 58.00;eor
       4928;2024082116;   10; 60.00;eor
       4928;2024082117;   10; 60.00;eor
       4928;2024082118;   10; 42.00;eor
       4928;2024082119;   10;  0.00;eor
       4928;2024082120;   10;  0.00;eor
       4928;2024082203;   10;  0.00;eor
       4928;2024082204;   10;  0.00;eor
       4928;2024082205;   10;  0.00;eor
       4928;2024082206;   10;  0.00;eor
       4928;2024082207;   10; 46.00;eor
       4928;2024082208;   10; 60.00;eor
       4928;2024082209;   10; 60.00;eor
       4928;2024082210;   10; 60.00;eor
       4928;2024082211;   10; 60.00;eor
       4928;2024082212;   10; 60.00;eor
       4928;2024082213;   10; 60.00;eor
       4928;2024082214;   10; 60.00;eor
       4928;2024082215;   10; 60.00;eor
       4928;2024082216;   10; 60.00;eor
       4928;2024082217;   10; 54.00;eor
       4928;2024082218;   10; 60.00;eor
       4928;2024082219;   10; 11.00;eor
       4928;2024082220;   10;  0.00;eor
       4928;2024082303;   10;  0.00;eor
       4928;2024082304;   10;  0.00;eor
       4928;2024082305;   10;  0.00;eor
       4928;2024082306;   10; 22.00;eor
       4928;2024082307;   10; 60.00;eor
       4928;2024082308;   10; 60.00;eor
       4928;2024082309;   10; 60.00;eor
       4928;2024082310;   10; 60.00;eor
       4928;2024082311;   10; 60.00;eor
       4928;2024082312;   10; 60.00;eor
       4928;2024082313;   10; 60.00;eor
       4928;2024082314;   10; 60.00;eor
       4928;2024082315;   10; 60.00;eor
       4928;2024082316;   10; 60.00;eor
       4928;2024082317;   10; 60.00;eor
       4928;2024082318;   10; 55.00;eor
       4928;2024082319;   10;  4.00;eor
       4928;2024082320;   10;  0.00;eor
       4928;2024082403;   10;  0.00;eor
       4928;2024082404;   10;  0.00;eor
       4928;2024082405;   10;  0.00;eor
       4928;2024082406;   10; 37.00;eor
       4928;2024082407;   10; 60.00;eor
       4928;2024082408;   10; 60.00;eor
       4928;2024082409;   10; 60.00;eor
       4928;2024082410;   10; 60.00;eor
       4928;2024082411;   10; 60.00;eor
       4928;2024082412;   10; 60.00;eor
       4928;2024082413;   10; 60.00;eor
       4928;2024082414;   10; 60.00;eor
       4928;2024082415;   10; 60.00;eor
       4928;2024082416;   10; 60.00;eor
       4928;2024082417;   10; 54.00;eor
       4928;2024082418;   10; 25.00;eor
       4928;2024082419;   10;  0.00;eor
       4928;2024082420;   10;  0.00;eor
       4928;2024082503;   10;  0.00;eor
       4928;2024082504;   10;  0.00;eor
       4928;2024082505;   10;  0.00;eor
       4928;2024082506;   10;  0.00;eor
       4928;2024082507;   10;  0.00;eor
       4928;2024082508;   10;  0.00;eor
       4928;2024082509;   10; 41.00;eor
       4928;2024082510;   10; 57.00;eor
       4928;2024082511;   10; 42.00;eor
       4928;2024082512;   10; 47.00;eor
       4928;2024082513;   10; 37.00;eor
       4928;2024082514;   10; 53.00;eor
       4928;2024082515;   10; 38.00;eor
       4928;2024082516;   10; 18.00;eor
       4928;2024082517;   10; 13.00;eor
       4928;2024082518;   10; 50.00;eor
       4928;2024082519;   10;  5.00;eor
       4928;2024082520;   10;  0.00;eor
       4928;2024082603;   10;  0.00;eor
       4928;2024082604;   10;  0.00;eor
       4928;2024082605;   10;  0.00;eor
       4928;2024082606;   10;  0.00;eor
       4928;2024082607;   10; 11.00;eor
       4928;2024082608;   10; 60.00;eor
       4928;2024082609;   10; 60.00;eor
       4928;2024082610;   10; 60.00;eor
       4928;2024082611;   10;  4.00;eor
       4928;2024082612;   10; 44.00;eor
       4928;2024082613;   10; 27.00;eor
       4928;2024082614;   10; 14.00;eor
       4928;2024082615;   10; 10.00;eor
       4928;2024082616;   10; 58.00;eor
       4928;2024082617;   10; 56.00;eor
       4928;2024082618;   10; 59.00;eor
       4928;2024082619;   10;  6.00;eor
       4928;2024082620;   10;  0.00;eor
       4928;2024082703;   10;  0.00;eor
       4928;2024082704;   10;  0.00;eor
       4928;2024082705;   10;  0.00;eor
       4928;2024082706;   10; 21.00;eor
       4928;2024082707;   10; 14.00;eor
       4928;2024082708;   10; 60.00;eor
       4928;2024082709;   10; 60.00;eor
       4928;2024082710;   10; 60.00;eor
       4928;2024082711;   10; 60.00;eor
       4928;2024082712;   10; 60.00;eor
       4928;2024082713;   10; 60.00;eor
       4928;2024082714;   10; 60.00;eor
       4928;2024082715;   10; 59.00;eor
       4928;2024082716;   10; 59.00;eor
       4928;2024082717;   10; 60.00;eor
       4928;2024082718;   10; 60.00;eor
       4928;2024082719;   10;  4.00;eor
       4928;2024082720;   10;  0.00;eor
       4928;2024082803;   10;  0.00;eor
       4928;2024082804;   10;  0.00;eor
       4928;2024082805;   10;  0.00;eor
       4928;2024082806;   10; 22.00;eor
       4928;2024082807;   10; 60.00;eor
       4928;2024082808;   10; 60.00;eor
       4928;2024082809;   10; 60.00;eor
       4928;2024082810;   10; 60.00;eor
       4928;2024082811;   10; 60.00;eor
       4928;2024082812;   10; 60.00;eor
       4928;2024082813;   10; 60.00;eor
       4928;2024082814;   10; 60.00;eor
       4928;2024082815;   10; 60.00;eor
       4928;2024082816;   10; 60.00;eor
       4928;2024082817;   10; 60.00;eor
       4928;2024082818;   10; 60.00;eor
       4928;2024082819;   10;  1.00;eor
       4928;2024082820;   10;  0.00;eor
       4928;2024082903;   10;  0.00;eor
       4928;2024082904;   10;  0.00;eor
       4928;2024082905;   10;  0.00;eor
       4928;2024082906;   10; 20.00;eor
       4928;2024082907;   10; 60.00;eor
       4928;2024082908;   10; 60.00;eor
       4928;2024082909;   10; 60.00;eor
       4928;2024082910;   10; 60.00;eor
       4928;2024082911;   10; 60.00;eor
       4928;2024082912;   10; 60.00;eor
       4928;2024082913;   10; 60.00;eor
       4928;2024082914;   10; 28.00;eor
       4928;2024082915;   10; 25.00;eor
       4928;2024082916;   10; 60.00;eor
       4928;2024082917;   10; 32.00;eor
       4928;2024082918;   10; 40.00;eor
       4928;2024082919;   10;  0.00;eor
       4928;2024082920;   10;  0.00;eor
       4928;2024083003;   10;  0.00;eor
       4928;2024083004;   10;  0.00;eor
       4928;2024083005;   10;  0.00;eor
       4928;2024083006;   10; 11.00;eor
       4928;2024083007;   10; 41.00;eor
       4928;2024083008;   10; 60.00;eor
       4928;2024083009;   10; 60.00;eor
       4928;2024083010;   10; 60.00;eor
       4928;2024083011;   10; 60.00;eor
       4928;2024083012;   10; 60.00;eor
       4928;2024083013;   10; 60.00;eor
       4928;2024083014;   10; 60.00;eor
       4928;2024083015;   10; 60.00;eor
       4928;2024083016;   10; 60.00;eor
       4928;2024083017;   10; 54.00;eor
       4928;2024083018;   10;  0.00;eor
       4928;2024083019;   10;  0.00;eor
       4928;2024083020;   10;  0.00;eor
       4928;2024083103;   10;  0.00;eor
       4928;2024083104;   10;  0.00;eor
       4928;2024083105;   10;  0.00;eor
       4928;2024083106;   10; 11.00;eor
       4928;2024083107;   10; 58.00;eor
       4928;2024083108;   10; 60.00;eor
       4928;2024083109;   10; 60.00;eor
       4928;2024083110;   10; 60.00;eor
       4928;2024083111;   10; 60.00;eor
       4928;2024083112;   10; 60.00;eor
       4928;2024083113;   10; 60.00;eor
       4928;2024083114;   10; 60.00;eor
       4928;2024083115;   10; 54.00;eor
       4928;2024083116;   10; 43.00;eor
       4928;2024083117;   10; 60.00;eor
       4928;2024083118;   10; 24.00;eor
       4928;2024083119;   10;  0.00;eor
       4928;2024083120;   10;  0.00;eor
       4928;2024090103;   10;  0.00;eor
       4928;2024090104;   10;  0.00;eor
       4928;2024090105;   10;  0.00;eor
       4928;2024090106;   10; 17.00;eor
       4928;2024090107;   10; 60.00;eor
       4928;2024090108;   10; 60.00;eor
       4928;2024090109;   10; 60.00;eor
       4928;2024090110;   10; 60.00;eor
       4928;2024090111;   10; 60.00;eor
       4928;2024090112;   10; 60.00;eor
       4928;2024090113;   10; 60.00;eor
       4928;2024090114;   10; 60.00;eor
       4928;2024090115;   10; 60.00;eor
       4928;2024090116;   10; 24.00;eor
       4928;2024090117;   10;  0.00;eor
       4928;2024090118;   10;  0.00;eor
       4928;2024090119;   10;  0.00;eor
       4928;2024090120;   10;  0.00;eor
       4928;2024090203;   10;  0.00;eor
       4928;2024090204;   10;  0.00;eor
       4928;2024090205;   10;  0.00;eor
       4928;2024090206;   10;  0.00;eor
       4928;2024090207;   10;  0.00;eor
       4928;2024090208;   10;  0.00;eor
       4928;2024090209;   10;  3.00;eor
       4928;2024090210;   10; 10.00;eor
       4928;2024090211;   10;  0.00;eor
       4928;2024090212;   10;  0.00;eor
       4928;2024090213;   10; 25.00;eor
       4928;2024090214;   10; 44.00;eor
       4928;2024090215;   10; 13.00;eor
       4928;2024090216;   10;  0.00;eor
       4928;2024090217;   10;  2.00;eor
       4928;2024090218;   10;  0.00;eor
       4928;2024090219;   10;  0.00;eor
       4928;2024090220;   10;  0.00;eor
       4928;2024090303;   10;  0.00;eor
       4928;2024090304;   10;  0.00;eor
       4928;2024090305;   10;  0.00;eor
       4928;2024090306;   10; 18.00;eor
       4928;2024090307;   10; 60.00;eor
       4928;2024090308;   10; 60.00;eor
       4928;2024090309;   10; 60.00;eor
       4928;2024090310;   10; 60.00;eor
       4928;2024090311;   10; 55.00;eor
       4928;2024090312;   10; 55.00;eor
       4928;2024090313;   10;  4.00;eor
       4928;2024090314;   10;  6.00;eor
       4928;2024090315;   10; 32.00;eor
       4928;2024090316;   10; 50.00;eor
       4928;2024090317;   10; 58.00;eor
       4928;2024090318;   10; 18.00;eor
       4928;2024090319;   10;  0.00;eor
       4928;2024090320;   10;  0.00;eor
       4928;2024090403;   10;  0.00;eor
       4928;2024090404;   10;  0.00;eor
       4928;2024090405;   10;  0.00;eor
       4928;2024090406;   10;  0.00;eor
       4928;2024090407;   10;  0.00;eor
       4928;2024090408;   10;  0.00;eor
       4928;2024090409;   10;  0.00;eor
       4928;2024090410;   10;  0.00;eor
       4928;2024090411;   10;  9.00;eor
       4928;2024090412;   10; 28.00;eor
       4928;2024090413;   10; 31.00;eor
       4928;2024090414;   10; 35.00;eor
       4928;2024090415;   10; 45.00;eor
       4928;2024090416;   10; 30.00;eor
       4928;2024090417;   10; 42.00;eor
       4928;2024090418;   10; 19.00;eor
       4928;2024090419;   10;  0.00;eor
       4928;2024090420;   10;  0.00;eor
       4928;2024090503;   10;  0.00;eor
       4928;2024090504;   10;  0.00;eor
       4928;2024090505;   10;  0.00;eor
       4928;2024090506;   10;  0.00;eor
       4928;2024090507;   10;  0.00;eor
       4928;2024090508;   10; 11.00;eor
       4928;2024090509;   10; 58.00;eor
       4928;2024090510;   10; 60.00;eor
       4928;2024090511;   10; 60.00;eor
       4928;2024090512;   10; 60.00;eor
       4928;2024090513;   10; 42.00;eor
       4928;2024090514;   10; 53.00;eor
       4928;2024090515;   10; 54.00;eor
       4928;2024090516;   10; 32.00;eor
       4928;2024090517;   10; 40.00;eor
       4928;2024090518;   10;  0.00;eor
       4928;2024090519;   10;  0.00;eor
       4928;2024090520;   10;  0.00;eor
       4928;2024090603;   10;  0.00;eor
       4928;2024090604;   10;  0.00;eor
       4928;2024090605;   10;  0.00;eor
       4928;2024090606;   10;  0.00;eor
       4928;2024090607;   10;  0.00;eor
       4928;2024090608;   10;  0.00;eor
       4928;2024090609;   10;  0.00;eor
       4928;2024090610;   10; 11.00;eor
       4928;2024090611;   10; 13.00;eor
       4928;2024090612;   10; 20.00;eor
       4928;2024090613;   10;  5.00;eor
       4928;2024090614;   10; 35.00;eor
       4928;2024090615;   10; 51.00;eor
       4928;2024090616;   10; 58.00;eor
       4928;2024090617;   10; 60.00;eor
       4928;2024090618;   10; 41.00;eor
       4928;2024090619;   10;  0.00;eor
       4928;2024090620;   10;  0.00;eor
       4928;2024090703;   10;  0.00;eor
       4928;2024090704;   10;  0.00;eor
       4928;2024090705;   10;  0.00;eor
       4928;2024090706;   10; 27.00;eor
       4928;2024090707;   10; 60.00;eor
       4928;2024090708;   10; 60.00;eor
       4928;2024090709;   10; 60.00;eor
       4928;2024090710;   10; 60.00;eor
       4928;2024090711;   10; 60.00;eor
       4928;2024090712;   10; 60.00;eor
       4928;2024090713;   10; 60.00;eor
       4928;2024090714;   10; 60.00;eor
       4928;2024090715;   10; 60.00;eor
       4928;2024090716;   10; 60.00;eor
       4928;2024090717;   10; 50.00;eor
       4928;2024090718;   10; 30.00;eor
       4928;2024090719;   10;  0.00;eor
       4928;2024090720;   10;  0.00;eor
       4928;2024090803;   10;  0.00;eor
       4928;2024090804;   10;  0.00;eor
       4928;2024090805;   10;  0.00;eor
       4928;2024090806;   10;  0.00;eor
       4928;2024090807;   10;  3.00;eor
       4928;2024090808;   10; 23.00;eor
       4928;2024090809;   10; 25.00;eor
       4928;2024090810;   10;  0.00;eor
       4928;2024090811;   10;  4.00;eor
       4928;2024090812;   10;  0.00;eor
       4928;2024090813;   10;  0.00;eor
       4928;2024090814;   10;  0.00;eor
       4928;2024090815;   10;  0.00;eor
       4928;2024090816;   10;  0.00;eor
       4928;2024090817;   10;  0.00;eor
       4928;2024090818;   10;  0.00;eor
       4928;2024090819;   10;  0.00;eor
       4928;2024090820;   10;  0.00;eor
       4928;2024090903;   10;  0.00;eor
       4928;2024090904;   10;  0.00;eor
       4928;2024090905;   10;  0.00;eor
       4928;2024090906;   10;  0.00;eor
       4928;2024090907;   10; 43.00;eor
       4928;2024090908;   10;  1.00;eor
       4928;2024090909;   10;  0.00;eor
       4928;2024090910;   10;  0.00;eor
       4928;2024090911;   10;  4.00;eor
       4928;2024090912;   10; 32.00;eor
       4928;2024090913;   10;  8.00;eor
       4928;2024090914;   10; 17.00;eor
       4928;2024090915;   10; 46.00;eor
       4928;2024090916;   10;  0.00;eor
       4928;2024090917;   10; 10.00;eor
       4928;2024090918;   10;  1.00;eor
       4928;2024090919;   10;  0.00;eor
       4928;2024090920;   10;  0.00;eor
       4928;2024091003;   10;  0.00;eor
       4928;2024091004;   10;  0.00;eor
       4928;2024091005;   10;  0.00;eor
       4928;2024091006;   10;  0.00;eor
       4928;2024091007;   10;  0.00;eor
       4928;2024091008;   10; 12.00;eor
       4928;2024091009;   10;  6.00;eor
       4928;2024091010;   10; 21.00;eor
       4928;2024091011;   10; 11.00;eor
       4928;2024091012;   10;  1.00;eor
       4928;2024091013;   10; 19.00;eor
       4928;2024091014;   10; 35.00;eor
       4928;2024091015;   10; 44.00;eor
       4928;2024091016;   10; 23.00;eor
       4928;2024091017;   10; 12.00;eor
       4928;2024091018;   10;  0.00;eor
       4928;2024091019;   10;  0.00;eor
       4928;2024091020;   10;  0.00;eor
       4928;2024091103;   10;  0.00;eor
       4928;2024091104;   10;  0.00;eor
       4928;2024091105;   10;  0.00;eor
       4928;2024091106;   10;  1.00;eor
       4928;2024091107;   10;  0.00;eor
       4928;2024091108;   10;  0.00;eor
       4928;2024091109;   10;  0.00;eor
       4928;2024091110;   10;  0.00;eor
       4928;2024091111;   10;  0.00;eor
       4928;2024091112;   10;  0.00;eor
       4928;2024091113;   10;  0.00;eor
       4928;2024091114;   10;  0.00;eor
       4928;2024091115;   10;  0.00;eor
       4928;2024091116;   10;  0.00;eor
       4928;2024091117;   10;  0.00;eor
       4928;2024091118;   10;  0.00;eor
       4928;2024091119;   10;  0.00;eor
       4928;2024091120;   10;  0.00;eor
       4928;2024091203;   10;  0.00;eor
       4928;2024091204;   10;  0.00;eor
       4928;2024091205;   10;  0.00;eor
       4928;2024091206;   10;  7.00;eor
       4928;2024091207;   10;  1.00;eor
       4928;2024091208;   10;  9.00;eor
       4928;2024091209;   10; 56.00;eor
       4928;2024091210;   10; 29.00;eor
       4928;2024091211;   10;  0.00;eor
       4928;2024091212;   10; 21.00;eor
       4928;2024091213;   10;  0.00;eor
       4928;2024091214;   10;  6.00;eor
       4928;2024091215;   10; 29.00;eor
       4928;2024091216;   10; 18.00;eor
       4928;2024091217;   10;  8.00;eor
       4928;2024091218;   10; 13.00;eor
       4928;2024091219;   10;  0.00;eor
       4928;2024091220;   10;  0.00;eor
       4928;2024091303;   10;  0.00;eor
       4928;2024091304;   10;  0.00;eor
       4928;2024091305;   10;  0.00;eor
       4928;2024091306;   10;  0.00;eor
       4928;2024091307;   10;  0.00;eor
       4928;2024091308;   10; 11.00;eor
       4928;2024091309;   10; 11.00;eor
       4928;2024091310;   10; 31.00;eor
       4928;2024091311;   10; 13.00;eor
       4928;2024091312;   10; 20.00;eor
       4928;2024091313;   10; 21.00;eor
       4928;2024091314;   10; 38.00;eor
       4928;2024091315;   10; 14.00;eor
       4928;2024091316;   10;  0.00;eor
       4928;2024091317;   10;  0.00;eor
       4928;2024091318;   10;  0.00;eor
       4928;2024091319;   10;  0.00;eor
       4928;2024091320;   10;  0.00;eor
       4928;2024091403;   10;  0.00;eor
       4928;2024091404;   10;  0.00;eor
       4928;2024091405;   10;  0.00;eor
       4928;2024091406;   10;  0.00;eor
       4928;2024091407;   10;  0.00;eor
       4928;2024091408;   10;  4.00;eor
       4928;2024091409;   10; 40.00;eor
       4928;2024091410;   10;  0.00;eor
       4928;2024091411;   10; 13.00;eor
       4928;2024091412;   10;  4.00;eor
       4928;2024091413;   10;  0.00;eor
       4928;2024091414;   10; 23.00;eor
       4928;2024091415;   10; 49.00;eor
       4928;2024091416;   10; 31.00;eor
       4928;2024091417;   10;  2.00;eor
       4928;2024091418;   10;  0.00;eor
       4928;2024091419;   10;  0.00;eor
       4928;2024091420;   10;  0.00;eor
       4928;2024091503;   10;  0.00;eor
       4928;2024091504;   10;  0.00;eor
       4928;2024091505;   10;  0.00;eor
       4928;2024091506;   10;  0.00;eor
       4928;2024091507;   10;  0.00;eor
       4928;2024091508;   10;  1.00;eor
       4928;2024091509;   10;  4.00;eor
       4928;2024091510;   10; 28.00;eor
       4928;2024091511;   10; 35.00;eor
       4928;2024091512;   10; 50.00;eor
       4928;2024091513;   10; 41.00;eor
       4928;2024091514;   10; 40.00;eor
       4928;2024091515;   10; 45.00;eor
       4928;2024091516;   10; 36.00;eor
       4928;2024091517;   10; 25.00;eor
       4928;2024091518;   10; 16.00;eor
       4928;2024091519;   10;  0.00;eor
       4928;2024091520;   10;  0.00;eor
       4928;2024091603;   10;  0.00;eor
       4928;2024091604;   10;  0.00;eor
       4928;2024091605;   10;  0.00;eor
       4928;2024091606;   10;  0.00;eor
       4928;2024091607;   10;  0.00;eor
       4928;2024091608;   10;  0.00;eor
       4928;2024091609;   10;  0.00;eor
       4928;2024091610;   10;  0.00;eor
       4928;2024091611;   10;  0.00;eor
       4928;2024091612;   10;  0.00;eor
       4928;2024091613;   10;  0.00;eor
       4928;2024091614;   10;  0.00;eor
       4928;2024091615;   10;  0.00;eor
       4928;2024091616;   10;  0.00;eor
       4928;2024091617;   10;  0.00;eor
       4928;2024091618;   10;  0.00;eor
       4928;2024091619;   10;  0.00;eor
       4928;2024091620;   10;  0.00;eor
       4928;2024091703;   10;  0.00;eor
       4928;2024091704;   10;  0.00;eor
       4928;2024091705;   10;  0.00;eor
       4928;2024091706;   10;  0.00;eor
       4928;2024091707;   10;  0.00;eor
       4928;2024091708;   10;  0.00;eor
       4928;2024091709;   10;  0.00;eor
       4928;2024091710;   10;  0.00;eor
       4928;2024091711;   10;  0.00;eor
       4928;2024091712;   10;  0.00;eor
       4928;2024091713;   10; 22.00;eor
       4928;2024091714;   10; 29.00;eor
       4928;2024091715;   10; 30.00;eor
       4928;2024091716;   10; 14.00;eor
       4928;2024091717;   10;  0.00;eor
       4928;2024091718;   10;  0.00;eor
       4928;2024091719;   10;  0.00;eor
       4928;2024091720;   10;  0.00;eor
       4928;2024091803;   10;  0.00;eor
       4928;2024091804;   10;  0.00;eor
       4928;2024091805;   10;  0.00;eor
       4928;2024091806;   10; 19.00;eor
       4928;2024091807;   10; 60.00;eor
       4928;2024091808;   10; 60.00;eor
       4928;2024091809;   10; 60.00;eor
       4928;2024091810;   10; 56.00;eor
       4928;2024091811;   10; 57.00;eor
       4928;2024091812;   10; 59.00;eor
       4928;2024091813;   10; 52.00;eor
       4928;2024091814;   10; 59.00;eor
       4928;2024091815;   10; 49.00;eor
       4928;2024091816;   10; 60.00;eor
       4928;2024091817;   10; 57.00;eor
       4928;2024091818;   10;  0.00;eor
       4928;2024091819;   10;  0.00;eor
       4928;2024091820;   10;  0.00;eor
       4928;2024091903;   10;  0.00;eor
       4928;2024091904;   10;  0.00;eor
       4928;2024091905;   10;  0.00;eor
       4928;2024091906;   10; 18.00;eor
       4928;2024091907;   10; 60.00;eor
       4928;2024091908;   10; 60.00;eor
       4928;2024091909;   10; 60.00;eor
       4928;2024091910;   10; 60.00;eor
       4928;2024091911;   10; 60.00;eor
       4928;2024091912;   10; 60.00;eor
       4928;2024091913;   10; 55.00;eor
       4928;2024091914;   10; 55.00;eor
       4928;2024091915;   10; 55.00;eor
       4928;2024091916;   10; 60.00;eor
       4928;2024091917;   10; 42.00;eor
       4928;2024091918;   10;  0.00;eor
       4928;2024091919;   10;  0.00;eor
       4928;2024091920;   10;  0.00;eor
       4928;2024092003;   10;  0.00;eor
       4928;2024092004;   10;  0.00;eor
       4928;2024092005;   10;  0.00;eor
       4928;2024092006;   10; 16.00;eor
       4928;2024092007;   10; 60.00;eor
       4928;2024092008;   10; 60.00;eor
       4928;2024092009;   10; 60.00;eor
       4928;2024092010;   10; 60.00;eor
       4928;2024092011;   10; 60.00;eor
       4928;2024092012;   10; 60.00;eor
       4928;2024092013;   10; 60.00;eor
       4928;2024092014;   10; 60.00;eor
       4928;2024092015;   10; 60.00;eor
       4928;2024092016;   10; 60.00;eor
       4928;2024092017;   10; 57.00;eor
       4928;2024092018;   10;  6.00;eor
       4928;2024092019;   10;  0.00;eor
       4928;2024092020;   10;  0.00;eor
       4928;2024092103;   10;  0.00;eor
       4928;2024092104;   10;  0.00;eor
       4928;2024092105;   10;  0.00;eor
       4928;2024092106;   10; 13.00;eor
       4928;2024092107;   10; 60.00;eor
       4928;2024092108;   10; 60.00;eor
       4928;2024092109;   10; 60.00;eor
       4928;2024092110;   10; 60.00;eor
       4928;2024092111;   10; 60.00;eor
       4928;2024092112;   10; 60.00;eor
       4928;2024092113;   10; 60.00;eor
       4928;2024092114;   10; 60.00;eor
       4928;2024092115;   10; 60.00;eor
       4928;2024092116;   10; 60.00;eor
       4928;2024092117;   10; 60.00;eor
       4928;2024092118;   10; 14.00;eor
       4928;2024092119;   10;  0.00;eor
       4928;2024092120;   10;  0.00;eor
       4928;2024092203;   10;  0.00;eor
       4928;2024092204;   10;  0.00;eor
       4928;2024092205;   10;  0.00;eor
       4928;2024092206;   10;  5.00;eor
       4928;2024092207;   10; 60.00;eor
       4928;2024092208;   10; 60.00;eor
       4928;2024092209;   10; 60.00;eor
       4928;2024092210;   10; 60.00;eor
       4928;2024092211;   10; 60.00;eor
       4928;2024092212;   10; 53.00;eor
       4928;2024092213;   10; 58.00;eor
       4928;2024092214;   10; 60.00;eor
       4928;2024092215;   10; 32.00;eor
       4928;2024092216;   10; 18.00;eor
       4928;2024092217;   10;  0.00;eor
       4928;2024092218;   10;  0.00;eor
       4928;2024092219;   10;  0.00;eor
       4928;2024092220;   10;  0.00;eor
       4928;2024092303;   10;  0.00;eor
       4928;2024092304;   10;  0.00;eor
       4928;2024092305;   10;  0.00;eor
       4928;2024092306;   10;  0.00;eor
       4928;2024092307;   10;  0.00;eor
       4928;2024092308;   10;  0.00;eor
       4928;2024092309;   10;  9.00;eor
       4928;2024092310;   10;  0.00;eor
       4928;2024092311;   10;  0.00;eor
       4928;2024092312;   10;  1.00;eor
       4928;2024092313;   10; 13.00;eor
       4928;2024092314;   10;  0.00;eor
       4928;2024092315;   10;  0.00;eor
       4928;2024092316;   10;  0.00;eor
       4928;2024092317;   10;  0.00;eor
       4928;2024092318;   10;  0.00;eor
       4928;2024092319;   10;  0.00;eor
       4928;2024092320;   10;  0.00;eor
       4928;2024092403;   10;  0.00;eor
       4928;2024092404;   10;  0.00;eor
       4928;2024092405;   10;  0.00;eor
       4928;2024092406;   10;  0.00;eor
       4928;2024092407;   10;  0.00;eor
       4928;2024092408;   10;  0.00;eor
       4928;2024092409;   10;  9.00;eor
       4928;2024092410;   10; 21.00;eor
       4928;2024092411;   10;  8.00;eor
       4928;2024092412;   10; 43.00;eor
       4928;2024092413;   10;  6.00;eor
       4928;2024092414;   10; 15.00;eor
       4928;2024092415;   10; 33.00;eor
       4928;2024092416;   10; 21.00;eor
       4928;2024092417;   10;  0.00;eor
       4928;2024092418;   10;  0.00;eor
       4928;2024092419;   10;  0.00;eor
       4928;2024092420;   10;  0.00;eor
       4928;2024092503;   10;  0.00;eor
       4928;2024092504;   10;  0.00;eor
       4928;2024092505;   10;  0.00;eor
       4928;2024092506;   10;  0.00;eor
       4928;2024092507;   10;  0.00;eor
       4928;2024092508;   10;  0.00;eor
       4928;2024092509;   10;  0.00;eor
       4928;2024092510;   10;  0.00;eor
       4928;2024092511;   10; 20.00;eor
       4928;2024092512;   10;  3.00;eor
       4928;2024092513;   10; 24.00;eor
       4928;2024092514;   10; 22.00;eor
       4928;2024092515;   10;  1.00;eor
       4928;2024092516;   10;  0.00;eor
       4928;2024092517;   10;  0.00;eor
       4928;2024092518;   10;  0.00;eor
       4928;2024092519;   10;  0.00;eor
       4928;2024092520;   10;  0.00;eor
       4928;2024092603;   10;  0.00;eor
       4928;2024092604;   10;  0.00;eor
       4928;2024092605;   10;  0.00;eor
       4928;2024092606;   10;  0.00;eor
       4928;2024092607;   10;  0.00;eor
       4928;2024092608;   10;  0.00;eor
       4928;2024092609;   10;  0.00;eor
       4928;2024092610;   10;  0.00;eor
       4928;2024092611;   10;  0.00;eor
       4928;2024092612;   10;  0.00;eor
       4928;2024092613;   10;  0.00;eor
       4928;2024092614;   10;  0.00;eor
       4928;2024092615;   10;  0.00;eor
       4928;2024092616;   10;  0.00;eor
       4928;2024092617;   10;  0.00;eor
       4928;2024092618;   10;  0.00;eor
       4928;2024092619;   10;  0.00;eor
       4928;2024092620;   10;  0.00;eor
       4928;2024092703;   10;  0.00;eor
       4928;2024092704;   10;  0.00;eor
       4928;2024092705;   10;  0.00;eor
       4928;2024092706;   10;  0.00;eor
       4928;2024092707;   10; 49.00;eor
       4928;2024092708;   10;  6.00;eor
       4928;2024092709;   10; 31.00;eor
       4928;2024092710;   10; 11.00;eor
       4928;2024092711;   10; 32.00;eor
       4928;2024092712;   10; 44.00;eor
       4928;2024092713;   10; 32.00;eor
       4928;2024092714;   10; 11.00;eor
       4928;2024092715;   10;  0.00;eor
       4928;2024092716;   10; 31.00;eor
       4928;2024092717;   10; 54.00;eor
       4928;2024092718;   10;  6.00;eor
       4928;2024092719;   10;  0.00;eor
       4928;2024092720;   10;  0.00;eor
       4928;2024092803;   10;  0.00;eor
       4928;2024092804;   10;  0.00;eor
       4928;2024092805;   10;  0.00;eor
       4928;2024092806;   10;  0.00;eor
       4928;2024092807;   10;  0.00;eor
       4928;2024092808;   10;  0.00;eor
       4928;2024092809;   10; 20.00;eor
       4928;2024092810;   10;  7.00;eor
       4928;2024092811;   10;  1.00;eor
       4928;2024092812;   10;  8.00;eor
       4928;2024092813;   10; 46.00;eor
       4928;2024092814;   10; 15.00;eor
       4928;2024092815;   10; 47.00;eor
       4928;2024092816;   10; 31.00;eor
       4928;2024092817;   10; 42.00;eor
       4928;2024092818;   10;  1.00;eor
       4928;2024092819;   10;  0.00;eor
       4928;2024092820;   10;  0.00;eor
       4928;2024092903;   10;  0.00;eor
       4928;2024092904;   10;  0.00;eor
       4928;2024092905;   10;  0.00;eor
       4928;2024092906;   10;  0.00;eor
       4928;2024092907;   10;  0.00;eor
       4928;2024092908;   10;  0.00;eor
       4928;2024092909;   10; 25.00;eor
       4928;2024092910;   10; 60.00;eor
       4928;2024092911;   10; 60.00;eor
       4928;2024092912;   10; 52.00;eor
       4928;2024092913;   10; 46.00;eor
       4928;2024092914;   10;  0.00;eor
       4928;2024092915;   10;  0.00;eor
       4928;2024092916;   10;  0.00;eor
       4928;2024092917;   10;  0.00;eor
       4928;2024092918;   10;  0.00;eor
       4928;2024092919;   10;  0.00;eor
       4928;2024092920;   10;  0.00;eor
       4928;2024093003;   10;  0.00;eor
       4928;2024093004;   10;  0.00;eor
       4928;2024093005;   10;  0.00;eor
       4928;2024093006;   10;  0.00;eor
       4928;2024093007;   10;  0.00;eor
       4928;2024093008;   10;  0.00;eor
       4928;2024093009;   10;  0.00;eor
       4928;2024093010;   10;  9.00;eor
       4928;2024093011;   10; 39.00;eor
       4928;2024093012;   10;  2.00;eor
       4928;2024093013;   10; 17.00;eor
       4928;2024093014;   10; 14.00;eor
       4928;2024093015;   10;  0.00;eor
       4928;2024093016;   10;  0.00;eor
       4928;2024093017;   10;  0.00;eor
       4928;2024093018;   10;  0.00;eor
       4928;2024093019;   10;  0.00;eor
       4928;2024093020;   10;  0.00;eor
       4928;2024100103;   10;  0.00;eor
       4928;2024100104;   10;  0.00;eor
       4928;2024100105;   10;  0.00;eor
       4928;2024100106;   10;  0.00;eor
       4928;2024100107;   10;  0.00;eor
       4928;2024100108;   10;  0.00;eor
       4928;2024100109;   10;  0.00;eor
       4928;2024100110;   10;  0.00;eor
       4928;2024100111;   10;  0.00;eor
       4928;2024100112;   10; 12.00;eor
       4928;2024100113;   10; 26.00;eor
       4928;2024100114;   10;  6.00;eor
       4928;2024100115;   10;  1.00;eor
       4928;2024100116;   10;  0.00;eor
       4928;2024100117;   10;  0.00;eor
       4928;2024100118;   10;  0.00;eor
       4928;2024100119;   10;  0.00;eor
       4928;2024100120;   10;  0.00;eor
       4928;2024100203;   10;  0.00;eor
       4928;2024100204;   10;  0.00;eor
       4928;2024100205;   10;  0.00;eor
       4928;2024100206;   10;  0.00;eor
       4928;2024100207;   10;  0.00;eor
       4928;2024100208;   10;  0.00;eor
       4928;2024100209;   10;  0.00;eor
       4928;2024100210;   10;  0.00;eor
       4928;2024100211;   10;  1.00;eor
       4928;2024100212;   10;  1.00;eor
       4928;2024100213;   10; 29.00;eor
       4928;2024100214;   10; 27.00;eor
       4928;2024100215;   10; 43.00;eor
       4928;2024100216;   10; 44.00;eor
       4928;2024100217;   10;  8.00;eor
       4928;2024100218;   10;  0.00;eor
       4928;2024100219;   10;  0.00;eor
       4928;2024100220;   10;  0.00;eor
       4928;2024100303;   10;  0.00;eor
       4928;2024100304;   10;  0.00;eor
       4928;2024100305;   10;  0.00;eor
       4928;2024100306;   10;  0.00;eor
       4928;2024100307;   10;  0.00;eor
       4928;2024100308;   10;  0.00;eor
       4928;2024100309;   10;  0.00;eor
       4928;2024100310;   10;  0.00;eor
       4928;2024100311;   10;  0.00;eor
       4928;2024100312;   10;  0.00;eor
       4928;2024100313;   10;  3.00;eor
       4928;2024100314;   10;  0.00;eor
       4928;2024100315;   10;  0.00;eor
       4928;2024100316;   10;  0.00;eor
       4928;2024100317;   10;  0.00;eor
       4928;2024100318;   10;  0.00;eor
       4928;2024100319;   10;  0.00;eor
       4928;2024100320;   10;  0.00;eor
       4928;2024100403;   10;  0.00;eor
       4928;2024100404;   10;  0.00;eor
       4928;2024100405;   10;  0.00;eor
       4928;2024100406;   10;  0.00;eor
       4928;2024100407;   10;  0.00;eor
       4928;2024100408;   10;  0.00;eor
       4928;2024100409;   10;  0.00;eor
       4928;2024100410;   10;  0.00;eor
       4928;2024100411;   10;  0.00;eor
       4928;2024100412;   10;  0.00;eor
       4928;2024100413;   10;  1.00;eor
       4928;2024100414;   10;  4.00;eor
       4928;2024100415;   10;  0.00;eor
       4928;2024100416;   10;  0.00;eor
       4928;2024100417;   10;  0.00;eor
       4928;2024100418;   10;  0.00;eor
       4928;2024100419;   10;  0.00;eor
       4928;2024100420;   10;  0.00;eor
       4928;2024100503;   10;  0.00;eor
       4928;2024100504;   10;  0.00;eor
       4928;2024100505;   10;  0.00;eor
       4928;2024100506;   10;  0.00;eor
       4928;2024100507;   10;  0.00;eor
       4928;2024100508;   10;  0.00;eor
       4928;2024100509;   10;  0.00;eor
       4928;2024100510;   10;  4.00;eor
       4928;2024100511;   10;  0.00;eor
       4928;2024100512;   10;  4.00;eor
       4928;2024100513;   10;  6.00;eor
       4928;2024100514;   10; 15.00;eor
       4928;2024100515;   10;  0.00;eor
       4928;2024100516;   10;  0.00;eor
       4928;2024100517;   10;  0.00;eor
       4928;2024100518;   10;  0.00;eor
       4928;2024100519;   10;  0.00;eor
       4928;2024100520;   10;  0.00;eor
       4928;2024100603;   10;  0.00;eor
       4928;2024100604;   10;  0.00;eor
       4928;2024100605;   10;  0.00;eor
       4928;2024100606;   10;  0.00;eor
       4928;2024100607;   10; 27.00;eor
       4928;2024100608;   10; 58.00;eor
       4928;2024100609;   10; 47.00;eor
       4928;2024100610;   10; 36.00;eor
       4928;2024100611;   10; 21.00;eor
       4928;2024100612;   10; 40.00;eor
       4928;2024100613;   10; 40.00;eor
       4928;2024100614;   10; 29.00;eor
       4928;2024100615;   10; 24.00;eor
       4928;2024100616;   10;  1.00;eor
       4928;2024100617;   10; 11.00;eor
       4928;2024100618;   10;  0.00;eor
       4928;2024100619;   10;  0.00;eor
       4928;2024100620;   10;  0.00;eor
       4928;2024100703;   10;  0.00;eor
       4928;2024100704;   10;  0.00;eor
       4928;2024100705;   10;  0.00;eor
       4928;2024100706;   10;  0.00;eor
       4928;2024100707;   10;  0.00;eor
       4928;2024100708;   10;  0.00;eor
       4928;2024100709;   10;  0.00;eor
       4928;2024100710;   10;  0.00;eor
       4928;2024100711;   10; 29.00;eor
       4928;2024100712;   10; 26.00;eor
       4928;2024100713;   10;  6.00;eor
       4928;2024100714;   10; 34.00;eor
       4928;2024100715;   10;  2.00;eor
       4928;2024100716;   10;  0.00;eor
       4928;2024100717;   10;  0.00;eor
       4928;2024100718;   10;  0.00;eor
       4928;2024100719;   10;  0.00;eor
       4928;2024100720;   10;  0.00;eor
       4928;2024100803;   10;  0.00;eor
       4928;2024100804;   10;  0.00;eor
       4928;2024100805;   10;  0.00;eor
       4928;2024100806;   10;  0.00;eor
       4928;2024100807;   10;  0.00;eor
       4928;2024100808;   10;  0.00;eor
       4928;2024100809;   10;  0.00;eor
       4928;2024100810;   10;  0.00;eor
       4928;2024100811;   10;  0.00;eor
       4928;2024100812;   10;  0.00;eor
       4928;2024100813;   10;  0.00;eor
       4928;2024100814;   10;  0.00;eor
       4928;2024100815;   10;  0.00;eor
       4928;2024100816;   10;  0.00;eor
       4928;2024100817;   10;  0.00;eor
       4928;2024100818;   10;  0.00;eor
       4928;2024100819;   10;  0.00;eor
       4928;2024100820;   10;  0.00;eor
       4928;2024100903;   10;  0.00;eor
       4928;2024100904;   10;  0.00;eor
       4928;2024100905;   10;  0.00;eor
       4928;2024100906;   10;  0.00;eor
       4928;2024100907;   10; 25.00;eor
       4928;2024100908;   10; 32.00;eor
       4928;2024100909;   10; 23.00;eor
       4928;2024100910;   10; 13.00;eor
       4928;2024100911;   10;  0.00;eor
       4928;2024100912;   10;  8.00;eor
       4928;2024100913;   10;  4.00;eor
       4928;2024100914;   10;  2.00;eor
       4928;2024100915;   10; 21.00;eor
       4928;2024100916;   10; 37.00;eor
       4928;2024100917;   10;  0.00;eor
       4928;2024100918;   10;  0.00;eor
       4928;2024100919;   10;  0.00;eor
       4928;2024100920;   10;  0.00;eor
       4928;2024101003;   10;  0.00;eor
       4928;2024101004;   10;  0.00;eor
       4928;2024101005;   10;  0.00;eor
       4928;2024101006;   10;  0.00;eor
       4928;2024101007;   10; 14.00;eor
       4928;2024101008;   10;  0.00;eor
       4928;2024101009;   10;  0.00;eor
       4928;2024101010;   10; 12.00;eor
       4928;2024101011;   10; 10.00;eor
       4928;2024101012;   10;  0.00;eor
       4928;2024101013;   10;  5.00;eor
       4928;2024101014;   10;  4.00;eor
       4928;2024101015;   10;  2.00;eor
       4928;2024101016;   10; 14.00;eor
       4928;2024101017;   10;  0.00;eor
       4928;2024101018;   10;  0.00;eor
       4928;2024101019;   10;  0.00;eor
       4928;2024101020;   10;  0.00;eor
       4928;2024101103;   10;  0.00;eor
       4928;2024101104;   10;  0.00;eor
       4928;2024101105;   10;  0.00;eor
       4928;2024101106;   10;  0.00;eor
       4928;2024101107;   10;  0.00;eor
       4928;2024101108;   10;  0.00;eor
       4928;2024101109;   10;  0.00;eor
       4928;2024101110;   10; 28.00;eor
       4928;2024101111;   10; 32.00;eor
       4928;2024101112;   10; 19.00;eor
       4928;2024101113;   10; 10.00;eor
       4928;2024101114;   10; 19.00;eor
       4928;2024101115;   10; 16.00;eor
       4928;2024101116;   10; 38.00;eor
       4928;2024101117;   10; 17.00;eor
       4928;2024101118;   10;  0.00;eor
       4928;2024101119;   10;  0.00;eor
       4928;2024101120;   10;  0.00;eor
       4928;2024101203;   10;  0.00;eor
       4928;2024101204;   10;  0.00;eor
       4928;2024101205;   10;  0.00;eor
       4928;2024101206;   10;  0.00;eor
       4928;2024101207;   10; 21.00;eor
       4928;2024101208;   10; 38.00;eor
       4928;2024101209;   10; 60.00;eor
       4928;2024101210;   10; 60.00;eor
       4928;2024101211;   10; 22.00;eor
       4928;2024101212;   10; 43.00;eor
       4928;2024101213;   10; 34.00;eor
       4928;2024101214;   10;  0.00;eor
       4928;2024101215;   10;  0.00;eor
       4928;2024101216;   10; 15.00;eor
       4928;2024101217;   10;  0.00;eor
       4928;2024101218;   10;  0.00;eor
       4928;2024101219;   10;  0.00;eor
       4928;2024101220;   10;  0.00;eor
       4928;2024101303;   10;  0.00;eor
       4928;2024101304;   10;  0.00;eor
       4928;2024101305;   10;  0.00;eor
       4928;2024101306;   10;  0.00;eor
       4928;2024101307;   10;  0.00;eor
       4928;2024101308;   10;  0.00;eor
       4928;2024101309;   10;  3.00;eor
       4928;2024101310;   10; 28.00;eor
       4928;2024101311;   10; 60.00;eor
       4928;2024101312;   10; 60.00;eor
       4928;2024101313;   10; 60.00;eor
       4928;2024101314;   10; 60.00;eor
       4928;2024101315;   10; 59.00;eor
       4928;2024101316;   10;  9.00;eor
       4928;2024101317;   10;  3.00;eor
       4928;2024101318;   10;  0.00;eor
       4928;2024101319;   10;  0.00;eor
       4928;2024101320;   10;  0.00;eor
       4928;2024101403;   10;  0.00;eor
       4928;2024101404;   10;  0.00;eor
       4928;2024101405;   10;  0.00;eor
       4928;2024101406;   10;  0.00;eor
       4928;2024101407;   10;  0.00;eor
       4928;2024101408;   10;  0.00;eor
       4928;2024101409;   10;  0.00;eor
       4928;2024101410;   10;  0.00;eor
       4928;2024101411;   10;  0.00;eor
       4928;2024101412;   10;  0.00;eor
       4928;2024101413;   10;  0.00;eor
       4928;2024101414;   10;  0.00;eor
       4928;2024101415;   10;  2.00;eor
       4928;2024101416;   10; 42.00;eor
       4928;2024101417;   10; 16.00;eor
       4928;2024101418;   10;  0.00;eor
       4928;2024101419;   10;  0.00;eor
       4928;2024101420;   10;  0.00;eor
       4928;2024101503;   10;  0.00;eor
       4928;2024101504;   10;  0.00;eor
       4928;2024101505;   10;  0.00;eor
       4928;2024101506;   10;  0.00;eor
       4928;2024101507;   10;  0.00;eor
       4928;2024101508;   10;  0.00;eor
       4928;2024101509;   10;  0.00;eor
       4928;2024101510;   10;  0.00;eor
       4928;2024101511;   10;  1.00;eor
       4928;2024101512;   10;  0.00;eor
       4928;2024101513;   10;  0.00;eor
       4928;2024101514;   10;  0.00;eor
       4928;2024101515;   10;  0.00;eor
       4928;2024101516;   10;  0.00;eor
       4928;2024101517;   10;  0.00;eor
       4928;2024101518;   10;  0.00;eor
       4928;2024101519;   10;  0.00;eor
       4928;2024101520;   10;  0.00;eor
       4928;2024101603;   10;  0.00;eor
       4928;2024101604;   10;  0.00;eor
       4928;2024101605;   10;  0.00;eor
       4928;2024101606;   10;  0.00;eor
       4928;2024101607;   10;  0.00;eor
       4928;2024101608;   10; 28.00;eor
       4928;2024101609;   10; 54.00;eor
       4928;2024101610;   10; 58.00;eor
       4928;2024101611;   10; 60.00;eor
       4928;2024101612;   10; 15.00;eor
       4928;2024101613;   10;  0.00;eor
       4928;2024101614;   10;  0.00;eor
       4928;2024101615;   10;  0.00;eor
       4928;2024101616;   10; 15.00;eor
       4928;2024101617;   10;  0.00;eor
       4928;2024101618;   10;  0.00;eor
       4928;2024101619;   10;  0.00;eor
       4928;2024101620;   10;  0.00;eor
       4928;2024101703;   10;  0.00;eor
       4928;2024101704;   10;  0.00;eor
       4928;2024101705;   10;  0.00;eor
       4928;2024101706;   10;  0.00;eor
       4928;2024101707;   10; 10.00;eor
       4928;2024101708;   10; 27.00;eor
       4928;2024101709;   10; 59.00;eor
       4928;2024101710;   10; 56.00;eor
       4928;2024101711;   10; 39.00;eor
       4928;2024101712;   10;  3.00;eor
       4928;2024101713;   10;  1.00;eor
       4928;2024101714;   10;  0.00;eor
       4928;2024101715;   10;  4.00;eor
       4928;2024101716;   10;  6.00;eor
       4928;2024101717;   10;  0.00;eor
       4928;2024101718;   10;  0.00;eor
       4928;2024101719;   10;  0.00;eor
       4928;2024101720;   10;  0.00;eor
       4928;2024101803;   10;  0.00;eor
       4928;2024101804;   10;  0.00;eor
       4928;2024101805;   10;  0.00;eor
       4928;2024101806;   10;  0.00;eor
       4928;2024101807;   10;  0.00;eor
       4928;2024101808;   10;  0.00;eor
       4928;2024101809;   10;  0.00;eor
       4928;2024101810;   10;  0.00;eor
       4928;2024101811;   10;  0.00;eor
       4928;2024101812;   10;  0.00;eor
       4928;2024101813;   10;  0.00;eor
       4928;2024101814;   10;  0.00;eor
       4928;2024101815;   10;  0.00;eor
       4928;2024101816;   10;  0.00;eor
       4928;2024101817;   10;  0.00;eor
       4928;2024101818;   10;  0.00;eor
       4928;2024101819;   10;  0.00;eor
       4928;2024101820;   10;  0.00;eor
       4928;2024101903;   10;  0.00;eor
       4928;2024101904;   10;  0.00;eor
       4928;2024101905;   10;  0.00;eor
       4928;2024101906;   10;  0.00;eor
       4928;2024101907;   10;  0.00;eor
       4928;2024101908;   10;  0.00;eor
       4928;2024101909;   10;  0.00;eor
       4928;2024101910;   10; 16.00;eor
       4928;2024101911;   10;  0.00;eor
       4928;2024101912;   10;  0.00;eor
       4928;2024101913;   10;  0.00;eor
       4928;2024101914;   10;  0.00;eor
       4928;2024101915;   10;  0.00;eor
       4928;2024101916;   10;  0.00;eor
       4928;2024101917;   10;  0.00;eor
       4928;2024101918;   10;  0.00;eor
       4928;2024101919;   10;  0.00;eor
       4928;2024101920;   10;  0.00;eor
       4928;2024102003;   10;  0.00;eor
       4928;2024102004;   10;  0.00;eor
       4928;2024102005;   10;  0.00;eor
       4928;2024102006;   10;  0.00;eor
       4928;2024102007;   10;  0.00;eor
       4928;2024102008;   10;  0.00;eor
       4928;2024102009;   10; 23.00;eor
       4928;2024102010;   10; 11.00;eor
       4928;2024102011;   10; 33.00;eor
       4928;2024102012;   10; 34.00;eor
       4928;2024102013;   10;  1.00;eor
       4928;2024102014;   10;  0.00;eor
       4928;2024102015;   10;  0.00;eor
       4928;2024102016;   10;  0.00;eor
       4928;2024102017;   10;  0.00;eor
       4928;2024102018;   10;  0.00;eor
       4928;2024102019;   10;  0.00;eor
       4928;2024102020;   10;  0.00;eor
       4928;2024102103;   10;  0.00;eor
       4928;2024102104;   10;  0.00;eor
       4928;2024102105;   10;  0.00;eor
       4928;2024102106;   10;  0.00;eor
       4928;2024102107;   10; 16.00;eor
       4928;2024102108;   10; 59.00;eor
       4928;2024102109;   10; 22.00;eor
       4928;2024102110;   10;  0.00;eor
       4928;2024102111;   10;  0.00;eor
       4928;2024102112;   10; 50.00;eor
       4928;2024102113;   10; 60.00;eor
       4928;2024102114;   10; 60.00;eor
       4928;2024102115;   10; 11.00;eor
       4928;2024102116;   10; 14.00;eor
       4928;2024102117;   10;  7.00;eor
       4928;2024102118;   10;  0.00;eor
       4928;2024102119;   10;  0.00;eor
       4928;2024102120;   10;  0.00;eor
       4928;2024102203;   10;  0.00;eor
       4928;2024102204;   10;  0.00;eor
       4928;2024102205;   10;  0.00;eor
       4928;2024102206;   10;  0.00;eor
       4928;2024102207;   10;  0.00;eor
       4928;2024102208;   10;  7.00;eor
       4928;2024102209;   10;  2.00;eor
       4928;2024102210;   10;  0.00;eor
       4928;2024102211;   10;  0.00;eor
       4928;2024102212;   10;  0.00;eor
       4928;2024102213;   10; 15.00;eor
       4928;2024102214;   10;  0.00;eor
       4928;2024102215;   10;  0.00;eor
       4928;2024102216;   10;  0.00;eor
       4928;2024102217;   10;  0.00;eor
       4928;2024102218;   10;  0.00;eor
       4928;2024102219;   10;  0.00;eor
       4928;2024102220;   10;  0.00;eor
       4928;2024102303;   10;  0.00;eor
       4928;2024102304;   10;  0.00;eor
       4928;2024102305;   10;  0.00;eor
       4928;2024102306;   10;  0.00;eor
       4928;2024102307;   10;  0.00;eor
       4928;2024102308;   10;  0.00;eor
       4928;2024102309;   10;  0.00;eor
       4928;2024102310;   10; 34.00;eor
       4928;2024102311;   10; 60.00;eor
       4928;2024102312;   10; 60.00;eor
       4928;2024102313;   10; 57.00;eor
       4928;2024102314;   10; 16.00;eor
       4928;2024102315;   10; 44.00;eor
       4928;2024102316;   10; 56.00;eor
       4928;2024102317;   10;  0.00;eor
       4928;2024102318;   10;  0.00;eor
       4928;2024102319;   10;  0.00;eor
       4928;2024102320;   10;  0.00;eor
       4928;2024102403;   10;  0.00;eor
       4928;2024102404;   10;  0.00;eor
       4928;2024102405;   10;  0.00;eor
       4928;2024102406;   10;  0.00;eor
       4928;2024102407;   10;  0.00;eor
       4928;2024102408;   10;  0.00;eor
       4928;2024102409;   10;  0.00;eor
       4928;2024102410;   10;  0.00;eor
       4928;2024102411;   10;  0.00;eor
       4928;2024102412;   10;  0.00;eor
       4928;2024102413;   10;  0.00;eor
       4928;2024102414;   10;  0.00;eor
       4928;2024102415;   10;  5.00;eor
       4928;2024102416;   10; 21.00;eor
       4928;2024102417;   10;  0.00;eor
       4928;2024102418;   10;  0.00;eor
       4928;2024102419;   10;  0.00;eor
       4928;2024102420;   10;  0.00;eor
       4928;2024102503;   10;  0.00;eor
       4928;2024102504;   10;  0.00;eor
       4928;2024102505;   10;  0.00;eor
       4928;2024102506;   10;  0.00;eor
       4928;2024102507;   10;  0.00;eor
       4928;2024102508;   10;  1.00;eor
       4928;2024102509;   10; 16.00;eor
       4928;2024102510;   10;  0.00;eor
       4928;2024102511;   10; 39.00;eor
       4928;2024102512;   10; 60.00;eor
       4928;2024102513;   10; 60.00;eor
       4928;2024102514;   10; 60.00;eor
       4928;2024102515;   10; 60.00;eor
       4928;2024102516;   10; 48.00;eor
       4928;2024102517;   10;  0.00;eor
       4928;2024102518;   10;  0.00;eor
       4928;2024102519;   10;  0.00;eor
       4928;2024102520;   10;  0.00;eor
       4928;2024102603;   10;  0.00;eor
       4928;2024102604;   10;  0.00;eor
       4928;2024102605;   10;  0.00;eor
       4928;2024102606;   10;  0.00;eor
       4928;2024102607;   10;  0.00;eor
       4928;2024102608;   10;  0.00;eor
       4928;2024102609;   10;  0.00;eor
       4928;2024102610;   10;  0.00;eor
       4928;2024102611;   10; 41.00;eor
       4928;2024102612;   10; 60.00;eor
       4928;2024102613;   10; 60.00;eor
       4928;2024102614;   10; 60.00;eor
       4928;2024102615;   10; 32.00;eor
       4928;2024102616;   10; 17.00;eor
       4928;2024102617;   10;  0.00;eor
       4928;2024102618;   10;  0.00;eor
       4928;2024102619;   10;  0.00;eor
       4928;2024102620;   10;  0.00;eor
       4928;2024102703;   10;  0.00;eor
       4928;2024102704;   10;  0.00;eor
       4928;2024102705;   10;  0.00;eor
       4928;2024102706;   10;  0.00;eor
       4928;2024102707;   10;  0.00;eor
       4928;2024102708;   10;  0.00;eor
       4928;2024102709;   10;  0.00;eor
       4928;2024102710;   10;  0.00;eor
       4928;2024102711;   10;  0.00;eor
       4928;2024102712;   10; 29.00;eor
       4928;2024102713;   10; 41.00;eor
       4928;2024102714;   10; 60.00;eor
       4928;2024102715;   10; 60.00;eor
       4928;2024102716;   10; 49.00;eor
       4928;2024102717;   10;  0.00;eor
       4928;2024102718;   10;  0.00;eor
       4928;2024102719;   10;  0.00;eor
       4928;2024102720;   10;  0.00;eor
       4928;2024102803;   10;  0.00;eor
       4928;2024102804;   10;  0.00;eor
       4928;2024102805;   10;  0.00;eor
       4928;2024102806;   10;  0.00;eor
       4928;2024102807;   10;  4.00;eor
       4928;2024102808;   10; 55.00;eor
       4928;2024102809;   10; 47.00;eor
       4928;2024102810;   10; 46.00;eor
       4928;2024102811;   10;  2.00;eor
       4928;2024102812;   10; 28.00;eor
       4928;2024102813;   10; 60.00;eor
       4928;2024102814;   10; 59.00;eor
       4928;2024102815;   10; 60.00;eor
       4928;2024102816;   10; 50.00;eor
       4928;2024102817;   10;  0.00;eor
       4928;2024102818;   10;  0.00;eor
       4928;2024102819;   10;  0.00;eor
       4928;2024102820;   10;  0.00;eor
       4928;2024102903;   10;  0.00;eor
       4928;2024102904;   10;  0.00;eor
       4928;2024102905;   10;  0.00;eor
       4928;2024102906;   10;  0.00;eor
       4928;2024102907;   10;  5.00;eor
       4928;2024102908;   10; 49.00;eor
       4928;2024102909;   10; 57.00;eor
       4928;2024102910;   10; 60.00;eor
       4928;2024102911;   10; 60.00;eor
       4928;2024102912;   10; 60.00;eor
       4928;2024102913;   10; 60.00;eor
       4928;2024102914;   10; 60.00;eor
       4928;2024102915;   10; 60.00;eor
       4928;2024102916;   10; 47.00;eor
       4928;2024102917;   10;  0.00;eor
       4928;2024102918;   10;  0.00;eor
       4928;2024102919;   10;  0.00;eor
       4928;2024102920;   10;  0.00;eor
       4928;2024103003;   10;  0.00;eor
       4928;2024103004;   10;  0.00;eor
       4928;2024103005;   10;  0.00;eor
       4928;2024103006;   10;  0.00;eor
       4928;2024103007;   10;  0.00;eor
       4928;2024103008;   10; 24.00;eor
       4928;2024103009;   10; 54.00;eor
       4928;2024103010;   10; 60.00;eor
       4928;2024103011;   10; 47.00;eor
       4928;2024103012;   10; 31.00;eor
       4928;2024103013;   10; 28.00;eor
       4928;2024103014;   10; 58.00;eor
       4928;2024103015;   10; 60.00;eor
       4928;2024103016;   10; 48.00;eor
       4928;2024103017;   10;  0.00;eor
       4928;2024103018;   10;  0.00;eor
       4928;2024103019;   10;  0.00;eor
       4928;2024103020;   10;  0.00;eor
       4928;2024103103;   10;  0.00;eor
       4928;2024103104;   10;  0.00;eor
       4928;2024103105;   10;  0.00;eor
       4928;2024103106;   10;  0.00;eor
       4928;2024103107;   10;  0.00;eor
       4928;2024103108;   10;  0.00;eor
       4928;2024103109;   10;  0.00;eor
       4928;2024103110;   10;  0.00;eor
       4928;2024103111;   10;  0.00;eor
       4928;2024103112;   10;  0.00;eor
       4928;2024103113;   10;  0.00;eor
       4928;2024103114;   10;  0.00;eor
       4928;2024103115;   10;  0.00;eor
       4928;2024103116;   10;  0.00;eor
       4928;2024103117;   10;  0.00;eor
       4928;2024103118;   10;  0.00;eor
       4928;2024103119;   10;  0.00;eor
       4928;2024103120;   10;  0.00;eor
       4928;2024110103;   10;  0.00;eor
       4928;2024110104;   10;  0.00;eor
       4928;2024110105;   10;  0.00;eor
       4928;2024110106;   10;  0.00;eor
       4928;2024110107;   10;  0.00;eor
       4928;2024110108;   10;  0.00;eor
       4928;2024110109;   10;  0.00;eor
       4928;2024110110;   10;  0.00;eor
       4928;2024110111;   10;  0.00;eor
       4928;2024110112;   10; 40.00;eor
       4928;2024110113;   10; 59.00;eor
       4928;2024110114;   10; 60.00;eor
       4928;2024110115;   10; 60.00;eor
       4928;2024110116;   10; 50.00;eor
       4928;2024110117;   10;  0.00;eor
       4928;2024110118;   10;  0.00;eor
       4928;2024110119;   10;  0.00;eor
       4928;2024110120;   10;  0.00;eor
       4928;2024110203;   10;  0.00;eor
       4928;2024110204;   10;  0.00;eor
       4928;2024110205;   10;  0.00;eor
       4928;2024110206;   10;  0.00;eor
       4928;2024110207;   10;  0.00;eor
       4928;2024110208;   10;  0.00;eor
       4928;2024110209;   10;  0.00;eor
       4928;2024110210;   10;  0.00;eor
       4928;2024110211;   10;  3.00;eor
       4928;2024110212;   10;  0.00;eor
       4928;2024110213;   10;  0.00;eor
       4928;2024110214;   10;  0.00;eor
       4928;2024110215;   10;  0.00;eor
       4928;2024110216;   10;  0.00;eor
       4928;2024110217;   10;  0.00;eor
       4928;2024110218;   10;  0.00;eor
       4928;2024110219;   10;  0.00;eor
       4928;2024110220;   10;  0.00;eor
       4928;2024110303;   10;  0.00;eor
       4928;2024110304;   10;  0.00;eor
       4928;2024110305;   10;  0.00;eor
       4928;2024110306;   10;  0.00;eor
       4928;2024110307;   10;  0.00;eor
       4928;2024110308;   10;  0.00;eor
       4928;2024110309;   10;  0.00;eor
       4928;2024110310;   10;  0.00;eor
       4928;2024110311;   10;  0.00;eor
       4928;2024110312;   10;  7.00;eor
       4928;2024110313;   10;  0.00;eor
       4928;2024110314;   10;  0.00;eor
       4928;2024110315;   10;  0.00;eor
       4928;2024110316;   10;  0.00;eor
       4928;2024110317;   10;  0.00;eor
       4928;2024110318;   10;  0.00;eor
       4928;2024110319;   10;  0.00;eor
       4928;2024110320;   10;  0.00;eor
       4928;2024110403;   10;  0.00;eor
       4928;2024110404;   10;  0.00;eor
       4928;2024110405;   10;  0.00;eor
       4928;2024110406;   10;  0.00;eor
       4928;2024110407;   10;  0.00;eor
       4928;2024110408;   10;  0.00;eor
       4928;2024110409;   10;  0.00;eor
       4928;2024110410;   10;  0.00;eor
       4928;2024110411;   10; 47.00;eor
       4928;2024110412;   10; 60.00;eor
       4928;2024110413;   10; 60.00;eor
       4928;2024110414;   10; 60.00;eor
       4928;2024110415;   10; 60.00;eor
       4928;2024110416;   10; 44.00;eor
       4928;2024110417;   10;  0.00;eor
       4928;2024110418;   10;  0.00;eor
       4928;2024110419;   10;  0.00;eor
       4928;2024110420;   10;  0.00;eor
       4928;2024110503;   10;  0.00;eor
       4928;2024110504;   10;  0.00;eor
       4928;2024110505;   10;  0.00;eor
       4928;2024110506;   10;  0.00;eor
       4928;2024110507;   10;  0.00;eor
       4928;2024110508;   10;  0.00;eor
       4928;2024110509;   10; 27.00;eor
       4928;2024110510;   10; 60.00;eor
       4928;2024110511;   10; 58.00;eor
       4928;2024110512;   10; 60.00;eor
       4928;2024110513;   10; 60.00;eor
       4928;2024110514;   10; 60.00;eor
       4928;2024110515;   10; 43.00;eor
       4928;2024110516;   10; 16.00;eor
       4928;2024110517;   10;  0.00;eor
       4928;2024110518;   10;  0.00;eor
       4928;2024110519;   10;  0.00;eor
       4928;2024110520;   10;  0.00;eor
       4928;2024110603;   10;  0.00;eor
       4928;2024110604;   10;  0.00;eor
       4928;2024110605;   10;  0.00;eor
       4928;2024110606;   10;  0.00;eor
       4928;2024110607;   10;  0.00;eor
       4928;2024110608;   10;  0.00;eor
       4928;2024110609;   10;  0.00;eor
       4928;2024110610;   10;  0.00;eor
       4928;2024110611;   10;  0.00;eor
       4928;2024110612;   10;  0.00;eor
       4928;2024110613;   10;  0.00;eor
       4928;2024110614;   10;  0.00;eor
       4928;2024110615;   10;  0.00;eor
       4928;2024110616;   10;  0.00;eor
       4928;2024110617;   10;  0.00;eor
       4928;2024110618;   10;  0.00;eor
       4928;2024110619;   10;  0.00;eor
       4928;2024110620;   10;  0.00;eor
       4928;2024110703;   10;  0.00;eor
       4928;2024110704;   10;  0.00;eor
       4928;2024110705;   10;  0.00;eor
       4928;2024110706;   10;  0.00;eor
       4928;2024110707;   10;  0.00;eor
       4928;2024110708;   10;  0.00;eor
       4928;2024110709;   10;  0.00;eor
       4928;2024110710;   10;  0.00;eor
       4928;2024110711;   10;  0.00;eor
       4928;2024110712;   10;  0.00;eor
       4928;2024110713;   10;  0.00;eor
       4928;2024110714;   10;  0.00;eor
       4928;2024110715;   10;  0.00;eor
       4928;2024110716;   10;  0.00;eor
       4928;2024110717;   10;  0.00;eor
       4928;2024110718;   10;  0.00;eor
       4928;2024110719;   10;  0.00;eor
       4928;2024110720;   10;  0.00;eor
       4928;2024110803;   10;  0.00;eor
       4928;2024110804;   10;  0.00;eor
       4928;2024110805;   10;  0.00;eor
       4928;2024110806;   10;  0.00;eor
       4928;2024110807;   10;  0.00;eor
       4928;2024110808;   10;  0.00;eor
       4928;2024110809;   10;  0.00;eor
       4928;2024110810;   10;  0.00;eor
       4928;2024110811;   10;  0.00;eor
       4928;2024110812;   10;  0.00;eor
       4928;2024110813;   10;  0.00;eor
       4928;2024110814;   10;  0.00;eor
       4928;2024110815;   10;  0.00;eor
       4928;2024110816;   10;  0.00;eor
       4928;2024110817;   10;  0.00;eor
       4928;2024110818;   10;  0.00;eor
       4928;2024110819;   10;  0.00;eor
       4928;2024110820;   10;  0.00;eor
       4928;2024110903;   10;  0.00;eor
       4928;2024110904;   10;  0.00;eor
       4928;2024110905;   10;  0.00;eor
       4928;2024110906;   10;  0.00;eor
       4928;2024110907;   10;  0.00;eor
       4928;2024110908;   10;  0.00;eor
       4928;2024110909;   10; 49.00;eor
       4928;2024110910;   10; 60.00;eor
       4928;2024110911;   10; 60.00;eor
       4928;2024110912;   10; 60.00;eor
       4928;2024110913;   10; 60.00;eor
       4928;2024110914;   10; 60.00;eor
       4928;2024110915;   10; 60.00;eor
       4928;2024110916;   10;  8.00;eor
       4928;2024110917;   10;  0.00;eor
       4928;2024110918;   10;  0.00;eor
       4928;2024110919;   10;  0.00;eor
       4928;2024110920;   10;  0.00;eor
       4928;2024111003;   10;  0.00;eor
       4928;2024111004;   10;  0.00;eor
       4928;2024111005;   10;  0.00;eor
       4928;2024111006;   10;  0.00;eor
       4928;2024111007;   10;  0.00;eor
       4928;2024111008;   10;  0.00;eor
       4928;2024111009;   10;  0.00;eor
       4928;2024111010;   10;  0.00;eor
       4928;2024111011;   10;  0.00;eor
       4928;2024111012;   10;  0.00;eor
       4928;2024111013;   10;  0.00;eor
       4928;2024111014;   10;  0.00;eor
       4928;2024111015;   10;  0.00;eor
       4928;2024111016;   10;  0.00;eor
       4928;2024111017;   10;  0.00;eor
       4928;2024111018;   10;  0.00;eor
       4928;2024111019;   10;  0.00;eor
       4928;2024111020;   10;  0.00;eor
       4928;2024111103;   10;  0.00;eor
       4928;2024111104;   10;  0.00;eor
       4928;2024111105;   10;  0.00;eor
       4928;2024111106;   10;  0.00;eor
       4928;2024111107;   10;  0.00;eor
       4928;2024111108;   10;  0.00;eor
       4928;2024111109;   10;  0.00;eor
       4928;2024111110;   10;  0.00;eor
       4928;2024111111;   10;  0.00;eor
       4928;2024111112;   10;  0.00;eor
       4928;2024111113;   10;  2.00;eor
       4928;2024111114;   10;  1.00;eor
       4928;2024111115;   10;  0.00;eor
       4928;2024111116;   10;  0.00;eor
       4928;2024111117;   10;  0.00;eor
       4928;2024111118;   10;  0.00;eor
       4928;2024111119;   10;  0.00;eor
       4928;2024111120;   10;  0.00;eor
       4928;2024111203;   10;  0.00;eor
       4928;2024111204;   10;  0.00;eor
       4928;2024111205;   10;  0.00;eor
       4928;2024111206;   10;  0.00;eor
       4928;2024111207;   10;  0.00;eor
       4928;2024111208;   10;  0.00;eor
       4928;2024111209;   10;  0.00;eor
       4928;2024111210;   10;  0.00;eor
       4928;2024111211;   10;  0.00;eor
       4928;2024111212;   10;  0.00;eor
       4928;2024111213;   10;  0.00;eor
       4928;2024111214;   10;  0.00;eor
       4928;2024111215;   10;  0.00;eor
       4928;2024111216;   10;  0.00;eor
       4928;2024111217;   10;  0.00;eor
       4928;2024111218;   10;  0.00;eor
       4928;2024111219;   10;  0.00;eor
       4928;2024111220;   10;  0.00;eor
       4928;2024111303;   10;  0.00;eor
       4928;2024111304;   10;  0.00;eor
       4928;2024111305;   10;  0.00;eor
       4928;2024111306;   10;  0.00;eor
       4928;2024111307;   10;  0.00;eor
       4928;2024111308;   10;  0.00;eor
       4928;2024111309;   10;  0.00;eor
       4928;2024111310;   10;  0.00;eor
       4928;2024111311;   10;  0.00;eor
       4928;2024111312;   10;  0.00;eor
       4928;2024111313;   10;  0.00;eor
       4928;2024111314;   10;  0.00;eor
       4928;2024111315;   10;  0.00;eor
       4928;2024111316;   10;  0.00;eor
       4928;2024111317;   10;  0.00;eor
       4928;2024111318;   10;  0.00;eor
       4928;2024111319;   10;  0.00;eor
       4928;2024111320;   10;  0.00;eor
       4928;2024111403;   10;  0.00;eor
       4928;2024111404;   10;  0.00;eor
       4928;2024111405;   10;  0.00;eor
       4928;2024111406;   10;  0.00;eor
       4928;2024111407;   10;  0.00;eor
       4928;2024111408;   10;  0.00;eor
       4928;2024111409;   10;  0.00;eor
       4928;2024111410;   10;  0.00;eor
       4928;2024111411;   10;  0.00;eor
       4928;2024111412;   10;  0.00;eor
       4928;2024111413;   10;  0.00;eor
       4928;2024111414;   10;  0.00;eor
       4928;2024111415;   10;  0.00;eor
       4928;2024111416;   10;  0.00;eor
       4928;2024111417;   10;  0.00;eor
       4928;2024111418;   10;  0.00;eor
       4928;2024111419;   10;  0.00;eor
       4928;2024111420;   10;  0.00;eor
       4928;2024111503;   10;  0.00;eor
       4928;2024111504;   10;  0.00;eor
       4928;2024111505;   10;  0.00;eor
       4928;2024111506;   10;  0.00;eor
       4928;2024111507;   10;  0.00;eor
       4928;2024111508;   10;  0.00;eor
       4928;2024111509;   10;  0.00;eor
       4928;2024111510;   10;  0.00;eor
       4928;2024111511;   10;  0.00;eor
       4928;2024111512;   10;  0.00;eor
       4928;2024111513;   10;  0.00;eor
       4928;2024111514;   10;  0.00;eor
       4928;2024111515;   10;  0.00;eor
       4928;2024111516;   10;  0.00;eor
       4928;2024111517;   10;  0.00;eor
       4928;2024111518;   10;  0.00;eor
       4928;2024111519;   10;  0.00;eor
       4928;2024111520;   10;  0.00;eor
       4928;2024111603;   10;  0.00;eor
       4928;2024111604;   10;  0.00;eor
       4928;2024111605;   10;  0.00;eor
       4928;2024111606;   10;  0.00;eor
       4928;2024111607;   10;  0.00;eor
       4928;2024111608;   10; 33.00;eor
       4928;2024111609;   10;  6.00;eor
       4928;2024111610;   10; 52.00;eor
       4928;2024111611;   10; 32.00;eor
       4928;2024111612;   10; 11.00;eor
       4928;2024111613;   10; 60.00;eor
       4928;2024111614;   10; 60.00;eor
       4928;2024111615;   10; 60.00;eor
       4928;2024111616;   10; 22.00;eor
       4928;2024111617;   10;  0.00;eor
       4928;2024111618;   10;  0.00;eor
       4928;2024111619;   10;  0.00;eor
       4928;2024111620;   10;  0.00;eor
       4928;2024111703;   10;  0.00;eor
       4928;2024111704;   10;  0.00;eor
       4928;2024111705;   10;  0.00;eor
       4928;2024111706;   10;  0.00;eor
       4928;2024111707;   10;  0.00;eor
       4928;2024111708;   10; 26.00;eor
       4928;2024111709;   10; 41.00;eor
       4928;2024111710;   10;  1.00;eor
       4928;2024111711;   10;  0.00;eor
       4928;2024111712;   10;  0.00;eor
       4928;2024111713;   10;  0.00;eor
       4928;2024111714;   10;  0.00;eor
       4928;2024111715;   10;  0.00;eor
       4928;2024111716;   10;  0.00;eor
       4928;2024111717;   10;  0.00;eor
       4928;2024111718;   10;  0.00;eor
       4928;2024111719;   10;  0.00;eor
       4928;2024111720;   10;  0.00;eor
       4928;2024111803;   10;  0.00;eor
       4928;2024111804;   10;  0.00;eor
       4928;2024111805;   10;  0.00;eor
       4928;2024111806;   10;  0.00;eor
       4928;2024111807;   10;  0.00;eor
       4928;2024111808;   10;  0.00;eor
       4928;2024111809;   10;  0.00;eor
       4928;2024111810;   10;  0.00;eor
       4928;2024111811;   10;  0.00;eor
       4928;2024111812;   10;  0.00;eor
       4928;2024111813;   10;  0.00;eor
       4928;2024111814;   10;  0.00;eor
       4928;2024111815;   10;  0.00;eor
       4928;2024111816;   10;  0.00;eor
       4928;2024111817;   10;  0.00;eor
       4928;2024111818;   10;  0.00;eor
       4928;2024111819;   10;  0.00;eor
       4928;2024111820;   10;  0.00;eor
       4928;2024111903;   10;  0.00;eor
       4928;2024111904;   10;  0.00;eor
       4928;2024111905;   10;  0.00;eor
       4928;2024111906;   10;  0.00;eor
       4928;2024111907;   10;  0.00;eor
       4928;2024111908;   10;  0.00;eor
       4928;2024111909;   10;  0.00;eor
       4928;2024111910;   10;  0.00;eor
       4928;2024111911;   10;  0.00;eor
       4928;2024111912;   10; 19.00;eor
       4928;2024111913;   10;  0.00;eor
       4928;2024111914;   10;  0.00;eor
       4928;2024111915;   10;  0.00;eor
       4928;2024111916;   10;  0.00;eor
       4928;2024111917;   10;  0.00;eor
       4928;2024111918;   10;  0.00;eor
       4928;2024111919;   10;  0.00;eor
       4928;2024111920;   10;  0.00;eor
       4928;2024112003;   10;  0.00;eor
       4928;2024112004;   10;  0.00;eor
       4928;2024112005;   10;  0.00;eor
       4928;2024112006;   10;  0.00;eor
       4928;2024112007;   10;  0.00;eor
       4928;2024112008;   10; 20.00;eor
       4928;2024112009;   10; 58.00;eor
       4928;2024112010;   10; 25.00;eor
       4928;2024112011;   10; 59.00;eor
       4928;2024112012;   10; 60.00;eor
       4928;2024112013;   10; 60.00;eor
       4928;2024112014;   10; 60.00;eor
       4928;2024112015;   10; 60.00;eor
       4928;2024112016;   10;  9.00;eor
       4928;2024112017;   10;  0.00;eor
       4928;2024112018;   10;  0.00;eor
       4928;2024112019;   10;  0.00;eor
       4928;2024112020;   10;  0.00;eor
       4928;2024112103;   10;  0.00;eor
       4928;2024112104;   10;  0.00;eor
       4928;2024112105;   10;  0.00;eor
       4928;2024112106;   10;  0.00;eor
       4928;2024112107;   10;  0.00;eor
       4928;2024112108;   10;  0.00;eor
       4928;2024112109;   10;  0.00;eor
       4928;2024112110;   10;  3.00;eor
       4928;2024112111;   10;  8.00;eor
       4928;2024112112;   10;  0.00;eor
       4928;2024112113;   10;  0.00;eor
       4928;2024112114;   10;  0.00;eor
       4928;2024112115;   10;  0.00;eor
       4928;2024112116;   10;  0.00;eor
       4928;2024112117;   10;  0.00;eor
       4928;2024112118;   10;  0.00;eor
       4928;2024112119;   10;  0.00;eor
       4928;2024112120;   10;  0.00;eor
       4928;2024112203;   10;  0.00;eor
       4928;2024112204;   10;  0.00;eor
       4928;2024112205;   10;  0.00;eor
       4928;2024112206;   10;  0.00;eor
       4928;2024112207;   10;  0.00;eor
       4928;2024112208;   10; 26.00;eor
       4928;2024112209;   10; 36.00;eor
       4928;2024112210;   10; 51.00;eor
       4928;2024112211;   10; 29.00;eor
       4928;2024112212;   10; 13.00;eor
       4928;2024112213;   10;  7.00;eor
       4928;2024112214;   10;  0.00;eor
       4928;2024112215;   10;  0.00;eor
       4928;2024112216;   10;  0.00;eor
       4928;2024112217;   10;  0.00;eor
       4928;2024112218;   10;  0.00;eor
       4928;2024112219;   10;  0.00;eor
       4928;2024112220;   10;  0.00;eor
       4928;2024112303;   10;  0.00;eor
       4928;2024112304;   10;  0.00;eor
       4928;2024112305;   10;  0.00;eor
       4928;2024112306;   10;  0.00;eor
       4928;2024112307;   10;  0.00;eor
       4928;2024112308;   10; 24.00;eor
       4928;2024112309;   10; 20.00;eor
       4928;2024112310;   10; 14.00;eor
       4928;2024112311;   10; 50.00;eor
       4928;2024112312;   10; 44.00;eor
       4928;2024112313;   10; 55.00;eor
       4928;2024112314;   10;  0.00;eor
       4928;2024112315;   10;  0.00;eor
       4928;2024112316;   10;  0.00;eor
       4928;2024112317;   10;  0.00;eor
       4928;2024112318;   10;  0.00;eor
       4928;2024112319;   10;  0.00;eor
       4928;2024112320;   10;  0.00;eor
       4928;2024112403;   10;  0.00;eor
       4928;2024112404;   10;  0.00;eor
       4928;2024112405;   10;  0.00;eor
       4928;2024112406;   10;  0.00;eor
       4928;2024112407;   10;  0.00;eor
       4928;2024112408;   10;  0.00;eor
       4928;2024112409;   10;  0.00;eor
       4928;2024112410;   10;  0.00;eor
       4928;2024112411;   10; 10.00;eor
       4928;2024112412;   10; 42.00;eor
       4928;2024112413;   10; 60.00;eor
       4928;2024112414;   10; 35.00;eor
       4928;2024112415;   10;  2.00;eor
       4928;2024112416;   10;  0.00;eor
       4928;2024112417;   10;  0.00;eor
       4928;2024112418;   10;  0.00;eor
       4928;2024112419;   10;  0.00;eor
       4928;2024112420;   10;  0.00;eor
       4928;2024112503;   10;  0.00;eor
       4928;2024112504;   10;  0.00;eor
       4928;2024112505;   10;  0.00;eor
       4928;2024112506;   10;  0.00;eor
       4928;2024112507;   10;  0.00;eor
       4928;2024112508;   10; 27.00;eor
       4928;2024112509;   10; 60.00;eor
       4928;2024112510;   10; 35.00;eor
       4928;2024112511;   10; 43.00;eor
       4928;2024112512;   10; 23.00;eor
       4928;2024112513;   10; 10.00;eor
       4928;2024112514;   10;  0.00;eor
       4928;2024112515;   10;  0.00;eor
       4928;2024112516;   10;  0.00;eor
       4928;2024112517;   10;  0.00;eor
       4928;2024112518;   10;  0.00;eor
       4928;2024112519;   10;  0.00;eor
       4928;2024112520;   10;  0.00;eor
       4928;2024112603;   10;  0.00;eor
       4928;2024112604;   10;  0.00;eor
       4928;2024112605;   10;  0.00;eor
       4928;2024112606;   10;  0.00;eor
       4928;2024112607;   10;  0.00;eor
       4928;2024112608;   10;  2.00;eor
       4928;2024112609;   10; 24.00;eor
       4928;2024112610;   10; 19.00;eor
       4928;2024112611;   10; 20.00;eor
       4928;2024112612;   10;  4.00;eor
       4928;2024112613;   10;  5.00;eor
       4928;2024112614;   10;  2.00;eor
       4928;2024112615;   10;  9.00;eor
       4928;2024112616;   10;  0.00;eor
       4928;2024112617;   10;  0.00;eor
       4928;2024112618;   10;  0.00;eor
       4928;2024112619;   10;  0.00;eor
       4928;2024112620;   10;  0.00;eor
       4928;2024112703;   10;  0.00;eor
       4928;2024112704;   10;  0.00;eor
       4928;2024112705;   10;  0.00;eor
       4928;2024112706;   10;  0.00;eor
       4928;2024112707;   10;  0.00;eor
       4928;2024112708;   10;  0.00;eor
       4928;2024112709;   10;  0.00;eor
       4928;2024112710;   10; 24.00;eor
       4928;2024112711;   10; 60.00;eor
       4928;2024112712;   10; 60.00;eor
       4928;2024112713;   10; 60.00;eor
       4928;2024112714;   10; 60.00;eor
       4928;2024112715;   10; 58.00;eor
       4928;2024112716;   10;  4.00;eor
       4928;2024112717;   10;  0.00;eor
       4928;2024112718;   10;  0.00;eor
       4928;2024112719;   10;  0.00;eor
       4928;2024112720;   10;  0.00;eor
       4928;2024112803;   10;  0.00;eor
       4928;2024112804;   10;  0.00;eor
       4928;2024112805;   10;  0.00;eor
       4928;2024112806;   10;  0.00;eor
       4928;2024112807;   10;  0.00;eor
       4928;2024112808;   10;  0.00;eor
       4928;2024112809;   10; 15.00;eor
       4928;2024112810;   10; 17.00;eor
       4928;2024112811;   10; 24.00;eor
       4928;2024112812;   10;  6.00;eor
       4928;2024112813;   10; 16.00;eor
       4928;2024112814;   10; 13.00;eor
       4928;2024112815;   10;  9.00;eor
       4928;2024112816;   10;  0.00;eor
       4928;2024112817;   10;  0.00;eor
       4928;2024112818;   10;  0.00;eor
       4928;2024112819;   10;  0.00;eor
       4928;2024112820;   10;  0.00;eor
       4928;2024112903;   10;  0.00;eor
       4928;2024112904;   10;  0.00;eor
       4928;2024112905;   10;  0.00;eor
       4928;2024112906;   10;  0.00;eor
       4928;2024112907;   10;  0.00;eor
       4928;2024112908;   10;  0.00;eor
       4928;2024112909;   10; 51.00;eor
       4928;2024112910;   10; 60.00;eor
       4928;2024112911;   10; 60.00;eor
       4928;2024112912;   10; 54.00;eor
       4928;2024112913;   10; 29.00;eor
       4928;2024112914;   10; 43.00;eor
       4928;2024112915;   10; 38.00;eor
       4928;2024112916;   10; 16.00;eor
       4928;2024112917;   10;  0.00;eor
       4928;2024112918;   10;  0.00;eor
       4928;2024112919;   10;  0.00;eor
       4928;2024112920;   10;  0.00;eor
       4928;2024113003;   10;  0.00;eor
       4928;2024113004;   10;  0.00;eor
       4928;2024113005;   10;  0.00;eor
       4928;2024113006;   10;  0.00;eor
       4928;2024113007;   10;  0.00;eor
       4928;2024113008;   10; 18.00;eor
       4928;2024113009;   10; 60.00;eor
       4928;2024113010;   10; 60.00;eor
       4928;2024113011;   10; 60.00;eor
       4928;2024113012;   10; 60.00;eor
       4928;2024113013;   10; 60.00;eor
       4928;2024113014;   10; 60.00;eor
       4928;2024113015;   10; 58.00;eor
       4928;2024113016;   10;  4.00;eor
       4928;2024113017;   10;  0.00;eor
       4928;2024113018;   10;  0.00;eor
       4928;2024113019;   10;  0.00;eor
       4928;2024113020;   10;  0.00;eor
       4928;2024120103;   10;  0.00;eor
       4928;2024120104;   10;  0.00;eor
       4928;2024120105;   10;  0.00;eor
       4928;2024120106;   10;  0.00;eor
       4928;2024120107;   10;  0.00;eor
       4928;2024120108;   10;  8.00;eor
       4928;2024120109;   10; 60.00;eor
       4928;2024120110;   10; 60.00;eor
       4928;2024120111;   10; 60.00;eor
       4928;2024120112;   10; 60.00;eor
       4928;2024120113;   10; 60.00;eor
       4928;2024120114;   10; 60.00;eor
       4928;2024120115;   10; 60.00;eor
       4928;2024120116;   10; 14.00;eor
       4928;2024120117;   10;  0.00;eor
       4928;2024120118;   10;  0.00;eor
       4928;2024120119;   10;  0.00;eor
       4928;2024120120;   10;  0.00;eor
       4928;2024120203;   10;  0.00;eor
       4928;2024120204;   10;  0.00;eor
       4928;2024120205;   10;  0.00;eor
       4928;2024120206;   10;  0.00;eor
       4928;2024120207;   10;  0.00;eor
       4928;2024120208;   10;  0.00;eor
       4928;2024120209;   10;  0.00;eor
       4928;2024120210;   10; 19.00;eor
       4928;2024120211;   10; 54.00;eor
       4928;2024120212;   10; 50.00;eor
       4928;2024120213;   10;  7.00;eor
       4928;2024120214;   10;  0.00;eor
       4928;2024120215;   10;  0.00;eor
       4928;2024120216;   10;  0.00;eor
       4928;2024120217;   10;  0.00;eor
       4928;2024120218;   10;  0.00;eor
       4928;2024120219;   10;  0.00;eor
       4928;2024120220;   10;  0.00;eor
       4928;2024120303;   10;  0.00;eor
       4928;2024120304;   10;  0.00;eor
       4928;2024120305;   10;  0.00;eor
       4928;2024120306;   10;  0.00;eor
       4928;2024120307;   10;  0.00;eor
       4928;2024120308;   10; 12.00;eor
       4928;2024120309;   10;  2.00;eor
       4928;2024120310;   10; 26.00;eor
       4928;2024120311;   10;  1.00;eor
       4928;2024120312;   10;  0.00;eor
       4928;2024120313;   10;  0.00;eor
       4928;2024120314;   10;  0.00;eor
       4928;2024120315;   10;  0.00;eor
       4928;2024120316;   10;  0.00;eor
       4928;2024120317;   10;  0.00;eor
       4928;2024120318;   10;  0.00;eor
       4928;2024120319;   10;  0.00;eor
       4928;2024120320;   10;  0.00;eor
       4928;2024120403;   10;  0.00;eor
       4928;2024120404;   10;  0.00;eor
       4928;2024120405;   10;  0.00;eor
       4928;2024120406;   10;  0.00;eor
       4928;2024120407;   10;  0.00;eor
       4928;2024120408;   10;  0.00;eor
       4928;2024120409;   10;  7.00;eor
       4928;2024120410;   10; 22.00;eor
       4928;2024120411;   10; 36.00;eor
       4928;2024120412;   10; 53.00;eor
       4928;2024120413;   10;  7.00;eor
       4928;2024120414;   10;  2.00;eor
       4928;2024120415;   10;  0.00;eor
       4928;2024120416;   10;  0.00;eor
       4928;2024120417;   10;  0.00;eor
       4928;2024120418;   10;  0.00;eor
       4928;2024120419;   10;  0.00;eor
       4928;2024120420;   10;  0.00;eor
       4928;2024120503;   10;  0.00;eor
       4928;2024120504;   10;  0.00;eor
       4928;2024120505;   10;  0.00;eor
       4928;2024120506;   10;  0.00;eor
       4928;2024120507;   10;  0.00;eor
       4928;2024120508;   10; 11.00;eor
       4928;2024120509;   10; 60.00;eor
       4928;2024120510;   10; 60.00;eor
       4928;2024120511;   10; 60.00;eor
       4928;2024120512;   10; 38.00;eor
       4928;2024120513;   10;  1.00;eor
       4928;2024120514;   10;  0.00;eor
       4928;2024120515;   10;  0.00;eor
       4928;2024120516;   10;  0.00;eor
       4928;2024120517;   10;  0.00;eor
       4928;2024120518;   10;  0.00;eor
       4928;2024120519;   10;  0.00;eor
       4928;2024120520;   10;  0.00;eor
       4928;2024120603;   10;  0.00;eor
       4928;2024120604;   10;  0.00;eor
       4928;2024120605;   10;  0.00;eor
       4928;2024120606;   10;  0.00;eor
       4928;2024120607;   10;  0.00;eor
       4928;2024120608;   10;  0.00;eor
       4928;2024120609;   10;  8.00;eor
       4928;2024120610;   10;  0.00;eor
       4928;2024120611;   10;  0.00;eor
       4928;2024120612;   10; 13.00;eor
       4928;2024120613;   10; 32.00;eor
       4928;2024120614;   10; 13.00;eor
       4928;2024120615;   10; 29.00;eor
       4928;2024120616;   10;  0.00;eor
       4928;2024120617;   10;  0.00;eor
       4928;2024120618;   10;  0.00;eor
       4928;2024120619;   10;  0.00;eor
       4928;2024120620;   10;  0.00;eor
       4928;2024120703;   10;  0.00;eor
       4928;2024120704;   10;  0.00;eor
       4928;2024120705;   10;  0.00;eor
       4928;2024120706;   10;  0.00;eor
       4928;2024120707;   10;  0.00;eor
       4928;2024120708;   10;  0.00;eor
       4928;2024120709;   10;  0.00;eor
       4928;2024120710;   10;  0.00;eor
       4928;2024120711;   10;  0.00;eor
       4928;2024120712;   10;  0.00;eor
       4928;2024120713;   10;  0.00;eor
       4928;2024120714;   10;  0.00;eor
       4928;2024120715;   10;  0.00;eor
       4928;2024120716;   10;  0.00;eor
       4928;2024120717;   10;  0.00;eor
       4928;2024120718;   10;  0.00;eor
       4928;2024120719;   10;  0.00;eor
       4928;2024120720;   10;  0.00;eor
       4928;2024120803;   10;  0.00;eor
       4928;2024120804;   10;  0.00;eor
       4928;2024120805;   10;  0.00;eor
       4928;2024120806;   10;  0.00;eor
       4928;2024120807;   10;  0.00;eor
       4928;2024120808;   10;  0.00;eor
       4928;2024120809;   10;  0.00;eor
       4928;2024120810;   10;  2.00;eor
       4928;2024120811;   10;  0.00;eor
       4928;2024120812;   10;  0.00;eor
       4928;2024120813;   10;  0.00;eor
       4928;2024120814;   10;  0.00;eor
       4928;2024120815;   10;  0.00;eor
       4928;2024120816;   10;  0.00;eor
       4928;2024120817;   10;  0.00;eor
       4928;2024120818;   10;  0.00;eor
       4928;2024120819;   10;  0.00;eor
       4928;2024120820;   10;  0.00;eor
       4928;2024120903;   10;  0.00;eor
       4928;2024120904;   10;  0.00;eor
       4928;2024120905;   10;  0.00;eor
       4928;2024120906;   10;  0.00;eor
       4928;2024120907;   10;  0.00;eor
       4928;2024120908;   10;  0.00;eor
       4928;2024120909;   10;  0.00;eor
       4928;2024120910;   10;  0.00;eor
       4928;2024120911;   10;  0.00;eor
       4928;2024120912;   10;  0.00;eor
       4928;2024120913;   10;  0.00;eor
       4928;2024120914;   10;  0.00;eor
       4928;2024120915;   10;  0.00;eor
       4928;2024120916;   10;  0.00;eor
       4928;2024120917;   10;  0.00;eor
       4928;2024120918;   10;  0.00;eor
       4928;2024120919;   10;  0.00;eor
       4928;2024120920;   10;  0.00;eor
       4928;2024121003;   10;  0.00;eor
       4928;2024121004;   10;  0.00;eor
       4928;2024121005;   10;  0.00;eor
       4928;2024121006;   10;  0.00;eor
       4928;2024121007;   10;  0.00;eor
       4928;2024121008;   10;  0.00;eor
       4928;2024121009;   10;  0.00;eor
       4928;2024121010;   10;  0.00;eor
       4928;2024121011;   10;  0.00;eor
       4928;2024121012;   10;  0.00;eor
       4928;2024121013;   10;  0.00;eor
       4928;2024121014;   10;  0.00;eor
       4928;2024121015;   10;  0.00;eor
       4928;2024121016;   10;  0.00;eor
       4928;2024121017;   10;  0.00;eor
       4928;2024121018;   10;  0.00;eor
       4928;2024121019;   10;  0.00;eor
       4928;2024121020;   10;  0.00;eor
       4928;2024121103;   10;  0.00;eor
       4928;2024121104;   10;  0.00;eor
       4928;2024121105;   10;  0.00;eor
       4928;2024121106;   10;  0.00;eor
       4928;2024121107;   10;  0.00;eor
       4928;2024121108;   10;  0.00;eor
       4928;2024121109;   10;  0.00;eor
       4928;2024121110;   10;  0.00;eor
       4928;2024121111;   10;  0.00;eor
       4928;2024121112;   10;  0.00;eor
       4928;2024121113;   10;  0.00;eor
       4928;2024121114;   10;  0.00;eor
       4928;2024121115;   10;  0.00;eor
       4928;2024121116;   10;  0.00;eor
       4928;2024121117;   10;  0.00;eor
       4928;2024121118;   10;  0.00;eor
       4928;2024121119;   10;  0.00;eor
       4928;2024121120;   10;  0.00;eor
       4928;2024121203;   10;  0.00;eor
       4928;2024121204;   10;  0.00;eor
       4928;2024121205;   10;  0.00;eor
       4928;2024121206;   10;  0.00;eor
       4928;2024121207;   10;  0.00;eor
       4928;2024121208;   10;  0.00;eor
       4928;2024121209;   10;  0.00;eor
       4928;2024121210;   10;  0.00;eor
       4928;2024121211;   10;  0.00;eor
       4928;2024121212;   10;  0.00;eor
       4928;2024121213;   10;  0.00;eor
       4928;2024121214;   10;  0.00;eor
       4928;2024121215;   10;  0.00;eor
       4928;2024121216;   10;  0.00;eor
       4928;2024121217;   10;  0.00;eor
       4928;2024121218;   10;  0.00;eor
       4928;2024121219;   10;  0.00;eor
       4928;2024121220;   10;  0.00;eor
       4928;2024121303;   10;  0.00;eor
       4928;2024121304;   10;  0.00;eor
       4928;2024121305;   10;  0.00;eor
       4928;2024121306;   10;  0.00;eor
       4928;2024121307;   10;  0.00;eor
       4928;2024121308;   10;  0.00;eor
       4928;2024121309;   10;  0.00;eor
       4928;2024121310;   10;  0.00;eor
       4928;2024121311;   10;  0.00;eor
       4928;2024121312;   10;  0.00;eor
       4928;2024121313;   10;  0.00;eor
       4928;2024121314;   10;  0.00;eor
       4928;2024121315;   10;  0.00;eor
       4928;2024121316;   10;  0.00;eor
       4928;2024121317;   10;  0.00;eor
       4928;2024121318;   10;  0.00;eor
       4928;2024121319;   10;  0.00;eor
       4928;2024121320;   10;  0.00;eor
       4928;2024121403;   10;  0.00;eor
       4928;2024121404;   10;  0.00;eor
       4928;2024121405;   10;  0.00;eor
       4928;2024121406;   10;  0.00;eor
       4928;2024121407;   10;  0.00;eor
       4928;2024121408;   10;  0.00;eor
       4928;2024121409;   10;  4.00;eor
       4928;2024121410;   10; 50.00;eor
       4928;2024121411;   10; 17.00;eor
       4928;2024121412;   10;  0.00;eor
       4928;2024121413;   10;  0.00;eor
       4928;2024121414;   10;  0.00;eor
       4928;2024121415;   10;  0.00;eor
       4928;2024121416;   10;  0.00;eor
       4928;2024121417;   10;  0.00;eor
       4928;2024121418;   10;  0.00;eor
       4928;2024121419;   10;  0.00;eor
       4928;2024121420;   10;  0.00;eor
       4928;2024121503;   10;  0.00;eor
       4928;2024121504;   10;  0.00;eor
       4928;2024121505;   10;  0.00;eor
       4928;2024121506;   10;  0.00;eor
       4928;2024121507;   10;  0.00;eor
       4928;2024121508;   10;  0.00;eor
       4928;2024121509;   10;  0.00;eor
       4928;2024121510;   10;  5.00;eor
       4928;2024121511;   10; 60.00;eor
       4928;2024121512;   10;  4.00;eor
       4928;2024121513;   10;  0.00;eor
       4928;2024121514;   10;  0.00;eor
       4928;2024121515;   10;  0.00;eor
       4928;2024121516;   10;  0.00;eor
       4928;2024121517;   10;  0.00;eor
       4928;2024121518;   10;  0.00;eor
       4928;2024121519;   10;  0.00;eor
       4928;2024121520;   10;  0.00;eor
       4928;2024121603;   10;  0.00;eor
       4928;2024121604;   10;  0.00;eor
       4928;2024121605;   10;  0.00;eor
       4928;2024121606;   10;  0.00;eor
       4928;2024121607;   10;  0.00;eor
       4928;2024121608;   10;  0.00;eor
       4928;2024121609;   10;  0.00;eor
       4928;2024121610;   10;  3.00;eor
       4928;2024121611;   10;  1.00;eor
       4928;2024121612;   10;  3.00;eor
       4928;2024121613;   10;  5.00;eor
       4928;2024121614;   10; 40.00;eor
       4928;2024121615;   10; 60.00;eor
       4928;2024121616;   10;  6.00;eor
       4928;2024121617;   10;  0.00;eor
       4928;2024121618;   10;  0.00;eor
       4928;2024121619;   10;  0.00;eor
       4928;2024121620;   10;  0.00;eor
       4928;2024121703;   10;  0.00;eor
       4928;2024121704;   10;  0.00;eor
       4928;2024121705;   10;  0.00;eor
       4928;2024121706;   10;  0.00;eor
       4928;2024121707;   10;  0.00;eor
       4928;2024121708;   10;  0.00;eor
       4928;2024121709;   10;  0.00;eor
       4928;2024121710;   10;  0.00;eor
       4928;2024121711;   10;  0.00;eor
       4928;2024121712;   10;  0.00;eor
       4928;2024121713;   10;  0.00;eor
       4928;2024121714;   10;  0.00;eor
       4928;2024121715;   10;  0.00;eor
       4928;2024121716;   10;  0.00;eor
       4928;2024121717;   10;  0.00;eor
       4928;2024121718;   10;  0.00;eor
       4928;2024121719;   10;  0.00;eor
       4928;2024121720;   10;  0.00;eor
       4928;2024121803;   10;  0.00;eor
       4928;2024121804;   10;  0.00;eor
       4928;2024121805;   10;  0.00;eor
       4928;2024121806;   10;  0.00;eor
       4928;2024121807;   10;  0.00;eor
       4928;2024121808;   10;  0.00;eor
       4928;2024121809;   10;  0.00;eor
       4928;2024121810;   10;  0.00;eor
       4928;2024121811;   10; 13.00;eor
       4928;2024121812;   10;  0.00;eor
       4928;2024121813;   10; 14.00;eor
       4928;2024121814;   10; 48.00;eor
       4928;2024121815;   10; 60.00;eor
       4928;2024121816;   10;  8.00;eor
       4928;2024121817;   10;  0.00;eor
       4928;2024121818;   10;  0.00;eor
       4928;2024121819;   10;  0.00;eor
       4928;2024121820;   10;  0.00;eor
       4928;2024121903;   10;  0.00;eor
       4928;2024121904;   10;  0.00;eor
       4928;2024121905;   10;  0.00;eor
       4928;2024121906;   10;  0.00;eor
       4928;2024121907;   10;  0.00;eor
       4928;2024121908;   10;  0.00;eor
       4928;2024121909;   10;  0.00;eor
       4928;2024121910;   10;  0.00;eor
       4928;2024121911;   10;  4.00;eor
       4928;2024121912;   10;  0.00;eor
       4928;2024121913;   10;  0.00;eor
       4928;2024121914;   10; 43.00;eor
       4928;2024121915;   10; 11.00;eor
       4928;2024121916;   10;  0.00;eor
       4928;2024121917;   10;  0.00;eor
       4928;2024121918;   10;  0.00;eor
       4928;2024121919;   10;  0.00;eor
       4928;2024121920;   10;  0.00;eor
       4928;2024122003;   10;  0.00;eor
       4928;2024122004;   10;  0.00;eor
       4928;2024122005;   10;  0.00;eor
       4928;2024122006;   10;  0.00;eor
       4928;2024122007;   10;  0.00;eor
       4928;2024122008;   10;  0.00;eor
       4928;2024122009;   10;  1.00;eor
       4928;2024122010;   10;  0.00;eor
       4928;2024122011;   10;  6.00;eor
       4928;2024122012;   10;  0.00;eor
       4928;2024122013;   10;  0.00;eor
       4928;2024122014;   10;  2.00;eor
       4928;2024122015;   10; 34.00;eor
       4928;2024122016;   10;  7.00;eor
       4928;2024122017;   10;  0.00;eor
       4928;2024122018;   10;  0.00;eor
       4928;2024122019;   10;  0.00;eor
       4928;2024122020;   10;  0.00;eor
       4928;2024122103;   10;  0.00;eor
       4928;2024122104;   10;  0.00;eor
       4928;2024122105;   10;  0.00;eor
       4928;2024122106;   10;  0.00;eor
       4928;2024122107;   10;  0.00;eor
       4928;2024122108;   10;  9.00;eor
       4928;2024122109;   10; 11.00;eor
       4928;2024122110;   10;  0.00;eor
       4928;2024122111;   10;  4.00;eor
       4928;2024122112;   10; 41.00;eor
       4928;2024122113;   10; 20.00;eor
       4928;2024122114;   10; 15.00;eor
       4928;2024122115;   10;  0.00;eor
       4928;2024122116;   10;  0.00;eor
       4928;2024122117;   10;  0.00;eor
       4928;2024122118;   10;  0.00;eor
       4928;2024122119;   10;  0.00;eor
       4928;2024122120;   10;  0.00;eor
       4928;2024122203;   10;  0.00;eor
       4928;2024122204;   10;  0.00;eor
       4928;2024122205;   10;  0.00;eor
       4928;2024122206;   10;  0.00;eor
       4928;2024122207;   10;  0.00;eor
       4928;2024122208;   10;  0.00;eor
       4928;2024122209;   10;  0.00;eor
       4928;2024122210;   10;  3.00;eor
       4928;2024122211;   10;  3.00;eor
       4928;2024122212;   10;  0.00;eor
       4928;2024122213;   10;  0.00;eor
       4928;2024122214;   10;  3.00;eor
       4928;2024122215;   10;  0.00;eor
       4928;2024122216;   10;  0.00;eor
       4928;2024122217;   10;  0.00;eor
       4928;2024122218;   10;  0.00;eor
       4928;2024122219;   10;  0.00;eor
       4928;2024122220;   10;  0.00;eor
       4928;2024122303;   10;  0.00;eor
       4928;2024122304;   10;  0.00;eor
       4928;2024122305;   10;  0.00;eor
       4928;2024122306;   10;  0.00;eor
       4928;2024122307;   10;  0.00;eor
       4928;2024122308;   10;  0.00;eor
       4928;2024122309;   10;  5.00;eor
       4928;2024122310;   10;  0.00;eor
       4928;2024122311;   10;  0.00;eor
       4928;2024122312;   10;  0.00;eor
       4928;2024122313;   10;  0.00;eor
       4928;2024122314;   10;  0.00;eor
       4928;2024122315;   10;  0.00;eor
       4928;2024122316;   10;  0.00;eor
       4928;2024122317;   10;  0.00;eor
       4928;2024122318;   10;  0.00;eor
       4928;2024122319;   10;  0.00;eor
       4928;2024122320;   10;  0.00;eor
       4928;2024122403;   10;  0.00;eor
       4928;2024122404;   10;  0.00;eor
       4928;2024122405;   10;  0.00;eor
       4928;2024122406;   10;  0.00;eor
       4928;2024122407;   10;  0.00;eor
       4928;2024122408;   10;  0.00;eor
       4928;2024122409;   10;  0.00;eor
       4928;2024122410;   10;  0.00;eor
       4928;2024122411;   10;  1.00;eor
       4928;2024122412;   10;  0.00;eor
       4928;2024122413;   10;  4.00;eor
       4928;2024122414;   10;  8.00;eor
       4928;2024122415;   10;  6.00;eor
       4928;2024122416;   10;  0.00;eor
       4928;2024122417;   10;  0.00;eor
       4928;2024122418;   10;  0.00;eor
       4928;2024122419;   10;  0.00;eor
       4928;2024122420;   10;  0.00;eor
       4928;2024122503;   10;  0.00;eor
       4928;2024122504;   10;  0.00;eor
       4928;2024122505;   10;  0.00;eor
       4928;2024122506;   10;  0.00;eor
       4928;2024122507;   10;  0.00;eor
       4928;2024122508;   10; 10.00;eor
       4928;2024122509;   10;  0.00;eor
       4928;2024122510;   10;  0.00;eor
       4928;2024122511;   10; 15.00;eor
       4928;2024122512;   10; 33.00;eor
       4928;2024122513;   10; 36.00;eor
       4928;2024122514;   10; 59.00;eor
       4928;2024122515;   10; 60.00;eor
       4928;2024122516;   10; 11.00;eor
       4928;2024122517;   10;  0.00;eor
       4928;2024122518;   10;  0.00;eor
       4928;2024122519;   10;  0.00;eor
       4928;2024122520;   10;  0.00;eor
       4928;2024122603;   10;  0.00;eor
       4928;2024122604;   10;  0.00;eor
       4928;2024122605;   10;  0.00;eor
       4928;2024122606;   10;  0.00;eor
       4928;2024122607;   10;  0.00;eor
       4928;2024122608;   10; 14.00;eor
       4928;2024122609;   10; 60.00;eor
       4928;2024122610;   10; 60.00;eor
       4928;2024122611;   10; 60.00;eor
       4928;2024122612;   10; 60.00;eor
       4928;2024122613;   10; 60.00;eor
       4928;2024122614;   10; 60.00;eor
       4928;2024122615;   10; 60.00;eor
       4928;2024122616;   10; 19.00;eor
       4928;2024122617;   10;  0.00;eor
       4928;2024122618;   10;  0.00;eor
       4928;2024122619;   10;  0.00;eor
       4928;2024122620;   10;  0.00;eor
       4928;2024122703;   10;  0.00;eor
       4928;2024122704;   10;  0.00;eor
       4928;2024122705;   10;  0.00;eor
       4928;2024122706;   10;  0.00;eor
       4928;2024122707;   10;  0.00;eor
       4928;2024122708;   10; 14.00;eor
       4928;2024122709;   10; 53.00;eor
       4928;2024122710;   10; 60.00;eor
       4928;2024122711;   10; 60.00;eor
       4928;2024122712;   10; 60.00;eor
       4928;2024122713;   10; 60.00;eor
       4928;2024122714;   10; 60.00;eor
       4928;2024122715;   10; 60.00;eor
       4928;2024122716;   10; 17.00;eor
       4928;2024122717;   10;  0.00;eor
       4928;2024122718;   10;  0.00;eor
       4928;2024122719;   10;  0.00;eor
       4928;2024122720;   10;  0.00;eor
       4928;2024122803;   10;  0.00;eor
       4928;2024122804;   10;  0.00;eor
       4928;2024122805;   10;  0.00;eor
       4928;2024122806;   10;  0.00;eor
       4928;2024122807;   10;  0.00;eor
       4928;2024122808;   10; 14.00;eor
       4928;2024122809;   10; 52.00;eor
       4928;2024122810;   10; 60.00;eor
       4928;2024122811;   10; 60.00;eor
       4928;2024122812;   10; 60.00;eor
       4928;2024122813;   10; 60.00;eor
       4928;2024122814;   10; 60.00;eor
       4928;2024122815;   10; 60.00;eor
       4928;2024122816;   10; 20.00;eor
       4928;2024122817;   10;  0.00;eor
       4928;2024122818;   10;  0.00;eor
       4928;2024122819;   10;  0.00;eor
       4928;2024122820;   10;  0.00;eor
       4928;2024122903;   10;  0.00;eor
       4928;2024122904;   10;  0.00;eor
       4928;2024122905;   10;  0.00;eor
       4928;2024122906;   10;  0.00;eor
       4928;2024122907;   10;  0.00;eor
       4928;2024122908;   10; 15.00;eor
       4928;2024122909;   10; 52.00;eor
       4928;2024122910;   10; 60.00;eor
       4928;2024122911;   10; 57.00;eor
       4928;2024122912;   10;  2.00;eor
       4928;2024122913;   10;  0.00;eor
       4928;2024122914;   10;  0.00;eor
       4928;2024122915;   10;  0.00;eor
       4928;2024122916;   10;  0.00;eor
       4928;2024122917;   10;  0.00;eor
       4928;2024122918;   10;  0.00;eor
       4928;2024122919;   10;  0.00;eor
       4928;2024122920;   10;  0.00;eor
       4928;2024123003;   10;  0.00;eor
       4928;2024123004;   10;  0.00;eor
       4928;2024123005;   10;  0.00;eor
       4928;2024123006;   10;  0.00;eor
       4928;2024123007;   10;  0.00;eor
       4928;2024123008;   10;  0.00;eor
       4928;2024123009;   10;  0.00;eor
       4928;2024123010;   10;  0.00;eor
       4928;2024123011;   10;  0.00;eor
       4928;2024123012;   10;  0.00;eor
       4928;2024123013;   10;  0.00;eor
       4928;2024123014;   10;  0.00;eor
       4928;2024123015;   10;  0.00;eor
       4928;2024123016;   10;  0.00;eor
       4928;2024123017;   10;  0.00;eor
       4928;2024123018;   10;  0.00;eor
       4928;2024123019;   10;  0.00;eor
       4928;2024123020;   10;  0.00;eor
       4928;2024123103;   10;  0.00;eor
       4928;2024123104;   10;  0.00;eor
       4928;2024123105;   10;  0.00;eor
       4928;2024123106;   10;  0.00;eor
       4928;2024123107;   10;  0.00;eor
       4928;2024123108;   10;  0.00;eor
       4928;2024123109;   10; 31.00;eor
       4928;2024123110;   10; 54.00;eor
       4928;2024123111;   10; 60.00;eor
       4928;2024123112;   10; 60.00;eor
       4928;2024123113;   10; 60.00;eor
       4928;2024123114;   10; 60.00;eor
       4928;2024123115;   10; 60.00;eor
       4928;2024123116;   10; 10.00;eor
       4928;2024123117;   10;  0.00;eor
       4928;2024123118;   10;  0.00;eor
       4928;2024123119;   10;  0.00;eor
       4928;2024123120;   10;  0.00;eor
       4928;2025010103;   10;  0.00;eor
       4928;2025010104;   10;  0.00;eor
       4928;2025010105;   10;  0.00;eor
       4928;2025010106;   10;  0.00;eor
       4928;2025010107;   10;  0.00;eor
       4928;2025010108;   10; 15.00;eor
       4928;2025010109;   10; 55.00;eor
       4928;2025010110;   10; 25.00;eor
       4928;2025010111;   10; 39.00;eor
       4928;2025010112;   10; 60.00;eor
       4928;2025010113;   10; 60.00;eor
       4928;2025010114;   10; 33.00;eor
       4928;2025010115;   10; 54.00;eor
       4928;2025010116;   10; 19.00;eor
       4928;2025010117;   10;  0.00;eor
       4928;2025010118;   10;  0.00;eor
       4928;2025010119;   10;  0.00;eor
       4928;2025010120;   10;  0.00;eor
       4928;2025010203;   10;  0.00;eor
       4928;2025010204;   10;  0.00;eor
       4928;2025010205;   10;  0.00;eor
       4928;2025010206;   10;  0.00;eor
       4928;2025010207;   10;  0.00;eor
       4928;2025010208;   10;  0.00;eor
       4928;2025010209;   10;  0.00;eor
       4928;2025010210;   10;  0.00;eor
       4928;2025010211;   10;  0.00;eor
       4928;2025010212;   10;  0.00;eor
       4928;2025010213;   10;  0.00;eor
       4928;2025010214;   10;  0.00;eor
       4928;2025010215;   10;  0.00;eor
       4928;2025010216;   10;  0.00;eor
       4928;2025010217;   10;  0.00;eor
       4928;2025010218;   10;  0.00;eor
       4928;2025010219;   10;  0.00;eor
       4928;2025010220;   10;  0.00;eor
       4928;2025010303;   10;  0.00;eor
       4928;2025010304;   10;  0.00;eor
       4928;2025010305;   10;  0.00;eor
       4928;2025010306;   10;  0.00;eor
       4928;2025010307;   10;  0.00;eor
       4928;2025010308;   10;  0.00;eor
       4928;2025010309;   10;  0.00;eor
       4928;2025010310;   10;  6.00;eor
       4928;2025010311;   10; 20.00;eor
       4928;2025010312;   10; 48.00;eor
       4928;2025010313;   10; 44.00;eor
       4928;2025010314;   10; 60.00;eor
       4928;2025010315;   10; 60.00;eor
       4928;2025010316;   10; 11.00;eor
       4928;2025010317;   10;  0.00;eor
       4928;2025010318;   10;  0.00;eor
       4928;2025010319;   10;  0.00;eor
       4928;2025010320;   10;  0.00;eor
       4928;2025010403;   10;  0.00;eor
       4928;2025010404;   10;  0.00;eor
       4928;2025010405;   10;  0.00;eor
       4928;2025010406;   10;  0.00;eor
       4928;2025010407;   10;  0.00;eor
       4928;2025010408;   10;  0.00;eor
       4928;2025010409;   10;  6.00;eor
       4928;2025010410;   10; 49.00;eor
       4928;2025010411;   10; 53.00;eor
       4928;2025010412;   10; 41.00;eor
       4928;2025010413;   10; 27.00;eor
       4928;2025010414;   10; 22.00;eor
       4928;2025010415;   10;  1.00;eor
       4928;2025010416;   10;  0.00;eor
       4928;2025010417;   10;  0.00;eor
       4928;2025010418;   10;  0.00;eor
       4928;2025010419;   10;  0.00;eor
       4928;2025010420;   10;  0.00;eor
       4928;2025010503;   10;  0.00;eor
       4928;2025010504;   10;  0.00;eor
       4928;2025010505;   10;  0.00;eor
       4928;2025010506;   10;  0.00;eor
       4928;2025010507;   10;  0.00;eor
       4928;2025010508;   10;  0.00;eor
       4928;2025010509;   10;  0.00;eor
       4928;2025010510;   10;  0.00;eor
       4928;2025010511;   10;  0.00;eor
       4928;2025010512;   10;  0.00;eor
       4928;2025010513;   10;  5.00;eor
       4928;2025010514;   10; 30.00;eor
       4928;2025010515;   10;  0.00;eor
       4928;2025010516;   10;  0.00;eor
       4928;2025010517;   10;  0.00;eor
       4928;2025010518;   10;  0.00;eor
       4928;2025010519;   10;  0.00;eor
       4928;2025010520;   10;  0.00;eor
       4928;2025010603;   10;  0.00;eor
       4928;2025010604;   10;  0.00;eor
       4928;2025010605;   10;  0.00;eor
       4928;2025010606;   10;  0.00;eor
       4928;2025010607;   10;  0.00;eor
       4928;2025010608;   10;  0.00;eor
       4928;2025010609;   10;  2.00;eor
       4928;2025010610;   10; 21.00;eor
       4928;2025010611;   10;  8.00;eor
       4928;2025010612;   10; 51.00;eor
       4928;2025010613;   10; 60.00;eor
       4928;2025010614;   10; 56.00;eor
       4928;2025010615;   10; 43.00;eor
       4928;2025010616;   10;  0.00;eor
       4928;2025010617;   10;  0.00;eor
       4928;2025010618;   10;  0.00;eor
       4928;2025010619;   10;  0.00;eor
       4928;2025010620;   10;  0.00;eor
       4928;2025010703;   10;  0.00;eor
       4928;2025010704;   10;  0.00;eor
       4928;2025010705;   10;  0.00;eor
       4928;2025010706;   10;  0.00;eor
       4928;2025010707;   10;  0.00;eor
       4928;2025010708;   10;  0.00;eor
       4928;2025010709;   10;  0.00;eor
       4928;2025010710;   10; 13.00;eor
       4928;2025010711;   10; 24.00;eor
       4928;2025010712;   10; 22.00;eor
       4928;2025010713;   10; 54.00;eor
       4928;2025010714;   10; 38.00;eor
       4928;2025010715;   10; 50.00;eor
       4928;2025010716;   10; 18.00;eor
       4928;2025010717;   10;  0.00;eor
       4928;2025010718;   10;  0.00;eor
       4928;2025010719;   10;  0.00;eor
       4928;2025010720;   10;  0.00;eor
       4928;2025010803;   10;  0.00;eor
       4928;2025010804;   10;  0.00;eor
       4928;2025010805;   10;  0.00;eor
       4928;2025010806;   10;  0.00;eor
       4928;2025010807;   10;  0.00;eor
       4928;2025010808;   10;  0.00;eor
       4928;2025010809;   10;  0.00;eor
       4928;2025010810;   10;  0.00;eor
       4928;2025010811;   10;  0.00;eor
       4928;2025010812;   10;  0.00;eor
       4928;2025010813;   10;  0.00;eor
       4928;2025010814;   10;  0.00;eor
       4928;2025010815;   10;  0.00;eor
       4928;2025010816;   10;  0.00;eor
       4928;2025010817;   10;  0.00;eor
       4928;2025010818;   10;  0.00;eor
       4928;2025010819;   10;  0.00;eor
       4928;2025010820;   10;  0.00;eor
       4928;2025010903;   10;  0.00;eor
       4928;2025010904;   10;  0.00;eor
       4928;2025010905;   10;  0.00;eor
       4928;2025010906;   10;  0.00;eor
       4928;2025010907;   10;  0.00;eor
       4928;2025010908;   10;  0.00;eor
       4928;2025010909;   10;  8.00;eor
       4928;2025010910;   10;  0.00;eor
       4928;2025010911;   10; 47.00;eor
       4928;2025010912;   10; 17.00;eor
       4928;2025010913;   10; 20.00;eor
       4928;2025010914;   10;  6.00;eor
       4928;2025010915;   10;  0.00;eor
       4928;2025010916;   10;  0.00;eor
       4928;2025010917;   10;  0.00;eor
       4928;2025010918;   10;  0.00;eor
       4928;2025010919;   10;  0.00;eor
       4928;2025010920;   10;  0.00;eor
       4928;2025011003;   10;  0.00;eor
       4928;2025011004;   10;  0.00;eor
       4928;2025011005;   10;  0.00;eor
       4928;2025011006;   10;  0.00;eor
       4928;2025011007;   10;  0.00;eor
       4928;2025011008;   10; 15.00;eor
       4928;2025011009;   10; 33.00;eor
       4928;2025011010;   10; 60.00;eor
       4928;2025011011;   10; 60.00;eor
       4928;2025011012;   10; 60.00;eor
       4928;2025011013;   10; 48.00;eor
       4928;2025011014;   10;  8.00;eor
       4928;2025011015;   10; 43.00;eor
       4928;2025011016;   10; 25.00;eor
       4928;2025011017;   10;  0.00;eor
       4928;2025011018;   10;  0.00;eor
       4928;2025011019;   10;  0.00;eor
       4928;2025011020;   10;  0.00;eor
       4928;2025011103;   10;  0.00;eor
       4928;2025011104;   10;  0.00;eor
       4928;2025011105;   10;  0.00;eor
       4928;2025011106;   10;  0.00;eor
       4928;2025011107;   10;  0.00;eor
       4928;2025011108;   10;  0.00;eor
       4928;2025011109;   10;  0.00;eor
       4928;2025011110;   10;  0.00;eor
       4928;2025011111;   10;  0.00;eor
       4928;2025011112;   10;  0.00;eor
       4928;2025011113;   10;  0.00;eor
       4928;2025011114;   10;  0.00;eor
       4928;2025011115;   10;  0.00;eor
       4928;2025011116;   10;  0.00;eor
       4928;2025011117;   10;  0.00;eor
       4928;2025011118;   10;  0.00;eor
       4928;2025011119;   10;  0.00;eor
       4928;2025011120;   10;  0.00;eor
       4928;2025011203;   10;  0.00;eor
       4928;2025011204;   10;  0.00;eor
       4928;2025011205;   10;  0.00;eor
       4928;2025011206;   10;  0.00;eor
       4928;2025011207;   10;  0.00;eor
       4928;2025011208;   10;  0.00;eor
       4928;2025011209;   10;  0.00;eor
       4928;2025011210;   10; 38.00;eor
       4928;2025011211;   10; 60.00;eor
       4928;2025011212;   10; 60.00;eor
       4928;2025011213;   10; 59.00;eor
       4928;2025011214;   10; 47.00;eor
       4928;2025011215;   10; 39.00;eor
       4928;2025011216;   10; 14.00;eor
       4928;2025011217;   10;  0.00;eor
       4928;2025011218;   10;  0.00;eor
       4928;2025011219;   10;  0.00;eor
       4928;2025011220;   10;  0.00;eor
       4928;2025011303;   10;  0.00;eor
       4928;2025011304;   10;  0.00;eor
       4928;2025011305;   10;  0.00;eor
       4928;2025011306;   10;  0.00;eor
       4928;2025011307;   10;  0.00;eor
       4928;2025011313;   10; 20.00;eor
       4928;2025011314;   10; 60.00;eor
       4928;2025011315;   10; 60.00;eor
       4928;2025011316;   10; 30.00;eor
       4928;2025011317;   10;  0.00;eor
       4928;2025011318;   10;  0.00;eor
       4928;2025011319;   10;  0.00;eor
       4928;2025011320;   10;  0.00;eor
       4928;2025011403;   10;  0.00;eor
       4928;2025011404;   10;  0.00;eor
       4928;2025011405;   10;  0.00;eor
       4928;2025011406;   10;  0.00;eor
       4928;2025011407;   10;  0.00;eor
       4928;2025011408;   10; 24.00;eor
       4928;2025011409;   10; 60.00;eor
       4928;2025011410;   10; 60.00;eor
       4928;2025011411;   10; 60.00;eor
       4928;2025011412;   10; 30.00;eor
       4928;2025011413;   10; 60.00;eor
       4928;2025011414;   10; 60.00;eor
       4928;2025011415;   10; 60.00;eor
       4928;2025011416;   10; 31.00;eor
       4928;2025011417;   10;  0.00;eor
       4928;2025011418;   10;  0.00;eor
       4928;2025011419;   10;  0.00;eor
       4928;2025011420;   10;  0.00;eor
       4928;2025011503;   10;  0.00;eor
       4928;2025011504;   10;  0.00;eor
       4928;2025011505;   10;  0.00;eor
       4928;2025011506;   10;  0.00;eor
       4928;2025011507;   10;  0.00;eor
       4928;2025011508;   10;  0.00;eor
       4928;2025011509;   10;  0.00;eor
       4928;2025011510;   10;  0.00;eor
       4928;2025011511;   10;  0.00;eor
       4928;2025011512;   10;  0.00;eor
       4928;2025011513;   10;  0.00;eor
       4928;2025011514;   10;  0.00;eor
       4928;2025011515;   10;  0.00;eor
       4928;2025011516;   10;  0.00;eor
       4928;2025011517;   10;  0.00;eor
       4928;2025011518;   10;  0.00;eor
       4928;2025011519;   10;  0.00;eor
       4928;2025011520;   10;  0.00;eor
       4928;2025011603;   10;  0.00;eor
       4928;2025011604;   10;  0.00;eor
       4928;2025011605;   10;  0.00;eor
       4928;2025011606;   10;  0.00;eor
       4928;2025011607;   10;  0.00;eor
       4928;2025011608;   10; 10.00;eor
       4928;2025011609;   10; 26.00;eor
       4928;2025011610;   10;  0.00;eor
       4928;2025011611;   10;  0.00;eor
       4928;2025011612;   10;  0.00;eor
       4928;2025011613;   10;  1.00;eor
       4928;2025011614;   10;  0.00;eor
       4928;2025011615;   10;  0.00;eor
       4928;2025011616;   10;  0.00;eor
       4928;2025011617;   10;  0.00;eor
       4928;2025011618;   10;  0.00;eor
       4928;2025011619;   10;  0.00;eor
       4928;2025011620;   10;  0.00;eor
       4928;2025011703;   10;  0.00;eor
       4928;2025011704;   10;  0.00;eor
       4928;2025011705;   10;  0.00;eor
       4928;2025011706;   10;  0.00;eor
       4928;2025011707;   10;  0.00;eor
       4928;2025011708;   10;  0.00;eor
       4928;2025011709;   10;  0.00;eor
       4928;2025011710;   10;  0.00;eor
       4928;2025011711;   10;  0.00;eor
       4928;2025011712;   10;  0.00;eor
       4928;2025011713;   10;  0.00;eor
       4928;2025011714;   10;  0.00;eor
       4928;2025011715;   10;  0.00;eor
       4928;2025011716;   10;  0.00;eor
       4928;2025011717;   10;  0.00;eor
       4928;2025011718;   10;  0.00;eor
       4928;2025011719;   10;  0.00;eor
       4928;2025011720;   10;  0.00;eor
       4928;2025011803;   10;  0.00;eor
       4928;2025011804;   10;  0.00;eor
       4928;2025011805;   10;  0.00;eor
       4928;2025011806;   10;  0.00;eor
       4928;2025011807;   10;  0.00;eor
       4928;2025011808;   10;  0.00;eor
       4928;2025011809;   10;  0.00;eor
       4928;2025011810;   10;  0.00;eor
       4928;2025011811;   10;  0.00;eor
       4928;2025011812;   10;  0.00;eor
       4928;2025011813;   10;  4.00;eor
       4928;2025011814;   10; 34.00;eor
       4928;2025011815;   10; 60.00;eor
       4928;2025011816;   10; 35.00;eor
       4928;2025011817;   10;  0.00;eor
       4928;2025011818;   10;  0.00;eor
       4928;2025011819;   10;  0.00;eor
       4928;2025011820;   10;  0.00;eor
       4928;2025011903;   10;  0.00;eor
       4928;2025011904;   10;  0.00;eor
       4928;2025011905;   10;  0.00;eor
       4928;2025011906;   10;  0.00;eor
       4928;2025011907;   10;  0.00;eor
       4928;2025011908;   10; 19.00;eor
       4928;2025011909;   10; 29.00;eor
       4928;2025011910;   10; 60.00;eor
       4928;2025011911;   10; 60.00;eor
       4928;2025011912;   10; 60.00;eor
       4928;2025011913;   10; 60.00;eor
       4928;2025011914;   10; 60.00;eor
       4928;2025011915;   10; 60.00;eor
       4928;2025011916;   10; 36.00;eor
       4928;2025011917;   10;  0.00;eor
       4928;2025011918;   10;  0.00;eor
       4928;2025011919;   10;  0.00;eor
       4928;2025011920;   10;  0.00;eor
       4928;2025012003;   10;  0.00;eor
       4928;2025012004;   10;  0.00;eor
       4928;2025012005;   10;  0.00;eor
       4928;2025012006;   10;  0.00;eor
       4928;2025012007;   10;  0.00;eor
       4928;2025012008;   10;  0.00;eor
       4928;2025012009;   10;  0.00;eor
       4928;2025012010;   10;  0.00;eor
       4928;2025012011;   10;  0.00;eor
       4928;2025012012;   10;  0.00;eor
       4928;2025012013;   10;  0.00;eor
       4928;2025012014;   10;  0.00;eor
       4928;2025012015;   10;  0.00;eor
       4928;2025012016;   10;  0.00;eor
       4928;2025012017;   10;  0.00;eor
       4928;2025012018;   10;  0.00;eor
       4928;2025012019;   10;  0.00;eor
       4928;2025012020;   10;  0.00;eor
       4928;2025012103;   10;  0.00;eor
       4928;2025012104;   10;  0.00;eor
       4928;2025012105;   10;  0.00;eor
       4928;2025012106;   10;  0.00;eor
       4928;2025012107;   10;  0.00;eor
       4928;2025012108;   10;  0.00;eor
       4928;2025012109;   10;  0.00;eor
       4928;2025012110;   10;  0.00;eor
       4928;2025012111;   10; 10.00;eor
       4928;2025012112;   10; 21.00;eor
       4928;2025012113;   10; 36.00;eor
       4928;2025012114;   10;  0.00;eor
       4928;2025012115;   10;  0.00;eor
       4928;2025012116;   10;  0.00;eor
       4928;2025012117;   10;  0.00;eor
       4928;2025012118;   10;  0.00;eor
       4928;2025012119;   10;  0.00;eor
       4928;2025012120;   10;  0.00;eor
       4928;2025012203;   10;  0.00;eor
       4928;2025012204;   10;  0.00;eor
       4928;2025012205;   10;  0.00;eor
       4928;2025012206;   10;  0.00;eor
       4928;2025012207;   10;  0.00;eor
       4928;2025012208;   10;  0.00;eor
       4928;2025012209;   10;  6.00;eor
       4928;2025012210;   10; 22.00;eor
       4928;2025012211;   10;  2.00;eor
       4928;2025012212;   10;  0.00;eor
       4928;2025012213;   10;  0.00;eor
       4928;2025012214;   10;  0.00;eor
       4928;2025012215;   10;  0.00;eor
       4928;2025012216;   10;  0.00;eor
       4928;2025012217;   10;  0.00;eor
       4928;2025012218;   10;  0.00;eor
       4928;2025012219;   10;  0.00;eor
       4928;2025012220;   10;  0.00;eor
       4928;2025012303;   10;  0.00;eor
       4928;2025012304;   10;  0.00;eor
       4928;2025012305;   10;  0.00;eor
       4928;2025012306;   10;  0.00;eor
       4928;2025012307;   10;  0.00;eor
       4928;2025012308;   10;  0.00;eor
       4928;2025012309;   10;  0.00;eor
       4928;2025012310;   10;  0.00;eor
       4928;2025012311;   10;  1.00;eor
       4928;2025012312;   10; 24.00;eor
       4928;2025012313;   10; 30.00;eor
       4928;2025012314;   10;  2.00;eor
       4928;2025012315;   10; 24.00;eor
       4928;2025012316;   10;  1.00;eor
       4928;2025012317;   10;  0.00;eor
       4928;2025012318;   10;  0.00;eor
       4928;2025012319;   10;  0.00;eor
       4928;2025012320;   10;  0.00;eor
       4928;2025012403;   10;  0.00;eor
       4928;2025012404;   10;  0.00;eor
       4928;2025012405;   10;  0.00;eor
       4928;2025012406;   10;  0.00;eor
       4928;2025012407;   10;  0.00;eor
       4928;2025012408;   10;  0.00;eor
       4928;2025012409;   10;  0.00;eor
       4928;2025012410;   10;  0.00;eor
       4928;2025012411;   10;  2.00;eor
       4928;2025012412;   10;  4.00;eor
       4928;2025012413;   10;  0.00;eor
       4928;2025012414;   10;  0.00;eor
       4928;2025012415;   10;  0.00;eor
       4928;2025012416;   10;  6.00;eor
       4928;2025012417;   10;  0.00;eor
       4928;2025012418;   10;  0.00;eor
       4928;2025012419;   10;  0.00;eor
       4928;2025012420;   10;  0.00;eor
       4928;2025012503;   10;  0.00;eor
       4928;2025012504;   10;  0.00;eor
       4928;2025012505;   10;  0.00;eor
       4928;2025012506;   10;  0.00;eor
       4928;2025012507;   10;  0.00;eor
       4928;2025012508;   10;  0.00;eor
       4928;2025012509;   10;  0.00;eor
       4928;2025012510;   10;  0.00;eor
       4928;2025012511;   10;  6.00;eor
       4928;2025012512;   10; 49.00;eor
       4928;2025012513;   10; 11.00;eor
       4928;2025012514;   10; 36.00;eor
       4928;2025012515;   10;  4.00;eor
       4928;2025012516;   10;  0.00;eor
       4928;2025012517;   10;  0.00;eor
       4928;2025012518;   10;  0.00;eor
       4928;2025012519;   10;  0.00;eor
       4928;2025012520;   10;  0.00;eor
       4928;2025012603;   10;  0.00;eor
       4928;2025012604;   10;  0.00;eor
       4928;2025012605;   10;  0.00;eor
       4928;2025012606;   10;  0.00;eor
       4928;2025012607;   10;  0.00;eor
       4928;2025012608;   10;  0.00;eor
       4928;2025012609;   10;  1.00;eor
       4928;2025012610;   10;  7.00;eor
       4928;2025012611;   10;  6.00;eor
       4928;2025012612;   10; 16.00;eor
       4928;2025012613;   10; 31.00;eor
       4928;2025012614;   10; 60.00;eor
       4928;2025012615;   10; 49.00;eor
       4928;2025012616;   10;  9.00;eor
       4928;2025012617;   10;  0.00;eor
       4928;2025012618;   10;  0.00;eor
       4928;2025012619;   10;  0.00;eor
       4928;2025012620;   10;  0.00;eor
       4928;2025012703;   10;  0.00;eor
       4928;2025012704;   10;  0.00;eor
       4928;2025012705;   10;  0.00;eor
       4928;2025012706;   10;  0.00;eor
       4928;2025012707;   10;  0.00;eor
       4928;2025012708;   10;  0.00;eor
       4928;2025012709;   10;  0.00;eor
       4928;2025012710;   10;  0.00;eor
       4928;2025012711;   10;  0.00;eor
       4928;2025012712;   10;  0.00;eor
       4928;2025012713;   10;  4.00;eor
       4928;2025012714;   10;  7.00;eor
       4928;2025012715;   10;  0.00;eor
       4928;2025012716;   10;  0.00;eor
       4928;2025012717;   10;  0.00;eor
       4928;2025012718;   10;  0.00;eor
       4928;2025012719;   10;  0.00;eor
       4928;2025012720;   10;  0.00;eor
       4928;2025012803;   10;  0.00;eor
       4928;2025012804;   10;  0.00;eor
       4928;2025012805;   10;  0.00;eor
       4928;2025012806;   10;  0.00;eor
       4928;2025012807;   10;  0.00;eor
       4928;2025012808;   10;  0.00;eor
       4928;2025012809;   10;  0.00;eor
       4928;2025012810;   10;  0.00;eor
       4928;2025012811;   10;  0.00;eor
       4928;2025012812;   10;  0.00;eor
       4928;2025012813;   10;  0.00;eor
       4928;2025012814;   10;  0.00;eor
       4928;2025012815;   10; 32.00;eor
       4928;2025012816;   10; 29.00;eor
       4928;2025012817;   10;  0.00;eor
       4928;2025012818;   10;  0.00;eor
       4928;2025012819;   10;  0.00;eor
       4928;2025012820;   10;  0.00;eor
       4928;2025012903;   10;  0.00;eor
       4928;2025012904;   10;  0.00;eor
       4928;2025012905;   10;  0.00;eor
       4928;2025012906;   10;  0.00;eor
       4928;2025012907;   10;  0.00;eor
       4928;2025012908;   10;  0.00;eor
       4928;2025012909;   10;  0.00;eor
       4928;2025012910;   10;  0.00;eor
       4928;2025012911;   10; 31.00;eor
       4928;2025012912;   10; 17.00;eor
       4928;2025012913;   10; 23.00;eor
       4928;2025012914;   10; 47.00;eor
       4928;2025012915;   10; 12.00;eor
       4928;2025012916;   10; 12.00;eor
       4928;2025012917;   10;  0.00;eor
       4928;2025012918;   10;  0.00;eor
       4928;2025012919;   10;  0.00;eor
       4928;2025012920;   10;  0.00;eor
       4928;2025013003;   10;  0.00;eor
       4928;2025013004;   10;  0.00;eor
       4928;2025013005;   10;  0.00;eor
       4928;2025013006;   10;  0.00;eor
       4928;2025013007;   10;  0.00;eor
       4928;2025013008;   10;  0.00;eor
       4928;2025013009;   10;  0.00;eor
       4928;2025013010;   10;  0.00;eor
       4928;2025013011;   10; 30.00;eor
       4928;2025013012;   10; 29.00;eor
       4928;2025013013;   10; 43.00;eor
       4928;2025013014;   10; 13.00;eor
       4928;2025013015;   10; 11.00;eor
       4928;2025013016;   10;  0.00;eor
       4928;2025013017;   10;  0.00;eor
       4928;2025013018;   10;  0.00;eor
       4928;2025013019;   10;  0.00;eor
       4928;2025013020;   10;  0.00;eor
       4928;2025013103;   10;  0.00;eor
       4928;2025013104;   10;  0.00;eor
       4928;2025013105;   10;  0.00;eor
       4928;2025013106;   10;  0.00;eor
       4928;2025013107;   10;  0.00;eor
       4928;2025013108;   10;  0.00;eor
       4928;2025013109;   10; 50.00;eor
       4928;2025013110;   10; 28.00;eor
       4928;2025013111;   10; 30.00;eor
       4928;2025013112;   10; 18.00;eor
       4928;2025013113;   10;  0.00;eor
       4928;2025013114;   10;  6.00;eor
       4928;2025013115;   10; 59.00;eor
       4928;2025013116;   10; 47.00;eor
       4928;2025013117;   10;  0.00;eor
       4928;2025013118;   10;  0.00;eor
       4928;2025013119;   10;  0.00;eor
       4928;2025013120;   10;  0.00;eor
       4928;2025020103;    3;  0.00;eor
       4928;2025020104;    3;  0.00;eor
       4928;2025020105;    3;  0.00;eor
       4928;2025020106;    3;  0.00;eor
       4928;2025020107;    3;  0.00;eor
       4928;2025020108;    3; 17.00;eor
       4928;2025020109;    3; 46.00;eor
       4928;2025020110;    3; 27.00;eor
       4928;2025020111;    3; 52.00;eor
       4928;2025020112;    3; 60.00;eor
       4928;2025020113;    3; 60.00;eor
       4928;2025020114;    3; 60.00;eor
       4928;2025020115;    3; 60.00;eor
       4928;2025020116;    3; 53.00;eor
       4928;2025020117;    3;  0.00;eor
       4928;2025020118;    3;  0.00;eor
       4928;2025020119;    3;  0.00;eor
       4928;2025020120;    3;  0.00;eor
       4928;2025020203;    3;  0.00;eor
       4928;2025020204;    3;  0.00;eor
       4928;2025020205;    3;  0.00;eor
       4928;2025020206;    3;  0.00;eor
       4928;2025020207;    3;  0.00;eor
       4928;2025020208;    3; 17.00;eor
       4928;2025020209;    3; 60.00;eor
       4928;2025020210;    3; 60.00;eor
       4928;2025020211;    3; 60.00;eor
       4928;2025020212;    3; 60.00;eor
       4928;2025020213;    3; 60.00;eor
       4928;2025020214;    3; 59.00;eor
       4928;2025020215;    3; 58.00;eor
       4928;2025020216;    3; 54.00;eor
       4928;2025020217;    3;  0.00;eor
       4928;2025020218;    3;  0.00;eor
       4928;2025020219;    3;  0.00;eor
       4928;2025020220;    3;  0.00;eor
       4928;2025020303;    3;  0.00;eor
       4928;2025020304;    3;  0.00;eor
       4928;2025020305;    3;  0.00;eor
       4928;2025020306;    3;  0.00;eor
       4928;2025020307;    3;  0.00;eor
       4928;2025020308;    3;  0.00;eor
       4928;2025020309;    3;  0.00;eor
       4928;2025020310;    3;  0.00;eor
       4928;2025020311;    3;  0.00;eor
       4928;2025020312;    3;  0.00;eor
       4928;2025020313;    3;  0.00;eor
       4928;2025020314;    3;  0.00;eor
       4928;2025020315;    3; 54.00;eor
       4928;2025020316;    3; 53.00;eor
       4928;2025020317;    3;  0.00;eor
       4928;2025020318;    3;  0.00;eor
       4928;2025020319;    3;  0.00;eor
       4928;2025020320;    3;  0.00;eor
       4928;2025020403;    3;  0.00;eor
       4928;2025020404;    3;  0.00;eor
       4928;2025020405;    3;  0.00;eor
       4928;2025020406;    3;  0.00;eor
       4928;2025020407;    3;  0.00;eor
       4928;2025020408;    3;  0.00;eor
       4928;2025020409;    3;  0.00;eor
       4928;2025020410;    3;  0.00;eor
       4928;2025020411;    3;  0.00;eor
       4928;2025020412;    3; 45.00;eor
       4928;2025020413;    3; 60.00;eor
       4928;2025020414;    3; 60.00;eor
       4928;2025020415;    3; 60.00;eor
       4928;2025020416;    3; 55.00;eor
       4928;2025020417;    3;  0.00;eor
       4928;2025020418;    3;  0.00;eor
       4928;2025020419;    3;  0.00;eor
       4928;2025020420;    3;  0.00;eor
       4928;2025020503;    3;  0.00;eor
       4928;2025020504;    3;  0.00;eor
       4928;2025020505;    3;  0.00;eor
       4928;2025020506;    3;  0.00;eor
       4928;2025020507;    3;  0.00;eor
       4928;2025020508;    3; 34.00;eor
       4928;2025020509;    3; 60.00;eor
       4928;2025020510;    3; 60.00;eor
       4928;2025020511;    3; 60.00;eor
       4928;2025020512;    3; 60.00;eor
       4928;2025020513;    3; 60.00;eor
       4928;2025020514;    3; 60.00;eor
       4928;2025020515;    3; 60.00;eor
       4928;2025020516;    3; 59.00;eor
       4928;2025020517;    3;  0.00;eor
       4928;2025020518;    3;  0.00;eor
       4928;2025020519;    3;  0.00;eor
       4928;2025020520;    3;  0.00;eor
       4928;2025020603;    3;  0.00;eor
       4928;2025020604;    3;  0.00;eor
       4928;2025020605;    3;  0.00;eor
       4928;2025020606;    3;  0.00;eor
       4928;2025020607;    3;  0.00;eor
       4928;2025020608;    3;  0.00;eor
       4928;2025020609;    3;  0.00;eor
       4928;2025020610;    3;  0.00;eor
       4928;2025020611;    3;  0.00;eor
       4928;2025020612;    3;  0.00;eor
       4928;2025020613;    3;  0.00;eor
       4928;2025020614;    3;  0.00;eor
       4928;2025020615;    3;  0.00;eor
       4928;2025020616;    3;  0.00;eor
       4928;2025020617;    3;  0.00;eor
       4928;2025020618;    3;  0.00;eor
       4928;2025020619;    3;  0.00;eor
       4928;2025020620;    3;  0.00;eor
       4928;2025020703;    3;  0.00;eor
       4928;2025020704;    3;  0.00;eor
       4928;2025020705;    3;  0.00;eor
       4928;2025020706;    3;  0.00;eor
       4928;2025020707;    3;  0.00;eor
       4928;2025020708;    3;  0.00;eor
       4928;2025020709;    3;  0.00;eor
       4928;2025020710;    3;  4.00;eor
       4928;2025020711;    3;  5.00;eor
       4928;2025020712;    3;  2.00;eor
       4928;2025020713;    3; 58.00;eor
       4928;2025020714;    3; 15.00;eor
       4928;2025020715;    3;  4.00;eor
       4928;2025020716;    3; 50.00;eor
       4928;2025020717;    3;  3.00;eor
       4928;2025020718;    3;  0.00;eor
       4928;2025020719;    3;  0.00;eor
       4928;2025020720;    3;  0.00;eor
       4928;2025020803;    3;  0.00;eor
       4928;2025020804;    3;  0.00;eor
       4928;2025020805;    3;  0.00;eor
       4928;2025020806;    3;  0.00;eor
       4928;2025020807;    3;  0.00;eor
       4928;2025020808;    3; 35.00;eor
       4928;2025020809;    3; 60.00;eor
       4928;2025020810;    3; 60.00;eor
       4928;2025020811;    3; 60.00;eor
       4928;2025020812;    3; 60.00;eor
       4928;2025020813;    3; 60.00;eor
       4928;2025020814;    3; 60.00;eor
       4928;2025020815;    3; 60.00;eor
       4928;2025020816;    3; 60.00;eor
       4928;2025020817;    3;  4.00;eor
       4928;2025020818;    3;  0.00;eor
       4928;2025020819;    3;  0.00;eor
       4928;2025020820;    3;  0.00;eor
       4928;2025020903;    3;  0.00;eor
       4928;2025020904;    3;  0.00;eor
       4928;2025020905;    3;  0.00;eor
       4928;2025020906;    3;  0.00;eor
       4928;2025020907;    3;  0.00;eor
       4928;2025020908;    3;  0.00;eor
       4928;2025020909;    3;  1.00;eor
       4928;2025020910;    3;  0.00;eor
       4928;2025020911;    3; 29.00;eor
       4928;2025020912;    3;  0.00;eor
       4928;2025020913;    3; 14.00;eor
       4928;2025020914;    3; 22.00;eor
       4928;2025020915;    3;  9.00;eor
       4928;2025020916;    3; 16.00;eor
       4928;2025020917;    3;  0.00;eor
       4928;2025020918;    3;  0.00;eor
       4928;2025020919;    3;  0.00;eor
       4928;2025020920;    3;  0.00;eor
       4928;2025021003;    3;  0.00;eor
       4928;2025021004;    3;  0.00;eor
       4928;2025021005;    3;  0.00;eor
       4928;2025021006;    3;  0.00;eor
       4928;2025021007;    3;  0.00;eor
       4928;2025021008;    3;  0.00;eor
       4928;2025021009;    3;  0.00;eor
       4928;2025021010;    3;  4.00;eor
       4928;2025021011;    3;  3.00;eor
       4928;2025021012;    3; 54.00;eor
       4928;2025021013;    3; 34.00;eor
       4928;2025021014;    3; 32.00;eor
       4928;2025021015;    3;  5.00;eor
       4928;2025021016;    3;  0.00;eor
       4928;2025021017;    3;  0.00;eor
       4928;2025021018;    3;  0.00;eor
       4928;2025021019;    3;  0.00;eor
       4928;2025021020;    3;  0.00;eor
       4928;2025021103;    3;  0.00;eor
       4928;2025021104;    3;  0.00;eor
       4928;2025021105;    3;  0.00;eor
       4928;2025021106;    3;  0.00;eor
       4928;2025021107;    3;  0.00;eor
       4928;2025021108;    3;  0.00;eor
       4928;2025021109;    3;  0.00;eor
       4928;2025021110;    3;  0.00;eor
       4928;2025021111;    3;  0.00;eor
       4928;2025021112;    3;  0.00;eor
       4928;2025021113;    3;  0.00;eor
       4928;2025021114;    3;  0.00;eor
       4928;2025021115;    3;  0.00;eor
       4928;2025021116;    3;  0.00;eor
       4928;2025021117;    3;  0.00;eor
       4928;2025021118;    3;  0.00;eor
       4928;2025021119;    3;  0.00;eor
       4928;2025021120;    3;  0.00;eor
       4928;2025021203;    3;  0.00;eor
       4928;2025021204;    3;  0.00;eor
       4928;2025021205;    3;  0.00;eor
       4928;2025021206;    3;  0.00;eor
       4928;2025021207;    3;  0.00;eor
       4928;2025021208;    3;  0.00;eor
       4928;2025021209;    3;  0.00;eor
       4928;2025021210;    3;  0.00;eor
       4928;2025021211;    3;  0.00;eor
       4928;2025021212;    3;  0.00;eor
       4928;2025021213;    3;  0.00;eor
       4928;2025021214;    3;  0.00;eor
       4928;2025021215;    3;  0.00;eor
       4928;2025021216;    3;  0.00;eor
       4928;2025021217;    3;  0.00;eor
       4928;2025021218;    3;  0.00;eor
       4928;2025021219;    3;  0.00;eor
       4928;2025021220;    3;  0.00;eor
       4928;2025021303;    3;  0.00;eor
       4928;2025021304;    3;  0.00;eor
       4928;2025021305;    3;  0.00;eor
       4928;2025021306;    3;  0.00;eor
       4928;2025021307;    3;  0.00;eor
       4928;2025021308;    3;  0.00;eor
       4928;2025021309;    3;  0.00;eor
       4928;2025021310;    3;  0.00;eor
       4928;2025021311;    3;  0.00;eor
       4928;2025021312;    3;  0.00;eor
       4928;2025021313;    3;  4.00;eor
       4928;2025021314;    3;  1.00;eor
       4928;2025021315;    3;  0.00;eor
       4928;2025021316;    3;  0.00;eor
       4928;2025021317;    3;  0.00;eor
       4928;2025021318;    3;  0.00;eor
       4928;2025021319;    3;  0.00;eor
       4928;2025021320;    3;  0.00;eor
       4928;2025021403;    3;  0.00;eor
       4928;2025021404;    3;  0.00;eor
       4928;2025021405;    3;  0.00;eor
       4928;2025021406;    3;  0.00;eor
       4928;2025021407;    3;  0.00;eor
       4928;2025021408;    3;  0.00;eor
       4928;2025021409;    3;  0.00;eor
       4928;2025021410;    3;  0.00;eor
       4928;2025021411;    3;  0.00;eor
       4928;2025021412;    3;  0.00;eor
       4928;2025021413;    3;  0.00;eor
       4928;2025021414;    3;  0.00;eor
       4928;2025021415;    3;  0.00;eor
       4928;2025021416;    3;  0.00;eor
       4928;2025021417;    3;  0.00;eor
       4928;2025021418;    3;  0.00;eor
       4928;2025021419;    3;  0.00;eor
       4928;2025021420;    3;  0.00;eor
       4928;2025021503;    3;  0.00;eor
       4928;2025021504;    3;  0.00;eor
       4928;2025021505;    3;  0.00;eor
       4928;2025021506;    3;  0.00;eor
       4928;2025021507;    3;  0.00;eor
       4928;2025021508;    3;  5.00;eor
       4928;2025021509;    3;  2.00;eor
       4928;2025021510;    3;  0.00;eor
       4928;2025021511;    3;  2.00;eor
       4928;2025021512;    3;  0.00;eor
       4928;2025021513;    3;  0.00;eor
       4928;2025021514;    3;  0.00;eor
       4928;2025021515;    3;  0.00;eor
       4928;2025021516;    3;  0.00;eor
       4928;2025021517;    3;  0.00;eor
       4928;2025021518;    3;  0.00;eor
       4928;2025021519;    3;  0.00;eor
       4928;2025021520;    3;  0.00;eor
       4928;2025021603;    3;  0.00;eor
       4928;2025021604;    3;  0.00;eor
       4928;2025021605;    3;  0.00;eor
       4928;2025021606;    3;  0.00;eor
       4928;2025021607;    3;  0.00;eor
       4928;2025021608;    3;  0.00;eor
       4928;2025021609;    3;  0.00;eor
       4928;2025021610;    3;  0.00;eor
       4928;2025021611;    3;  0.00;eor
       4928;2025021612;    3;  0.00;eor
       4928;2025021613;    3;  0.00;eor
       4928;2025021614;    3;  0.00;eor
       4928;2025021615;    3;  0.00;eor
       4928;2025021616;    3;  0.00;eor
       4928;2025021617;    3;  0.00;eor
       4928;2025021618;    3;  0.00;eor
       4928;2025021619;    3;  0.00;eor
       4928;2025021620;    3;  0.00;eor
       4928;2025021703;    3;  0.00;eor
       4928;2025021704;    3;  0.00;eor
       4928;2025021705;    3;  0.00;eor
       4928;2025021706;    3;  0.00;eor
       4928;2025021707;    3;  0.00;eor
       4928;2025021708;    3; 45.00;eor
       4928;2025021709;    3; 60.00;eor
       4928;2025021710;    3; 60.00;eor
       4928;2025021711;    3; 60.00;eor
       4928;2025021712;    3; 60.00;eor
       4928;2025021713;    3; 60.00;eor
       4928;2025021714;    3; 60.00;eor
       4928;2025021715;    3; 60.00;eor
       4928;2025021716;    3; 60.00;eor
       4928;2025021717;    3; 18.00;eor
       4928;2025021718;    3;  0.00;eor
       4928;2025021719;    3;  0.00;eor
       4928;2025021720;    3;  0.00;eor
       4928;2025021803;    3;  0.00;eor
       4928;2025021804;    3;  0.00;eor
       4928;2025021805;    3;  0.00;eor
       4928;2025021806;    3;  0.00;eor
       4928;2025021807;    3;  0.00;eor
       4928;2025021808;    3; 45.00;eor
       4928;2025021809;    3; 60.00;eor
       4928;2025021810;    3; 60.00;eor
       4928;2025021811;    3; 60.00;eor
       4928;2025021812;    3; 60.00;eor
       4928;2025021813;    3; 60.00;eor
       4928;2025021814;    3; 60.00;eor
       4928;2025021815;    3; 60.00;eor
       4928;2025021816;    3; 60.00;eor
       4928;2025021817;    3; 21.00;eor
       4928;2025021818;    3;  0.00;eor
       4928;2025021819;    3;  0.00;eor
       4928;2025021820;    3;  0.00;eor
       4928;2025021903;    3;  0.00;eor
       4928;2025021904;    3;  0.00;eor
       4928;2025021905;    3;  0.00;eor
       4928;2025021906;    3;  0.00;eor
       4928;2025021907;    3;  0.00;eor
       4928;2025021908;    3; 49.00;eor
       4928;2025021909;    3; 60.00;eor
       4928;2025021910;    3; 60.00;eor
       4928;2025021911;    3; 60.00;eor
       4928;2025021912;    3; 60.00;eor
       4928;2025021913;    3; 60.00;eor
       4928;2025021914;    3; 60.00;eor
       4928;2025021915;    3; 60.00;eor
       4928;2025021916;    3; 30.00;eor
       4928;2025021917;    3;  0.00;eor
       4928;2025021918;    3;  0.00;eor
       4928;2025021919;    3;  0.00;eor
       4928;2025021920;    3;  0.00;eor
       4928;2025022003;    3;  0.00;eor
       4928;2025022004;    3;  0.00;eor
       4928;2025022005;    3;  0.00;eor
       4928;2025022006;    3;  0.00;eor
       4928;2025022007;    3;  0.00;eor
       4928;2025022008;    3; 48.00;eor
       4928;2025022009;    3; 17.00;eor
       4928;2025022010;    3;  0.00;eor
       4928;2025022011;    3;  0.00;eor
       4928;2025022012;    3;  0.00;eor
       4928;2025022013;    3;  0.00;eor
       4928;2025022014;    3; 44.00;eor
       4928;2025022015;    3; 59.00;eor
       4928;2025022016;    3; 45.00;eor
       4928;2025022017;    3; 12.00;eor
       4928;2025022018;    3;  0.00;eor
       4928;2025022019;    3;  0.00;eor
       4928;2025022020;    3;  0.00;eor
       4928;2025022103;    3;  0.00;eor
       4928;2025022104;    3;  0.00;eor
       4928;2025022105;    3;  0.00;eor
       4928;2025022106;    3;  0.00;eor
       4928;2025022107;    3;  0.00;eor
       4928;2025022108;    3; 19.00;eor
       4928;2025022109;    3; 52.00;eor
       4928;2025022110;    3; 60.00;eor
       4928;2025022111;    3; 60.00;eor
       4928;2025022112;    3; 60.00;eor
       4928;2025022113;    3; 60.00;eor
       4928;2025022114;    3; 60.00;eor
       4928;2025022115;    3; 60.00;eor
       4928;2025022116;    3; 27.00;eor
       4928;2025022117;    3;  0.00;eor
       4928;2025022118;    3;  0.00;eor
       4928;2025022119;    3;  0.00;eor
       4928;2025022120;    3;  0.00;eor
       4928;2025022203;    3;  0.00;eor
       4928;2025022204;    3;  0.00;eor
       4928;2025022205;    3;  0.00;eor
       4928;2025022206;    3;  0.00;eor
       4928;2025022207;    3;  0.00;eor
       4928;2025022208;    3;  0.00;eor
       4928;2025022209;    3;  0.00;eor
       4928;2025022210;    3; 25.00;eor
       4928;2025022211;    3; 60.00;eor
       4928;2025022212;    3; 58.00;eor
       4928;2025022213;    3; 10.00;eor
       4928;2025022214;    3;  0.00;eor
       4928;2025022215;    3;  0.00;eor
       4928;2025022216;    3;  0.00;eor
       4928;2025022217;    3;  0.00;eor
       4928;2025022218;    3;  0.00;eor
       4928;2025022219;    3;  0.00;eor
       4928;2025022220;    3;  0.00;eor
       4928;2025022303;    3;  0.00;eor
       4928;2025022304;    3;  0.00;eor
       4928;2025022305;    3;  0.00;eor
       4928;2025022306;    3;  0.00;eor
       4928;2025022307;    3;  0.00;eor
       4928;2025022308;    3;  0.00;eor
       4928;2025022309;    3;  0.00;eor
       4928;2025022310;    3;  0.00;eor
       4928;2025022311;    3;  1.00;eor
       4928;2025022312;    3;  0.00;eor
       4928;2025022313;    3; 13.00;eor
       4928;2025022314;    3; 48.00;eor
       4928;2025022315;    3; 60.00;eor
       4928;2025022316;    3; 60.00;eor
       4928;2025022317;    3; 21.00;eor
       4928;2025022318;    3;  0.00;eor
       4928;2025022319;    3;  0.00;eor
       4928;2025022320;    3;  0.00;eor
       4928;2025022403;    3;  0.00;eor
       4928;2025022404;    3;  0.00;eor
       4928;2025022405;    3;  0.00;eor
       4928;2025022406;    3;  0.00;eor
       4928;2025022407;    3;  0.00;eor
       4928;2025022408;    3;  0.00;eor
       4928;2025022409;    3;  0.00;eor
       4928;2025022410;    3;  0.00;eor
       4928;2025022411;    3;  0.00;eor
       4928;2025022412;    3;  0.00;eor
       4928;2025022413;    3;  0.00;eor
       4928;2025022414;    3;  0.00;eor
       4928;2025022415;    3;  0.00;eor
       4928;2025022416;    3;  0.00;eor
       4928;2025022417;    3;  0.00;eor
       4928;2025022418;    3;  0.00;eor
       4928;2025022419;    3;  0.00;eor
       4928;2025022420;    3;  0.00;eor
       4928;2025022503;    3;  0.00;eor
       4928;2025022504;    3;  0.00;eor
       4928;2025022505;    3;  0.00;eor
       4928;2025022506;    3;  0.00;eor
       4928;2025022507;    3;  0.00;eor
       4928;2025022508;    3;  0.00;eor
       4928;2025022509;    3; 12.00;eor
       4928;2025022510;    3;  9.00;eor
       4928;2025022511;    3; 30.00;eor
       4928;2025022512;    3;  0.00;eor
       4928;2025022513;    3;  0.00;eor
       4928;2025022514;    3;  0.00;eor
       4928;2025022515;    3;  0.00;eor
       4928;2025022516;    3;  0.00;eor
       4928;2025022517;    3;  2.00;eor
       4928;2025022518;    3;  0.00;eor
       4928;2025022519;    3;  0.00;eor
       4928;2025022520;    3;  0.00;eor
       4928;2025022603;    3;  0.00;eor
       4928;2025022604;    3;  0.00;eor
       4928;2025022605;    3;  0.00;eor
       4928;2025022606;    3;  0.00;eor
       4928;2025022607;    3;  0.00;eor
       4928;2025022608;    3;  0.00;eor
       4928;2025022609;    3;  0.00;eor
       4928;2025022610;    3;  0.00;eor
       4928;2025022611;    3;  0.00;eor
       4928;2025022612;    3;  0.00;eor
       4928;2025022613;    3;  0.00;eor
       4928;2025022614;    3;  0.00;eor
       4928;2025022615;    3;  0.00;eor
       4928;2025022616;    3; 12.00;eor
       4928;2025022617;    3; 11.00;eor
       4928;2025022618;    3;  0.00;eor
       4928;2025022619;    3;  0.00;eor
       4928;2025022620;    3;  0.00;eor
       4928;2025022703;    3;  0.00;eor
       4928;2025022704;    3;  0.00;eor
       4928;2025022705;    3;  0.00;eor
       4928;2025022706;    3;  0.00;eor
       4928;2025022707;    3;  0.00;eor
       4928;2025022708;    3;  3.00;eor
       4928;2025022709;    3; 16.00;eor
       4928;2025022710;    3;  4.00;eor
       4928;2025022711;    3; 12.00;eor
       4928;2025022712;    3; 15.00;eor
       4928;2025022713;    3; 22.00;eor
       4928;2025022714;    3; 10.00;eor
       4928;2025022715;    3;  7.00;eor
       4928;2025022716;    3; 36.00;eor
       4928;2025022717;    3; 21.00;eor
       4928;2025022718;    3;  0.00;eor
       4928;2025022719;    3;  0.00;eor
       4928;2025022720;    3;  0.00;eor
       4928;2025022803;    3;  0.00;eor
       4928;2025022804;    3;  0.00;eor
       4928;2025022805;    3;  0.00;eor
       4928;2025022806;    3;  0.00;eor
       4928;2025022807;    3;  0.00;eor
       4928;2025022808;    3;  0.00;eor
       4928;2025022809;    3;  0.00;eor
       4928;2025022810;    3;  1.00;eor
       4928;2025022811;    3;  7.00;eor
       4928;2025022812;    3; 17.00;eor
       4928;2025022813;    3; 10.00;eor
       4928;2025022814;    3;  2.00;eor
       4928;2025022815;    3; 22.00;eor
       4928;2025022816;    3;  0.00;eor
       4928;2025022817;    3;  0.00;eor
       4928;2025022818;    3;  0.00;eor
       4928;2025022819;    3;  0.00;eor
       4928;2025022820;    3;  0.00;eor
       4928;2025030103;    3;  0.00;eor
       4928;2025030104;    3;  0.00;eor
       4928;2025030105;    3;  0.00;eor
       4928;2025030106;    3;  0.00;eor
       4928;2025030107;    3;  0.00;eor
       4928;2025030108;    3;  0.00;eor
       4928;2025030109;    3;  3.00;eor
       4928;2025030110;    3;  4.00;eor
       4928;2025030111;    3; 13.00;eor
       4928;2025030112;    3; 29.00;eor
       4928;2025030113;    3; 37.00;eor
       4928;2025030114;    3; 30.00;eor
       4928;2025030115;    3;  2.00;eor
       4928;2025030116;    3;  5.00;eor
       4928;2025030117;    3;  0.00;eor
       4928;2025030118;    3;  0.00;eor
       4928;2025030119;    3;  0.00;eor
       4928;2025030120;    3;  0.00;eor
       4928;2025030203;    3;  0.00;eor
       4928;2025030204;    3;  0.00;eor
       4928;2025030205;    3;  0.00;eor
       4928;2025030206;    3;  0.00;eor
       4928;2025030207;    3;  3.00;eor
       4928;2025030208;    3; 60.00;eor
       4928;2025030209;    3; 60.00;eor
       4928;2025030210;    3; 60.00;eor
       4928;2025030211;    3; 60.00;eor
       4928;2025030212;    3; 60.00;eor
       4928;2025030213;    3; 60.00;eor
       4928;2025030214;    3; 60.00;eor
       4928;2025030215;    3; 60.00;eor
       4928;2025030216;    3; 60.00;eor
       4928;2025030219;    3;  0.00;eor
       4928;2025030220;    3;  0.00;eor
       4928;2025030303;    3;  0.00;eor
       4928;2025030304;    3;  0.00;eor
       4928;2025030305;    3;  0.00;eor
       4928;2025030306;    3;  0.00;eor
       4928;2025030307;    3;  2.00;eor
       4928;2025030308;    3; 60.00;eor
       4928;2025030309;    3; 60.00;eor
       4928;2025030310;    3; 60.00;eor
       4928;2025030311;    3; 60.00;eor
       4928;2025030312;    3; 60.00;eor
       4928;2025030313;    3; 60.00;eor
       4928;2025030314;    3; 60.00;eor
       4928;2025030315;    3; 60.00;eor
       4928;2025030316;    3; 60.00;eor
       4928;2025030317;    3; 26.00;eor
       4928;2025030318;    3;  0.00;eor
       4928;2025030319;    3;  0.00;eor
       4928;2025030320;    3;  0.00;eor
       4928;2025030403;    3;  0.00;eor
       4928;2025030404;    3;  0.00;eor
       4928;2025030405;    3;  0.00;eor
       4928;2025030406;    3;  0.00;eor
       4928;2025030407;    3;  0.00;eor
       4928;2025030408;    3; 59.00;eor
       4928;2025030409;    3; 60.00;eor
       4928;2025030410;    3; 60.00;eor
       4928;2025030411;    3; 60.00;eor
       4928;2025030412;    3; 60.00;eor
       4928;2025030413;    3; 60.00;eor
       4928;2025030414;    3; 60.00;eor
       4928;2025030415;    3; 60.00;eor
       4928;2025030416;    3; 60.00;eor
       4928;2025030417;    3; 25.00;eor
       4928;2025030418;    3;  0.00;eor
       4928;2025030419;    3;  0.00;eor
       4928;2025030420;    3;  0.00;eor
       4928;2025030503;    3;  0.00;eor
       4928;2025030504;    3;  0.00;eor
       4928;2025030505;    3;  0.00;eor
       4928;2025030506;    3;  0.00;eor
       4928;2025030507;    3;  0.00;eor
       4928;2025030508;    3; 60.00;eor
       4928;2025030509;    3; 60.00;eor
       4928;2025030510;    3; 60.00;eor
       4928;2025030511;    3; 60.00;eor
       4928;2025030512;    3; 60.00;eor
       4928;2025030513;    3; 60.00;eor
       4928;2025030514;    3; 60.00;eor
       4928;2025030515;    3; 60.00;eor
       4928;2025030516;    3; 60.00;eor
       4928;2025030517;    3; 48.00;eor
       4928;2025030518;    3;  0.00;eor
       4928;2025030519;    3;  0.00;eor
       4928;2025030520;    3;  0.00;eor
       4928;2025030603;    3;  0.00;eor
       4928;2025030604;    3;  0.00;eor
       4928;2025030605;    3;  0.00;eor
       4928;2025030606;    3;  0.00;eor
       4928;2025030607;    3;  3.00;eor
       4928;2025030608;    3; 60.00;eor
       4928;2025030609;    3; 60.00;eor
       4928;2025030610;    3; 60.00;eor
       4928;2025030611;    3; 60.00;eor
       4928;2025030612;    3; 60.00;eor
       4928;2025030613;    3; 60.00;eor
       4928;2025030614;    3; 60.00;eor
       4928;2025030615;    3; 60.00;eor
       4928;2025030616;    3; 60.00;eor
       4928;2025030617;    3; 50.00;eor
       4928;2025030618;    3;  0.00;eor
       4928;2025030619;    3;  0.00;eor
       4928;2025030620;    3;  0.00;eor
       4928;2025030703;    3;  0.00;eor
       4928;2025030704;    3;  0.00;eor
       4928;2025030705;    3;  0.00;eor
       4928;2025030706;    3;  0.00;eor
       4928;2025030707;    3;  4.00;eor
       4928;2025030708;    3; 60.00;eor
       4928;2025030709;    3; 60.00;eor
       4928;2025030710;    3; 60.00;eor
       4928;2025030711;    3; 60.00;eor
       4928;2025030712;    3; 60.00;eor
       4928;2025030713;    3; 60.00;eor
       4928;2025030714;    3; 60.00;eor
       4928;2025030715;    3; 60.00;eor
       4928;2025030716;    3; 60.00;eor
       4928;2025030717;    3; 52.00;eor
       4928;2025030718;    3;  0.00;eor
       4928;2025030719;    3;  0.00;eor
       4928;2025030720;    3;  0.00;eor
       4928;2025030803;    3;  0.00;eor
       4928;2025030804;    3;  0.00;eor
       4928;2025030805;    3;  0.00;eor
       4928;2025030806;    3;  0.00;eor
       4928;2025030807;    3;  5.00;eor
       4928;2025030808;    3; 60.00;eor
       4928;2025030809;    3; 60.00;eor
       4928;2025030810;    3; 60.00;eor
       4928;2025030811;    3; 60.00;eor
       4928;2025030812;    3; 60.00;eor
       4928;2025030813;    3; 60.00;eor
       4928;2025030814;    3; 60.00;eor
       4928;2025030815;    3; 60.00;eor
       4928;2025030816;    3; 60.00;eor
       4928;2025030817;    3; 53.00;eor
       4928;2025030818;    3;  0.00;eor
       4928;2025030819;    3;  0.00;eor
       4928;2025030820;    3;  0.00;eor
       4928;2025030903;    3;  0.00;eor
       4928;2025030904;    3;  0.00;eor
       4928;2025030905;    3;  0.00;eor
       4928;2025030906;    3;  0.00;eor
       4928;2025030907;    3; 12.00;eor
       4928;2025030908;    3; 60.00;eor
       4928;2025030909;    3; 60.00;eor
       4928;2025030910;    3; 60.00;eor
       4928;2025030911;    3; 60.00;eor
       4928;2025030912;    3; 60.00;eor
       4928;2025030913;    3; 60.00;eor
       4928;2025030914;    3; 60.00;eor
       4928;2025030915;    3; 60.00;eor
       4928;2025030916;    3; 60.00;eor
       4928;2025030917;    3; 51.00;eor
       4928;2025030918;    3;  0.00;eor
       4928;2025030919;    3;  0.00;eor
       4928;2025030920;    3;  0.00;eor
       4928;2025031003;    3;  0.00;eor
       4928;2025031004;    3;  0.00;eor
       4928;2025031005;    3;  0.00;eor
       4928;2025031006;    3;  0.00;eor
       4928;2025031007;    3; 10.00;eor
       4928;2025031008;    3;  1.00;eor
       4928;2025031009;    3;  1.00;eor
       4928;2025031010;    3;  0.00;eor
       4928;2025031011;    3;  0.00;eor
       4928;2025031012;    3;  0.00;eor
       4928;2025031013;    3;  0.00;eor
       4928;2025031014;    3;  0.00;eor
       4928;2025031015;    3;  0.00;eor
       4928;2025031016;    3;  0.00;eor
       4928;2025031017;    3;  0.00;eor
       4928;2025031018;    3;  0.00;eor
       4928;2025031019;    3;  0.00;eor
       4928;2025031020;    3;  0.00;eor
       4928;2025031103;    3;  0.00;eor
       4928;2025031104;    3;  0.00;eor
       4928;2025031105;    3;  0.00;eor
       4928;2025031106;    3;  0.00;eor
       4928;2025031107;    3; 11.00;eor
       4928;2025031108;    3; 60.00;eor
       4928;2025031109;    3; 60.00;eor
       4928;2025031110;    3; 60.00;eor
       4928;2025031111;    3; 60.00;eor
       4928;2025031112;    3; 57.00;eor
       4928;2025031113;    3; 21.00;eor
       4928;2025031114;    3; 23.00;eor
       4928;2025031115;    3; 22.00;eor
       4928;2025031116;    3;  5.00;eor
       4928;2025031117;    3;  0.00;eor
       4928;2025031118;    3;  0.00;eor
       4928;2025031119;    3;  0.00;eor
       4928;2025031120;    3;  0.00;eor
       4928;2025031203;    3;  0.00;eor
       4928;2025031204;    3;  0.00;eor
       4928;2025031205;    3;  0.00;eor
       4928;2025031206;    3;  0.00;eor
       4928;2025031207;    3;  0.00;eor
       4928;2025031208;    3;  0.00;eor
       4928;2025031209;    3;  0.00;eor
       4928;2025031210;    3;  0.00;eor
       4928;2025031211;    3;  0.00;eor
       4928;2025031212;    3;  0.00;eor
       4928;2025031213;    3;  0.00;eor
       4928;2025031214;    3;  0.00;eor
       4928;2025031215;    3;  0.00;eor
       4928;2025031216;    3;  0.00;eor
       4928;2025031217;    3;  0.00;eor
       4928;2025031218;    3;  0.00;eor
       4928;2025031219;    3;  0.00;eor
       4928;2025031220;    3;  0.00;eor
       4928;2025031303;    3;  0.00;eor
       4928;2025031304;    3;  0.00;eor
       4928;2025031305;    3;  0.00;eor
       4928;2025031306;    3;  0.00;eor
       4928;2025031307;    3;  0.00;eor
       4928;2025031308;    3;  0.00;eor
       4928;2025031309;    3;  0.00;eor
       4928;2025031310;    3;  0.00;eor
       4928;2025031311;    3;  0.00;eor
       4928;2025031312;    3;  0.00;eor
       4928;2025031313;    3;  4.00;eor
       4928;2025031314;    3;  1.00;eor
       4928;2025031315;    3; 10.00;eor
       4928;2025031316;    3;  6.00;eor
       4928;2025031317;    3; 36.00;eor
       4928;2025031318;    3;  0.00;eor
       4928;2025031319;    3;  0.00;eor
       4928;2025031320;    3;  0.00;eor
       4928;2025031403;    3;  0.00;eor
       4928;2025031404;    3;  0.00;eor
       4928;2025031405;    3;  0.00;eor
       4928;2025031406;    3;  0.00;eor
       4928;2025031407;    3;  0.00;eor
       4928;2025031408;    3;  0.00;eor
       4928;2025031409;    3;  0.00;eor
       4928;2025031410;    3;  0.00;eor
       4928;2025031411;    3;  0.00;eor
       4928;2025031412;    3;  0.00;eor
       4928;2025031413;    3;  0.00;eor
       4928;2025031414;    3;  0.00;eor
       4928;2025031415;    3;  0.00;eor
       4928;2025031416;    3;  0.00;eor
       4928;2025031417;    3;  0.00;eor
       4928;2025031418;    3;  0.00;eor
       4928;2025031419;    3;  0.00;eor
       4928;2025031420;    3;  0.00;eor
       4928;2025031503;    3;  0.00;eor
       4928;2025031504;    3;  0.00;eor
       4928;2025031505;    3;  0.00;eor
       4928;2025031506;    3;  0.00;eor
       4928;2025031507;    3;  0.00;eor
       4928;2025031508;    3;  0.00;eor
       4928;2025031509;    3;  0.00;eor
       4928;2025031510;    3;  0.00;eor
       4928;2025031511;    3;  0.00;eor
       4928;2025031512;    3;  0.00;eor
       4928;2025031513;    3;  0.00;eor
       4928;2025031514;    3;  0.00;eor
       4928;2025031515;    3;  0.00;eor
       4928;2025031516;    3;  0.00;eor
       4928;2025031517;    3;  0.00;eor
       4928;2025031518;    3;  0.00;eor
       4928;2025031519;    3;  0.00;eor
       4928;2025031520;    3;  0.00;eor
       4928;2025031603;    3;  0.00;eor
       4928;2025031604;    3;  0.00;eor
       4928;2025031605;    3;  0.00;eor
       4928;2025031606;    3;  0.00;eor
       4928;2025031607;    3;  0.00;eor
       4928;2025031608;    3;  0.00;eor
       4928;2025031609;    3;  0.00;eor
       4928;2025031610;    3;  0.00;eor
       4928;2025031611;    3;  0.00;eor
       4928;2025031612;    3;  0.00;eor
       4928;2025031613;    3;  0.00;eor
       4928;2025031614;    3;  0.00;eor
       4928;2025031615;    3;  0.00;eor
       4928;2025031616;    3;  0.00;eor
       4928;2025031617;    3;  0.00;eor
       4928;2025031618;    3;  0.00;eor
       4928;2025031619;    3;  0.00;eor
       4928;2025031620;    3;  0.00;eor
       4928;2025031703;    3;  0.00;eor
       4928;2025031704;    3;  0.00;eor
       4928;2025031705;    3;  0.00;eor
       4928;2025031706;    3;  0.00;eor
       4928;2025031707;    3; 47.00;eor
       4928;2025031708;    3; 46.00;eor
       4928;2025031709;    3; 60.00;eor
       4928;2025031710;    3; 55.00;eor
       4928;2025031711;    3;  5.00;eor
       4928;2025031712;    3; 14.00;eor
       4928;2025031713;    3; 37.00;eor
       4928;2025031714;    3;  0.00;eor
       4928;2025031715;    3; 15.00;eor
       4928;2025031716;    3; 39.00;eor
       4928;2025031717;    3; 13.00;eor
       4928;2025031718;    3;  9.00;eor
       4928;2025031719;    3;  0.00;eor
       4928;2025031720;    3;  0.00;eor
       4928;2025031803;    3;  0.00;eor
       4928;2025031804;    3;  0.00;eor
       4928;2025031805;    3;  0.00;eor
       4928;2025031806;    3;  6.00;eor
       4928;2025031807;    3; 60.00;eor
       4928;2025031808;    3; 60.00;eor
       4928;2025031809;    3; 60.00;eor
       4928;2025031810;    3; 60.00;eor
       4928;2025031811;    3; 60.00;eor
       4928;2025031812;    3; 60.00;eor
       4928;2025031813;    3; 60.00;eor
       4928;2025031814;    3; 60.00;eor
       4928;2025031815;    3; 60.00;eor
       4928;2025031816;    3; 60.00;eor
       4928;2025031817;    3; 56.00;eor
       4928;2025031818;    3;  0.00;eor
       4928;2025031819;    3;  0.00;eor
       4928;2025031820;    3;  0.00;eor
       4928;2025031903;    3;  0.00;eor
       4928;2025031904;    3;  0.00;eor
       4928;2025031905;    3;  0.00;eor
       4928;2025031906;    3;  8.00;eor
       4928;2025031907;    3; 60.00;eor
       4928;2025031908;    3; 60.00;eor
       4928;2025031909;    3; 60.00;eor
       4928;2025031910;    3; 60.00;eor
       4928;2025031911;    3; 60.00;eor
       4928;2025031912;    3; 60.00;eor
       4928;2025031913;    3; 60.00;eor
       4928;2025031914;    3; 60.00;eor
       4928;2025031915;    3; 60.00;eor
       4928;2025031916;    3; 60.00;eor
       4928;2025031917;    3; 60.00;eor
       4928;2025031918;    3; 14.00;eor
       4928;2025031919;    3;  0.00;eor
       4928;2025031920;    3;  0.00;eor
       4928;2025032003;    3;  0.00;eor
       4928;2025032004;    3;  0.00;eor
       4928;2025032005;    3;  0.00;eor
       4928;2025032006;    3;  1.00;eor
       4928;2025032007;    3;  0.00;eor
       4928;2025032008;    3; 16.00;eor
       4928;2025032009;    3; 44.00;eor
       4928;2025032010;    3;  4.00;eor
       4928;2025032011;    3; 57.00;eor
       4928;2025032012;    3; 60.00;eor
       4928;2025032013;    3; 60.00;eor
       4928;2025032014;    3; 54.00;eor
       4928;2025032015;    3; 60.00;eor
       4928;2025032016;    3; 60.00;eor
       4928;2025032017;    3; 57.00;eor
       4928;2025032018;    3; 16.00;eor
       4928;2025032019;    3;  0.00;eor
       4928;2025032020;    3;  0.00;eor
       4928;2025032103;    3;  0.00;eor
       4928;2025032104;    3;  0.00;eor
       4928;2025032105;    3;  0.00;eor
       4928;2025032106;    3;  9.00;eor
       4928;2025032107;    3; 60.00;eor
       4928;2025032108;    3; 60.00;eor
       4928;2025032109;    3; 60.00;eor
       4928;2025032110;    3; 60.00;eor
       4928;2025032111;    3; 60.00;eor
       4928;2025032112;    3; 60.00;eor
       4928;2025032113;    3; 60.00;eor
       4928;2025032114;    3; 60.00;eor
       4928;2025032115;    3; 54.00;eor
       4928;2025032116;    3; 27.00;eor
       4928;2025032117;    3;  0.00;eor
       4928;2025032118;    3;  0.00;eor
       4928;2025032119;    3;  0.00;eor
       4928;2025032120;    3;  0.00;eor
       4928;2025032203;    3;  0.00;eor
       4928;2025032204;    3;  0.00;eor
       4928;2025032205;    3;  0.00;eor
       4928;2025032206;    3;  0.00;eor
       4928;2025032207;    3;  0.00;eor
       4928;2025032208;    3;  0.00;eor
       4928;2025032209;    3; 37.00;eor
       4928;2025032210;    3; 21.00;eor
       4928;2025032211;    3; 54.00;eor
       4928;2025032212;    3; 32.00;eor
       4928;2025032213;    3; 31.00;eor
       4928;2025032214;    3; 44.00;eor
       4928;2025032215;    3; 14.00;eor
       4928;2025032216;    3; 11.00;eor
       4928;2025032217;    3; 38.00;eor
       4928;2025032218;    3;  1.00;eor
       4928;2025032219;    3;  0.00;eor
       4928;2025032220;    3;  0.00;eor
       4928;2025032303;    3;  0.00;eor
       4928;2025032304;    3;  0.00;eor
       4928;2025032305;    3;  0.00;eor
       4928;2025032306;    3;  0.00;eor
       4928;2025032307;    3;  0.00;eor
       4928;2025032308;    3; 34.00;eor
       4928;2025032309;    3; 51.00;eor
       4928;2025032310;    3; 11.00;eor
       4928;2025032311;    3;  6.00;eor
       4928;2025032312;    3;  0.00;eor
       4928;2025032313;    3;  0.00;eor
       4928;2025032314;    3;  0.00;eor
       4928;2025032315;    3;  0.00;eor
       4928;2025032316;    3;  0.00;eor
       4928;2025032317;    3;  0.00;eor
       4928;2025032318;    3; 19.00;eor
       4928;2025032319;    3;  0.00;eor
       4928;2025032320;    3;  0.00;eor
       4928;2025032403;    3;  0.00;eor
       4928;2025032404;    3;  0.00;eor
       4928;2025032405;    3;  0.00;eor
       4928;2025032406;    3;  0.00;eor
       4928;2025032407;    3;  0.00;eor
       4928;2025032408;    3;  0.00;eor
       4928;2025032409;    3;  0.00;eor
       4928;2025032410;    3;  0.00;eor
       4928;2025032411;    3;  0.00;eor
       4928;2025032412;    3;  0.00;eor
       4928;2025032413;    3; 45.00;eor
       4928;2025032414;    3; 38.00;eor
       4928;2025032415;    3; 28.00;eor
       4928;2025032416;    3;  7.00;eor
       4928;2025032417;    3;  0.00;eor
       4928;2025032418;    3;  0.00;eor
       4928;2025032419;    3;  0.00;eor
       4928;2025032420;    3;  0.00;eor
       4928;2025032503;    3;  0.00;eor
       4928;2025032504;    3;  0.00;eor
       4928;2025032505;    3;  0.00;eor
       4928;2025032506;    3;  0.00;eor
       4928;2025032507;    3;  0.00;eor
       4928;2025032508;    3;  0.00;eor
       4928;2025032509;    3;  8.00;eor
       4928;2025032510;    3; 45.00;eor
       4928;2025032511;    3; 35.00;eor
       4928;2025032512;    3; 47.00;eor
       4928;2025032513;    3; 32.00;eor
       4928;2025032514;    3;  8.00;eor
       4928;2025032515;    3;  1.00;eor
       4928;2025032516;    3; 39.00;eor
       4928;2025032517;    3; 40.00;eor
       4928;2025032518;    3;  5.00;eor
       4928;2025032519;    3;  0.00;eor
       4928;2025032520;    3;  0.00;eor
       4928;2025032603;    3;  0.00;eor
       4928;2025032604;    3;  0.00;eor
       4928;2025032605;    3;  0.00;eor
       4928;2025032606;    3;  0.00;eor
       4928;2025032607;    3;  0.00;eor
       4928;2025032608;    3;  0.00;eor
       4928;2025032609;    3;  0.00;eor
       4928;2025032610;    3;  0.00;eor
       4928;2025032611;    3;  0.00;eor
       4928;2025032612;    3;  0.00;eor
       4928;2025032613;    3;  0.00;eor
       4928;2025032614;    3;  0.00;eor
       4928;2025032615;    3;  0.00;eor
       4928;2025032616;    3;  0.00;eor
       4928;2025032617;    3;  0.00;eor
       4928;2025032618;    3;  0.00;eor
       4928;2025032619;    3;  0.00;eor
       4928;2025032620;    3;  0.00;eor
       4928;2025032703;    3;  0.00;eor
       4928;2025032704;    3;  0.00;eor
       4928;2025032705;    3;  0.00;eor
       4928;2025032706;    3;  0.00;eor
       4928;2025032707;    3;  0.00;eor
       4928;2025032708;    3;  4.00;eor
       4928;2025032709;    3; 14.00;eor
       4928;2025032710;    3;  0.00;eor
       4928;2025032711;    3;  9.00;eor
       4928;2025032712;    3;  3.00;eor
       4928;2025032713;    3; 20.00;eor
       4928;2025032714;    3; 58.00;eor
       4928;2025032715;    3; 60.00;eor
       4928;2025032716;    3; 60.00;eor
       4928;2025032717;    3; 60.00;eor
       4928;2025032718;    3; 28.00;eor
       4928;2025032719;    3;  0.00;eor
       4928;2025032720;    3;  0.00;eor
       4928;2025032803;    3;  0.00;eor
       4928;2025032804;    3;  0.00;eor
       4928;2025032805;    3;  0.00;eor
       4928;2025032806;    3; 23.00;eor
       4928;2025032807;    3; 60.00;eor
       4928;2025032808;    3; 60.00;eor
       4928;2025032809;    3; 60.00;eor
       4928;2025032810;    3; 60.00;eor
       4928;2025032811;    3; 60.00;eor
       4928;2025032812;    3; 60.00;eor
       4928;2025032813;    3; 60.00;eor
       4928;2025032814;    3; 60.00;eor
       4928;2025032815;    3; 50.00;eor
       4928;2025032816;    3; 32.00;eor
       4928;2025032817;    3; 34.00;eor
       4928;2025032818;    3;  0.00;eor
       4928;2025032819;    3;  0.00;eor
       4928;2025032820;    3;  0.00;eor
       4928;2025032903;    3;  0.00;eor
       4928;2025032904;    3;  0.00;eor
       4928;2025032905;    3;  0.00;eor
       4928;2025032906;    3;  0.00;eor
       4928;2025032907;    3;  0.00;eor
       4928;2025032908;    3;  0.00;eor
       4928;2025032909;    3;  0.00;eor
       4928;2025032910;    3;  0.00;eor
       4928;2025032911;    3;  0.00;eor
       4928;2025032912;    3;  2.00;eor
       4928;2025032913;    3;  3.00;eor
       4928;2025032914;    3;  6.00;eor
       4928;2025032915;    3; 15.00;eor
       4928;2025032916;    3; 39.00;eor
       4928;2025032917;    3;  0.00;eor
       4928;2025032918;    3;  0.00;eor
       4928;2025032919;    3;  0.00;eor
       4928;2025032920;    3;  0.00;eor
       4928;2025033003;    3;  0.00;eor
       4928;2025033004;    3;  0.00;eor
       4928;2025033005;    3;  0.00;eor
       4928;2025033006;    3; 21.00;eor
       4928;2025033007;    3; 60.00;eor
       4928;2025033008;    3; 60.00;eor
       4928;2025033009;    3; 60.00;eor
       4928;2025033010;    3; 60.00;eor
       4928;2025033011;    3; 48.00;eor
       4928;2025033012;    3;  0.00;eor
       4928;2025033013;    3;  0.00;eor
       4928;2025033014;    3;  6.00;eor
       4928;2025033015;    3;  0.00;eor
       4928;2025033016;    3;  0.00;eor
       4928;2025033017;    3; 30.00;eor
       4928;2025033018;    3; 29.00;eor
       4928;2025033019;    3;  0.00;eor
       4928;2025033020;    3;  0.00;eor
       4928;2025033103;    3;  0.00;eor
       4928;2025033104;    3;  0.00;eor
       4928;2025033105;    3;  0.00;eor
       4928;2025033106;    3;  0.00;eor
       4928;2025033107;    3;  0.00;eor
       4928;2025033108;    3;  0.00;eor
       4928;2025033109;    3;  0.00;eor
       4928;2025033110;    3;  0.00;eor
       4928;2025033111;    3;  0.00;eor
       4928;2025033112;    3;  0.00;eor
       4928;2025033113;    3;  0.00;eor
       4928;2025033114;    3;  2.00;eor
       4928;2025033115;    3;  9.00;eor
       4928;2025033116;    3;  4.00;eor
       4928;2025033117;    3;  5.00;eor
       4928;2025033118;    3;  3.00;eor
       4928;2025033119;    3;  0.00;eor
       4928;2025033120;    3;  0.00;eor
       4928;2025040103;    3;  0.00;eor
       4928;2025040104;    3;  0.00;eor
       4928;2025040105;    3;  0.00;eor
       4928;2025040106;    3; 22.00;eor
       4928;2025040107;    3; 59.00;eor
       4928;2025040108;    3; 59.00;eor
       4928;2025040109;    3; 27.00;eor
       4928;2025040110;    3; 23.00;eor
       4928;2025040111;    3; 28.00;eor
       4928;2025040112;    3; 24.00;eor
       4928;2025040113;    3; 25.00;eor
       4928;2025040114;    3; 10.00;eor
       4928;2025040115;    3;  6.00;eor
       4928;2025040116;    3; 41.00;eor
       4928;2025040117;    3; 55.00;eor
       4928;2025040118;    3; 38.00;eor
       4928;2025040119;    3;  0.00;eor
       4928;2025040120;    3;  0.00;eor
       4928;2025040203;    3;  0.00;eor
       4928;2025040204;    3;  0.00;eor
       4928;2025040205;    3;  0.00;eor
       4928;2025040206;    3; 22.00;eor
       4928;2025040207;    3; 60.00;eor
       4928;2025040208;    3; 60.00;eor
       4928;2025040209;    3; 60.00;eor
       4928;2025040210;    3; 60.00;eor
       4928;2025040211;    3; 60.00;eor
       4928;2025040212;    3; 60.00;eor
       4928;2025040213;    3; 60.00;eor
       4928;2025040214;    3; 60.00;eor
       4928;2025040215;    3; 60.00;eor
       4928;2025040216;    3; 60.00;eor
       4928;2025040217;    3; 60.00;eor
       4928;2025040218;    3; 39.00;eor
       4928;2025040219;    3;  0.00;eor
       4928;2025040220;    3;  0.00;eor
       4928;2025040303;    3;  0.00;eor
       4928;2025040304;    3;  0.00;eor
       4928;2025040305;    3;  0.00;eor
       4928;2025040306;    3; 11.00;eor
       4928;2025040307;    3; 29.00;eor
       4928;2025040308;    3; 60.00;eor
       4928;2025040309;    3; 60.00;eor
       4928;2025040310;    3; 60.00;eor
       4928;2025040311;    3; 60.00;eor
       4928;2025040312;    3; 60.00;eor
       4928;2025040313;    3; 60.00;eor
       4928;2025040314;    3; 60.00;eor
       4928;2025040315;    3; 60.00;eor
       4928;2025040316;    3; 60.00;eor
       4928;2025040317;    3; 60.00;eor
       4928;2025040318;    3; 41.00;eor
       4928;2025040319;    3;  0.00;eor
       4928;2025040320;    3;  0.00;eor
       4928;2025040403;    3;  0.00;eor
       4928;2025040404;    3;  0.00;eor
       4928;2025040405;    3;  0.00;eor
       4928;2025040406;    3; 24.00;eor
       4928;2025040407;    3; 60.00;eor
       4928;2025040408;    3; 60.00;eor
       4928;2025040409;    3; 60.00;eor
       4928;2025040410;    3; 60.00;eor
       4928;2025040411;    3; 60.00;eor
       4928;2025040412;    3; 60.00;eor
       4928;2025040413;    3; 60.00;eor
       4928;2025040414;    3; 60.00;eor
       4928;2025040415;    3; 60.00;eor
       4928;2025040416;    3; 60.00;eor
       4928;2025040417;    3; 60.00;eor
       4928;2025040418;    3; 43.00;eor
       4928;2025040419;    3;  0.00;eor
       4928;2025040420;    3;  0.00;eor
       4928;2025040503;    3;  0.00;eor
       4928;2025040504;    3;  0.00;eor
       4928;2025040505;    3;  0.00;eor
       4928;2025040506;    3; 24.00;eor
       4928;2025040507;    3; 60.00;eor
       4928;2025040508;    3; 60.00;eor
       4928;2025040509;    3; 60.00;eor
       4928;2025040510;    3; 60.00;eor
       4928;2025040511;    3; 60.00;eor
       4928;2025040512;    3; 60.00;eor
       4928;2025040513;    3; 60.00;eor
       4928;2025040514;    3; 60.00;eor
       4928;2025040515;    3; 52.00;eor
       4928;2025040516;    3; 46.00;eor
       4928;2025040517;    3; 16.00;eor
       4928;2025040518;    3;  0.00;eor
       4928;2025040519;    3;  0.00;eor
       4928;2025040520;    3;  0.00;eor
       4928;2025040603;    3;  0.00;eor
       4928;2025040604;    3;  0.00;eor
       4928;2025040605;    3;  0.00;eor
       4928;2025040606;    3; 27.00;eor
       4928;2025040607;    3; 60.00;eor
       4928;2025040608;    3; 60.00;eor
       4928;2025040609;    3; 60.00;eor
       4928;2025040610;    3; 60.00;eor
       4928;2025040611;    3; 60.00;eor
       4928;2025040612;    3; 60.00;eor
       4928;2025040613;    3; 60.00;eor
       4928;2025040614;    3; 60.00;eor
       4928;2025040615;    3; 60.00;eor
       4928;2025040616;    3; 60.00;eor
       4928;2025040617;    3; 60.00;eor
       4928;2025040618;    3; 47.00;eor
       4928;2025040619;    3;  0.00;eor
       4928;2025040620;    3;  0.00;eor
       4928;2025040703;    3;  0.00;eor
       4928;2025040704;    3;  0.00;eor
       4928;2025040705;    3;  0.00;eor
       4928;2025040706;    3; 23.00;eor
       4928;2025040707;    3; 60.00;eor
       4928;2025040708;    3; 60.00;eor
       4928;2025040709;    3; 60.00;eor
       4928;2025040710;    3; 60.00;eor
       4928;2025040711;    3; 60.00;eor
       4928;2025040712;    3; 60.00;eor
       4928;2025040713;    3; 60.00;eor
       4928;2025040714;    3; 60.00;eor
       4928;2025040715;    3; 60.00;eor
       4928;2025040716;    3; 60.00;eor
       4928;2025040717;    3; 60.00;eor
       4928;2025040718;    3; 49.00;eor
       4928;2025040719;    3;  0.00;eor
       4928;2025040720;    3;  0.00;eor
       4928;2025040803;    3;  0.00;eor
       4928;2025040804;    3;  0.00;eor
       4928;2025040805;    3;  0.00;eor
       4928;2025040806;    3; 24.00;eor
       4928;2025040807;    3; 60.00;eor
       4928;2025040808;    3; 60.00;eor
       4928;2025040809;    3; 60.00;eor
       4928;2025040810;    3; 60.00;eor
       4928;2025040811;    3; 60.00;eor
       4928;2025040812;    3; 60.00;eor
       4928;2025040813;    3; 60.00;eor
       4928;2025040814;    3; 60.00;eor
       4928;2025040815;    3; 60.00;eor
       4928;2025040816;    3; 60.00;eor
       4928;2025040817;    3; 55.00;eor
       4928;2025040818;    3; 36.00;eor
       4928;2025040819;    3;  0.00;eor
       4928;2025040820;    3;  0.00;eor
       4928;2025040903;    3;  0.00;eor
       4928;2025040904;    3;  0.00;eor
       4928;2025040905;    3;  0.00;eor
       4928;2025040906;    3;  7.00;eor
       4928;2025040907;    3; 60.00;eor
       4928;2025040908;    3; 60.00;eor
       4928;2025040909;    3; 60.00;eor
       4928;2025040910;    3; 60.00;eor
       4928;2025040911;    3; 60.00;eor
       4928;2025040912;    3; 60.00;eor
       4928;2025040913;    3; 60.00;eor
       4928;2025040914;    3; 60.00;eor
       4928;2025040915;    3; 54.00;eor
       4928;2025040916;    3; 58.00;eor
       4928;2025040917;    3; 58.00;eor
       4928;2025040918;    3; 52.00;eor
       4928;2025040919;    3;  0.00;eor
       4928;2025040920;    3;  0.00;eor
       4928;2025041003;    3;  0.00;eor
       4928;2025041004;    3;  0.00;eor
       4928;2025041005;    3;  0.00;eor
       4928;2025041006;    3;  7.00;eor
       4928;2025041007;    3; 56.00;eor
       4928;2025041008;    3; 60.00;eor
       4928;2025041009;    3; 60.00;eor
       4928;2025041010;    3; 60.00;eor
       4928;2025041011;    3; 60.00;eor
       4928;2025041012;    3; 60.00;eor
       4928;2025041013;    3; 60.00;eor
       4928;2025041014;    3; 60.00;eor
       4928;2025041015;    3; 60.00;eor
       4928;2025041016;    3; 60.00;eor
       4928;2025041017;    3; 60.00;eor
       4928;2025041018;    3; 54.00;eor
       4928;2025041019;    3;  0.00;eor
       4928;2025041020;    3;  0.00;eor
       4928;2025041103;    3;  0.00;eor
       4928;2025041104;    3;  0.00;eor
       4928;2025041105;    3;  0.00;eor
       4928;2025041106;    3; 25.00;eor
       4928;2025041107;    3; 60.00;eor
       4928;2025041108;    3; 60.00;eor
       4928;2025041109;    3; 60.00;eor
       4928;2025041110;    3; 60.00;eor
       4928;2025041111;    3; 60.00;eor
       4928;2025041112;    3; 60.00;eor
       4928;2025041113;    3; 60.00;eor
       4928;2025041114;    3; 60.00;eor
       4928;2025041115;    3; 60.00;eor
       4928;2025041116;    3; 60.00;eor
       4928;2025041117;    3; 60.00;eor
       4928;2025041118;    3; 56.00;eor
       4928;2025041119;    3;  0.00;eor
       4928;2025041120;    3;  0.00;eor
       4928;2025041203;    3;  0.00;eor
       4928;2025041204;    3;  0.00;eor
       4928;2025041205;    3;  0.00;eor
       4928;2025041206;    3; 22.00;eor
       4928;2025041207;    3; 60.00;eor
       4928;2025041208;    3; 60.00;eor
       4928;2025041209;    3; 60.00;eor
       4928;2025041210;    3; 60.00;eor
       4928;2025041211;    3; 60.00;eor
       4928;2025041212;    3; 60.00;eor
       4928;2025041213;    3; 60.00;eor
       4928;2025041214;    3; 60.00;eor
       4928;2025041215;    3; 60.00;eor
       4928;2025041216;    3; 60.00;eor
       4928;2025041217;    3; 60.00;eor
       4928;2025041218;    3; 22.00;eor
       4928;2025041219;    3;  0.00;eor
       4928;2025041220;    3;  0.00;eor
       4928;2025041303;    3;  0.00;eor
       4928;2025041304;    3;  0.00;eor
       4928;2025041305;    3;  0.00;eor
       4928;2025041306;    3;  0.00;eor
       4928;2025041307;    3;  0.00;eor
       4928;2025041308;    3;  0.00;eor
       4928;2025041309;    3;  0.00;eor
       4928;2025041310;    3;  0.00;eor
       4928;2025041311;    3;  2.00;eor
       4928;2025041312;    3;  0.00;eor
       4928;2025041313;    3;  0.00;eor
       4928;2025041314;    3;  0.00;eor
       4928;2025041315;    3; 16.00;eor
       4928;2025041316;    3;  5.00;eor
       4928;2025041317;    3; 49.00;eor
       4928;2025041318;    3; 35.00;eor
       4928;2025041319;    3;  0.00;eor
       4928;2025041320;    3;  0.00;eor
       4928;2025041403;    3;  0.00;eor
       4928;2025041404;    3;  0.00;eor
       4928;2025041405;    3;  0.00;eor
       4928;2025041406;    3;  0.00;eor
       4928;2025041407;    3;  0.00;eor
       4928;2025041408;    3; 32.00;eor
       4928;2025041409;    3; 60.00;eor
       4928;2025041410;    3; 60.00;eor
       4928;2025041411;    3; 51.00;eor
       4928;2025041412;    3; 60.00;eor
       4928;2025041413;    3; 44.00;eor
       4928;2025041414;    3; 41.00;eor
       4928;2025041415;    3; 55.00;eor
       4928;2025041416;    3; 25.00;eor
       4928;2025041417;    3; 32.00;eor
       4928;2025041418;    3; 56.00;eor
       4928;2025041419;    3;  0.00;eor
       4928;2025041420;    3;  0.00;eor
       4928;2025041503;    3;  0.00;eor
       4928;2025041504;    3;  0.00;eor
       4928;2025041505;    3;  0.00;eor
       4928;2025041506;    3; 34.00;eor
       4928;2025041507;    3; 60.00;eor
       4928;2025041508;    3; 60.00;eor
       4928;2025041509;    3; 60.00;eor
       4928;2025041510;    3; 47.00;eor
       4928;2025041511;    3;  4.00;eor
       4928;2025041512;    3;  0.00;eor
       4928;2025041513;    3;  0.00;eor
       4928;2025041514;    3;  0.00;eor
       4928;2025041515;    3; 26.00;eor
       4928;2025041516;    3; 43.00;eor
       4928;2025041517;    3; 53.00;eor
       4928;2025041518;    3; 40.00;eor
       4928;2025041519;    3;  3.00;eor
       4928;2025041520;    3;  0.00;eor
       4928;2025041603;    3;  0.00;eor
       4928;2025041604;    3;  0.00;eor
       4928;2025041605;    3;  0.00;eor
       4928;2025041606;    3; 23.00;eor
       4928;2025041607;    3; 24.00;eor
       4928;2025041608;    3; 60.00;eor
       4928;2025041609;    3; 60.00;eor
       4928;2025041610;    3; 60.00;eor
       4928;2025041611;    3; 60.00;eor
       4928;2025041612;    3; 54.00;eor
       4928;2025041613;    3; 40.00;eor
       4928;2025041614;    3;  3.00;eor
       4928;2025041615;    3;  4.00;eor
       4928;2025041616;    3; 11.00;eor
       4928;2025041617;    3;  0.00;eor
       4928;2025041618;    3;  0.00;eor
       4928;2025041619;    3;  0.00;eor
       4928;2025041620;    3;  0.00;eor
       4928;2025041703;    3;  0.00;eor
       4928;2025041704;    3;  0.00;eor
       4928;2025041705;    3;  0.00;eor
       4928;2025041706;    3;  0.00;eor
       4928;2025041707;    3;  0.00;eor
       4928;2025041708;    3;  0.00;eor
       4928;2025041709;    3;  0.00;eor
       4928;2025041710;    3;  0.00;eor
       4928;2025041711;    3;  0.00;eor
       4928;2025041712;    3;  0.00;eor
       4928;2025041713;    3;  0.00;eor
       4928;2025041714;    3;  0.00;eor
       4928;2025041715;    3;  0.00;eor
       4928;2025041716;    3;  0.00;eor
       4928;2025041717;    3;  0.00;eor
       4928;2025041718;    3;  0.00;eor
       4928;2025041719;    3;  0.00;eor
       4928;2025041720;    3;  0.00;eor
       4928;2025041803;    3;  0.00;eor
       4928;2025041804;    3;  0.00;eor
       4928;2025041805;    3;  0.00;eor
       4928;2025041806;    3;  0.00;eor
       4928;2025041807;    3;  0.00;eor
       4928;2025041808;    3;  0.00;eor
       4928;2025041809;    3;  0.00;eor
       4928;2025041810;    3;  7.00;eor
       4928;2025041811;    3;  0.00;eor
       4928;2025041812;    3;  0.00;eor
       4928;2025041813;    3;  0.00;eor
       4928;2025041814;    3; 17.00;eor
       4928;2025041815;    3;  6.00;eor
       4928;2025041816;    3;  0.00;eor
       4928;2025041817;    3;  0.00;eor
       4928;2025041818;    3;  0.00;eor
       4928;2025041819;    3;  0.00;eor
       4928;2025041820;    3;  0.00;eor
       4928;2025041903;    3;  0.00;eor
       4928;2025041904;    3;  0.00;eor
       4928;2025041905;    3;  0.00;eor
       4928;2025041906;    3; 15.00;eor
       4928;2025041907;    3; 60.00;eor
       4928;2025041908;    3; 60.00;eor
       4928;2025041909;    3; 60.00;eor
       4928;2025041910;    3; 60.00;eor
       4928;2025041911;    3; 60.00;eor
       4928;2025041912;    3; 60.00;eor
       4928;2025041913;    3; 60.00;eor
       4928;2025041914;    3; 60.00;eor
       4928;2025041915;    3; 60.00;eor
       4928;2025041916;    3; 60.00;eor
       4928;2025041917;    3; 56.00;eor
       4928;2025041918;    3; 19.00;eor
       4928;2025041919;    3;  6.00;eor
       4928;2025041920;    3;  0.00;eor
       4928;2025042003;    3;  0.00;eor
       4928;2025042004;    3;  0.00;eor
       4928;2025042005;    3;  6.00;eor
       4928;2025042006;    3; 32.00;eor
       4928;2025042007;    3; 40.00;eor
       4928;2025042008;    3; 60.00;eor
       4928;2025042009;    3; 60.00;eor
       4928;2025042010;    3; 60.00;eor
       4928;2025042011;    3; 60.00;eor
       4928;2025042012;    3; 60.00;eor
       4928;2025042013;    3; 27.00;eor
       4928;2025042014;    3;  2.00;eor
       4928;2025042015;    3;  0.00;eor
       4928;2025042016;    3;  0.00;eor
       4928;2025042017;    3;  0.00;eor
       4928;2025042018;    3; 18.00;eor
       4928;2025042019;    3; 11.00;eor
       4928;2025042020;    3;  0.00;eor
       4928;2025042103;    3;  0.00;eor
       4928;2025042104;    3;  0.00;eor
       4928;2025042105;    3;  0.00;eor
       4928;2025042106;    3;  7.00;eor
       4928;2025042107;    3;  0.00;eor
       4928;2025042108;    3; 20.00;eor
       4928;2025042109;    3; 60.00;eor
       4928;2025042110;    3; 15.00;eor
       4928;2025042111;    3;  0.00;eor
       4928;2025042112;    3;  0.00;eor
       4928;2025042113;    3; 18.00;eor
       4928;2025042114;    3; 23.00;eor
       4928;2025042115;    3; 13.00;eor
       4928;2025042116;    3;  0.00;eor
       4928;2025042117;    3; 46.00;eor
       4928;2025042118;    3; 20.00;eor
       4928;2025042119;    3;  0.00;eor
       4928;2025042120;    3;  0.00;eor
       4928;2025042203;    3;  0.00;eor
       4928;2025042204;    3;  0.00;eor
       4928;2025042205;    3;  0.00;eor
       4928;2025042206;    3; 14.00;eor
       4928;2025042207;    3; 58.00;eor
       4928;2025042208;    3; 42.00;eor
       4928;2025042209;    3; 58.00;eor
       4928;2025042210;    3;  6.00;eor
       4928;2025042211;    3;  0.00;eor
       4928;2025042212;    3;  0.00;eor
       4928;2025042213;    3;  0.00;eor
       4928;2025042214;    3;  0.00;eor
       4928;2025042215;    3;  2.00;eor
       4928;2025042216;    3; 57.00;eor
       4928;2025042217;    3; 60.00;eor
       4928;2025042218;    3; 31.00;eor
       4928;2025042219;    3;  0.00;eor
       4928;2025042220;    3;  0.00;eor
       4928;2025042303;    3;  0.00;eor
       4928;2025042304;    3;  0.00;eor
       4928;2025042305;    3; 10.00;eor
       4928;2025042306;    3; 60.00;eor
       4928;2025042307;    3; 59.00;eor
       4928;2025042308;    3; 50.00;eor
       4928;2025042309;    3; 60.00;eor
       4928;2025042310;    3; 60.00;eor
       4928;2025042311;    3; 54.00;eor
       4928;2025042312;    3; 44.00;eor
       4928;2025042313;    3; 29.00;eor
       4928;2025042314;    3;  0.00;eor
       4928;2025042315;    3; 12.00;eor
       4928;2025042316;    3;  2.00;eor
       4928;2025042317;    3;  0.00;eor
       4928;2025042318;    3;  0.00;eor
       4928;2025042319;    3;  0.00;eor
       4928;2025042320;    3;  0.00;eor
       4928;2025042403;    3;  0.00;eor
       4928;2025042404;    3;  0.00;eor
       4928;2025042405;    3;  0.00;eor
       4928;2025042406;    3;  2.00;eor
       4928;2025042407;    3;  0.00;eor
       4928;2025042408;    3;  0.00;eor
       4928;2025042409;    3;  0.00;eor
       4928;2025042410;    3;  0.00;eor
       4928;2025042411;    3;  3.00;eor
       4928;2025042412;    3;  0.00;eor
       4928;2025042413;    3;  1.00;eor
       4928;2025042414;    3;  1.00;eor
       4928;2025042415;    3;  0.00;eor
       4928;2025042416;    3;  4.00;eor
       4928;2025042417;    3;  0.00;eor
       4928;2025042418;    3;  0.00;eor
       4928;2025042419;    3;  0.00;eor
       4928;2025042420;    3;  0.00;eor
       4928;2025042503;    3;  0.00;eor
       4928;2025042504;    3;  0.00;eor
       4928;2025042505;    3;  0.00;eor
       4928;2025042506;    3;  0.00;eor
       4928;2025042507;    3;  0.00;eor
       4928;2025042508;    3;  0.00;eor
       4928;2025042509;    3; 10.00;eor
       4928;2025042510;    3;  2.00;eor
       4928;2025042511;    3;  0.00;eor
       4928;2025042512;    3; 16.00;eor
       4928;2025042513;    3;  0.00;eor
       4928;2025042514;    3; 14.00;eor
       4928;2025042515;    3;  0.00;eor
       4928;2025042516;    3;  0.00;eor
       4928;2025042517;    3;  0.00;eor
       4928;2025042518;    3;  0.00;eor
       4928;2025042519;    3;  0.00;eor
       4928;2025042520;    3;  0.00;eor
       4928;2025042603;    3;  0.00;eor
       4928;2025042604;    3;  0.00;eor
       4928;2025042605;    3;  0.00;eor
       4928;2025042606;    3;  0.00;eor
       4928;2025042607;    3;  0.00;eor
       4928;2025042608;    3; 27.00;eor
       4928;2025042609;    3;  0.00;eor
       4928;2025042610;    3;  0.00;eor
       4928;2025042611;    3;  0.00;eor
       4928;2025042612;    3;  0.00;eor
       4928;2025042613;    3;  0.00;eor
       4928;2025042614;    3;  0.00;eor
       4928;2025042615;    3;  0.00;eor
       4928;2025042616;    3;  0.00;eor
       4928;2025042617;    3;  0.00;eor
       4928;2025042618;    3;  0.00;eor
       4928;2025042619;    3;  0.00;eor
       4928;2025042620;    3;  0.00;eor
       4928;2025042703;    3;  0.00;eor
       4928;2025042704;    3;  0.00;eor
       4928;2025042705;    3; 17.00;eor
       4928;2025042706;    3; 58.00;eor
       4928;2025042707;    3; 60.00;eor
       4928;2025042708;    3; 60.00;eor
       4928;2025042709;    3; 60.00;eor
       4928;2025042710;    3; 60.00;eor
       4928;2025042711;    3; 60.00;eor
       4928;2025042712;    3; 60.00;eor
       4928;2025042713;    3; 60.00;eor
       4928;2025042714;    3; 60.00;eor
       4928;2025042715;    3; 60.00;eor
       4928;2025042716;    3; 60.00;eor
       4928;2025042717;    3; 60.00;eor
       4928;2025042718;    3; 60.00;eor
       4928;2025042719;    3; 13.00;eor
       4928;2025042720;    3;  0.00;eor
       4928;2025042803;    3;  0.00;eor
       4928;2025042804;    3;  0.00;eor
       4928;2025042805;    3; 18.00;eor
       4928;2025042806;    3; 60.00;eor
       4928;2025042807;    3; 60.00;eor
       4928;2025042808;    3; 60.00;eor
       4928;2025042809;    3; 60.00;eor
       4928;2025042810;    3; 60.00;eor
       4928;2025042811;    3; 60.00;eor
       4928;2025042812;    3; 60.00;eor
       4928;2025042813;    3; 60.00;eor
       4928;2025042814;    3; 60.00;eor
       4928;2025042815;    3; 60.00;eor
       4928;2025042816;    3; 60.00;eor
       4928;2025042817;    3; 60.00;eor
       4928;2025042818;    3; 60.00;eor
       4928;2025042819;    3; 25.00;eor
       4928;2025042820;    3;  0.00;eor
       4928;2025042903;    3;  0.00;eor
       4928;2025042904;    3;  0.00;eor
       4928;2025042905;    3; 26.00;eor
       4928;2025042906;    3; 60.00;eor
       4928;2025042907;    3; 60.00;eor
       4928;2025042908;    3; 60.00;eor
       4928;2025042909;    3; 60.00;eor
       4928;2025042910;    3; 60.00;eor
       4928;2025042911;    3; 60.00;eor
       4928;2025042912;    3; 60.00;eor
       4928;2025042913;    3; 60.00;eor
       4928;2025042914;    3; 60.00;eor
       4928;2025042915;    3; 60.00;eor
       4928;2025042916;    3; 60.00;eor
       4928;2025042917;    3; 60.00;eor
       4928;2025042918;    3; 60.00;eor
       4928;2025042919;    3; 25.00;eor
       4928;2025042920;    3;  0.00;eor
       4928;2025043003;    3;  0.00;eor
       4928;2025043004;    3;  0.00;eor
       4928;2025043005;    3; 27.00;eor
       4928;2025043006;    3; 60.00;eor
       4928;2025043007;    3; 60.00;eor
       4928;2025043008;    3; 60.00;eor
       4928;2025043009;    3; 60.00;eor
       4928;2025043010;    3; 60.00;eor
       4928;2025043011;    3; 60.00;eor
       4928;2025043012;    3; 60.00;eor
       4928;2025043013;    3; 60.00;eor
       4928;2025043014;    3; 60.00;eor
       4928;2025043015;    3; 60.00;eor
       4928;2025043016;    3; 60.00;eor
       4928;2025043017;    3; 60.00;eor
       4928;2025043018;    3; 60.00;eor
       4928;2025043019;    3; 28.00;eor
       4928;2025043020;    3;  0.00;eor
       4928;2025050100;    3;  0.00;eor
       4928;2025050101;    3;  0.00;eor
       4928;2025050102;    3;  0.00;eor
       4928;2025050103;    3;  0.00;eor
       4928;2025050104;    3;  0.00;eor
       4928;2025050105;    3; 28.00;eor
       4928;2025050106;    3; 60.00;eor
       4928;2025050107;    3; 60.00;eor
       4928;2025050108;    3; 60.00;eor
       4928;2025050109;    3; 60.00;eor
       4928;2025050110;    3; 60.00;eor
       4928;2025050111;    3; 60.00;eor
       4928;2025050112;    3; 60.00;eor
       4928;2025050113;    3; 60.00;eor
       4928;2025050114;    3; 60.00;eor
       4928;2025050115;    3; 60.00;eor
       4928;2025050116;    3; 60.00;eor
       4928;2025050117;    3; 60.00;eor
       4928;2025050118;    3; 60.00;eor
       4928;2025050119;    3; 30.00;eor
       4928;2025050120;    3;  0.00;eor
       4928;2025050121;    3;  0.00;eor
       4928;2025050122;    3;  0.00;eor
       4928;2025050123;    3;  0.00;eor
       4928;2025050200;    3;  0.00;eor
       4928;2025050201;    3;  0.00;eor
       4928;2025050202;    3;  0.00;eor
       4928;2025050203;    3;  0.00;eor
       4928;2025050204;    3;  0.00;eor
       4928;2025050205;    3; 29.00;eor
       4928;2025050206;    3; 60.00;eor
       4928;2025050207;    3; 60.00;eor
       4928;2025050208;    3; 60.00;eor
       4928;2025050209;    3; 60.00;eor
       4928;2025050210;    3; 60.00;eor
       4928;2025050211;    3; 60.00;eor
       4928;2025050212;    3; 60.00;eor
       4928;2025050213;    3; 60.00;eor
       4928;2025050214;    3; 48.00;eor
       4928;2025050215;    3; 60.00;eor
       4928;2025050216;    3; 60.00;eor
       4928;2025050217;    3; 60.00;eor
       4928;2025050218;    3; 19.00;eor
       4928;2025050219;    3;  0.00;eor
       4928;2025050220;    3;  0.00;eor
       4928;2025050221;    3;  0.00;eor
       4928;2025050222;    3;  0.00;eor
       4928;2025050223;    3;  0.00;eor
       4928;2025050300;    3;  0.00;eor
       4928;2025050301;    3;  0.00;eor
       4928;2025050302;    3;  0.00;eor
       4928;2025050303;    3;  0.00;eor
       4928;2025050304;    3;  0.00;eor
       4928;2025050305;    3;  0.00;eor
       4928;2025050306;    3;  0.00;eor
       4928;2025050307;    3;  0.00;eor
       4928;2025050308;    3;  0.00;eor
       4928;2025050309;    3;  0.00;eor
       4928;2025050310;    3;  0.00;eor
       4928;2025050311;    3;  2.00;eor
       4928;2025050312;    3; 11.00;eor
       4928;2025050313;    3; 10.00;eor
       4928;2025050314;    3; 34.00;eor
       4928;2025050315;    3; 48.00;eor
       4928;2025050316;    3; 45.00;eor
       4928;2025050317;    3; 49.00;eor
       4928;2025050318;    3; 10.00;eor
       4928;2025050319;    3;  0.00;eor
       4928;2025050320;    3;  0.00;eor
       4928;2025050321;    3;  0.00;eor
       4928;2025050322;    3;  0.00;eor
       4928;2025050323;    3;  0.00;eor
       4928;2025050400;    3;  0.00;eor
       4928;2025050401;    3;  0.00;eor
       4928;2025050402;    3;  0.00;eor
       4928;2025050403;    3;  0.00;eor
       4928;2025050404;    3;  0.00;eor
       4928;2025050405;    3;  0.00;eor
       4928;2025050406;    3;  0.00;eor
       4928;2025050407;    3;  0.00;eor
       4928;2025050408;    3;  0.00;eor
       4928;2025050409;    3;  0.00;eor
       4928;2025050410;    3;  0.00;eor
       4928;2025050411;    3;  0.00;eor
       4928;2025050412;    3;  0.00;eor
       4928;2025050413;    3;  0.00;eor
       4928;2025050414;    3;  0.00;eor
       4928;2025050415;    3;  0.00;eor
       4928;2025050416;    3;  0.00;eor
       4928;2025050417;    3;  0.00;eor
       4928;2025050418;    3;  0.00;eor
       4928;2025050419;    3;  7.00;eor
       4928;2025050420;    3;  0.00;eor
       4928;2025050421;    3;  0.00;eor
       4928;2025050422;    3;  0.00;eor
       4928;2025050423;    3;  0.00;eor
       4928;2025050500;    3;  0.00;eor
       4928;2025050501;    3;  0.00;eor
       4928;2025050502;    3;  0.00;eor
       4928;2025050503;    3;  0.00;eor
       4928;2025050504;    3;  0.00;eor
       4928;2025050505;    3;  0.00;eor
       4928;2025050506;    3;  0.00;eor
       4928;2025050507;    3;  0.00;eor
       4928;2025050508;    3;  0.00;eor
       4928;2025050509;    3; 53.00;eor
       4928;2025050510;    3; 39.00;eor
       4928;2025050511;    3;  0.00;eor
       4928;2025050512;    3;  0.00;eor
       4928;2025050513;    3;  0.00;eor
       4928;2025050514;    3;  0.00;eor
       4928;2025050515;    3;  0.00;eor
       4928;2025050516;    3;  0.00;eor
       4928;2025050517;    3;  0.00;eor
       4928;2025050518;    3;  0.00;eor
       4928;2025050519;    3;  0.00;eor
       4928;2025050520;    3;  0.00;eor
       4928;2025050521;    3;  0.00;eor
       4928;2025050522;    3;  0.00;eor
       4928;2025050523;    3;  0.00;eor
       4928;2025050600;    3;  0.00;eor
       4928;2025050601;    3;  0.00;eor
       4928;2025050602;    3;  0.00;eor
       4928;2025050603;    3;  0.00;eor
       4928;2025050604;    3;  0.00;eor
       4928;2025050605;    3;  0.00;eor
       4928;2025050606;    3; 22.00;eor
       4928;2025050607;    3; 60.00;eor
       4928;2025050608;    3; 60.00;eor
       4928;2025050609;    3; 60.00;eor
       4928;2025050610;    3; 16.00;eor
       4928;2025050611;    3;  0.00;eor
       4928;2025050612;    3;  4.00;eor
       4928;2025050613;    3; 47.00;eor
       4928;2025050614;    3; 46.00;eor
       4928;2025050615;    3; 60.00;eor
       4928;2025050616;    3; 60.00;eor
       4928;2025050617;    3; 39.00;eor
       4928;2025050618;    3;  1.00;eor
       4928;2025050619;    3; 25.00;eor
       4928;2025050620;    3;  0.00;eor
       4928;2025050621;    3;  0.00;eor
       4928;2025050622;    3;  0.00;eor
       4928;2025050623;    3;  0.00;eor
       4928;2025050700;    3;  0.00;eor
       4928;2025050701;    3;  0.00;eor
       4928;2025050702;    3;  0.00;eor
       4928;2025050703;    3;  0.00;eor
       4928;2025050704;    3;  0.00;eor
       4928;2025050705;    3; 38.00;eor
       4928;2025050706;    3; 60.00;eor
       4928;2025050707;    3; 60.00;eor
       4928;2025050708;    3; 60.00;eor
       4928;2025050709;    3; 60.00;eor
       4928;2025050710;    3; 60.00;eor
       4928;2025050711;    3; 59.00;eor
       4928;2025050712;    3; 58.00;eor
       4928;2025050713;    3; 50.00;eor
       4928;2025050714;    3; 27.00;eor
       4928;2025050715;    3; 27.00;eor
       4928;2025050716;    3; 38.00;eor
       4928;2025050717;    3; 28.00;eor
       4928;2025050718;    3; 26.00;eor
       4928;2025050719;    3;  9.00;eor
       4928;2025050720;    3;  0.00;eor
       4928;2025050721;    3;  0.00;eor
       4928;2025050722;    3;  0.00;eor
       4928;2025050723;    3;  0.00;eor
       4928;2025050800;    3;  0.00;eor
       4928;2025050801;    3;  0.00;eor
       4928;2025050802;    3;  0.00;eor
       4928;2025050803;    3;  0.00;eor
       4928;2025050804;    3;  0.00;eor
       4928;2025050805;    3;  0.00;eor
       4928;2025050806;    3;  0.00;eor
       4928;2025050807;    3;  0.00;eor
       4928;2025050808;    3;  0.00;eor
       4928;2025050809;    3;  3.00;eor
       4928;2025050810;    3; 14.00;eor
       4928;2025050811;    3;  2.00;eor
       4928;2025050812;    3; 33.00;eor
       4928;2025050813;    3;  0.00;eor
       4928;2025050814;    3;  0.00;eor
       4928;2025050815;    3;  0.00;eor
       4928;2025050816;    3;  0.00;eor
       4928;2025050817;    3;  0.00;eor
       4928;2025050818;    3;  0.00;eor
       4928;2025050819;    3;  0.00;eor
       4928;2025050820;    3;  0.00;eor
       4928;2025050821;    3;  0.00;eor
       4928;2025050822;    3;  0.00;eor
       4928;2025050823;    3;  0.00;eor
       4928;2025050900;    3;  0.00;eor
       4928;2025050901;    3;  0.00;eor
       4928;2025050902;    3;  0.00;eor
       4928;2025050903;    3;  0.00;eor
       4928;2025050904;    3;  0.00;eor
       4928;2025050905;    3; 39.00;eor
       4928;2025050906;    3; 60.00;eor
       4928;2025050907;    3; 60.00;eor
       4928;2025050908;    3; 60.00;eor
       4928;2025050909;    3; 60.00;eor
       4928;2025050910;    3; 60.00;eor
       4928;2025050911;    3; 57.00;eor
       4928;2025050912;    3; 60.00;eor
       4928;2025050913;    3; 57.00;eor
       4928;2025050914;    3; 60.00;eor
       4928;2025050915;    3; 60.00;eor
       4928;2025050916;    3; 60.00;eor
       4928;2025050917;    3; 57.00;eor
       4928;2025050918;    3; 60.00;eor
       4928;2025050919;    3; 41.00;eor
       4928;2025050920;    3;  0.00;eor
       4928;2025050921;    3;  0.00;eor
       4928;2025050922;    3;  0.00;eor
       4928;2025050923;    3;  0.00;eor
       4928;2025051000;    3;  0.00;eor
       4928;2025051001;    3;  0.00;eor
       4928;2025051002;    3;  0.00;eor
       4928;2025051003;    3;  0.00;eor
       4928;2025051004;    3;  0.00;eor
       4928;2025051005;    3; 42.00;eor
       4928;2025051006;    3; 60.00;eor
       4928;2025051007;    3; 60.00;eor
       4928;2025051008;    3; 60.00;eor
       4928;2025051009;    3; 60.00;eor
       4928;2025051010;    3; 60.00;eor
       4928;2025051011;    3; 60.00;eor
       4928;2025051012;    3; 60.00;eor
       4928;2025051013;    3; 60.00;eor
       4928;2025051014;    3; 60.00;eor
       4928;2025051015;    3; 60.00;eor
       4928;2025051016;    3; 60.00;eor
       4928;2025051017;    3; 60.00;eor
       4928;2025051018;    3; 60.00;eor
       4928;2025051019;    3; 42.00;eor
       4928;2025051020;    3;  0.00;eor
       4928;2025051021;    3;  0.00;eor
       4928;2025051022;    3;  0.00;eor
       4928;2025051023;    3;  0.00;eor
       4928;2025051100;    3;  0.00;eor
       4928;2025051101;    3;  0.00;eor
       4928;2025051102;    3;  0.00;eor
       4928;2025051103;    3;  0.00;eor
       4928;2025051104;    3;  0.00;eor
       4928;2025051105;    3; 44.00;eor
       4928;2025051106;    3; 60.00;eor
       4928;2025051107;    3; 60.00;eor
       4928;2025051108;    3; 60.00;eor
       4928;2025051109;    3; 60.00;eor
       4928;2025051110;    3; 60.00;eor
       4928;2025051111;    3; 60.00;eor
       4928;2025051112;    3; 60.00;eor
       4928;2025051113;    3; 60.00;eor
       4928;2025051114;    3; 60.00;eor
       4928;2025051115;    3; 58.00;eor
       4928;2025051116;    3; 60.00;eor
       4928;2025051117;    3; 59.00;eor
       4928;2025051118;    3; 56.00;eor
       4928;2025051119;    3; 43.00;eor
       4928;2025051120;    3;  0.00;eor
       4928;2025051121;    3;  0.00;eor
       4928;2025051122;    3;  0.00;eor
       4928;2025051123;    3;  0.00;eor
       4928;2025051200;    3;  0.00;eor
       4928;2025051201;    3;  0.00;eor
       4928;2025051202;    3;  0.00;eor
       4928;2025051203;    3;  0.00;eor
       4928;2025051204;    3;  0.00;eor
       4928;2025051205;    3; 46.00;eor
       4928;2025051206;    3; 60.00;eor
       4928;2025051207;    3; 60.00;eor
       4928;2025051208;    3; 60.00;eor
       4928;2025051209;    3; 60.00;eor
       4928;2025051210;    3; 60.00;eor
       4928;2025051211;    3; 55.00;eor
       4928;2025051212;    3; 60.00;eor
       4928;2025051213;    3; 53.00;eor
       4928;2025051214;    3; 55.00;eor
       4928;2025051215;    3; 56.00;eor
       4928;2025051216;    3; 60.00;eor
       4928;2025051217;    3; 60.00;eor
       4928;2025051218;    3; 60.00;eor
       4928;2025051219;    3; 45.00;eor
       4928;2025051220;    3;  0.00;eor
       4928;2025051221;    3;  0.00;eor
       4928;2025051222;    3;  0.00;eor
       4928;2025051223;    3;  0.00;eor
       4928;2025051300;    3;  0.00;eor
       4928;2025051301;    3;  0.00;eor
       4928;2025051302;    3;  0.00;eor
       4928;2025051303;    3;  0.00;eor
       4928;2025051304;    3;  0.00;eor
       4928;2025051305;    3; 47.00;eor
       4928;2025051306;    3; 60.00;eor
       4928;2025051307;    3; 60.00;eor
       4928;2025051308;    3; 60.00;eor
       4928;2025051309;    3; 60.00;eor
       4928;2025051310;    3; 60.00;eor
       4928;2025051311;    3; 47.00;eor
       4928;2025051312;    3; 57.00;eor
       4928;2025051313;    3; 57.00;eor
       4928;2025051314;    3; 50.00;eor
       4928;2025051315;    3; 37.00;eor
       4928;2025051316;    3; 53.00;eor
       4928;2025051317;    3; 60.00;eor
       4928;2025051318;    3; 60.00;eor
       4928;2025051319;    3; 45.00;eor
       4928;2025051320;    3;  0.00;eor
       4928;2025051321;    3;  0.00;eor
       4928;2025051322;    3;  0.00;eor
       4928;2025051323;    3;  0.00;eor
       4928;2025051400;    3;  0.00;eor
       4928;2025051401;    3;  0.00;eor
       4928;2025051402;    3;  0.00;eor
       4928;2025051403;    3;  0.00;eor
       4928;2025051404;    3;  0.00;eor
       4928;2025051405;    3; 39.00;eor
       4928;2025051406;    3; 60.00;eor
       4928;2025051407;    3; 60.00;eor
       4928;2025051408;    3; 60.00;eor
       4928;2025051409;    3; 60.00;eor
       4928;2025051410;    3; 60.00;eor
       4928;2025051411;    3; 60.00;eor
       4928;2025051412;    3; 60.00;eor
       4928;2025051413;    3; 60.00;eor
       4928;2025051414;    3; 60.00;eor
       4928;2025051415;    3; 60.00;eor
       4928;2025051416;    3; 60.00;eor
       4928;2025051417;    3; 60.00;eor
       4928;2025051418;    3; 60.00;eor
       4928;2025051419;    3; 47.00;eor
       4928;2025051420;    3;  0.00;eor
       4928;2025051421;    3;  0.00;eor
       4928;2025051422;    3;  0.00;eor
       4928;2025051423;    3;  0.00;eor
       4928;2025051500;    1;  0.00;eor
       4928;2025051501;    1;  0.00;eor
       4928;2025051502;    1;  0.00;eor
       4928;2025051503;    1;  0.00;eor
       4928;2025051504;    1;  0.00;eor
       4928;2025051505;    1;  0.00;eor
       4928;2025051506;    1; 14.00;eor
       4928;2025051507;    1; 60.00;eor
       4928;2025051508;    1; 60.00;eor
       4928;2025051509;    1; 59.00;eor
       4928;2025051510;    1; 60.00;eor
       4928;2025051511;    1; 58.00;eor
       4928;2025051512;    1; 58.00;eor
       4928;2025051513;    1; 57.00;eor
       4928;2025051514;    1; 53.00;eor
       4928;2025051515;    1; 31.00;eor
       4928;2025051516;    1; 31.00;eor
       4928;2025051517;    1; 58.00;eor
       4928;2025051518;    1; 60.00;eor
       4928;2025051519;    1; 47.00;eor
       4928;2025051520;    1;  0.00;eor
       4928;2025051521;    1;  0.00;eor
       4928;2025051522;    1;  0.00;eor
       4928;2025051523;    1;  0.00;eor
       4928;2025051600;    1;  0.00;eor
       4928;2025051601;    1;  0.00;eor
       4928;2025051602;    1;  0.00;eor
       4928;2025051603;    1;  0.00;eor
       4928;2025051604;    1;  0.00;eor
       4928;2025051605;    1; 51.00;eor
       4928;2025051606;    1; 60.00;eor
       4928;2025051607;    1; 60.00;eor
       4928;2025051608;    1; 60.00;eor
       4928;2025051609;    1; 60.00;eor
       4928;2025051610;    1; 60.00;eor
       4928;2025051611;    1; 54.00;eor
       4928;2025051612;    1; 40.00;eor
       4928;2025051613;    1; 39.00;eor
       4928;2025051614;    1;  6.00;eor
       4928;2025051615;    1;  8.00;eor
       4928;2025051616;    1; 12.00;eor
       4928;2025051617;    1;  2.00;eor
       4928;2025051618;    1;  0.00;eor
       4928;2025051619;    1;  0.00;eor
       4928;2025051620;    1;  0.00;eor
       4928;2025051621;    1;  0.00;eor
       4928;2025051622;    1;  0.00;eor
       4928;2025051623;    1;  0.00;eor
       4928;2025051700;    1;  0.00;eor
       4928;2025051701;    1;  0.00;eor
       4928;2025051702;    1;  0.00;eor
       4928;2025051703;    1;  0.00;eor
       4928;2025051704;    1;  0.00;eor
       4928;2025051705;    1; 41.00;eor
       4928;2025051706;    1; 60.00;eor
       4928;2025051707;    1; 60.00;eor
       4928;2025051708;    1; 60.00;eor
       4928;2025051709;    1; 57.00;eor
       4928;2025051710;    1; 47.00;eor
       4928;2025051711;    1; 42.00;eor
       4928;2025051712;    1; 55.00;eor
       4928;2025051713;    1; 35.00;eor
       4928;2025051714;    1; 42.00;eor
       4928;2025051715;    1; 46.00;eor
       4928;2025051716;    1; 49.00;eor
       4928;2025051717;    1; 26.00;eor
       4928;2025051718;    1; 36.00;eor
       4928;2025051719;    1;  3.00;eor
       4928;2025051720;    1;  0.00;eor
       4928;2025051721;    1;  0.00;eor
       4928;2025051722;    1;  0.00;eor
       4928;2025051723;    1;  0.00;eor
       4928;2025051800;    1;  0.00;eor
       4928;2025051801;    1;  0.00;eor
       4928;2025051802;    1;  0.00;eor
       4928;2025051803;    1;  0.00;eor
       4928;2025051804;    1;  0.00;eor
       4928;2025051805;    1; 35.00;eor
       4928;2025051806;    1;  6.00;eor
       4928;2025051807;    1; 24.00;eor
       4928;2025051808;    1; 57.00;eor
       4928;2025051809;    1; 60.00;eor
       4928;2025051810;    1; 55.00;eor
       4928;2025051811;    1; 55.00;eor
       4928;2025051812;    1; 57.00;eor
       4928;2025051813;    1; 57.00;eor
       4928;2025051814;    1; 43.00;eor
       4928;2025051815;    1; 59.00;eor
       4928;2025051816;    1; 48.00;eor
       4928;2025051817;    1; 41.00;eor
       4928;2025051818;    1; 57.00;eor
       4928;2025051819;    1; 51.00;eor
       4928;2025051820;    1;  0.00;eor
       4928;2025051821;    1;  0.00;eor
       4928;2025051822;    1;  0.00;eor
       4928;2025051823;    1;  0.00;eor
       4928;2025051900;    1;  0.00;eor
       4928;2025051901;    1;  0.00;eor
       4928;2025051902;    1;  0.00;eor
       4928;2025051903;    1;  0.00;eor
       4928;2025051904;    1;  0.00;eor
       4928;2025051905;    1; 54.00;eor
       4928;2025051906;    1; 60.00;eor
       4928;2025051907;    1; 60.00;eor
       4928;2025051908;    1; 60.00;eor
       4928;2025051909;    1; 60.00;eor
       4928;2025051910;    1; 60.00;eor
       4928;2025051911;    1; 60.00;eor
       4928;2025051912;    1; 60.00;eor
       4928;2025051913;    1; 60.00;eor
       4928;2025051914;    1; 60.00;eor
       4928;2025051915;    1; 60.00;eor
       4928;2025051916;    1; 60.00;eor
       4928;2025051917;    1; 60.00;eor
       4928;2025051918;    1; 60.00;eor
       4928;2025051919;    1; 50.00;eor
       4928;2025051920;    1;  0.00;eor
       4928;2025051921;    1;  0.00;eor
       4928;2025051922;    1;  0.00;eor
       4928;2025051923;    1;  0.00;eor
       4928;2025052000;    1;  0.00;eor
       4928;2025052001;    1;  0.00;eor
       4928;2025052002;    1;  0.00;eor
       4928;2025052003;    1;  0.00;eor
       4928;2025052004;    1;  0.00;eor
       4928;2025052005;    1; 15.00;eor
       4928;2025052006;    1; 56.00;eor
       4928;2025052007;    1; 54.00;eor
       4928;2025052008;    1; 52.00;eor
       4928;2025052009;    1; 60.00;eor
       4928;2025052010;    1; 48.00;eor
       4928;2025052011;    1; 57.00;eor
       4928;2025052012;    1; 44.00;eor
       4928;2025052013;    1;  4.00;eor
       4928;2025052014;    1;  0.00;eor
       4928;2025052015;    1; 29.00;eor
       4928;2025052016;    1; 43.00;eor
       4928;2025052017;    1; 53.00;eor
       4928;2025052018;    1;  5.00;eor
       4928;2025052019;    1;  0.00;eor
       4928;2025052020;    1;  0.00;eor
       4928;2025052021;    1;  0.00;eor
       4928;2025052022;    1;  0.00;eor
       4928;2025052023;    1;  0.00;eor
       4928;2025052100;    1;  0.00;eor
       4928;2025052101;    1;  0.00;eor
       4928;2025052102;    1;  0.00;eor
       4928;2025052103;    1;  0.00;eor
       4928;2025052104;    1;  0.00;eor
       4928;2025052105;    1; 10.00;eor
       4928;2025052106;    1; 23.00;eor
       4928;2025052107;    1;  2.00;eor
       4928;2025052108;    1; 17.00;eor
       4928;2025052109;    1; 25.00;eor
       4928;2025052110;    1; 12.00;eor
       4928;2025052111;    1;  0.00;eor
       4928;2025052112;    1;  0.00;eor
       4928;2025052113;    1; 22.00;eor
       4928;2025052114;    1;  0.00;eor
       4928;2025052115;    1;  0.00;eor
       4928;2025052116;    1;  0.00;eor
       4928;2025052117;    1;  0.00;eor
       4928;2025052118;    1;  0.00;eor
       4928;2025052119;    1;  0.00;eor
       4928;2025052120;    1;  0.00;eor
       4928;2025052121;    1;  0.00;eor
       4928;2025052122;    1;  0.00;eor
       4928;2025052123;    1;  0.00;eor
       4928;2025052200;    1;  0.00;eor
       4928;2025052201;    1;  0.00;eor
       4928;2025052202;    1;  0.00;eor
       4928;2025052203;    1;  0.00;eor
       4928;2025052204;    1;  0.00;eor
       4928;2025052205;    1;  0.00;eor
       4928;2025052206;    1;  0.00;eor
       4928;2025052207;    1;  0.00;eor
       4928;2025052208;    1;  0.00;eor
       4928;2025052209;    1;  0.00;eor
       4928;2025052210;    1;  0.00;eor
       4928;2025052211;    1;  0.00;eor
       4928;2025052212;    1; 15.00;eor
       4928;2025052213;    1; 40.00;eor
       4928;2025052214;    1; 50.00;eor
       4928;2025052215;    1; 49.00;eor
       4928;2025052216;    1; 29.00;eor
       4928;2025052217;    1; 41.00;eor
       4928;2025052218;    1; 41.00;eor
       4928;2025052219;    1;  0.00;eor
       4928;2025052220;    1;  0.00;eor
       4928;2025052221;    1;  0.00;eor
       4928;2025052222;    1;  0.00;eor
       4928;2025052223;    1;  0.00;eor
       4928;2025052300;    1;  0.00;eor
       4928;2025052301;    1;  0.00;eor
       4928;2025052302;    1;  0.00;eor
       4928;2025052303;    1;  0.00;eor
       4928;2025052304;    1;  0.00;eor
       4928;2025052305;    1;  7.00;eor
       4928;2025052306;    1;  0.00;eor
       4928;2025052307;    1;  0.00;eor
       4928;2025052308;    1;  3.00;eor
       4928;2025052309;    1; 10.00;eor
       4928;2025052310;    1; 60.00;eor
       4928;2025052311;    1; 40.00;eor
       4928;2025052312;    1; 52.00;eor
       4928;2025052313;    1; 51.00;eor
       4928;2025052314;    1; 50.00;eor
       4928;2025052315;    1; 47.00;eor
       4928;2025052316;    1; 24.00;eor
       4928;2025052317;    1; 40.00;eor
       4928;2025052318;    1; 44.00;eor
       4928;2025052319;    1; 23.00;eor
       4928;2025052320;    1;  0.00;eor
       4928;2025052321;    1;  0.00;eor
       4928;2025052322;    1;  0.00;eor
       4928;2025052323;    1;  0.00;eor
       4928;2025052400;    1;  0.00;eor
       4928;2025052401;    1;  0.00;eor
       4928;2025052402;    1;  0.00;eor
       4928;2025052403;    1;  0.00;eor
       4928;2025052404;    1;  0.00;eor
       4928;2025052405;    1; 40.00;eor
       4928;2025052406;    1; 60.00;eor
       4928;2025052407;    1; 60.00;eor
       4928;2025052408;    1; 60.00;eor
       4928;2025052409;    1; 59.00;eor
       4928;2025052410;    1; 52.00;eor
       4928;2025052411;    1; 58.00;eor
       4928;2025052412;    1; 53.00;eor
       4928;2025052413;    1; 43.00;eor
       4928;2025052414;    1; 60.00;eor
       4928;2025052415;    1; 60.00;eor
       4928;2025052416;    1; 34.00;eor
       4928;2025052417;    1; 20.00;eor
       4928;2025052418;    1;  0.00;eor
       4928;2025052419;    1;  0.00;eor
       4928;2025052420;    1;  0.00;eor
       4928;2025052421;    1;  0.00;eor
       4928;2025052422;    1;  0.00;eor
       4928;2025052423;    1;  0.00;eor
       4928;2025052500;    1;  0.00;eor
       4928;2025052501;    1;  0.00;eor
       4928;2025052502;    1;  0.00;eor
       4928;2025052503;    1;  0.00;eor
       4928;2025052504;    1;  0.00;eor
       4928;2025052505;    1;  0.00;eor
       4928;2025052506;    1;  0.00;eor
       4928;2025052507;    1;  0.00;eor
       4928;2025052508;    1;  0.00;eor
       4928;2025052509;    1;  0.00;eor
       4928;2025052510;    1;  0.00;eor
       4928;2025052511;    1; 25.00;eor
       4928;2025052512;    1;  0.00;eor
       4928;2025052513;    1;  0.00;eor
       4928;2025052514;    1;  4.00;eor
       4928;2025052515;    1; 15.00;eor
       4928;2025052516;    1;  0.00;eor
       4928;2025052517;    1; 21.00;eor
       4928;2025052518;    1;  2.00;eor
       4928;2025052519;    1;  0.00;eor
       4928;2025052520;    1;  0.00;eor
       4928;2025052521;    1;  0.00;eor
       4928;2025052522;    1;  0.00;eor
       4928;2025052523;    1;  0.00;eor
       4928;2025052600;    1;  0.00;eor
       4928;2025052601;    1;  0.00;eor
       4928;2025052602;    1;  0.00;eor
       4928;2025052603;    1;  0.00;eor
       4928;2025052604;    1;  0.00;eor
       4928;2025052605;    1;  6.00;eor
       4928;2025052606;    1;  5.00;eor
       4928;2025052607;    1; 46.00;eor
       4928;2025052608;    1; 48.00;eor
       4928;2025052609;    1; 47.00;eor
       4928;2025052610;    1; 28.00;eor
       4928;2025052611;    1; 45.00;eor
       4928;2025052612;    1; 47.00;eor
       4928;2025052613;    1; 40.00;eor
       4928;2025052614;    1; 34.00;eor
       4928;2025052615;    1; 15.00;eor
       4928;2025052616;    1; 29.00;eor
       4928;2025052617;    1; 36.00;eor
       4928;2025052618;    1; 18.00;eor
       4928;2025052619;    1;  7.00;eor
       4928;2025052620;    1;  0.00;eor
       4928;2025052621;    1;  0.00;eor
       4928;2025052622;    1;  0.00;eor
       4928;2025052623;    1;  0.00;eor
       4928;2025052700;    1;  0.00;eor
       4928;2025052701;    1;  0.00;eor
       4928;2025052702;    1;  0.00;eor
       4928;2025052703;    1;  0.00;eor
       4928;2025052704;    1;  0.00;eor
       4928;2025052705;    1;  0.00;eor
       4928;2025052706;    1;  0.00;eor
       4928;2025052707;    1; 15.00;eor
       4928;2025052708;    1; 11.00;eor
       4928;2025052709;    1; 31.00;eor
       4928;2025052710;    1; 18.00;eor
       4928;2025052711;    1; 48.00;eor
       4928;2025052712;    1; 12.00;eor
       4928;2025052713;    1;  3.00;eor
       4928;2025052714;    1;  2.00;eor
       4928;2025052715;    1; 27.00;eor
       4928;2025052716;    1; 18.00;eor
       4928;2025052717;    1;  5.00;eor
       4928;2025052718;    1; 10.00;eor
       4928;2025052719;    1;  0.00;eor
       4928;2025052720;    1;  0.00;eor
       4928;2025052721;    1;  0.00;eor
       4928;2025052722;    1;  0.00;eor
       4928;2025052723;    1;  0.00;eor
       4928;2025052800;    1;  0.00;eor
       4928;2025052801;    1;  0.00;eor
       4928;2025052802;    1;  0.00;eor
       4928;2025052803;    1;  0.00;eor
       4928;2025052804;    1;  0.00;eor
       4928;2025052805;    1;  0.00;eor
       4928;2025052806;    1;  0.00;eor
       4928;2025052807;    1;  0.00;eor
       4928;2025052808;    1;  0.00;eor
       4928;2025052809;    1;  0.00;eor
       4928;2025052810;    1;  0.00;eor
       4928;2025052811;    1;  0.00;eor
       4928;2025052812;    1;  0.00;eor
       4928;2025052813;    1;  0.00;eor
       4928;2025052814;    1;  7.00;eor
       4928;2025052815;    1; 19.00;eor
       4928;2025052816;    1; 28.00;eor
       4928;2025052817;    1;  7.00;eor
       4928;2025052818;    1;  9.00;eor
       4928;2025052819;    1;  5.00;eor
       4928;2025052820;    1;  0.00;eor
       4928;2025052821;    1;  0.00;eor
       4928;2025052822;    1;  0.00;eor
       4928;2025052823;    1;  0.00;eor
       4928;2025052900;    1;  0.00;eor
       4928;2025052901;    1;  0.00;eor
       4928;2025052902;    1;  0.00;eor
       4928;2025052903;    1;  0.00;eor
       4928;2025052904;    1;  0.00;eor
       4928;2025052905;    1;  0.00;eor
       4928;2025052906;    1;  0.00;eor
       4928;2025052907;    1;  0.00;eor
       4928;2025052908;    1;  5.00;eor
       4928;2025052909;    1; 14.00;eor
       4928;2025052910;    1; 28.00;eor
       4928;2025052911;    1; 33.00;eor
       4928;2025052912;    1; 49.00;eor
       4928;2025052913;    1; 23.00;eor
       4928;2025052914;    1;  5.00;eor
       4928;2025052915;    1;  4.00;eor
       4928;2025052916;    1;  0.00;eor
       4928;2025052917;    1; 26.00;eor
       4928;2025052918;    1;  3.00;eor
       4928;2025052919;    1;  0.00;eor
       4928;2025052920;    1;  0.00;eor
       4928;2025052921;    1;  0.00;eor
       4928;2025052922;    1;  0.00;eor
       4928;2025052923;    1;  0.00;eor
       4928;2025053000;    1;  0.00;eor
       4928;2025053001;    1;  0.00;eor
       4928;2025053002;    1;  0.00;eor
       4928;2025053003;    1;  0.00;eor
       4928;2025053004;    1;  0.00;eor
       4928;2025053005;    1;  0.00;eor
       4928;2025053006;    1;  3.00;eor
       4928;2025053007;    1; 52.00;eor
       4928;2025053008;    1; 60.00;eor
       4928;2025053009;    1; 56.00;eor
       4928;2025053010;    1; 49.00;eor
       4928;2025053011;    1; 60.00;eor
       4928;2025053012;    1; 60.00;eor
       4928;2025053013;    1; 60.00;eor
       4928;2025053014;    1; 60.00;eor
       4928;2025053015;    1; 60.00;eor
       4928;2025053016;    1; 60.00;eor
       4928;2025053017;    1; 60.00;eor
       4928;2025053018;    1; 60.00;eor
       4928;2025053019;    1; 60.00;eor
       4928;2025053020;    1;  5.00;eor
       4928;2025053021;    1;  0.00;eor
       4928;2025053022;    1;  0.00;eor
       4928;2025053023;    1;  0.00;eor
       4928;2025053100;    1;  0.00;eor
       4928;2025053101;    1;  0.00;eor
       4928;2025053102;    1;  0.00;eor
       4928;2025053103;    1;  0.00;eor
       4928;2025053104;    1;  0.00;eor
       4928;2025053105;    1; 51.00;eor
       4928;2025053106;    1; 60.00;eor
       4928;2025053107;    1; 60.00;eor
       4928;2025053108;    1; 60.00;eor
       4928;2025053109;    1; 60.00;eor
       4928;2025053110;    1; 60.00;eor
       4928;2025053111;    1; 60.00;eor
       4928;2025053112;    1; 60.00;eor
       4928;2025053113;    1; 60.00;eor
       4928;2025053114;    1; 60.00;eor
       4928;2025053115;    1; 58.00;eor
       4928;2025053116;    1; 56.00;eor
       4928;2025053117;    1;  7.00;eor
       4928;2025053118;    1;  0.00;eor
       4928;2025053119;    1;  0.00;eor
       4928;2025053120;    1;  0.00;eor
       4928;2025053121;    1;  0.00;eor
       4928;2025053122;    1;  0.00;eor
       4928;2025053123;    1;  0.00;eor
       4928;2025060100;    1;  0.00;eor
       4928;2025060101;    1;  0.00;eor
       4928;2025060102;    1;  0.00;eor
       4928;2025060103;    1;  0.00;eor
       4928;2025060104;    1;  0.00;eor
       4928;2025060105;    1;  0.00;eor
       4928;2025060106;    1;  0.00;eor
       4928;2025060107;    1; 41.00;eor
       4928;2025060108;    1; 48.00;eor
       4928;2025060109;    1; 60.00;eor
       4928;2025060110;    1; 60.00;eor
       4928;2025060111;    1; 41.00;eor
       4928;2025060112;    1; 26.00;eor
       4928;2025060113;    1; 26.00;eor
       4928;2025060114;    1; 35.00;eor
       4928;2025060115;    1; 21.00;eor
       4928;2025060116;    1; 39.00;eor
       4928;2025060117;    1;  9.00;eor
       4928;2025060118;    1;  0.00;eor
       4928;2025060119;    1;  0.00;eor
       4928;2025060120;    1;  0.00;eor
       4928;2025060121;    1;  0.00;eor
       4928;2025060122;    1;  0.00;eor
       4928;2025060123;    1;  0.00;eor
       4928;2025060200;    1;  0.00;eor
       4928;2025060201;    1;  0.00;eor
       4928;2025060202;    1;  0.00;eor
       4928;2025060203;    1;  0.00;eor
       4928;2025060204;    1;  0.00;eor
       4928;2025060205;    1;  1.00;eor
       4928;2025060206;    1;  0.00;eor
       4928;2025060207;    1;  0.00;eor
       4928;2025060208;    1;  0.00;eor
       4928;2025060209;    1;  0.00;eor
       4928;2025060210;    1;  9.00;eor
       4928;2025060211;    1; 32.00;eor
       4928;2025060212;    1;  5.00;eor
       4928;2025060213;    1;  1.00;eor
       4928;2025060214;    1;  0.00;eor
       4928;2025060215;    1;  0.00;eor
       4928;2025060216;    1;  8.00;eor
       4928;2025060217;    1;  0.00;eor
       4928;2025060218;    1;  0.00;eor
       4928;2025060219;    1;  0.00;eor
       4928;2025060220;    1;  0.00;eor
       4928;2025060221;    1;  0.00;eor
       4928;2025060222;    1;  0.00;eor
       4928;2025060223;    1;  0.00;eor
       4928;2025060300;    1;  0.00;eor
       4928;2025060301;    1;  0.00;eor
       4928;2025060302;    1;  0.00;eor
       4928;2025060303;    1;  0.00;eor
       4928;2025060304;    1;  0.00;eor
       4928;2025060305;    1;  0.00;eor
       4928;2025060306;    1;  1.00;eor
       4928;2025060307;    1;  4.00;eor
       4928;2025060308;    1; 47.00;eor
       4928;2025060309;    1; 19.00;eor
       4928;2025060310;    1;  6.00;eor
       4928;2025060311;    1; 19.00;eor
       4928;2025060312;    1; 35.00;eor
       4928;2025060313;    1; 56.00;eor
       4928;2025060314;    1; 21.00;eor
       4928;2025060315;    1;  4.00;eor
       4928;2025060316;    1;  0.00;eor
       4928;2025060317;    1; 24.00;eor
       4928;2025060318;    1; 23.00;eor
       4928;2025060319;    1; 11.00;eor
       4928;2025060320;    1;  0.00;eor
       4928;2025060321;    1;  0.00;eor
       4928;2025060322;    1;  0.00;eor
       4928;2025060323;    1;  0.00;eor
       4928;2025060400;    1;  0.00;eor
       4928;2025060401;    1;  0.00;eor
       4928;2025060402;    1;  0.00;eor
       4928;2025060403;    1;  0.00;eor
       4928;2025060404;    1;  0.00;eor
       4928;2025060405;    1;  0.00;eor
       4928;2025060406;    1;  0.00;eor
       4928;2025060407;    1;  0.00;eor
       4928;2025060408;    1;  0.00;eor
       4928;2025060409;    1;  0.00;eor
       4928;2025060410;    1;  4.00;eor
       4928;2025060411;    1;  0.00;eor
       4928;2025060412;    1;  0.00;eor
       4928;2025060413;    1;  0.00;eor
       4928;2025060414;    1; 17.00;eor
       4928;2025060415;    1;  0.00;eor
       4928;2025060416;    1;  0.00;eor
       4928;2025060417;    1;  0.00;eor
       4928;2025060418;    1;  0.00;eor
       4928;2025060419;    1;  0.00;eor
       4928;2025060420;    1;  0.00;eor
       4928;2025060421;    1;  0.00;eor
       4928;2025060422;    1;  0.00;eor
       4928;2025060423;    1;  0.00;eor
       4928;2025060500;    1;  0.00;eor
       4928;2025060501;    1;  0.00;eor
       4928;2025060502;    1;  0.00;eor
       4928;2025060503;    1;  0.00;eor
       4928;2025060504;    1;  0.00;eor
       4928;2025060505;    1;  3.00;eor
       4928;2025060506;    1;  8.00;eor
       4928;2025060507;    1;  0.00;eor
       4928;2025060508;    1; 20.00;eor
       4928;2025060509;    1; 55.00;eor
       4928;2025060510;    1; 47.00;eor
       4928;2025060511;    1; 15.00;eor
       4928;2025060512;    1;  9.00;eor
       4928;2025060513;    1; 12.00;eor
       4928;2025060514;    1;  0.00;eor
       4928;2025060515;    1;  0.00;eor
       4928;2025060516;    1; 15.00;eor
       4928;2025060517;    1; 33.00;eor
       4928;2025060518;    1;  1.00;eor
       4928;2025060519;    1;  0.00;eor
       4928;2025060520;    1;  0.00;eor
       4928;2025060521;    1;  0.00;eor
       4928;2025060522;    1;  0.00;eor
       4928;2025060523;    1;  0.00;eor
       4928;2025060600;    1;  0.00;eor
       4928;2025060601;    1;  0.00;eor
       4928;2025060602;    1;  0.00;eor
       4928;2025060603;    1;  0.00;eor
       4928;2025060604;    1;  0.00;eor
       4928;2025060605;    1;  0.00;eor
       4928;2025060606;    1;  7.00;eor
       4928;2025060607;    1; 33.00;eor
       4928;2025060608;    1;  5.00;eor
       4928;2025060609;    1;  0.00;eor
       4928;2025060610;    1;  0.00;eor
       4928;2025060611;    1;  0.00;eor
       4928;2025060612;    1;  0.00;eor
       4928;2025060613;    1; 18.00;eor
       4928;2025060614;    1;  0.00;eor
       4928;2025060615;    1;  0.00;eor
       4928;2025060616;    1;  0.00;eor
       4928;2025060617;    1;  0.00;eor
       4928;2025060618;    1;  0.00;eor
       4928;2025060619;    1;  0.00;eor
       4928;2025060620;    1;  0.00;eor
       4928;2025060621;    1;  0.00;eor
       4928;2025060622;    1;  0.00;eor
       4928;2025060623;    1;  0.00;eor
       4928;2025060700;    1;  0.00;eor
       4928;2025060701;    1;  0.00;eor
       4928;2025060702;    1;  0.00;eor
       4928;2025060703;    1;  0.00;eor
       4928;2025060704;    1;  0.00;eor
       4928;2025060705;    1;  0.00;eor
       4928;2025060706;    1;  2.00;eor
       4928;2025060707;    1; 18.00;eor
       4928;2025060708;    1; 13.00;eor
       4928;2025060709;    1;  0.00;eor
       4928;2025060710;    1;  0.00;eor
       4928;2025060711;    1;  0.00;eor
       4928;2025060712;    1;  1.00;eor
       4928;2025060713;    1;  0.00;eor
       4928;2025060714;    1;  0.00;eor
       4928;2025060715;    1;  0.00;eor
       4928;2025060716;    1; 16.00;eor
       4928;2025060717;    1; 24.00;eor
       4928;2025060718;    1; 36.00;eor
       4928;2025060719;    1;  0.00;eor
       4928;2025060720;    1;  0.00;eor
       4928;2025060721;    1;  0.00;eor
       4928;2025060722;    1;  0.00;eor
       4928;2025060723;    1;  0.00;eor
       4928;2025060800;    1;  0.00;eor
       4928;2025060801;    1;  0.00;eor
       4928;2025060802;    1;  0.00;eor
       4928;2025060803;    1;  0.00;eor
       4928;2025060804;    1;  0.00;eor
       4928;2025060805;    1;  0.00;eor
       4928;2025060806;    1;  2.00;eor
       4928;2025060807;    1;  0.00;eor
       4928;2025060808;    1;  4.00;eor
       4928;2025060809;    1; 27.00;eor
       4928;2025060810;    1;  3.00;eor
       4928;2025060811;    1; 20.00;eor
       4928;2025060812;    1;  3.00;eor
       4928;2025060813;    1; 38.00;eor
       4928;2025060814;    1; 54.00;eor
       4928;2025060815;    1; 32.00;eor
       4928;2025060816;    1; 20.00;eor
       4928;2025060817;    1;  6.00;eor
       4928;2025060818;    1; 57.00;eor
       4928;2025060819;    1; 37.00;eor
       4928;2025060820;    1;  0.00;eor
       4928;2025060821;    1;  0.00;eor
       4928;2025060822;    1;  0.00;eor
       4928;2025060823;    1;  0.00;eor
       4928;2025060900;    1;  0.00;eor
       4928;2025060901;    1;  0.00;eor
       4928;2025060902;    1;  0.00;eor
       4928;2025060903;    1;  0.00;eor
       4928;2025060904;    1;  0.00;eor
       4928;2025060905;    1; 35.00;eor
       4928;2025060906;    1; 48.00;eor
       4928;2025060907;    1; 60.00;eor
       4928;2025060908;    1; 58.00;eor
       4928;2025060909;    1; 37.00;eor
       4928;2025060910;    1; 47.00;eor
       4928;2025060911;    1; 37.00;eor
       4928;2025060912;    1; 55.00;eor
       4928;2025060913;    1; 60.00;eor
       4928;2025060914;    1; 60.00;eor
       4928;2025060915;    1; 60.00;eor
       4928;2025060916;    1; 60.00;eor
       4928;2025060917;    1; 60.00;eor
       4928;2025060918;    1; 60.00;eor
       4928;2025060919;    1; 30.00;eor
       4928;2025060920;    1;  0.00;eor
       4928;2025060921;    1;  0.00;eor
       4928;2025060922;    1;  0.00;eor
       4928;2025060923;    1;  0.00;eor
       4928;2025061000;    1;  0.00;eor
       4928;2025061001;    1;  0.00;eor
       4928;2025061002;    1;  0.00;eor
       4928;2025061003;    1;  0.00;eor
       4928;2025061004;    1;  0.00;eor
       4928;2025061005;    1; 48.00;eor
       4928;2025061006;    1; 60.00;eor
       4928;2025061007;    1; 60.00;eor
       4928;2025061008;    1; 60.00;eor
       4928;2025061009;    1; 59.00;eor
       4928;2025061010;    1; 56.00;eor
       4928;2025061011;    1; 58.00;eor
       4928;2025061012;    1; 60.00;eor
       4928;2025061013;    1; 60.00;eor
       4928;2025061014;    1; 60.00;eor
       4928;2025061015;    1; 59.00;eor
       4928;2025061016;    1; 51.00;eor
       4928;2025061017;    1; 30.00;eor
       4928;2025061018;    1; 54.00;eor
       4928;2025061019;    1;  2.00;eor
       4928;2025061020;    1;  0.00;eor
       4928;2025061021;    1;  0.00;eor
       4928;2025061022;    1;  0.00;eor
       4928;2025061023;    1;  0.00;eor
       4928;2025061100;    1;  0.00;eor
       4928;2025061101;    1;  0.00;eor
       4928;2025061102;    1;  0.00;eor
       4928;2025061103;    1;  0.00;eor
       4928;2025061104;    1;  0.00;eor
       4928;2025061105;    1;  0.00;eor
       4928;2025061106;    1; 56.00;eor
       4928;2025061107;    1; 60.00;eor
       4928;2025061108;    1; 60.00;eor
       4928;2025061109;    1; 60.00;eor
       4928;2025061110;    1; 60.00;eor
       4928;2025061111;    1; 60.00;eor
       4928;2025061112;    1; 60.00;eor
       4928;2025061113;    1; 60.00;eor
       4928;2025061114;    1; 60.00;eor
       4928;2025061115;    1; 60.00;eor
       4928;2025061116;    1; 60.00;eor
       4928;2025061117;    1; 60.00;eor
       4928;2025061118;    1; 60.00;eor
       4928;2025061119;    1; 60.00;eor
       4928;2025061120;    1;  7.00;eor
       4928;2025061121;    1;  0.00;eor
       4928;2025061122;    1;  0.00;eor
       4928;2025061123;    1;  0.00;eor
       4928;2025061200;    1;  0.00;eor
       4928;2025061201;    1;  0.00;eor
       4928;2025061202;    1;  0.00;eor
       4928;2025061203;    1;  0.00;eor
       4928;2025061204;    1;  0.00;eor
       4928;2025061205;    1; 53.00;eor
       4928;2025061206;    1; 60.00;eor
       4928;2025061207;    1; 60.00;eor
       4928;2025061208;    1; 60.00;eor
       4928;2025061209;    1; 60.00;eor
       4928;2025061210;    1; 60.00;eor
       4928;2025061211;    1; 60.00;eor
       4928;2025061212;    1; 60.00;eor
       4928;2025061213;    1; 60.00;eor
       4928;2025061214;    1; 60.00;eor
       4928;2025061215;    1; 60.00;eor
       4928;2025061216;    1; 60.00;eor
       4928;2025061217;    1; 60.00;eor
       4928;2025061218;    1; 60.00;eor
       4928;2025061219;    1; 30.00;eor
       4928;2025061220;    1;  0.00;eor
       4928;2025061221;    1;  0.00;eor
       4928;2025061222;    1;  0.00;eor
       4928;2025061223;    1;  0.00;eor
       4928;2025061300;    1;  0.00;eor
       4928;2025061301;    1;  0.00;eor
       4928;2025061302;    1;  0.00;eor
       4928;2025061303;    1;  0.00;eor
       4928;2025061304;    1;  0.00;eor
       4928;2025061305;    1; 36.00;eor
       4928;2025061306;    1; 60.00;eor
       4928;2025061307;    1; 60.00;eor
       4928;2025061308;    1; 60.00;eor
       4928;2025061309;    1; 60.00;eor
       4928;2025061310;    1; 60.00;eor
       4928;2025061311;    1; 60.00;eor
       4928;2025061312;    1; 60.00;eor
       4928;2025061313;    1; 60.00;eor
       4928;2025061314;    1; 60.00;eor
       4928;2025061315;    1; 60.00;eor
       4928;2025061316;    1; 60.00;eor
       4928;2025061317;    1; 60.00;eor
       4928;2025061318;    1; 60.00;eor
       4928;2025061319;    1; 53.00;eor
       4928;2025061320;    1;  0.00;eor
       4928;2025061321;    1;  0.00;eor
       4928;2025061322;    1;  0.00;eor
       4928;2025061323;    1;  0.00;eor
       4928;2025061400;    1;  0.00;eor
       4928;2025061401;    1;  0.00;eor
       4928;2025061402;    1;  0.00;eor
       4928;2025061403;    1;  0.00;eor
       4928;2025061404;    1;  0.00;eor
       4928;2025061405;    1; 19.00;eor
       4928;2025061406;    1; 39.00;eor
       4928;2025061407;    1; 48.00;eor
       4928;2025061408;    1; 60.00;eor
       4928;2025061409;    1; 60.00;eor
       4928;2025061410;    1; 60.00;eor
       4928;2025061411;    1; 60.00;eor
       4928;2025061412;    1; 60.00;eor
       4928;2025061413;    1; 55.00;eor
       4928;2025061414;    1; 60.00;eor
       4928;2025061415;    1; 60.00;eor
       4928;2025061416;    1; 60.00;eor
       4928;2025061417;    1; 60.00;eor
       4928;2025061418;    1; 60.00;eor
       4928;2025061419;    1; 53.00;eor
       4928;2025061420;    1;  0.00;eor
       4928;2025061421;    1;  0.00;eor
       4928;2025061422;    1;  0.00;eor
       4928;2025061423;    1;  0.00;eor
       4928;2025061500;    1;  0.00;eor
       4928;2025061501;    1;  0.00;eor
       4928;2025061502;    1;  0.00;eor
       4928;2025061503;    1;  0.00;eor
       4928;2025061504;    1;  0.00;eor
       4928;2025061505;    1;  8.00;eor
       4928;2025061506;    1;  2.00;eor
       4928;2025061507;    1; 21.00;eor
       4928;2025061508;    1; 33.00;eor
       4928;2025061509;    1; 46.00;eor
       4928;2025061510;    1;  0.00;eor
       4928;2025061511;    1; 15.00;eor
       4928;2025061512;    1; 29.00;eor
       4928;2025061513;    1; 36.00;eor
       4928;2025061514;    1; 60.00;eor
       4928;2025061515;    1; 48.00;eor
       4928;2025061516;    1;  0.00;eor
       4928;2025061517;    1;  0.00;eor
       4928;2025061518;    1;  0.00;eor
       4928;2025061519;    1;  0.00;eor
       4928;2025061520;    1;  0.00;eor
       4928;2025061521;    1;  0.00;eor
       4928;2025061522;    1;  0.00;eor
       4928;2025061523;    1;  0.00;eor
       4928;2025061600;    1;  0.00;eor
       4928;2025061601;    1;  0.00;eor
       4928;2025061602;    1;  0.00;eor
       4928;2025061603;    1;  0.00;eor
       4928;2025061604;    1;  0.00;eor
       4928;2025061605;    1;  0.00;eor
       4928;2025061606;    1;  0.00;eor
       4928;2025061607;    1;  0.00;eor
       4928;2025061608;    1; 24.00;eor
       4928;2025061609;    1; 49.00;eor
       4928;2025061610;    1; 39.00;eor
       4928;2025061611;    1; 48.00;eor
       4928;2025061612;    1; 51.00;eor
       4928;2025061613;    1; 47.00;eor
       4928;2025061614;    1; 40.00;eor
       4928;2025061615;    1; 43.00;eor
       4928;2025061616;    1; 35.00;eor
       4928;2025061617;    1; 29.00;eor
       4928;2025061618;    1; 55.00;eor
       4928;2025061619;    1; 52.00;eor
       4928;2025061620;    1;  6.00;eor
       4928;2025061621;    1;  0.00;eor
       4928;2025061622;    1;  0.00;eor
       4928;2025061623;    1;  0.00;eor
       4928;2025061700;    1;  0.00;eor
       4928;2025061701;    1;  0.00;eor
       4928;2025061702;    1;  0.00;eor
       4928;2025061703;    1;  0.00;eor
       4928;2025061704;    1;  0.00;eor
       4928;2025061705;    1; 52.00;eor
       4928;2025061706;    1; 60.00;eor
       4928;2025061707;    1; 60.00;eor
       4928;2025061708;    1; 60.00;eor
       4928;2025061709;    1; 60.00;eor
       4928;2025061710;    1; 58.00;eor
       4928;2025061711;    1; 59.00;eor
       4928;2025061712;    1; 60.00;eor
       4928;2025061713;    1; 60.00;eor
       4928;2025061714;    1; 60.00;eor
       4928;2025061715;    1; 60.00;eor
       4928;2025061716;    1; 60.00;eor
       4928;2025061717;    1; 60.00;eor
       4928;2025061718;    1; 60.00;eor
       4928;2025061719;    1; 60.00;eor
       4928;2025061720;    1;  6.00;eor
       4928;2025061721;    1;  0.00;eor
       4928;2025061722;    1;  0.00;eor
       4928;2025061723;    1;  0.00;eor
       4928;2025061800;    1;  0.00;eor
       4928;2025061801;    1;  0.00;eor
       4928;2025061802;    1;  0.00;eor
       4928;2025061803;    1;  0.00;eor
       4928;2025061804;    1;  0.00;eor
       4928;2025061805;    1; 52.00;eor
       4928;2025061806;    1; 60.00;eor
       4928;2025061807;    1; 60.00;eor
       4928;2025061808;    1; 60.00;eor
       4928;2025061809;    1; 60.00;eor
       4928;2025061810;    1; 60.00;eor
       4928;2025061811;    1; 60.00;eor
       4928;2025061812;    1; 60.00;eor
       4928;2025061813;    1; 60.00;eor
       4928;2025061814;    1; 60.00;eor
       4928;2025061815;    1; 60.00;eor
       4928;2025061816;    1; 60.00;eor
       4928;2025061817;    1; 60.00;eor
       4928;2025061818;    1; 60.00;eor
       4928;2025061819;    1; 60.00;eor
       4928;2025061820;    1;  0.00;eor
       4928;2025061821;    1;  0.00;eor
       4928;2025061822;    1;  0.00;eor
       4928;2025061823;    1;  0.00;eor
       4928;2025061900;    1;  0.00;eor
       4928;2025061901;    1;  0.00;eor
       4928;2025061902;    1;  0.00;eor
       4928;2025061903;    1;  0.00;eor
       4928;2025061904;    1;  0.00;eor
       4928;2025061905;    1; 50.00;eor
       4928;2025061906;    1; 60.00;eor
       4928;2025061907;    1; 60.00;eor
       4928;2025061908;    1; 60.00;eor
       4928;2025061909;    1; 60.00;eor
       4928;2025061910;    1; 60.00;eor
       4928;2025061911;    1; 60.00;eor
       4928;2025061912;    1; 57.00;eor
       4928;2025061913;    1; 60.00;eor
       4928;2025061914;    1; 60.00;eor
       4928;2025061915;    1; 60.00;eor
       4928;2025061916;    1; 60.00;eor
       4928;2025061917;    1; 60.00;eor
       4928;2025061918;    1; 36.00;eor
       4928;2025061919;    1; 60.00;eor
       4928;2025061920;    1; 14.00;eor
       4928;2025061921;    1;  0.00;eor
       4928;2025061922;    1;  0.00;eor
       4928;2025061923;    1;  0.00;eor
       4928;2025062000;    1;  0.00;eor
       4928;2025062001;    1;  0.00;eor
       4928;2025062002;    1;  0.00;eor
       4928;2025062003;    1;  0.00;eor
       4928;2025062004;    1;  0.00;eor
       4928;2025062005;    1; 50.00;eor
       4928;2025062006;    1; 60.00;eor
       4928;2025062007;    1; 60.00;eor
       4928;2025062008;    1; 60.00;eor
       4928;2025062009;    1; 60.00;eor
       4928;2025062010;    1; 60.00;eor
       4928;2025062011;    1; 60.00;eor
       4928;2025062012;    1; 60.00;eor
       4928;2025062013;    1; 60.00;eor
       4928;2025062014;    1; 60.00;eor
       4928;2025062015;    1; 60.00;eor
       4928;2025062016;    1; 60.00;eor
       4928;2025062017;    1; 60.00;eor
       4928;2025062018;    1; 60.00;eor
       4928;2025062019;    1; 50.00;eor
       4928;2025062020;    1;  0.00;eor
       4928;2025062021;    1;  0.00;eor
       4928;2025062022;    1;  0.00;eor
       4928;2025062023;    1;  0.00;eor
       4928;2025062100;    1;  0.00;eor
       4928;2025062101;    1;  0.00;eor
       4928;2025062102;    1;  0.00;eor
       4928;2025062103;    1;  0.00;eor
       4928;2025062104;    1;  0.00;eor
       4928;2025062105;    1; 41.00;eor
       4928;2025062106;    1; 60.00;eor
       4928;2025062107;    1; 55.00;eor
       4928;2025062108;    1; 60.00;eor
       4928;2025062109;    1; 60.00;eor
       4928;2025062110;    1; 60.00;eor
       4928;2025062111;    1; 60.00;eor
       4928;2025062112;    1; 60.00;eor
       4928;2025062113;    1; 60.00;eor
       4928;2025062114;    1; 60.00;eor
       4928;2025062115;    1; 60.00;eor
       4928;2025062116;    1; 60.00;eor
       4928;2025062117;    1; 60.00;eor
       4928;2025062118;    1; 60.00;eor
       4928;2025062119;    1; 60.00;eor
       4928;2025062120;    1; 12.00;eor
       4928;2025062121;    1;  0.00;eor
       4928;2025062122;    1;  0.00;eor
       4928;2025062123;    1;  0.00;eor
       4928;2025062200;    1;  0.00;eor
       4928;2025062201;    1;  0.00;eor
       4928;2025062202;    1;  0.00;eor
       4928;2025062203;    1;  0.00;eor
       4928;2025062204;    1;  0.00;eor
       4928;2025062205;    1; 51.00;eor
       4928;2025062206;    1; 60.00;eor
       4928;2025062207;    1; 60.00;eor
       4928;2025062208;    1; 60.00;eor
       4928;2025062209;    1; 60.00;eor
       4928;2025062210;    1; 60.00;eor
       4928;2025062211;    1; 60.00;eor
       4928;2025062212;    1; 60.00;eor
       4928;2025062213;    1; 60.00;eor
       4928;2025062214;    1; 60.00;eor
       4928;2025062215;    1; 60.00;eor
       4928;2025062216;    1; 60.00;eor
       4928;2025062217;    1; 60.00;eor
       4928;2025062218;    1; 60.00;eor
       4928;2025062219;    1; 55.00;eor
       4928;2025062220;    1;  0.00;eor
       4928;2025062221;    1;  0.00;eor
       4928;2025062222;    1;  0.00;eor
       4928;2025062223;    1;  0.00;eor
       4928;2025062300;    1;  0.00;eor
       4928;2025062301;    1;  0.00;eor
       4928;2025062302;    1;  0.00;eor
       4928;2025062303;    1;  0.00;eor
       4928;2025062304;    1;  0.00;eor
       4928;2025062305;    1;  0.00;eor
       4928;2025062306;    1; 43.00;eor
       4928;2025062307;    1; 60.00;eor
       4928;2025062308;    1; 29.00;eor
       4928;2025062309;    1; 22.00;eor
       4928;2025062310;    1; 14.00;eor
       4928;2025062311;    1;  5.00;eor
       4928;2025062312;    1; 34.00;eor
       4928;2025062313;    1; 59.00;eor
       4928;2025062314;    1; 60.00;eor
       4928;2025062315;    1; 37.00;eor
       4928;2025062316;    1;  0.00;eor
       4928;2025062317;    1;  0.00;eor
       4928;2025062318;    1; 37.00;eor
       4928;2025062319;    1; 37.00;eor
       4928;2025062320;    1; 15.00;eor
       4928;2025062321;    1;  0.00;eor
       4928;2025062322;    1;  0.00;eor
       4928;2025062323;    1;  0.00;eor
       4928;2025062400;    1;  0.00;eor
       4928;2025062401;    1;  0.00;eor
       4928;2025062402;    1;  0.00;eor
       4928;2025062403;    1;  0.00;eor
       4928;2025062404;    1;  0.00;eor
       4928;2025062405;    1; 19.00;eor
       4928;2025062406;    1; 42.00;eor
       4928;2025062407;    1; 60.00;eor
       4928;2025062408;    1; 58.00;eor
       4928;2025062409;    1; 60.00;eor
       4928;2025062410;    1; 60.00;eor
       4928;2025062411;    1; 60.00;eor
       4928;2025062412;    1; 60.00;eor
       4928;2025062413;    1; 60.00;eor
       4928;2025062414;    1; 60.00;eor
       4928;2025062415;    1; 60.00;eor
       4928;2025062416;    1; 60.00;eor
       4928;2025062417;    1; 60.00;eor
       4928;2025062418;    1; 60.00;eor
       4928;2025062419;    1; 60.00;eor
       4928;2025062420;    1; 19.00;eor
       4928;2025062421;    1;  0.00;eor
       4928;2025062422;    1;  0.00;eor
       4928;2025062423;    1;  0.00;eor
       4928;2025062500;    1;  0.00;eor
       4928;2025062501;    1;  0.00;eor
       4928;2025062502;    1;  0.00;eor
       4928;2025062503;    1;  0.00;eor
       4928;2025062504;    1;  0.00;eor
       4928;2025062505;    1; 51.00;eor
       4928;2025062506;    1; 60.00;eor
       4928;2025062507;    1; 60.00;eor
       4928;2025062508;    1; 60.00;eor
       4928;2025062509;    1; 60.00;eor
       4928;2025062510;    1; 60.00;eor
       4928;2025062511;    1; 60.00;eor
       4928;2025062512;    1; 60.00;eor
       4928;2025062513;    1; 60.00;eor
       4928;2025062514;    1; 60.00;eor
       4928;2025062515;    1; 58.00;eor
       4928;2025062516;    1; 60.00;eor
       4928;2025062517;    1; 60.00;eor
       4928;2025062518;    1; 60.00;eor
       4928;2025062519;    1; 57.00;eor
       4928;2025062520;    1;  0.00;eor
       4928;2025062521;    1;  0.00;eor
       4928;2025062522;    1;  0.00;eor
       4928;2025062523;    1;  0.00;eor
       4928;2025062600;    1;  0.00;eor
       4928;2025062601;    1;  0.00;eor
       4928;2025062602;    1;  0.00;eor
       4928;2025062603;    1;  0.00;eor
       4928;2025062604;    1;  0.00;eor
       4928;2025062605;    1;  0.00;eor
       4928;2025062606;    1;  0.00;eor
       4928;2025062607;    1;  8.00;eor
       4928;2025062608;    1; 16.00;eor
       4928;2025062609;    1; 35.00;eor
       4928;2025062610;    1; 60.00;eor
       4928;2025062611;    1; 58.00;eor
       4928;2025062612;    1; 52.00;eor
       4928;2025062613;    1; 36.00;eor
       4928;2025062614;    1; 34.00;eor
       4928;2025062615;    1; 41.00;eor
       4928;2025062616;    1; 44.00;eor
       4928;2025062617;    1; 41.00;eor
       4928;2025062618;    1; 48.00;eor
       4928;2025062619;    1; 14.00;eor
       4928;2025062620;    1;  0.00;eor
       4928;2025062621;    1;  0.00;eor
       4928;2025062622;    1;  0.00;eor
       4928;2025062623;    1;  0.00;eor
       4928;2025062700;    1;  0.00;eor
       4928;2025062701;    1;  0.00;eor
       4928;2025062702;    1;  0.00;eor
       4928;2025062703;    1;  0.00;eor
       4928;2025062704;    1;  0.00;eor
       4928;2025062705;    1; 37.00;eor
       4928;2025062706;    1;  1.00;eor
       4928;2025062707;    1; 31.00;eor
       4928;2025062708;    1; 20.00;eor
       4928;2025062709;    1; 26.00;eor
       4928;2025062710;    1;  8.00;eor
       4928;2025062711;    1;  0.00;eor
       4928;2025062712;    1;  2.00;eor
       4928;2025062713;    1;  0.00;eor
       4928;2025062714;    1;  3.00;eor
       4928;2025062715;    1;  6.00;eor
       4928;2025062716;    1; 20.00;eor
       4928;2025062717;    1; 15.00;eor
       4928;2025062718;    1;  8.00;eor
       4928;2025062719;    1; 41.00;eor
       4928;2025062720;    1;  2.00;eor
       4928;2025062721;    1;  0.00;eor
       4928;2025062722;    1;  0.00;eor
       4928;2025062723;    1;  0.00;eor
       4928;2025062800;    1;  0.00;eor
       4928;2025062801;    1;  0.00;eor
       4928;2025062802;    1;  0.00;eor
       4928;2025062803;    1;  0.00;eor
       4928;2025062804;    1;  0.00;eor
       4928;2025062805;    1; 50.00;eor
       4928;2025062806;    1; 60.00;eor
       4928;2025062807;    1; 60.00;eor
       4928;2025062808;    1; 40.00;eor
       4928;2025062809;    1; 26.00;eor
       4928;2025062810;    1; 51.00;eor
       4928;2025062811;    1; 49.00;eor
       4928;2025062812;    1; 54.00;eor
       4928;2025062813;    1; 51.00;eor
       4928;2025062814;    1; 58.00;eor
       4928;2025062815;    1; 60.00;eor
       4928;2025062816;    1; 58.00;eor
       4928;2025062817;    1; 60.00;eor
       4928;2025062818;    1; 60.00;eor
       4928;2025062819;    1; 60.00;eor
       4928;2025062820;    1; 19.00;eor
       4928;2025062821;    1;  0.00;eor
       4928;2025062822;    1;  0.00;eor
       4928;2025062823;    1;  0.00;eor
       4928;2025062900;    1;  0.00;eor
       4928;2025062901;    1;  0.00;eor
       4928;2025062902;    1;  0.00;eor
       4928;2025062903;    1;  0.00;eor
       4928;2025062904;    1;  0.00;eor
       4928;2025062905;    1; 50.00;eor
       4928;2025062906;    1; 60.00;eor
       4928;2025062907;    1; 60.00;eor
       4928;2025062908;    1; 60.00;eor
       4928;2025062909;    1; 60.00;eor
       4928;2025062910;    1; 60.00;eor
       4928;2025062911;    1; 60.00;eor
       4928;2025062912;    1; 60.00;eor
       4928;2025062913;    1; 60.00;eor
       4928;2025062914;    1; 60.00;eor
       4928;2025062915;    1; 60.00;eor
       4928;2025062916;    1; 60.00;eor
       4928;2025062917;    1; 60.00;eor
       4928;2025062918;    1; 60.00;eor
       4928;2025062919;    1; 60.00;eor
       4928;2025062920;    1; 19.00;eor
       4928;2025062921;    1;  0.00;eor
       4928;2025062922;    1;  0.00;eor
       4928;2025062923;    1;  0.00;eor
       4928;2025063000;    1;  0.00;eor
       4928;2025063001;    1;  0.00;eor
       4928;2025063002;    1;  0.00;eor
       4928;2025063003;    1;  0.00;eor
       4928;2025063004;    1;  0.00;eor
       4928;2025063005;    1; 49.00;eor
       4928;2025063006;    1; 60.00;eor
       4928;2025063007;    1; 60.00;eor
       4928;2025063008;    1; 60.00;eor
       4928;2025063009;    1; 60.00;eor
       4928;2025063010;    1; 60.00;eor
       4928;2025063011;    1; 60.00;eor
       4928;2025063012;    1; 60.00;eor
       4928;2025063013;    1; 60.00;eor
       4928;2025063014;    1; 60.00;eor
       4928;2025063015;    1; 60.00;eor
       4928;2025063016;    1; 60.00;eor
       4928;2025063017;    1; 60.00;eor
       4928;2025063018;    1; 60.00;eor
       4928;2025063019;    1; 60.00;eor
       4928;2025063020;    1; 13.00;eor
       4928;2025063021;    1;  0.00;eor
       4928;2025063022;    1;  0.00;eor
       4928;2025063023;    1;  0.00;eor
       4928;2025070100;    1;  0.00;eor
       4928;2025070101;    1;  0.00;eor
       4928;2025070102;    1;  0.00;eor
       4928;2025070103;    1;  0.00;eor
       4928;2025070104;    1;  0.00;eor
       4928;2025070105;    1; 44.00;eor
       4928;2025070106;    1; 33.00;eor
       4928;2025070107;    1; 52.00;eor
       4928;2025070108;    1; 54.00;eor
       4928;2025070109;    1; 60.00;eor
       4928;2025070110;    1; 56.00;eor
       4928;2025070111;    1; 56.00;eor
       4928;2025070112;    1; 60.00;eor
       4928;2025070113;    1; 33.00;eor
       4928;2025070114;    1;  1.00;eor
       4928;2025070115;    1;  9.00;eor
       4928;2025070116;    1;  0.00;eor
       4928;2025070117;    1; 10.00;eor
       4928;2025070118;    1; 47.00;eor
       4928;2025070119;    1; 60.00;eor
       4928;2025070120;    1; 11.00;eor
       4928;2025070121;    1;  0.00;eor
       4928;2025070122;    1;  0.00;eor
       4928;2025070123;    1;  0.00;eor
       4928;2025070200;    1;  0.00;eor
       4928;2025070201;    1;  0.00;eor
       4928;2025070202;    1;  0.00;eor
       4928;2025070203;    1;  0.00;eor
       4928;2025070204;    1;  0.00;eor
       4928;2025070205;    1; 48.00;eor
       4928;2025070206;    1; 60.00;eor
       4928;2025070207;    1; 60.00;eor
       4928;2025070208;    1; 60.00;eor
       4928;2025070209;    1; 60.00;eor
       4928;2025070210;    1; 60.00;eor
       4928;2025070211;    1; 60.00;eor
       4928;2025070212;    1; 59.00;eor
       4928;2025070213;    1; 59.00;eor
       4928;2025070214;    1; 60.00;eor
       4928;2025070215;    1; 60.00;eor
       4928;2025070216;    1; 60.00;eor
       4928;2025070217;    1; 60.00;eor
       4928;2025070218;    1; 60.00;eor
       4928;2025070219;    1; 59.00;eor
       4928;2025070220;    1;  0.00;eor
       4928;2025070221;    1;  0.00;eor
       4928;2025070222;    1;  0.00;eor
       4928;2025070223;    1;  0.00;eor
       4928;2025070300;    1;  0.00;eor
       4928;2025070301;    1;  0.00;eor
       4928;2025070302;    1;  0.00;eor
       4928;2025070303;    1;  0.00;eor
       4928;2025070304;    1;  0.00;eor
       4928;2025070305;    1;  6.00;eor
       4928;2025070306;    1; 25.00;eor
       4928;2025070307;    1;  9.00;eor
       4928;2025070308;    1;  0.00;eor
       4928;2025070309;    1;  0.00;eor
       4928;2025070310;    1;  0.00;eor
       4928;2025070311;    1;  3.00;eor
       4928;2025070312;    1;  4.00;eor
       4928;2025070313;    1;  0.00;eor
       4928;2025070314;    1; 10.00;eor
       4928;2025070315;    1; 21.00;eor
       4928;2025070316;    1;  0.00;eor
       4928;2025070317;    1; 20.00;eor
       4928;2025070318;    1; 43.00;eor
       4928;2025070319;    1; 43.00;eor
       4928;2025070320;    1;  6.00;eor
       4928;2025070321;    1;  0.00;eor
       4928;2025070322;    1;  0.00;eor
       4928;2025070323;    1;  0.00;eor
       4928;2025070400;    1;  0.00;eor
       4928;2025070401;    1;  0.00;eor
       4928;2025070402;    1;  0.00;eor
       4928;2025070403;    1;  0.00;eor
       4928;2025070404;    1;  0.00;eor
       4928;2025070405;    1; 45.00;eor
       4928;2025070406;    1; 60.00;eor
       4928;2025070407;    1; 60.00;eor
       4928;2025070408;    1; 60.00;eor
       4928;2025070409;    1; 60.00;eor
       4928;2025070410;    1; 60.00;eor
       4928;2025070411;    1; 57.00;eor
       4928;2025070412;    1; 60.00;eor
       4928;2025070413;    1; 60.00;eor
       4928;2025070414;    1; 60.00;eor
       4928;2025070415;    1; 60.00;eor
       4928;2025070416;    1; 60.00;eor
       4928;2025070417;    1; 60.00;eor
       4928;2025070418;    1; 60.00;eor
       4928;2025070419;    1; 60.00;eor
       4928;2025070420;    1;  4.00;eor
       4928;2025070421;    1;  0.00;eor
       4928;2025070422;    1;  0.00;eor
       4928;2025070423;    1;  0.00;eor
       4928;2025070500;    1;  0.00;eor
       4928;2025070501;    1;  0.00;eor
       4928;2025070502;    1;  0.00;eor
       4928;2025070503;    1;  0.00;eor
       4928;2025070504;    1;  0.00;eor
       4928;2025070505;    1; 24.00;eor
       4928;2025070506;    1; 41.00;eor
       4928;2025070507;    1; 58.00;eor
       4928;2025070508;    1; 51.00;eor
       4928;2025070509;    1; 60.00;eor
       4928;2025070510;    1; 60.00;eor
       4928;2025070511;    1; 60.00;eor
       4928;2025070512;    1; 60.00;eor
       4928;2025070513;    1; 60.00;eor
       4928;2025070514;    1; 60.00;eor
       4928;2025070515;    1; 60.00;eor
       4928;2025070516;    1; 60.00;eor
       4928;2025070517;    1; 60.00;eor
       4928;2025070518;    1; 59.00;eor
       4928;2025070519;    1; 39.00;eor
       4928;2025070520;    1;  0.00;eor
       4928;2025070521;    1;  0.00;eor
       4928;2025070522;    1;  0.00;eor
       4928;2025070523;    1;  0.00;eor
       4928;2025070600;    1;  0.00;eor
       4928;2025070601;    1;  0.00;eor
       4928;2025070602;    1;  0.00;eor
       4928;2025070603;    1;  0.00;eor
       4928;2025070604;    1;  0.00;eor
       4928;2025070605;    1;  0.00;eor
       4928;2025070606;    1;  4.00;eor
       4928;2025070607;    1;  0.00;eor
       4928;2025070608;    1; 40.00;eor
       4928;2025070609;    1; 16.00;eor
       4928;2025070610;    1; 24.00;eor
       4928;2025070611;    1; 16.00;eor
       4928;2025070612;    1;  0.00;eor
       4928;2025070613;    1;  0.00;eor
       4928;2025070614;    1;  0.00;eor
       4928;2025070615;    1;  0.00;eor
       4928;2025070616;    1;  0.00;eor
       4928;2025070617;    1;  0.00;eor
       4928;2025070618;    1;  0.00;eor
       4928;2025070619;    1;  0.00;eor
       4928;2025070620;    1;  0.00;eor
       4928;2025070621;    1;  0.00;eor
       4928;2025070622;    1;  0.00;eor
       4928;2025070623;    1;  0.00;eor
       4928;2025070700;    1;  0.00;eor
       4928;2025070701;    1;  0.00;eor
       4928;2025070702;    1;  0.00;eor
       4928;2025070703;    1;  0.00;eor
       4928;2025070704;    1;  0.00;eor
       4928;2025070705;    1;  0.00;eor
       4928;2025070706;    1;  0.00;eor
       4928;2025070707;    1;  0.00;eor
       4928;2025070708;    1; 12.00;eor
       4928;2025070709;    1; 14.00;eor
       4928;2025070710;    1; 21.00;eor
       4928;2025070711;    1; 11.00;eor
       4928;2025070712;    1; 13.00;eor
       4928;2025070713;    1; 21.00;eor
       4928;2025070714;    1; 13.00;eor
       4928;2025070715;    1; 28.00;eor
       4928;2025070716;    1;  4.00;eor
       4928;2025070717;    1; 17.00;eor
       4928;2025070718;    1; 21.00;eor
       4928;2025070719;    1; 15.00;eor
       4928;2025070720;    1;  0.00;eor
       4928;2025070721;    1;  0.00;eor
       4928;2025070722;    1;  0.00;eor
       4928;2025070723;    1;  0.00;eor
       4928;2025070800;    1;  0.00;eor
       4928;2025070801;    1;  0.00;eor
       4928;2025070802;    1;  0.00;eor
       4928;2025070803;    1;  0.00;eor
       4928;2025070804;    1;  0.00;eor
       4928;2025070805;    1;  0.00;eor
       4928;2025070806;    1;  3.00;eor
       4928;2025070807;    1;  2.00;eor
       4928;2025070808;    1;  3.00;eor
       4928;2025070809;    1; 10.00;eor
       4928;2025070810;    1;  7.00;eor
       4928;2025070811;    1; 22.00;eor
       4928;2025070812;    1; 15.00;eor
       4928;2025070813;    1;  0.00;eor
       4928;2025070814;    1; 20.00;eor
       4928;2025070815;    1; 44.00;eor
       4928;2025070816;    1;  2.00;eor
       4928;2025070817;    1;  0.00;eor
       4928;2025070818;    1;  6.00;eor
       4928;2025070819;    1; 37.00;eor
       4928;2025070820;    1;  0.00;eor
       4928;2025070821;    1;  0.00;eor
       4928;2025070822;    1;  0.00;eor
       4928;2025070823;    1;  0.00;eor
       4928;2025070900;    1;  0.00;eor
       4928;2025070901;    1;  0.00;eor
       4928;2025070902;    1;  0.00;eor
       4928;2025070903;    1;  0.00;eor
       4928;2025070904;    1;  0.00;eor
       4928;2025070905;    1;  0.00;eor
       4928;2025070906;    1;  0.00;eor
       4928;2025070907;    1; 25.00;eor
       4928;2025070908;    1; 60.00;eor
       4928;2025070909;    1; 36.00;eor
       4928;2025070910;    1; 51.00;eor
       4928;2025070911;    1; 47.00;eor
       4928;2025070912;    1; 39.00;eor
       4928;2025070913;    1; 32.00;eor
       4928;2025070914;    1; 34.00;eor
       4928;2025070915;    1; 40.00;eor
       4928;2025070916;    1; 59.00;eor
       4928;2025070917;    1; 60.00;eor
       4928;2025070918;    1; 60.00;eor
       4928;2025070919;    1; 60.00;eor
       4928;2025070920;    1; 12.00;eor
       4928;2025070921;    1;  0.00;eor
       4928;2025070922;    1;  0.00;eor
       4928;2025070923;    1;  0.00;eor
       4928;2025071000;    1;  0.00;eor
       4928;2025071001;    1;  0.00;eor
       4928;2025071002;    1;  0.00;eor
       4928;2025071003;    1;  0.00;eor
       4928;2025071004;    1;  0.00;eor
       4928;2025071005;    1; 40.00;eor
       4928;2025071006;    1; 60.00;eor
       4928;2025071007;    1; 60.00;eor
       4928;2025071008;    1; 60.00;eor
       4928;2025071009;    1; 60.00;eor
       4928;2025071010;    1; 58.00;eor
       4928;2025071011;    1; 53.00;eor
       4928;2025071012;    1; 58.00;eor
       4928;2025071013;    1; 52.00;eor
       4928;2025071014;    1; 43.00;eor
       4928;2025071015;    1; 55.00;eor
       4928;2025071016;    1; 43.00;eor
       4928;2025071017;    1; 40.00;eor
       4928;2025071018;    1; 60.00;eor
       4928;2025071019;    1; 55.00;eor
       4928;2025071020;    1;  0.00;eor
       4928;2025071021;    1;  0.00;eor
       4928;2025071022;    1;  0.00;eor
       4928;2025071023;    1;  0.00;eor
       4928;2025071100;    1;  0.00;eor
       4928;2025071101;    1;  0.00;eor
       4928;2025071102;    1;  0.00;eor
       4928;2025071103;    1;  0.00;eor
       4928;2025071104;    1;  0.00;eor
       4928;2025071105;    1;  3.00;eor
       4928;2025071106;    1; 25.00;eor
       4928;2025071107;    1; 28.00;eor
       4928;2025071108;    1; 42.00;eor
       4928;2025071109;    1; 60.00;eor
       4928;2025071110;    1; 46.00;eor
       4928;2025071111;    1; 35.00;eor
       4928;2025071112;    1; 27.00;eor
       4928;2025071113;    1; 39.00;eor
       4928;2025071114;    1; 44.00;eor
       4928;2025071115;    1; 47.00;eor
       4928;2025071116;    1; 43.00;eor
       4928;2025071117;    1; 54.00;eor
       4928;2025071118;    1; 57.00;eor
       4928;2025071119;    1; 60.00;eor
       4928;2025071120;    1; 14.00;eor
       4928;2025071121;    1;  0.00;eor
       4928;2025071122;    1;  0.00;eor
       4928;2025071123;    1;  0.00;eor
       4928;2025071200;    1;  0.00;eor
       4928;2025071201;    1;  0.00;eor
       4928;2025071202;    1;  0.00;eor
       4928;2025071203;    1;  0.00;eor
       4928;2025071204;    1;  0.00;eor
       4928;2025071205;    1; 47.00;eor
       4928;2025071206;    1; 60.00;eor
       4928;2025071207;    1; 57.00;eor
       4928;2025071208;    1; 60.00;eor
       4928;2025071209;    1; 60.00;eor
       4928;2025071210;    1; 48.00;eor
       4928;2025071211;    1; 56.00;eor
       4928;2025071212;    1; 46.00;eor
       4928;2025071213;    1; 31.00;eor
       4928;2025071214;    1; 10.00;eor
       4928;2025071215;    1; 12.00;eor
       4928;2025071216;    1; 19.00;eor
       4928;2025071217;    1; 37.00;eor
       4928;2025071218;    1; 50.00;eor
       4928;2025071219;    1; 36.00;eor
       4928;2025071220;    1; 10.00;eor
       4928;2025071221;    1;  0.00;eor
       4928;2025071222;    1;  0.00;eor
       4928;2025071223;    1;  0.00;eor
       4928;2025071300;    1;  0.00;eor
       4928;2025071301;    1;  0.00;eor
       4928;2025071302;    1;  0.00;eor
       4928;2025071303;    1;  0.00;eor
       4928;2025071304;    1;  0.00;eor
       4928;2025071305;    1;  6.00;eor
       4928;2025071306;    1; 42.00;eor
       4928;2025071307;    1; 60.00;eor
       4928;2025071308;    1; 60.00;eor
       4928;2025071309;    1; 60.00;eor
       4928;2025071310;    1; 60.00;eor
       4928;2025071311;    1; 55.00;eor
       4928;2025071312;    1; 57.00;eor
       4928;2025071313;    1; 58.00;eor
       4928;2025071314;    1; 56.00;eor
       4928;2025071315;    1; 60.00;eor
       4928;2025071316;    1; 56.00;eor
       4928;2025071317;    1; 59.00;eor
       4928;2025071318;    1; 60.00;eor
       4928;2025071319;    1; 60.00;eor
       4928;2025071320;    1;  1.00;eor
       4928;2025071321;    1;  0.00;eor
       4928;2025071322;    1;  0.00;eor
       4928;2025071323;    1;  0.00;eor
       4928;2025071400;    1;  0.00;eor
       4928;2025071401;    1;  0.00;eor
       4928;2025071402;    1;  0.00;eor
       4928;2025071403;    1;  0.00;eor
       4928;2025071404;    1;  0.00;eor
       4928;2025071405;    1; 36.00;eor
       4928;2025071406;    1;  9.00;eor
       4928;2025071407;    1;  0.00;eor
       4928;2025071408;    1;  0.00;eor
       4928;2025071409;    1;  0.00;eor
       4928;2025071410;    1;  0.00;eor
       4928;2025071411;    1; 12.00;eor
       4928;2025071412;    1; 31.00;eor
       4928;2025071413;    1; 16.00;eor
       4928;2025071414;    1;  5.00;eor
       4928;2025071415;    1;  0.00;eor
       4928;2025071416;    1; 15.00;eor
       4928;2025071417;    1; 31.00;eor
       4928;2025071418;    1; 12.00;eor
       4928;2025071419;    1;  0.00;eor
       4928;2025071420;    1;  0.00;eor
       4928;2025071421;    1;  0.00;eor
       4928;2025071422;    1;  0.00;eor
       4928;2025071423;    1;  0.00;eor
       4928;2025071500;    1;  0.00;eor
       4928;2025071501;    1;  0.00;eor
       4928;2025071502;    1;  0.00;eor
       4928;2025071503;    1;  0.00;eor
       4928;2025071504;    1;  0.00;eor
       4928;2025071505;    1; 37.00;eor
       4928;2025071506;    1; 43.00;eor
       4928;2025071507;    1; 47.00;eor
       4928;2025071508;    1; 26.00;eor
       4928;2025071509;    1; 20.00;eor
       4928;2025071510;    1; 12.00;eor
       4928;2025071511;    1; 27.00;eor
       4928;2025071512;    1; 54.00;eor
       4928;2025071513;    1;  8.00;eor
       4928;2025071514;    1; 11.00;eor
       4928;2025071515;    1; 16.00;eor
       4928;2025071516;    1;  1.00;eor
       4928;2025071517;    1;  0.00;eor
       4928;2025071518;    1;  0.00;eor
       4928;2025071519;    1;  0.00;eor
       4928;2025071520;    1;  0.00;eor
       4928;2025071521;    1;  0.00;eor
       4928;2025071522;    1;  0.00;eor
       4928;2025071523;    1;  0.00;eor
       4928;2025071600;    1;  0.00;eor
       4928;2025071601;    1;  0.00;eor
       4928;2025071602;    1;  0.00;eor
       4928;2025071603;    1;  0.00;eor
       4928;2025071604;    1;  0.00;eor
       4928;2025071605;    1;  0.00;eor
       4928;2025071606;    1;  0.00;eor
       4928;2025071607;    1;  0.00;eor
       4928;2025071608;    1;  6.00;eor
       4928;2025071609;    1; 16.00;eor
       4928;2025071610;    1; 19.00;eor
       4928;2025071611;    1;  0.00;eor
       4928;2025071612;    1;  1.00;eor
       4928;2025071613;    1;  0.00;eor
       4928;2025071614;    1; 14.00;eor
       4928;2025071615;    1; 13.00;eor
       4928;2025071616;    1;  0.00;eor
       4928;2025071617;    1;  0.00;eor
       4928;2025071618;    1; 53.00;eor
       4928;2025071619;    1; 37.00;eor
       4928;2025071620;    1;  0.00;eor
       4928;2025071621;    1;  0.00;eor
       4928;2025071622;    1;  0.00;eor
       4928;2025071623;    1;  0.00;eor
       4928;2025071700;    1;  0.00;eor
       4928;2025071701;    1;  0.00;eor
       4928;2025071702;    1;  0.00;eor
       4928;2025071703;    1;  0.00;eor
       4928;2025071704;    1;  0.00;eor
       4928;2025071705;    1;  0.00;eor
       4928;2025071706;    1; 27.00;eor
       4928;2025071707;    1; 42.00;eor
       4928;2025071708;    1;  2.00;eor
       4928;2025071709;    1; 20.00;eor
       4928;2025071710;    1; 30.00;eor
       4928;2025071711;    1; 34.00;eor
       4928;2025071712;    1; 49.00;eor
       4928;2025071713;    1; 47.00;eor
       4928;2025071714;    1; 59.00;eor
       4928;2025071715;    1; 59.00;eor
       4928;2025071716;    1; 43.00;eor
       4928;2025071717;    1; 35.00;eor
       4928;2025071718;    1; 58.00;eor
       4928;2025071719;    1; 60.00;eor
       4928;2025071720;    1;  7.00;eor
       4928;2025071721;    1;  0.00;eor
       4928;2025071722;    1;  0.00;eor
       4928;2025071723;    1;  0.00;eor
       4928;2025071800;    1;  0.00;eor
       4928;2025071801;    1;  0.00;eor
       4928;2025071802;    1;  0.00;eor
       4928;2025071803;    1;  0.00;eor
       4928;2025071804;    1;  0.00;eor
       4928;2025071805;    1; 45.00;eor
       4928;2025071806;    1; 60.00;eor
       4928;2025071807;    1; 60.00;eor
       4928;2025071808;    1; 60.00;eor
       4928;2025071809;    1; 60.00;eor
       4928;2025071810;    1; 49.00;eor
       4928;2025071811;    1; 60.00;eor
       4928;2025071812;    1; 50.00;eor
       4928;2025071813;    1; 55.00;eor
       4928;2025071814;    1; 55.00;eor
       4928;2025071815;    1; 59.00;eor
       4928;2025071816;    1; 53.00;eor
       4928;2025071817;    1; 60.00;eor
       4928;2025071818;    1; 60.00;eor
       4928;2025071819;    1; 60.00;eor
       4928;2025071820;    1;  7.00;eor
       4928;2025071821;    1;  0.00;eor
       4928;2025071822;    1;  0.00;eor
       4928;2025071823;    1;  0.00;eor
       4928;2025071900;    1;  0.00;eor
       4928;2025071901;    1;  0.00;eor
       4928;2025071902;    1;  0.00;eor
       4928;2025071903;    1;  0.00;eor
       4928;2025071904;    1;  0.00;eor
       4928;2025071905;    1; 44.00;eor
       4928;2025071906;    1; 60.00;eor
       4928;2025071907;    1; 60.00;eor
       4928;2025071908;    1; 60.00;eor
       4928;2025071909;    1; 60.00;eor
       4928;2025071910;    1; 48.00;eor
       4928;2025071911;    1; 34.00;eor
       4928;2025071912;    1; 60.00;eor
       4928;2025071913;    1; 60.00;eor
       4928;2025071914;    1; 55.00;eor
       4928;2025071915;    1;  6.00;eor
       4928;2025071916;    1;  0.00;eor
       4928;2025071917;    1;  0.00;eor
       4928;2025071918;    1;  4.00;eor
       4928;2025071919;    1; 43.00;eor
       4928;2025071920;    1;  2.00;eor
       4928;2025071921;    1;  0.00;eor
       4928;2025071922;    1;  0.00;eor
       4928;2025071923;    1;  0.00;eor
       4928;2025072000;    1;  0.00;eor
       4928;2025072001;    1;  0.00;eor
       4928;2025072002;    1;  0.00;eor
       4928;2025072003;    1;  0.00;eor
       4928;2025072004;    1;  0.00;eor
       4928;2025072005;    1; 40.00;eor
       4928;2025072006;    1; 60.00;eor
       4928;2025072007;    1; 46.00;eor
       4928;2025072008;    1; 60.00;eor
       4928;2025072009;    1; 56.00;eor
       4928;2025072010;    1; 60.00;eor
       4928;2025072011;    1; 60.00;eor
       4928;2025072012;    1; 41.00;eor
       4928;2025072013;    1; 14.00;eor
       4928;2025072014;    1;  0.00;eor
       4928;2025072015;    1;  0.00;eor
       4928;2025072016;    1; 29.00;eor
       4928;2025072017;    1;  9.00;eor
       4928;2025072018;    1;  0.00;eor
       4928;2025072019;    1;  0.00;eor
       4928;2025072020;    1;  0.00;eor
       4928;2025072021;    1;  0.00;eor
       4928;2025072022;    1;  0.00;eor
       4928;2025072023;    1;  0.00;eor
       4928;2025072100;    1;  0.00;eor
       4928;2025072101;    1;  0.00;eor
       4928;2025072102;    1;  0.00;eor
       4928;2025072103;    1;  0.00;eor
       4928;2025072104;    1;  0.00;eor
       4928;2025072105;    1;  0.00;eor
       4928;2025072106;    1;  0.00;eor
       4928;2025072107;    1;  0.00;eor
       4928;2025072108;    1;  0.00;eor
       4928;2025072109;    1;  0.00;eor
       4928;2025072110;    1;  0.00;eor
       4928;2025072111;    1;  0.00;eor
       4928;2025072112;    1;  2.00;eor
       4928;2025072113;    1; 38.00;eor
       4928;2025072114;    1; 44.00;eor
       4928;2025072115;    1; 33.00;eor
       4928;2025072116;    1; 10.00;eor
       4928;2025072117;    1; 31.00;eor
       4928;2025072118;    1; 40.00;eor
       4928;2025072119;    1; 28.00;eor
       4928;2025072120;    1;  0.00;eor
       4928;2025072121;    1;  0.00;eor
       4928;2025072122;    1;  0.00;eor
       4928;2025072123;    1;  0.00;eor
       4928;2025072200;    1;  0.00;eor
       4928;2025072201;    1;  0.00;eor
       4928;2025072202;    1;  0.00;eor
       4928;2025072203;    1;  0.00;eor
       4928;2025072204;    1;  0.00;eor
       4928;2025072205;    1;  0.00;eor
       4928;2025072206;    1;  0.00;eor
       4928;2025072207;    1;  0.00;eor
       4928;2025072208;    1;  0.00;eor
       4928;2025072209;    1;  0.00;eor
       4928;2025072210;    1; 13.00;eor
       4928;2025072211;    1; 27.00;eor
       4928;2025072212;    1;  1.00;eor
       4928;2025072213;    1; 25.00;eor
       4928;2025072214;    1; 44.00;eor
       4928;2025072215;    1; 14.00;eor
       4928;2025072216;    1; 43.00;eor
       4928;2025072217;    1; 22.00;eor
       4928;2025072218;    1; 51.00;eor
       4928;2025072219;    1;  8.00;eor
       4928;2025072220;    1;  0.00;eor
       4928;2025072221;    1;  0.00;eor
       4928;2025072222;    1;  0.00;eor
       4928;2025072223;    1;  0.00;eor
       4928;2025072300;    1;  0.00;eor
       4928;2025072301;    1;  0.00;eor
       4928;2025072302;    1;  0.00;eor
       4928;2025072303;    1;  0.00;eor
       4928;2025072304;    1;  0.00;eor
       4928;2025072305;    1; 40.00;eor
       4928;2025072306;    1; 60.00;eor
       4928;2025072307;    1; 60.00;eor
       4928;2025072308;    1; 54.00;eor
       4928;2025072309;    1; 38.00;eor
       4928;2025072310;    1; 12.00;eor
       4928;2025072311;    1; 35.00;eor
       4928;2025072312;    1; 15.00;eor
       4928;2025072313;    1; 40.00;eor
       4928;2025072314;    1; 27.00;eor
       4928;2025072315;    1; 54.00;eor
       4928;2025072316;    1; 49.00;eor
       4928;2025072317;    1;  8.00;eor
       4928;2025072318;    1;  9.00;eor
       4928;2025072319;    1;  0.00;eor
       4928;2025072320;    1;  0.00;eor
       4928;2025072321;    1;  0.00;eor
       4928;2025072322;    1;  0.00;eor
       4928;2025072323;    1;  0.00;eor
       4928;2025072400;    1;  0.00;eor
       4928;2025072401;    1;  0.00;eor
       4928;2025072402;    1;  0.00;eor
       4928;2025072403;    1;  0.00;eor
       4928;2025072404;    1;  0.00;eor
       4928;2025072405;    1;  0.00;eor
       4928;2025072406;    1;  4.00;eor
       4928;2025072407;    1; 15.00;eor
       4928;2025072408;    1;  0.00;eor
       4928;2025072409;    1; 12.00;eor
       4928;2025072410;    1;  1.00;eor
       4928;2025072411;    1;  0.00;eor
       4928;2025072412;    1;  1.00;eor
       4928;2025072413;    1;  0.00;eor
       4928;2025072414;    1;  0.00;eor
       4928;2025072415;    1; 41.00;eor
       4928;2025072416;    1; 60.00;eor
       4928;2025072417;    1; 55.00;eor
       4928;2025072418;    1; 20.00;eor
       4928;2025072419;    1;  0.00;eor
       4928;2025072420;    1;  0.00;eor
       4928;2025072421;    1;  0.00;eor
       4928;2025072422;    1;  0.00;eor
       4928;2025072423;    1;  0.00;eor
       4928;2025072500;    1;  0.00;eor
       4928;2025072501;    1;  0.00;eor
       4928;2025072502;    1;  0.00;eor
       4928;2025072503;    1;  0.00;eor
       4928;2025072504;    1;  0.00;eor
       4928;2025072505;    1;  0.00;eor
       4928;2025072506;    1;  0.00;eor
       4928;2025072507;    1;  0.00;eor
       4928;2025072508;    1;  0.00;eor
       4928;2025072509;    1;  0.00;eor
       4928;2025072510;    1; 11.00;eor
       4928;2025072511;    1;  6.00;eor
       4928;2025072512;    1;  0.00;eor
       4928;2025072513;    1;  0.00;eor
       4928;2025072514;    1; 10.00;eor
       4928;2025072515;    1; 30.00;eor
       4928;2025072516;    1;  0.00;eor
       4928;2025072517;    1;  0.00;eor
       4928;2025072518;    1;  4.00;eor
       4928;2025072519;    1; 30.00;eor
       4928;2025072520;    1;  0.00;eor
       4928;2025072521;    1;  0.00;eor
       4928;2025072522;    1;  0.00;eor
       4928;2025072523;    1;  0.00;eor
       4928;2025072600;    1;  0.00;eor
       4928;2025072601;    1;  0.00;eor
       4928;2025072602;    1;  0.00;eor
       4928;2025072603;    1;  0.00;eor
       4928;2025072604;    1;  0.00;eor
       4928;2025072605;    1; 24.00;eor
       4928;2025072606;    1; 18.00;eor
       4928;2025072607;    1;  0.00;eor
       4928;2025072608;    1;  0.00;eor
       4928;2025072609;    1;  0.00;eor
       4928;2025072610;    1; 15.00;eor
       4928;2025072611;    1; 41.00;eor
       4928;2025072612;    1; 53.00;eor
       4928;2025072613;    1;  2.00;eor
       4928;2025072614;    1;  0.00;eor
       4928;2025072615;    1;  0.00;eor
       4928;2025072616;    1;  8.00;eor
       4928;2025072617;    1; 13.00;eor
       4928;2025072618;    1;  0.00;eor
       4928;2025072619;    1;  0.00;eor
       4928;2025072620;    1;  0.00;eor
       4928;2025072621;    1;  0.00;eor
       4928;2025072622;    1;  0.00;eor
       4928;2025072623;    1;  0.00;eor
       4931;2023070303;   10;  0.00;eor
       4931;2023070304;   10;  0.00;eor
       4931;2023070305;   10;  0.00;eor
       4931;2023070306;   10;  0.00;eor
